timestamp,nim,action,detail
2026-03-04 06:24:52,2241720092,MOVE_RENAME_FILE,Uts.ipynb → uts/uts.ipynb
2026-03-04 06:24:52,2241720092,MOVE_RENAME_FILE,P1_JS13.ipynb → m13/p01.ipynb
2026-03-04 06:24:52,2241720092,MOVE_RENAME_FILE,P2_JS13.ipynb → m13/p02.ipynb
2026-03-04 06:24:52,2241720092,MOVE_RENAME_FILE,P3_JS13.ipynb → m13/p03.ipynb
2026-03-04 06:24:52,2241720092,MOVE_RENAME_FILE,TP_JS13.ipynb → m13/tp01.ipynb
2026-03-04 06:24:52,2241720092,MOVE_RENAME_FILE,P1_JS14.ipynb → m14/p01.ipynb
2026-03-04 06:24:52,2241720092,MOVE_RENAME_FILE,P2_JS14.ipynb → m14/p02.ipynb
2026-03-04 06:24:52,2241720092,MOVE_RENAME_FILE,TP_JS14.ipynb → m14/tp01.ipynb
2026-03-04 06:24:52,2241720092,MOVE_RENAME_FILE,P1_JS03.ipynb → m03/p01.ipynb
2026-03-04 06:24:52,2241720092,MOVE_RENAME_FILE,P2_JS03.ipynb → m03/p02.ipynb
2026-03-04 06:24:52,2241720092,MOVE_RENAME_FILE,P3_JS03.ipynb → m03/p03.ipynb
2026-03-04 06:24:52,2241720092,MOVE_RENAME_FILE,P4_JS03.ipynb → m03/p04.ipynb
2026-03-04 06:24:52,2241720092,MOVE_RENAME_FILE,TP_JS03.ipynb → m03/tp01.ipynb
2026-03-04 06:24:52,2241720092,MOVE_RENAME_FILE,P1_JS04.ipynb → m04/p01.ipynb
2026-03-04 06:24:52,2241720092,MOVE_RENAME_FILE,P2_JS04.ipynb → m04/p02.ipynb
2026-03-04 06:24:52,2241720092,MOVE_RENAME_FILE,P3_JS04.ipynb → m04/p03.ipynb
2026-03-04 06:24:52,2241720092,MOVE_RENAME_FILE,TP_JS04.ipynb → m04/tp01.ipynb
2026-03-04 06:24:52,2241720092,MOVE_RENAME_FILE,P1_JS02.ipynb → m02/p01.ipynb
2026-03-04 06:24:52,2241720092,MOVE_RENAME_FILE,P2_JS02.ipynb → m02/p02.ipynb
2026-03-04 06:24:52,2241720092,MOVE_RENAME_FILE,P3_JS02.ipynb → m02/p03.ipynb
2026-03-04 06:24:52,2241720092,MOVE_RENAME_FILE,P4_JS02.ipynb → m02/p04.ipynb
2026-03-04 06:24:52,2241720092,MOVE_RENAME_FILE,TP_JS02.ipynb → m02/tp01.ipynb
2026-03-04 06:24:52,2341720081,RENAME_FOLDER,JS02 → m02
2026-03-04 06:24:53,2341720081,RENAME_FOLDER,JS03 → m03
2026-03-04 06:24:53,2341720081,RENAME_FOLDER,JS04 → m04
2026-03-04 06:24:53,2341720081,RENAME_FOLDER,JS05 → m05
2026-03-04 06:24:53,2341720081,RENAME_FOLDER,JS06 → m06
2026-03-04 06:24:53,2341720081,RENAME_FOLDER,JS07 → m07
2026-03-04 06:24:53,2341720081,RENAME_FOLDER,JS08 → m08
2026-03-04 06:24:53,2341720081,RENAME_FOLDER,JS09 → m09
2026-03-04 06:24:53,2341720081,RENAME_FOLDER,JS11 → m11
2026-03-04 06:24:53,2341720081,RENAME_FOLDER,JS13 → m13
2026-03-04 06:24:53,2341720081,RENAME_FOLDER,JS14 → m14
2026-03-04 06:24:53,2341720081,RENAME_FOLDER,JS15 → m15
2026-03-04 06:24:53,2341720081,RENAME_FOLDER,PBL → pbl
2026-03-04 06:24:53,2341720081,RENAME_FOLDER,UTS → uts
2026-03-04 06:24:53,2341720081,MOVE_RENAME_FILE,Digital_Text_OCR.ipynb → pbl/pbl.ipynb
2026-03-04 06:24:53,2341720081,MOVE_RENAME_FILE,OPTIMIZED_Full_Pipeline_Fake_Receipt_Detection.ipynb → pbl/pbl.ipynb
2026-03-04 06:24:53,2341720081,MOVE_RENAME_FILE,idn-notebook.ipynb → uts/uts.ipynb
2026-03-04 06:24:53,2341720081,MOVE_RENAME_FILE,notebook.ipynb → uts/uts.ipynb
2026-03-04 06:24:53,2341720095,RENAME_FOLDER,JS02 → m02
2026-03-04 06:24:53,2341720095,RENAME_FOLDER,JS03 → m03
2026-03-04 06:24:53,2341720095,RENAME_FOLDER,JS04 → m04
2026-03-04 06:24:53,2341720095,RENAME_FOLDER,JS05 → m05
2026-03-04 06:24:53,2341720095,RENAME_FOLDER,JS06 → m06
2026-03-04 06:24:53,2341720095,RENAME_FOLDER,JS07 → m07
2026-03-04 06:24:53,2341720095,RENAME_FOLDER,JS08 → m08
2026-03-04 06:24:53,2341720095,RENAME_FOLDER,JS09 → m09
2026-03-04 06:24:53,2341720095,RENAME_FOLDER,JS11 → m11
2026-03-04 06:24:53,2341720095,RENAME_FOLDER,JS13 → m13
2026-03-04 06:24:53,2341720096,RENAME_FOLDER,JS01 → m01
2026-03-04 06:24:53,2341720096,RENAME_FOLDER,JS02 → m02
2026-03-04 06:24:53,2341720096,RENAME_FOLDER,JS03 → m03
2026-03-04 06:24:53,2341720096,RENAME_FOLDER,JS04 → m04
2026-03-04 06:24:53,2341720096,RENAME_FOLDER,JS05 → m05
2026-03-04 06:24:53,2341720096,RENAME_FOLDER,JS06 → m06
2026-03-04 06:24:53,2341720096,RENAME_FOLDER,JS07 → m07
2026-03-04 06:24:53,2341720096,RENAME_FOLDER,JS08 → m08
2026-03-04 06:24:53,2341720096,RENAME_FOLDER,JS09 → m09
2026-03-04 06:24:53,2341720096,RENAME_FOLDER,JS11 → m11
2026-03-04 06:24:53,2341720096,RENAME_FOLDER,JS13 → m13
2026-03-04 06:24:53,2341720096,RENAME_FOLDER,JS14 → m14
2026-03-04 06:24:53,2341720096,RENAME_FOLDER,JS15 → m15
2026-03-04 06:24:53,2341720096,RENAME_FOLDER,PBL → pbl
2026-03-04 06:24:53,2341720096,MOVE_RENAME_FILE,Giovano_Alkandri_ML_QUIZ1.ipynb → None/Giovano_Alkandri_ML_QUIZ1.ipynb
2026-03-04 06:24:53,2341720096,MOVE_RENAME_FILE,train svm prepro.ipynb → pbl/pbl.ipynb
2026-03-04 06:24:53,2341720117,RENAME_FOLDER,JS01 → m01
2026-03-04 06:24:53,2341720117,RENAME_FOLDER,JS02 → m02
2026-03-04 06:24:53,2341720117,RENAME_FOLDER,JS03 → m03
2026-03-04 06:24:53,2341720117,RENAME_FOLDER,JS04 → m04
2026-03-04 06:24:53,2341720117,RENAME_FOLDER,JS05 → m05
2026-03-04 06:24:53,2341720117,RENAME_FOLDER,JS06 → m06
2026-03-04 06:24:53,2341720117,RENAME_FOLDER,JS07 → m07
2026-03-04 06:24:53,2341720117,RENAME_FOLDER,JS09 → m09
2026-03-04 06:24:53,2341720117,RENAME_FOLDER,JS11 → m11
2026-03-04 06:24:53,2341720117,RENAME_FOLDER,JS13 → m13
2026-03-04 06:24:53,2341720117,RENAME_FOLDER,JS14 → m14
2026-03-04 06:24:53,2341720117,RENAME_FOLDER,JS15 → m15
2026-03-04 06:24:53,2341720117,RENAME_FOLDER,KUIS → kuis
2026-03-04 06:24:53,2341720117,RENAME_FOLDER,PBL_FastAPI → pbl
2026-03-04 06:24:53,2341720117,RENAME_FOLDER,UTS → uts
2026-03-04 06:24:53,2341720117,MOVE_RENAME_FILE,TP_JS08.ipynb → kuis/tp01.ipynb
2026-03-04 06:24:53,2341720117,MOVE_RENAME_FILE,UTS.ipynb → uts/uts.ipynb
2026-03-04 06:24:53,2341720163,MOVE_RENAME_FILE,JS2_2341720163_Satrio_Ahmad_Ramadhani.ipynb → m02/JS2_2341720163_Satrio_Ahmad_Ramadhani.ipynb
2026-03-04 06:24:53,2341720163,MOVE_RENAME_FILE,JS3_2341720163_Satrio_Ahmad_Ramadhani.ipynb → m03/JS3_2341720163_Satrio_Ahmad_Ramadhani.ipynb
2026-03-04 06:24:53,2341720163,MOVE_RENAME_FILE,Satrio_Ahmad_Ramadhani_2341720163_27_KUIS1_ML.ipynb → kuis/kuis.ipynb
2026-03-04 06:24:53,2341720163,MOVE_RENAME_FILE,TG1_2341720163_Satrio_Ahmad_Ramadhani.ipynb → None/TG1_2341720163_Satrio_Ahmad_Ramadhani.ipynb
2026-03-04 06:24:53,2341720176,MOVE_RENAME_FILE,P1_JS01.ipynb → m01/p01.ipynb
2026-03-04 06:24:53,2341720176,MOVE_RENAME_FILE,TP_JS01.ipynb → m01/tp01.ipynb
2026-03-04 06:24:53,2341720176,MOVE_RENAME_FILE,P1_JS02.ipynb → m02/p01.ipynb
2026-03-04 06:24:53,2341720176,MOVE_RENAME_FILE,P2_JS02.ipynb → m02/p02.ipynb
2026-03-04 06:24:53,2341720176,MOVE_RENAME_FILE,P3_JS02.ipynb → m02/p03.ipynb
2026-03-04 06:24:53,2341720176,MOVE_RENAME_FILE,P4_JS02.ipynb → m02/p04.ipynb
2026-03-04 06:24:53,2341720176,MOVE_RENAME_FILE,TP_JS02.ipynb → m02/tp01.ipynb
2026-03-04 06:24:53,2341720176,MOVE_RENAME_FILE,P1_JS03.ipynb → m03/p01.ipynb
2026-03-04 06:24:53,2341720176,MOVE_RENAME_FILE,P2_JS03.ipynb → m03/p02.ipynb
2026-03-04 06:24:53,2341720176,MOVE_RENAME_FILE,P3_JS03.ipynb → m03/p03.ipynb
2026-03-04 06:24:53,2341720176,MOVE_RENAME_FILE,P4_JS03.ipynb → m03/p04.ipynb
2026-03-04 06:24:53,2341720176,MOVE_RENAME_FILE,TP_JS03.ipynb → m03/tp01.ipynb
2026-03-04 06:24:53,2341720176,MOVE_RENAME_FILE,KUIS_1.ipynb → m04/KUIS_1.ipynb
2026-03-04 06:24:53,2341720176,MOVE_RENAME_FILE,P1_JS04.ipynb → m04/p01.ipynb
2026-03-04 06:24:53,2341720176,MOVE_RENAME_FILE,P2_JS04.ipynb → m04/p02.ipynb
2026-03-04 06:24:53,2341720176,MOVE_RENAME_FILE,P3_JS04.ipynb → m04/p03.ipynb
2026-03-04 06:24:53,2341720176,MOVE_RENAME_FILE,TP_JS04.ipynb → m04/tp01.ipynb
2026-03-04 06:24:53,2341720176,MOVE_RENAME_FILE,P1_JS05.ipynb → m05/p01.ipynb
2026-03-04 06:24:53,2341720176,MOVE_RENAME_FILE,P2_JS05.ipynb → m05/p02.ipynb
2026-03-04 06:24:53,2341720176,MOVE_RENAME_FILE,TP_JS05.ipynb → m05/tp01.ipynb
2026-03-04 06:24:53,2341720176,MOVE_RENAME_FILE,P1_JS06.ipynb → m06/p01.ipynb
2026-03-04 06:24:53,2341720176,MOVE_RENAME_FILE,P2_JS06.ipynb → m06/p02.ipynb
2026-03-04 06:24:53,2341720176,MOVE_RENAME_FILE,TP_JS06.ipynb → m06/tp01.ipynb
2026-03-04 06:24:53,2341720176,MOVE_RENAME_FILE,P1_JS07.ipynb → m07/p01.ipynb
2026-03-04 06:24:53,2341720176,MOVE_RENAME_FILE,P2_JS07.ipynb → m07/p02.ipynb
2026-03-04 06:24:53,2341720176,MOVE_RENAME_FILE,P3_JS07.ipynb → m07/p03.ipynb
2026-03-04 06:24:53,2341720176,MOVE_RENAME_FILE,P4_JS07.ipynb → m07/p04.ipynb
2026-03-04 06:24:53,2341720176,MOVE_RENAME_FILE,P5_JS07.ipynb → m07/p05.ipynb
2026-03-04 06:24:53,2341720176,MOVE_RENAME_FILE,P6_JS07.ipynb → m07/p06.ipynb
2026-03-04 06:24:53,2341720176,MOVE_RENAME_FILE,TP_JS07.ipynb → m07/tp01.ipynb
2026-03-04 06:24:53,2341720176,MOVE_RENAME_FILE,TP_JS08.ipynb → m08/tp01.ipynb
2026-03-04 06:24:53,2341720176,MOVE_RENAME_FILE,P1_JS09.ipynb → m09/p01.ipynb
2026-03-04 06:24:53,2341720176,MOVE_RENAME_FILE,P2_JS09.ipynb → m09/p02.ipynb
2026-03-04 06:24:53,2341720176,MOVE_RENAME_FILE,P3_JS09.ipynb → m09/p03.ipynb
2026-03-04 06:24:53,2341720176,MOVE_RENAME_FILE,TP_JS09_1.ipynb → m09/tp01.ipynb
2026-03-04 06:24:53,2341720176,MOVE_RENAME_FILE,TP_JS09_2.ipynb → m09/tp02.ipynb
2026-03-04 06:24:53,2341720176,MOVE_RENAME_FILE,P1_JS11.ipynb → m11/p01.ipynb
2026-03-04 06:24:53,2341720176,MOVE_RENAME_FILE,P2_JS11.ipynb → m11/p02.ipynb
2026-03-04 06:24:53,2341720176,MOVE_RENAME_FILE,P3_JS11.ipynb → m11/p03.ipynb
2026-03-04 06:24:53,2341720176,MOVE_RENAME_FILE,P4_JS11.ipynb → m11/p04.ipynb
2026-03-04 06:24:53,2341720176,MOVE_RENAME_FILE,P5_JS11.ipynb → m11/p05.ipynb
2026-03-04 06:24:53,2341720176,MOVE_RENAME_FILE,TP_JS11.ipynb → m11/tp01.ipynb
2026-03-04 06:24:53,2341720176,MOVE_RENAME_FILE,P1_JS13.ipynb → m13/p01.ipynb
2026-03-04 06:24:53,2341720176,MOVE_RENAME_FILE,P2_JS13.ipynb → m13/p02.ipynb
2026-03-04 06:24:53,2341720176,MOVE_RENAME_FILE,P3_JS13.ipynb → m13/p03.ipynb
2026-03-04 06:24:53,2341720176,MOVE_RENAME_FILE,TP_JS13.ipynb → m13/tp01.ipynb
2026-03-04 06:24:53,2341720176,MOVE_RENAME_FILE,P1_JS14.ipynb → m14/p01.ipynb
2026-03-04 06:24:53,2341720176,MOVE_RENAME_FILE,P2_JS14.ipynb → m14/p02.ipynb
2026-03-04 06:24:53,2341720176,MOVE_RENAME_FILE,TP_JS14.ipynb → m14/tp01.ipynb
2026-03-04 06:24:53,2341720176,MOVE_RENAME_FILE,P1_JS15.ipynb → m15/p01.ipynb
2026-03-04 06:24:53,2341720176,MOVE_RENAME_FILE,P2_JS15.ipynb → m15/p02.ipynb
2026-03-04 06:24:53,2341720187,RENAME_FOLDER,JS01 → m01
2026-03-04 06:24:53,2341720187,RENAME_FOLDER,JS02 → m02
2026-03-04 06:24:53,2341720187,RENAME_FOLDER,JS03 → m03
2026-03-04 06:24:53,2341720187,RENAME_FOLDER,JS04 → m04
2026-03-04 06:24:53,2341720187,RENAME_FOLDER,JS05 → m05
2026-03-04 06:24:53,2341720187,RENAME_FOLDER,JS06 → m06
2026-03-04 06:24:53,2341720187,RENAME_FOLDER,JS07 → m07
2026-03-04 06:24:53,2341720187,RENAME_FOLDER,JS08 → m08
2026-03-04 06:24:53,2341720187,RENAME_FOLDER,JS09 → m09
2026-03-04 06:24:53,2341720187,RENAME_FOLDER,JS11 → m11
2026-03-04 06:24:53,2341720187,RENAME_FOLDER,JS13 → m13
2026-03-04 06:24:53,2341720187,RENAME_FOLDER,JS14 → m14
2026-03-04 06:24:53,2341720187,RENAME_FOLDER,JS15 → m15
2026-03-04 06:24:53,2341720187,RENAME_FOLDER,UTS → uts
2026-03-04 06:24:53,2341720187,MOVE_RENAME_FILE,UAS.ipynb → None/UAS.ipynb
2026-03-04 06:24:53,2341720187,MOVE_RENAME_FILE,UTS_2341720187_CANDRA_AHMAD_DANI.ipynb → uts/uts.ipynb
2026-03-04 06:30:03,2241720092,MOVE_RENAME_FILE,p01.ipynb → None/p01.ipynb
2026-03-04 06:30:03,2241720092,MOVE_RENAME_FILE,p02.ipynb → None/p02.ipynb
2026-03-04 06:30:03,2241720092,MOVE_RENAME_FILE,p03.ipynb → None/p03.ipynb
2026-03-04 06:30:03,2241720092,MOVE_RENAME_FILE,p04.ipynb → None/p04.ipynb
2026-03-04 06:30:03,2241720092,MOVE_RENAME_FILE,tp01.ipynb → None/tp01.ipynb
2026-03-04 06:30:03,2241720092,MOVE_RENAME_FILE,p01.ipynb → None/p01.ipynb
2026-03-04 06:30:03,2241720092,MOVE_RENAME_FILE,p02.ipynb → None/p02.ipynb
2026-03-04 06:30:03,2241720092,MOVE_RENAME_FILE,p03.ipynb → None/p03.ipynb
2026-03-04 06:30:03,2241720092,MOVE_RENAME_FILE,p04.ipynb → None/p04.ipynb
2026-03-04 06:30:03,2241720092,MOVE_RENAME_FILE,tp01.ipynb → None/tp02.ipynb
2026-03-04 06:30:03,2241720092,MOVE_RENAME_FILE,p01.ipynb → None/p01.ipynb
2026-03-04 06:30:03,2241720092,MOVE_RENAME_FILE,p02.ipynb → None/p02.ipynb
2026-03-04 06:30:03,2241720092,MOVE_RENAME_FILE,p03.ipynb → None/p03.ipynb
2026-03-04 06:30:03,2241720092,MOVE_RENAME_FILE,tp01.ipynb → None/tp03.ipynb
2026-03-04 06:30:03,2241720092,MOVE_RENAME_FILE,p01.ipynb → None/p01.ipynb
2026-03-04 06:30:03,2241720092,MOVE_RENAME_FILE,p02.ipynb → None/p02.ipynb
2026-03-04 06:30:03,2241720092,MOVE_RENAME_FILE,p03.ipynb → None/p03.ipynb
2026-03-04 06:30:03,2241720092,MOVE_RENAME_FILE,tp01.ipynb → None/tp04.ipynb
2026-03-04 06:30:03,2241720092,MOVE_RENAME_FILE,p01.ipynb → None/p01.ipynb
2026-03-04 06:30:03,2241720092,MOVE_RENAME_FILE,p02.ipynb → None/p02.ipynb
2026-03-04 06:30:03,2241720092,MOVE_RENAME_FILE,tp01.ipynb → None/tp05.ipynb
2026-03-04 06:30:03,2241720092,MOVE_RENAME_FILE,tp01.ipynb → None/tp06.ipynb
2026-03-04 06:30:03,2241720092,MOVE_RENAME_FILE,tp02.ipynb → None/tp07.ipynb
2026-03-04 06:30:03,2241720092,MOVE_RENAME_FILE,tp03.ipynb → None/tp08.ipynb
2026-03-04 06:30:03,2241720092,MOVE_RENAME_FILE,tp04.ipynb → None/tp09.ipynb
2026-03-04 06:30:04,2241720092,MOVE_RENAME_FILE,tp05.ipynb → None/tp10.ipynb
2026-03-04 06:30:04,2341720081,MOVE_RENAME_FILE,P1_JS02.ipynb → m02/p01.ipynb
2026-03-04 06:30:04,2341720081,MOVE_RENAME_FILE,P2_JS02.ipynb → m02/p02.ipynb
2026-03-04 06:30:04,2341720081,MOVE_RENAME_FILE,P3_JS02.ipynb → m02/p03.ipynb
2026-03-04 06:30:04,2341720081,MOVE_RENAME_FILE,P4_JS02.ipynb → m02/p04.ipynb
2026-03-04 06:30:04,2341720081,MOVE_RENAME_FILE,TP_JS02.ipynb → m02/tp01.ipynb
2026-03-04 06:30:04,2341720081,MOVE_RENAME_FILE,P1_JS03.ipynb → m03/p01.ipynb
2026-03-04 06:30:04,2341720081,MOVE_RENAME_FILE,P2_JS03.ipynb → m03/p02.ipynb
2026-03-04 06:30:04,2341720081,MOVE_RENAME_FILE,P3_JS03.ipynb → m03/p03.ipynb
2026-03-04 06:30:04,2341720081,MOVE_RENAME_FILE,P4_JS03.ipynb → m03/p04.ipynb
2026-03-04 06:30:04,2341720081,MOVE_RENAME_FILE,TP_JS03.ipynb → m03/tp01.ipynb
2026-03-04 06:30:04,2341720081,MOVE_RENAME_FILE,P1_JS04.ipynb → m04/p01.ipynb
2026-03-04 06:30:04,2341720081,MOVE_RENAME_FILE,P2_JS04.ipynb → m04/p02.ipynb
2026-03-04 06:30:04,2341720081,MOVE_RENAME_FILE,P3_JS04.ipynb → m04/p03.ipynb
2026-03-04 06:30:04,2341720081,MOVE_RENAME_FILE,TP_JS04.ipynb → m04/tp01.ipynb
2026-03-04 06:30:04,2341720081,MOVE_RENAME_FILE,P1_JS05.ipynb → m05/p01.ipynb
2026-03-04 06:30:04,2341720081,MOVE_RENAME_FILE,P2_JS05.ipynb → m05/p02.ipynb
2026-03-04 06:30:04,2341720081,MOVE_RENAME_FILE,TP_JS05.ipynb → m05/tp01.ipynb
2026-03-04 06:30:04,2341720081,MOVE_RENAME_FILE,P1_JS06.ipynb → m06/p01.ipynb
2026-03-04 06:30:04,2341720081,MOVE_RENAME_FILE,P2_JS06.ipynb → m06/p02.ipynb
2026-03-04 06:30:04,2341720081,MOVE_RENAME_FILE,TP_JS06.ipynb → m06/tp01.ipynb
2026-03-04 06:30:04,2341720081,MOVE_RENAME_FILE,P1_JS07.ipynb → m07/p01.ipynb
2026-03-04 06:30:04,2341720081,MOVE_RENAME_FILE,P2_JS07.ipynb → m07/p02.ipynb
2026-03-04 06:30:04,2341720081,MOVE_RENAME_FILE,P3_JS07.ipynb → m07/p03.ipynb
2026-03-04 06:30:04,2341720081,MOVE_RENAME_FILE,P4_JS07.ipynb → m07/p04.ipynb
2026-03-04 06:30:04,2341720081,MOVE_RENAME_FILE,P5_JS07.ipynb → m07/p05.ipynb
2026-03-04 06:30:04,2341720081,MOVE_RENAME_FILE,P6_JS07.ipynb → m07/p06.ipynb
2026-03-04 06:30:04,2341720081,MOVE_RENAME_FILE,TP_JS07.ipynb → m07/tp01.ipynb
2026-03-04 06:30:04,2341720081,MOVE_RENAME_FILE,TP_JS08.ipynb → m08/tp01.ipynb
2026-03-04 06:30:04,2341720081,MOVE_RENAME_FILE,P1_JS09.ipynb → m09/p01.ipynb
2026-03-04 06:30:04,2341720081,MOVE_RENAME_FILE,P2_JS09.ipynb → m09/p02.ipynb
2026-03-04 06:30:04,2341720081,MOVE_RENAME_FILE,P3_JS09.ipynb → m09/p03.ipynb
2026-03-04 06:30:04,2341720081,MOVE_RENAME_FILE,TP_JS09_1.ipynb → m09/tp01.ipynb
2026-03-04 06:30:04,2341720081,MOVE_RENAME_FILE,TP_JS09_2.ipynb → m09/tp02.ipynb
2026-03-04 06:30:04,2341720081,MOVE_RENAME_FILE,P1_JS11.ipynb → m11/p01.ipynb
2026-03-04 06:30:04,2341720081,MOVE_RENAME_FILE,P2_JS11.ipynb → m11/p02.ipynb
2026-03-04 06:30:04,2341720081,MOVE_RENAME_FILE,P3_JS11.ipynb → m11/p03.ipynb
2026-03-04 06:30:04,2341720081,MOVE_RENAME_FILE,P4_JS11.ipynb → m11/p04.ipynb
2026-03-04 06:30:04,2341720081,MOVE_RENAME_FILE,P5_JS11.ipynb → m11/p05.ipynb
2026-03-04 06:30:04,2341720081,MOVE_RENAME_FILE,TP_JS11.ipynb → m11/tp01.ipynb
2026-03-04 06:30:04,2341720081,MOVE_RENAME_FILE,P1_JS13.ipynb → m13/p01.ipynb
2026-03-04 06:30:04,2341720081,MOVE_RENAME_FILE,P2_JS13.ipynb → m13/p02.ipynb
2026-03-04 06:30:04,2341720081,MOVE_RENAME_FILE,P3_JS13.ipynb → m13/p03.ipynb
2026-03-04 06:30:04,2341720081,MOVE_RENAME_FILE,TP_JS13.ipynb → m13/tp01.ipynb
2026-03-04 06:30:04,2341720081,MOVE_RENAME_FILE,P1_JS14.ipynb → m14/p01.ipynb
2026-03-04 06:30:04,2341720081,MOVE_RENAME_FILE,P2_JS14.ipynb → m14/p02.ipynb
2026-03-04 06:30:04,2341720081,MOVE_RENAME_FILE,TP_JS14.ipynb → m14/tp01.ipynb
2026-03-04 06:30:04,2341720081,MOVE_RENAME_FILE,P1_JS15.ipynb → m15/p01.ipynb
2026-03-04 06:30:04,2341720081,MOVE_RENAME_FILE,P2_JS15.ipynb → m15/p02.ipynb
2026-03-04 06:30:04,2341720095,MOVE_RENAME_FILE,P1_JS02.ipynb → m02/p01.ipynb
2026-03-04 06:30:04,2341720095,MOVE_RENAME_FILE,P2_JS02.ipynb → m02/p02.ipynb
2026-03-04 06:30:04,2341720095,MOVE_RENAME_FILE,P3_JS02.ipynb → m02/p03.ipynb
2026-03-04 06:30:04,2341720095,MOVE_RENAME_FILE,P4_JS02.ipynb → m02/p04.ipynb
2026-03-04 06:30:04,2341720095,MOVE_RENAME_FILE,TP_JS02.ipynb → m02/tp01.ipynb
2026-03-04 06:30:04,2341720095,MOVE_RENAME_FILE,P1_JS03.ipynb → m03/p01.ipynb
2026-03-04 06:30:04,2341720095,MOVE_RENAME_FILE,P2_JS03.ipynb → m03/p02.ipynb
2026-03-04 06:30:04,2341720095,MOVE_RENAME_FILE,P3_JS03.ipynb → m03/p03.ipynb
2026-03-04 06:30:04,2341720095,MOVE_RENAME_FILE,P4_JS03.ipynb → m03/p04.ipynb
2026-03-04 06:30:04,2341720095,MOVE_RENAME_FILE,TP_JS03.ipynb → m03/tp01.ipynb
2026-03-04 06:30:04,2341720095,MOVE_RENAME_FILE,P1_JS04.ipynb → m04/p01.ipynb
2026-03-04 06:30:04,2341720095,MOVE_RENAME_FILE,P2_JS04.ipynb → m04/p02.ipynb
2026-03-04 06:30:04,2341720095,MOVE_RENAME_FILE,P3_JS04.ipynb → m04/p03.ipynb
2026-03-04 06:30:04,2341720095,MOVE_RENAME_FILE,TP_JS04.ipynb → m04/tp01.ipynb
2026-03-04 06:30:04,2341720095,MOVE_RENAME_FILE,P1_JS05.ipynb → m05/p01.ipynb
2026-03-04 06:30:04,2341720095,MOVE_RENAME_FILE,P2_JS05.ipynb → m05/p02.ipynb
2026-03-04 06:30:04,2341720095,MOVE_RENAME_FILE,TP_JS05.ipynb → m05/tp01.ipynb
2026-03-04 06:30:04,2341720095,MOVE_RENAME_FILE,P1_JS06.ipynb → m06/p01.ipynb
2026-03-04 06:30:04,2341720095,MOVE_RENAME_FILE,P2_JS06.ipynb → m06/p02.ipynb
2026-03-04 06:30:04,2341720095,MOVE_RENAME_FILE,TP_JS06.ipynb → m06/tp01.ipynb
2026-03-04 06:30:04,2341720095,MOVE_RENAME_FILE,P1_JS07.ipynb → m07/p01.ipynb
2026-03-04 06:30:04,2341720095,MOVE_RENAME_FILE,P2_JS07.ipynb → m07/p02.ipynb
2026-03-04 06:30:04,2341720095,MOVE_RENAME_FILE,P3_JS07.ipynb → m07/p03.ipynb
2026-03-04 06:30:04,2341720095,MOVE_RENAME_FILE,P4_JS07.ipynb → m07/p04.ipynb
2026-03-04 06:30:04,2341720095,MOVE_RENAME_FILE,P5_JS07.ipynb → m07/p05.ipynb
2026-03-04 06:30:04,2341720095,MOVE_RENAME_FILE,P6_JS07.ipynb → m07/p06.ipynb
2026-03-04 06:30:04,2341720095,MOVE_RENAME_FILE,TP_JS066.ipynb → m66/tp01.ipynb
2026-03-04 06:30:04,2341720095,MOVE_RENAME_FILE,TP_JS08.ipynb → m08/tp01.ipynb
2026-03-04 06:30:04,2341720095,MOVE_RENAME_FILE,P1_JS09.ipynb → m09/p01.ipynb
2026-03-04 06:30:04,2341720095,MOVE_RENAME_FILE,P2_JS09.ipynb → m09/p02.ipynb
2026-03-04 06:30:04,2341720095,MOVE_RENAME_FILE,P3_JS09.ipynb → m09/p03.ipynb
2026-03-04 06:30:04,2341720095,MOVE_RENAME_FILE,TP_JS09_1.ipynb → m09/tp01.ipynb
2026-03-04 06:30:04,2341720095,MOVE_RENAME_FILE,TP_JS09_2.ipynb → m09/tp02.ipynb
2026-03-04 06:30:04,2341720095,MOVE_RENAME_FILE,P1_JS11.ipynb → m11/p01.ipynb
2026-03-04 06:30:04,2341720095,MOVE_RENAME_FILE,P2_JS11.ipynb → m11/p02.ipynb
2026-03-04 06:30:04,2341720095,MOVE_RENAME_FILE,P3_JS11.ipynb → m11/p03.ipynb
2026-03-04 06:30:04,2341720095,MOVE_RENAME_FILE,P4_JS11.ipynb → m11/p04.ipynb
2026-03-04 06:30:04,2341720095,MOVE_RENAME_FILE,P5_JS11.ipynb → m11/p05.ipynb
2026-03-04 06:30:04,2341720095,MOVE_RENAME_FILE,TP_JS11.ipynb → m11/tp01.ipynb
2026-03-04 06:30:04,2341720095,MOVE_RENAME_FILE,P1_JS13.ipynb → m13/p01.ipynb
2026-03-04 06:30:04,2341720095,MOVE_RENAME_FILE,P2_JS13.ipynb → m13/p02.ipynb
2026-03-04 06:30:04,2341720095,MOVE_RENAME_FILE,P3_JS13.ipynb → m13/p03.ipynb
2026-03-04 06:30:04,2341720095,MOVE_RENAME_FILE,TP_JS13.ipynb → m13/tp01.ipynb
2026-03-04 06:30:04,2341720096,MOVE_RENAME_FILE,P1_JS01.ipynb → m01/p01.ipynb
2026-03-04 06:30:04,2341720096,MOVE_RENAME_FILE,P1_JS02.ipynb → m02/p01.ipynb
2026-03-04 06:30:04,2341720096,MOVE_RENAME_FILE,P2_JS02.ipynb → m02/p02.ipynb
2026-03-04 06:30:04,2341720096,MOVE_RENAME_FILE,P3_JS02.ipynb → m02/p03.ipynb
2026-03-04 06:30:04,2341720096,MOVE_RENAME_FILE,P4_JS02.ipynb → m02/p04.ipynb
2026-03-04 06:30:04,2341720096,MOVE_RENAME_FILE,TP_JS02.ipynb → m02/tp01.ipynb
2026-03-04 06:30:04,2341720096,MOVE_RENAME_FILE,P1_JS03.ipynb → m03/p01.ipynb
2026-03-04 06:30:04,2341720096,MOVE_RENAME_FILE,P2_JS03.ipynb → m03/p02.ipynb
2026-03-04 06:30:04,2341720096,MOVE_RENAME_FILE,P3_JS03.ipynb → m03/p03.ipynb
2026-03-04 06:30:04,2341720096,MOVE_RENAME_FILE,P4_JS03.ipynb → m03/p04.ipynb
2026-03-04 06:30:04,2341720096,MOVE_RENAME_FILE,TP_JS03.ipynb → m03/tp01.ipynb
2026-03-04 06:30:04,2341720096,MOVE_RENAME_FILE,P1_JS04.ipynb → m04/p01.ipynb
2026-03-04 06:30:04,2341720096,MOVE_RENAME_FILE,P2_JS04.ipynb → m04/p02.ipynb
2026-03-04 06:30:04,2341720096,MOVE_RENAME_FILE,P3_JS04.ipynb → m04/p03.ipynb
2026-03-04 06:30:04,2341720096,MOVE_RENAME_FILE,TP_JS04.ipynb → m04/tp01.ipynb
2026-03-04 06:30:04,2341720096,MOVE_RENAME_FILE,P1_JS05.ipynb → m05/p01.ipynb
2026-03-04 06:30:04,2341720096,MOVE_RENAME_FILE,P2_JS05.ipynb → m05/p02.ipynb
2026-03-04 06:30:04,2341720096,MOVE_RENAME_FILE,TP_JS05.ipynb → m05/tp01.ipynb
2026-03-04 06:30:04,2341720096,MOVE_RENAME_FILE,P1_JS06.ipynb → m06/p01.ipynb
2026-03-04 06:30:04,2341720096,MOVE_RENAME_FILE,P2_JS06.ipynb → m06/p02.ipynb
2026-03-04 06:30:04,2341720096,MOVE_RENAME_FILE,teoridasar.ipynb → None/teoridasar.ipynb
2026-03-04 06:30:04,2341720096,MOVE_RENAME_FILE,P1_JS07.ipynb → m07/p01.ipynb
2026-03-04 06:30:04,2341720096,MOVE_RENAME_FILE,P2_JS07.ipynb → m07/p02.ipynb
2026-03-04 06:30:04,2341720096,MOVE_RENAME_FILE,P3_JS07.ipynb → m07/p03.ipynb
2026-03-04 06:30:04,2341720096,MOVE_RENAME_FILE,P4_JS07.ipynb → m07/p04.ipynb
2026-03-04 06:30:04,2341720096,MOVE_RENAME_FILE,P5_JS07.ipynb → m07/p05.ipynb
2026-03-04 06:30:04,2341720096,MOVE_RENAME_FILE,P6_JS07.ipynb → m07/p06.ipynb
2026-03-04 06:30:04,2341720096,MOVE_RENAME_FILE,TP_JS07.ipynb → m07/tp01.ipynb
2026-03-04 06:30:04,2341720096,MOVE_RENAME_FILE,TP_JS08.ipynb → m08/tp01.ipynb
2026-03-04 06:30:04,2341720096,MOVE_RENAME_FILE,uts copy.ipynb → uts/uts.ipynb
2026-03-04 06:30:04,2341720096,MOVE_RENAME_FILE,uts.ipynb → uts/uts.ipynb
2026-03-04 06:30:04,2341720096,MOVE_RENAME_FILE,P1_JS09.ipynb → m09/p01.ipynb
2026-03-04 06:30:04,2341720096,MOVE_RENAME_FILE,P2_JS09.ipynb → m09/p02.ipynb
2026-03-04 06:30:04,2341720096,MOVE_RENAME_FILE,P3_JS09.ipynb → m09/p03.ipynb
2026-03-04 06:30:04,2341720096,MOVE_RENAME_FILE,TP_JS09_1.ipynb → m09/tp01.ipynb
2026-03-04 06:30:04,2341720096,MOVE_RENAME_FILE,TP_JS09_2.ipynb → m09/tp02.ipynb
2026-03-04 06:30:04,2341720096,MOVE_RENAME_FILE,P1_JS11.ipynb → m11/p01.ipynb
2026-03-04 06:30:04,2341720096,MOVE_RENAME_FILE,P2_JS11.ipynb → m11/p02.ipynb
2026-03-04 06:30:04,2341720096,MOVE_RENAME_FILE,P3_JS11.ipynb → m11/p03.ipynb
2026-03-04 06:30:04,2341720096,MOVE_RENAME_FILE,P4_JS11.ipynb → m11/p04.ipynb
2026-03-04 06:30:04,2341720096,MOVE_RENAME_FILE,P5_JS11.ipynb → m11/p05.ipynb
2026-03-04 06:30:04,2341720096,MOVE_RENAME_FILE,TP_JS11.ipynb → m11/tp01.ipynb
2026-03-04 06:30:04,2341720096,MOVE_RENAME_FILE,P1_JS13.ipynb → m13/p01.ipynb
2026-03-04 06:30:04,2341720096,MOVE_RENAME_FILE,P2_JS13.ipynb → m13/p02.ipynb
2026-03-04 06:30:04,2341720096,MOVE_RENAME_FILE,P3_JS13.ipynb → m13/p03.ipynb
2026-03-04 06:30:04,2341720096,MOVE_RENAME_FILE,TP_JS13.ipynb → m13/tp01.ipynb
2026-03-04 06:30:04,2341720096,MOVE_RENAME_FILE,P1_JS14.ipynb → m14/p01.ipynb
2026-03-04 06:30:04,2341720096,MOVE_RENAME_FILE,P2_JS14.ipynb → m14/p02.ipynb
2026-03-04 06:30:04,2341720096,MOVE_RENAME_FILE,TP_JS14.ipynb → m14/tp01.ipynb
2026-03-04 06:30:04,2341720096,MOVE_RENAME_FILE,app.py → None/app.py
2026-03-04 06:30:04,2341720096,MOVE_RENAME_FILE,P1_JS15.ipynb → m15/p01.ipynb
2026-03-04 06:30:04,2341720096,MOVE_RENAME_FILE,P2_JS15.ipynb → m15/p02.ipynb
2026-03-04 06:30:04,2341720117,MOVE_RENAME_FILE,TG1_2341720117_OKTAVIAN_EKA_RAMADHAN.ipynb → None/TG1_2341720117_OKTAVIAN_EKA_RAMADHAN.ipynb
2026-03-04 06:30:04,2341720117,MOVE_RENAME_FILE,P1_JS02.ipynb → m02/p01.ipynb
2026-03-04 06:30:04,2341720117,MOVE_RENAME_FILE,P2_JS02.ipynb → m02/p02.ipynb
2026-03-04 06:30:04,2341720117,MOVE_RENAME_FILE,P3_JS02.ipynb → m02/p03.ipynb
2026-03-04 06:30:04,2341720117,MOVE_RENAME_FILE,P4_JS02.ipynb → m02/p04.ipynb
2026-03-04 06:30:04,2341720117,MOVE_RENAME_FILE,TP_JS02.ipynb → m02/tp01.ipynb
2026-03-04 06:30:04,2341720117,MOVE_RENAME_FILE,P1_JS03.ipynb → m03/p01.ipynb
2026-03-04 06:30:04,2341720117,MOVE_RENAME_FILE,P2_JS03.ipynb → m03/p02.ipynb
2026-03-04 06:30:04,2341720117,MOVE_RENAME_FILE,P3_JS03.ipynb → m03/p03.ipynb
2026-03-04 06:30:04,2341720117,MOVE_RENAME_FILE,P4_JS03.ipynb → m03/p04.ipynb
2026-03-04 06:30:04,2341720117,MOVE_RENAME_FILE,TP_JS03.ipynb → m03/tp01.ipynb
2026-03-04 06:30:04,2341720117,MOVE_RENAME_FILE,P1_JS04.ipynb → m04/p01.ipynb
2026-03-04 06:30:04,2341720117,MOVE_RENAME_FILE,P2_JS04.ipynb → m04/p02.ipynb
2026-03-04 06:30:04,2341720117,MOVE_RENAME_FILE,P3_JS04.ipynb → m04/p03.ipynb
2026-03-04 06:30:04,2341720117,MOVE_RENAME_FILE,TP_JS04.ipynb → m04/tp01.ipynb
2026-03-04 06:30:04,2341720117,MOVE_RENAME_FILE,P1_JS05.ipynb → m05/p01.ipynb
2026-03-04 06:30:04,2341720117,MOVE_RENAME_FILE,P2_JS05.ipynb → m05/p02.ipynb
2026-03-04 06:30:04,2341720117,MOVE_RENAME_FILE,TP_JS05.ipynb → m05/tp01.ipynb
2026-03-04 06:30:04,2341720117,MOVE_RENAME_FILE,P1_JS06.ipynb → m06/p01.ipynb
2026-03-04 06:30:04,2341720117,MOVE_RENAME_FILE,P2_JS06.ipynb → m06/p02.ipynb
2026-03-04 06:30:04,2341720117,MOVE_RENAME_FILE,TP_JS06.ipynb → m06/tp01.ipynb
2026-03-04 06:30:04,2341720117,MOVE_RENAME_FILE,P1_JS07.ipynb → m07/p01.ipynb
2026-03-04 06:30:04,2341720117,MOVE_RENAME_FILE,P2_JS07.ipynb → m07/p02.ipynb
2026-03-04 06:30:04,2341720117,MOVE_RENAME_FILE,P3_JS07.ipynb → m07/p03.ipynb
2026-03-04 06:30:04,2341720117,MOVE_RENAME_FILE,P4_JS07.ipynb → m07/p04.ipynb
2026-03-04 06:30:04,2341720117,MOVE_RENAME_FILE,P5_JS07.ipynb → m07/p05.ipynb
2026-03-04 06:30:04,2341720117,MOVE_RENAME_FILE,P6_JS07.ipynb → m07/p06.ipynb
2026-03-04 06:30:04,2341720117,MOVE_RENAME_FILE,TP_JS07.ipynb → m07/tp01.ipynb
2026-03-04 06:30:04,2341720117,MOVE_RENAME_FILE,P1_JS09.ipynb → m09/p01.ipynb
2026-03-04 06:30:04,2341720117,MOVE_RENAME_FILE,P2_JS09.ipynb → m09/p02.ipynb
2026-03-04 06:30:04,2341720117,MOVE_RENAME_FILE,P3_JS09.ipynb → m09/p03.ipynb
2026-03-04 06:30:04,2341720117,MOVE_RENAME_FILE,TP_JS09_1.ipynb → m09/tp01.ipynb
2026-03-04 06:30:04,2341720117,MOVE_RENAME_FILE,TP_JS09_2.ipynb → m09/tp02.ipynb
2026-03-04 06:30:04,2341720117,MOVE_RENAME_FILE,P1_JS11.ipynb → m11/p01.ipynb
2026-03-04 06:30:04,2341720117,MOVE_RENAME_FILE,P2_JS11.ipynb → m11/p02.ipynb
2026-03-04 06:30:04,2341720117,MOVE_RENAME_FILE,P3_JS11.ipynb → m11/p03.ipynb
2026-03-04 06:30:04,2341720117,MOVE_RENAME_FILE,P4_JS11.ipynb → m11/p04.ipynb
2026-03-04 06:30:04,2341720117,MOVE_RENAME_FILE,P5_JS11.ipynb → m11/p05.ipynb
2026-03-04 06:30:04,2341720117,MOVE_RENAME_FILE,TP_JS11.ipynb → m11/tp01.ipynb
2026-03-04 06:30:04,2341720117,MOVE_RENAME_FILE,P1_JS13.ipynb → m13/p01.ipynb
2026-03-04 06:30:04,2341720117,MOVE_RENAME_FILE,P2_JS13.ipynb → m13/p02.ipynb
2026-03-04 06:30:04,2341720117,MOVE_RENAME_FILE,P3_JS13.ipynb → m13/p03.ipynb
2026-03-04 06:30:04,2341720117,MOVE_RENAME_FILE,TP_JS13.ipynb → m13/tp01.ipynb
2026-03-04 06:30:04,2341720117,MOVE_RENAME_FILE,P1_JS14.ipynb → m14/p01.ipynb
2026-03-04 06:30:04,2341720117,MOVE_RENAME_FILE,P2_JS14.ipynb → m14/p02.ipynb
2026-03-04 06:30:04,2341720117,MOVE_RENAME_FILE,TP_JS14.ipynb → m14/tp01.ipynb
2026-03-04 06:30:04,2341720117,MOVE_RENAME_FILE,P1_JS15.ipynb → m15/p01.ipynb
2026-03-04 06:30:04,2341720117,MOVE_RENAME_FILE,app.py → m15/app.py
2026-03-04 06:30:04,2341720117,MOVE_RENAME_FILE,app.py → m15/app.py
2026-03-04 06:30:04,2341720117,MOVE_RENAME_FILE,Salinan PBL_ML Regression Risk_V1.ipynb → pbl/pbl.ipynb
2026-03-04 06:30:04,2341720117,MOVE_RENAME_FILE,config.py → pbl/pbl.py
2026-03-04 06:30:04,2341720117,MOVE_RENAME_FILE,main.py → pbl/pbl.py
2026-03-04 06:30:04,2341720117,MOVE_RENAME_FILE,schemas.py → pbl/pbl.py
2026-03-04 06:30:04,2341720117,MOVE_RENAME_FILE,feature_builder.py → pbl/pbl.py
2026-03-04 06:30:04,2341720117,MOVE_RENAME_FILE,model_loader.py → pbl/pbl.py
2026-03-04 06:30:04,2341720117,MOVE_RENAME_FILE,predictor.py → pbl/pbl.py
2026-03-04 06:30:04,2341720117,MOVE_RENAME_FILE,risk_analyzer.py → pbl/pbl.py
2026-03-04 06:30:04,2341720176,MOVE_RENAME_FILE,p01.ipynb → None/p01.ipynb
2026-03-04 06:30:04,2341720176,MOVE_RENAME_FILE,tp01.ipynb → None/tp01.ipynb
2026-03-04 06:30:04,2341720176,MOVE_RENAME_FILE,p01.ipynb → None/p01.ipynb
2026-03-04 06:30:04,2341720176,MOVE_RENAME_FILE,p02.ipynb → None/p02.ipynb
2026-03-04 06:30:04,2341720176,MOVE_RENAME_FILE,p03.ipynb → None/p03.ipynb
2026-03-04 06:30:04,2341720176,MOVE_RENAME_FILE,p04.ipynb → None/p04.ipynb
2026-03-04 06:30:04,2341720176,MOVE_RENAME_FILE,tp01.ipynb → None/tp02.ipynb
2026-03-04 06:30:04,2341720176,MOVE_RENAME_FILE,p01.ipynb → None/p01.ipynb
2026-03-04 06:30:04,2341720176,MOVE_RENAME_FILE,p02.ipynb → None/p02.ipynb
2026-03-04 06:30:04,2341720176,MOVE_RENAME_FILE,p03.ipynb → None/p03.ipynb
2026-03-04 06:30:04,2341720176,MOVE_RENAME_FILE,p04.ipynb → None/p04.ipynb
2026-03-04 06:30:04,2341720176,MOVE_RENAME_FILE,tp01.ipynb → None/tp03.ipynb
2026-03-04 06:30:04,2341720176,MOVE_RENAME_FILE,KUIS_1.ipynb → kuis/kuis.ipynb
2026-03-04 06:30:04,2341720176,MOVE_RENAME_FILE,p01.ipynb → None/p01.ipynb
2026-03-04 06:30:04,2341720176,MOVE_RENAME_FILE,p02.ipynb → None/p02.ipynb
2026-03-04 06:30:04,2341720176,MOVE_RENAME_FILE,p03.ipynb → None/p03.ipynb
2026-03-04 06:30:04,2341720176,MOVE_RENAME_FILE,tp01.ipynb → None/tp04.ipynb
2026-03-04 06:30:04,2341720176,MOVE_RENAME_FILE,p01.ipynb → None/p01.ipynb
2026-03-04 06:30:04,2341720176,MOVE_RENAME_FILE,p02.ipynb → None/p02.ipynb
2026-03-04 06:30:04,2341720176,MOVE_RENAME_FILE,tp01.ipynb → None/tp05.ipynb
2026-03-04 06:30:04,2341720176,MOVE_RENAME_FILE,p01.ipynb → None/p01.ipynb
2026-03-04 06:30:04,2341720176,MOVE_RENAME_FILE,p02.ipynb → None/p02.ipynb
2026-03-04 06:30:04,2341720176,MOVE_RENAME_FILE,tp01.ipynb → None/tp06.ipynb
2026-03-04 06:30:04,2341720176,MOVE_RENAME_FILE,p01.ipynb → None/p01.ipynb
2026-03-04 06:30:04,2341720176,MOVE_RENAME_FILE,p02.ipynb → None/p02.ipynb
2026-03-04 06:30:04,2341720176,MOVE_RENAME_FILE,p03.ipynb → None/p03.ipynb
2026-03-04 06:30:04,2341720176,MOVE_RENAME_FILE,p04.ipynb → None/p04.ipynb
2026-03-04 06:30:04,2341720176,MOVE_RENAME_FILE,p05.ipynb → None/p05.ipynb
2026-03-04 06:30:04,2341720176,MOVE_RENAME_FILE,p06.ipynb → None/p06.ipynb
2026-03-04 06:30:04,2341720176,MOVE_RENAME_FILE,tp01.ipynb → None/tp07.ipynb
2026-03-04 06:30:04,2341720176,MOVE_RENAME_FILE,tp01.ipynb → None/tp08.ipynb
2026-03-04 06:30:04,2341720176,MOVE_RENAME_FILE,p01.ipynb → None/p01.ipynb
2026-03-04 06:30:04,2341720176,MOVE_RENAME_FILE,p02.ipynb → None/p02.ipynb
2026-03-04 06:30:04,2341720176,MOVE_RENAME_FILE,p03.ipynb → None/p03.ipynb
2026-03-04 06:30:04,2341720176,MOVE_RENAME_FILE,tp01.ipynb → None/tp09.ipynb
2026-03-04 06:30:04,2341720176,MOVE_RENAME_FILE,tp02.ipynb → None/tp10.ipynb
2026-03-04 06:30:04,2341720176,MOVE_RENAME_FILE,p01.ipynb → None/p01.ipynb
2026-03-04 06:30:04,2341720176,MOVE_RENAME_FILE,p02.ipynb → None/p02.ipynb
2026-03-04 06:30:04,2341720176,MOVE_RENAME_FILE,p03.ipynb → None/p03.ipynb
2026-03-04 06:30:04,2341720176,MOVE_RENAME_FILE,p04.ipynb → None/p04.ipynb
2026-03-04 06:30:04,2341720176,MOVE_RENAME_FILE,p05.ipynb → None/p05.ipynb
2026-03-04 06:30:04,2341720176,MOVE_RENAME_FILE,tp01.ipynb → None/tp11.ipynb
2026-03-04 06:30:04,2341720176,MOVE_RENAME_FILE,p01.ipynb → None/p01.ipynb
2026-03-04 06:30:04,2341720176,MOVE_RENAME_FILE,p02.ipynb → None/p02.ipynb
2026-03-04 06:30:04,2341720176,MOVE_RENAME_FILE,p03.ipynb → None/p03.ipynb
2026-03-04 06:30:04,2341720176,MOVE_RENAME_FILE,tp01.ipynb → None/tp12.ipynb
2026-03-04 06:30:04,2341720176,MOVE_RENAME_FILE,p01.ipynb → None/p01.ipynb
2026-03-04 06:30:04,2341720176,MOVE_RENAME_FILE,p02.ipynb → None/p02.ipynb
2026-03-04 06:30:04,2341720176,MOVE_RENAME_FILE,tp01.ipynb → None/tp13.ipynb
2026-03-04 06:30:04,2341720176,MOVE_RENAME_FILE,p01.ipynb → None/p01.ipynb
2026-03-04 06:30:04,2341720176,MOVE_RENAME_FILE,p02.ipynb → None/p02.ipynb
2026-03-04 06:30:04,2341720176,MOVE_RENAME_FILE,tp01.ipynb → None/tp14.ipynb
2026-03-04 06:30:04,2341720176,MOVE_RENAME_FILE,tp02.ipynb → None/tp15.ipynb
2026-03-04 06:30:04,2341720176,MOVE_RENAME_FILE,tp03.ipynb → None/tp16.ipynb
2026-03-04 06:30:04,2341720176,MOVE_RENAME_FILE,tp04.ipynb → None/tp17.ipynb
2026-03-04 06:30:04,2341720176,MOVE_RENAME_FILE,tp05.ipynb → None/tp18.ipynb
2026-03-04 06:30:04,2341720176,MOVE_RENAME_FILE,tp06.ipynb → None/tp19.ipynb
2026-03-04 06:30:04,2341720176,MOVE_RENAME_FILE,tp07.ipynb → None/tp20.ipynb
2026-03-04 06:30:04,2341720176,MOVE_RENAME_FILE,tp08.ipynb → None/tp21.ipynb
2026-03-04 06:30:04,2341720176,MOVE_RENAME_FILE,tp09.ipynb → None/tp22.ipynb
2026-03-04 06:30:04,2341720176,MOVE_RENAME_FILE,tp10.ipynb → None/tp23.ipynb
2026-03-04 06:30:04,2341720176,MOVE_RENAME_FILE,tp11.ipynb → None/tp24.ipynb
2026-03-04 06:30:04,2341720176,MOVE_RENAME_FILE,tp12.ipynb → None/tp25.ipynb
2026-03-04 06:30:04,2341720176,MOVE_RENAME_FILE,tp13.ipynb → None/tp26.ipynb
2026-03-04 06:30:04,2341720187,MOVE_RENAME_FILE,TP_JS01.ipynb → m01/tp01.ipynb
2026-03-04 06:30:04,2341720187,MOVE_RENAME_FILE,P1_JS02.ipynb → m02/p01.ipynb
2026-03-04 06:30:04,2341720187,MOVE_RENAME_FILE,P2_JS02.ipynb → m02/p02.ipynb
2026-03-04 06:30:04,2341720187,MOVE_RENAME_FILE,P3_JS02.ipynb → m02/p03.ipynb
2026-03-04 06:30:04,2341720187,MOVE_RENAME_FILE,P4_JS02.ipynb → m02/p04.ipynb
2026-03-04 06:30:04,2341720187,MOVE_RENAME_FILE,TP_JS02.ipynb → m02/tp01.ipynb
2026-03-04 06:30:04,2341720187,MOVE_RENAME_FILE,P1_JS03.ipynb → m03/p01.ipynb
2026-03-04 06:30:04,2341720187,MOVE_RENAME_FILE,P2_JS03.ipynb → m03/p02.ipynb
2026-03-04 06:30:04,2341720187,MOVE_RENAME_FILE,P3_JS03.ipynb → m03/p03.ipynb
2026-03-04 06:30:04,2341720187,MOVE_RENAME_FILE,P4_JS03.ipynb → m03/p04.ipynb
2026-03-04 06:30:04,2341720187,MOVE_RENAME_FILE,TP_JS03.ipynb → m03/tp01.ipynb
2026-03-04 06:30:04,2341720187,MOVE_RENAME_FILE,P1_JS04.ipynb → m04/p01.ipynb
2026-03-04 06:30:04,2341720187,MOVE_RENAME_FILE,P2_JS04.ipynb → m04/p02.ipynb
2026-03-04 06:30:04,2341720187,MOVE_RENAME_FILE,P3_JS04.ipynb → m04/p03.ipynb
2026-03-04 06:30:04,2341720187,MOVE_RENAME_FILE,TP_JS04.ipynb → m04/tp01.ipynb
2026-03-04 06:30:04,2341720187,MOVE_RENAME_FILE,P1_JS05.ipynb → m05/p01.ipynb
2026-03-04 06:30:04,2341720187,MOVE_RENAME_FILE,P2_JS05.ipynb → m05/p02.ipynb
2026-03-04 06:30:04,2341720187,MOVE_RENAME_FILE,TP_JS05.ipynb → m05/tp01.ipynb
2026-03-04 06:30:04,2341720187,MOVE_RENAME_FILE,P1_JS07.ipynb → m07/p01.ipynb
2026-03-04 06:30:04,2341720187,MOVE_RENAME_FILE,P2_JS07.ipynb → m07/p02.ipynb
2026-03-04 06:30:04,2341720187,MOVE_RENAME_FILE,TP_JS06.ipynb → m06/tp01.ipynb
2026-03-04 06:30:04,2341720187,MOVE_RENAME_FILE,p01.ipynb → None/p01.ipynb
2026-03-04 06:30:04,2341720187,MOVE_RENAME_FILE,p02.ipynb → None/p02.ipynb
2026-03-04 06:30:04,2341720187,MOVE_RENAME_FILE,P1_JS07.ipynb → m07/p01.ipynb
2026-03-04 06:30:04,2341720187,MOVE_RENAME_FILE,P2_JS07.ipynb → m07/p02.ipynb
2026-03-04 06:30:04,2341720187,MOVE_RENAME_FILE,P3_JS07.ipynb → m07/p03.ipynb
2026-03-04 06:30:04,2341720187,MOVE_RENAME_FILE,P4_JS07.ipynb → m07/p04.ipynb
2026-03-04 06:30:04,2341720187,MOVE_RENAME_FILE,P5_JS07.ipynb → m07/p05.ipynb
2026-03-04 06:30:04,2341720187,MOVE_RENAME_FILE,P6_JS07.ipynb → m07/p06.ipynb
2026-03-04 06:30:04,2341720187,MOVE_RENAME_FILE,TP_JS07.ipynb → m07/tp01.ipynb
2026-03-04 06:30:04,2341720187,MOVE_RENAME_FILE,TP_JS08.ipynb → m08/tp01.ipynb
2026-03-04 06:30:04,2341720187,MOVE_RENAME_FILE,P1_JS09.ipynb → m09/p01.ipynb
2026-03-04 06:30:04,2341720187,MOVE_RENAME_FILE,P2_JS09.ipynb → m09/p02.ipynb
2026-03-04 06:30:04,2341720187,MOVE_RENAME_FILE,P3_JS09.ipynb → m09/p03.ipynb
2026-03-04 06:30:04,2341720187,MOVE_RENAME_FILE,TP_JS09_1.ipynb → m09/tp01.ipynb
2026-03-04 06:30:04,2341720187,MOVE_RENAME_FILE,TP_JS09_2.ipynb → m09/tp02.ipynb
2026-03-04 06:30:04,2341720187,MOVE_RENAME_FILE,P1_JS11.ipynb → m11/p01.ipynb
2026-03-04 06:30:04,2341720187,MOVE_RENAME_FILE,P2_JS11.ipynb → m11/p02.ipynb
2026-03-04 06:30:04,2341720187,MOVE_RENAME_FILE,P3_JS11.ipynb → m11/p03.ipynb
2026-03-04 06:30:04,2341720187,MOVE_RENAME_FILE,P4_JS11.ipynb → m11/p04.ipynb
2026-03-04 06:30:04,2341720187,MOVE_RENAME_FILE,P5_JS11.ipynb → m11/p05.ipynb
2026-03-04 06:30:04,2341720187,MOVE_RENAME_FILE,TP_JS11.ipynb → m11/tp01.ipynb
2026-03-04 06:30:04,2341720187,MOVE_RENAME_FILE,P1_JS13.ipynb → m13/p01.ipynb
2026-03-04 06:30:04,2341720187,MOVE_RENAME_FILE,P2_JS13.ipynb → m13/p02.ipynb
2026-03-04 06:30:04,2341720187,MOVE_RENAME_FILE,P3_JS13.ipynb → m13/p03.ipynb
2026-03-04 06:30:04,2341720187,MOVE_RENAME_FILE,TP_JS13.ipynb → m13/tp01.ipynb
2026-03-04 06:30:04,2341720187,MOVE_RENAME_FILE,P1_JS14.ipynb → m14/p01.ipynb
2026-03-04 06:30:04,2341720187,MOVE_RENAME_FILE,P2_JS14.ipynb → m14/p02.ipynb
2026-03-04 06:30:04,2341720187,MOVE_RENAME_FILE,TP_JS14.ipynb → m14/tp01.ipynb
2026-03-04 06:30:05,2341720187,MOVE_RENAME_FILE,P1_JS15.ipynb → m15/p01.ipynb
2026-03-04 06:30:05,2341720187,MOVE_RENAME_FILE,P2_JS15.ipynb → m15/p02.ipynb
2026-03-04 06:30:05,2341720187,MOVE_RENAME_FILE,app.py → m15/app.py
2026-03-04 06:31:31,2241720092,MOVE_RENAME_FILE,Uts.ipynb → uts/uts.ipynb
2026-03-04 06:31:31,2241720092,MOVE_RENAME_FILE,P1_JS13.ipynb → m13/p01.ipynb
2026-03-04 06:31:31,2241720092,MOVE_RENAME_FILE,P2_JS13.ipynb → m13/p02.ipynb
2026-03-04 06:31:31,2241720092,MOVE_RENAME_FILE,P3_JS13.ipynb → m13/p03.ipynb
2026-03-04 06:31:31,2241720092,MOVE_RENAME_FILE,TP_JS13.ipynb → m13/tp01.ipynb
2026-03-04 06:31:31,2241720092,MOVE_RENAME_FILE,P1_JS14.ipynb → m14/p01.ipynb
2026-03-04 06:31:31,2241720092,MOVE_RENAME_FILE,P2_JS14.ipynb → m14/p02.ipynb
2026-03-04 06:31:31,2241720092,MOVE_RENAME_FILE,TP_JS14.ipynb → m14/tp01.ipynb
2026-03-04 06:31:31,2241720092,MOVE_RENAME_FILE,P1_JS03.ipynb → m03/p01.ipynb
2026-03-04 06:31:31,2241720092,MOVE_RENAME_FILE,P2_JS03.ipynb → m03/p02.ipynb
2026-03-04 06:31:31,2241720092,MOVE_RENAME_FILE,P3_JS03.ipynb → m03/p03.ipynb
2026-03-04 06:31:31,2241720092,MOVE_RENAME_FILE,P4_JS03.ipynb → m03/p04.ipynb
2026-03-04 06:31:31,2241720092,MOVE_RENAME_FILE,TP_JS03.ipynb → m03/tp01.ipynb
2026-03-04 06:31:31,2241720092,MOVE_RENAME_FILE,P1_JS04.ipynb → m04/p01.ipynb
2026-03-04 06:31:31,2241720092,MOVE_RENAME_FILE,P2_JS04.ipynb → m04/p02.ipynb
2026-03-04 06:31:31,2241720092,MOVE_RENAME_FILE,P3_JS04.ipynb → m04/p03.ipynb
2026-03-04 06:31:31,2241720092,MOVE_RENAME_FILE,TP_JS04.ipynb → m04/tp01.ipynb
2026-03-04 06:31:31,2241720092,MOVE_RENAME_FILE,P1_JS02.ipynb → m02/p01.ipynb
2026-03-04 06:31:31,2241720092,MOVE_RENAME_FILE,P2_JS02.ipynb → m02/p02.ipynb
2026-03-04 06:31:31,2241720092,MOVE_RENAME_FILE,P3_JS02.ipynb → m02/p03.ipynb
2026-03-04 06:31:31,2241720092,MOVE_RENAME_FILE,P4_JS02.ipynb → m02/p04.ipynb
2026-03-04 06:31:31,2241720092,MOVE_RENAME_FILE,TP_JS02.ipynb → m02/tp01.ipynb
2026-03-04 06:31:31,2341720081,RENAME_FOLDER,JS02 → m02
2026-03-04 06:31:31,2341720081,RENAME_FOLDER,JS03 → m03
2026-03-04 06:31:31,2341720081,RENAME_FOLDER,JS04 → m04
2026-03-04 06:31:31,2341720081,RENAME_FOLDER,JS05 → m05
2026-03-04 06:31:31,2341720081,RENAME_FOLDER,JS06 → m06
2026-03-04 06:31:31,2341720081,RENAME_FOLDER,JS07 → m07
2026-03-04 06:31:31,2341720081,RENAME_FOLDER,JS08 → m08
2026-03-04 06:31:31,2341720081,RENAME_FOLDER,JS09 → m09
2026-03-04 06:31:31,2341720081,RENAME_FOLDER,JS11 → m11
2026-03-04 06:31:31,2341720081,RENAME_FOLDER,JS13 → m13
2026-03-04 06:31:31,2341720081,RENAME_FOLDER,JS14 → m14
2026-03-04 06:31:31,2341720081,RENAME_FOLDER,JS15 → m15
2026-03-04 06:31:31,2341720081,RENAME_FOLDER,PBL → pbl
2026-03-04 06:31:31,2341720081,RENAME_FOLDER,UTS → uts
2026-03-04 06:31:31,2341720081,MOVE_RENAME_FILE,P1_JS02.ipynb → m02/p01.ipynb
2026-03-04 06:31:31,2341720081,MOVE_RENAME_FILE,P2_JS02.ipynb → m02/p02.ipynb
2026-03-04 06:31:31,2341720081,MOVE_RENAME_FILE,P3_JS02.ipynb → m02/p03.ipynb
2026-03-04 06:31:31,2341720081,MOVE_RENAME_FILE,P4_JS02.ipynb → m02/p04.ipynb
2026-03-04 06:31:31,2341720081,MOVE_RENAME_FILE,TP_JS02.ipynb → m02/tp01.ipynb
2026-03-04 06:31:31,2341720081,MOVE_RENAME_FILE,P1_JS03.ipynb → m03/p01.ipynb
2026-03-04 06:31:31,2341720081,MOVE_RENAME_FILE,P2_JS03.ipynb → m03/p02.ipynb
2026-03-04 06:31:31,2341720081,MOVE_RENAME_FILE,P3_JS03.ipynb → m03/p03.ipynb
2026-03-04 06:31:31,2341720081,MOVE_RENAME_FILE,P4_JS03.ipynb → m03/p04.ipynb
2026-03-04 06:31:31,2341720081,MOVE_RENAME_FILE,TP_JS03.ipynb → m03/tp01.ipynb
2026-03-04 06:31:31,2341720081,MOVE_RENAME_FILE,P1_JS04.ipynb → m04/p01.ipynb
2026-03-04 06:31:31,2341720081,MOVE_RENAME_FILE,P2_JS04.ipynb → m04/p02.ipynb
2026-03-04 06:31:31,2341720081,MOVE_RENAME_FILE,P3_JS04.ipynb → m04/p03.ipynb
2026-03-04 06:31:31,2341720081,MOVE_RENAME_FILE,TP_JS04.ipynb → m04/tp01.ipynb
2026-03-04 06:31:31,2341720081,MOVE_RENAME_FILE,P1_JS05.ipynb → m05/p01.ipynb
2026-03-04 06:31:31,2341720081,MOVE_RENAME_FILE,P2_JS05.ipynb → m05/p02.ipynb
2026-03-04 06:31:31,2341720081,MOVE_RENAME_FILE,TP_JS05.ipynb → m05/tp01.ipynb
2026-03-04 06:31:31,2341720081,MOVE_RENAME_FILE,P1_JS06.ipynb → m06/p01.ipynb
2026-03-04 06:31:31,2341720081,MOVE_RENAME_FILE,P2_JS06.ipynb → m06/p02.ipynb
2026-03-04 06:31:31,2341720081,MOVE_RENAME_FILE,TP_JS06.ipynb → m06/tp01.ipynb
2026-03-04 06:31:31,2341720081,MOVE_RENAME_FILE,P1_JS07.ipynb → m07/p01.ipynb
2026-03-04 06:31:31,2341720081,MOVE_RENAME_FILE,P2_JS07.ipynb → m07/p02.ipynb
2026-03-04 06:31:31,2341720081,MOVE_RENAME_FILE,P3_JS07.ipynb → m07/p03.ipynb
2026-03-04 06:31:31,2341720081,MOVE_RENAME_FILE,P4_JS07.ipynb → m07/p04.ipynb
2026-03-04 06:31:31,2341720081,MOVE_RENAME_FILE,P5_JS07.ipynb → m07/p05.ipynb
2026-03-04 06:31:31,2341720081,MOVE_RENAME_FILE,P6_JS07.ipynb → m07/p06.ipynb
2026-03-04 06:31:31,2341720081,MOVE_RENAME_FILE,TP_JS07.ipynb → m07/tp01.ipynb
2026-03-04 06:31:31,2341720081,MOVE_RENAME_FILE,TP_JS08.ipynb → m08/tp01.ipynb
2026-03-04 06:31:31,2341720081,MOVE_RENAME_FILE,P1_JS09.ipynb → m09/p01.ipynb
2026-03-04 06:31:31,2341720081,MOVE_RENAME_FILE,P2_JS09.ipynb → m09/p02.ipynb
2026-03-04 06:31:31,2341720081,MOVE_RENAME_FILE,P3_JS09.ipynb → m09/p03.ipynb
2026-03-04 06:31:31,2341720081,MOVE_RENAME_FILE,TP_JS09_1.ipynb → m09/tp01.ipynb
2026-03-04 06:31:31,2341720081,MOVE_RENAME_FILE,TP_JS09_2.ipynb → m09/tp02.ipynb
2026-03-04 06:31:31,2341720081,MOVE_RENAME_FILE,P1_JS11.ipynb → m11/p01.ipynb
2026-03-04 06:31:31,2341720081,MOVE_RENAME_FILE,P2_JS11.ipynb → m11/p02.ipynb
2026-03-04 06:31:31,2341720081,MOVE_RENAME_FILE,P3_JS11.ipynb → m11/p03.ipynb
2026-03-04 06:31:31,2341720081,MOVE_RENAME_FILE,P4_JS11.ipynb → m11/p04.ipynb
2026-03-04 06:31:31,2341720081,MOVE_RENAME_FILE,P5_JS11.ipynb → m11/p05.ipynb
2026-03-04 06:31:31,2341720081,MOVE_RENAME_FILE,TP_JS11.ipynb → m11/tp01.ipynb
2026-03-04 06:31:31,2341720081,MOVE_RENAME_FILE,P1_JS13.ipynb → m13/p01.ipynb
2026-03-04 06:31:31,2341720081,MOVE_RENAME_FILE,P2_JS13.ipynb → m13/p02.ipynb
2026-03-04 06:31:31,2341720081,MOVE_RENAME_FILE,P3_JS13.ipynb → m13/p03.ipynb
2026-03-04 06:31:31,2341720081,MOVE_RENAME_FILE,TP_JS13.ipynb → m13/tp01.ipynb
2026-03-04 06:31:31,2341720081,MOVE_RENAME_FILE,P1_JS14.ipynb → m14/p01.ipynb
2026-03-04 06:31:31,2341720081,MOVE_RENAME_FILE,P2_JS14.ipynb → m14/p02.ipynb
2026-03-04 06:31:31,2341720081,MOVE_RENAME_FILE,TP_JS14.ipynb → m14/tp01.ipynb
2026-03-04 06:31:31,2341720081,MOVE_RENAME_FILE,P1_JS15.ipynb → m15/p01.ipynb
2026-03-04 06:31:31,2341720081,MOVE_RENAME_FILE,P2_JS15.ipynb → m15/p02.ipynb
2026-03-04 06:31:31,2341720081,MOVE_RENAME_FILE,Digital_Text_OCR.ipynb → pbl/pbl.ipynb
2026-03-04 06:31:31,2341720081,MOVE_RENAME_FILE,OPTIMIZED_Full_Pipeline_Fake_Receipt_Detection.ipynb → pbl/pbl.ipynb
2026-03-04 06:31:31,2341720081,MOVE_RENAME_FILE,idn-notebook.ipynb → uts/uts.ipynb
2026-03-04 06:31:31,2341720081,MOVE_RENAME_FILE,notebook.ipynb → uts/uts.ipynb
2026-03-04 06:31:31,2341720095,RENAME_FOLDER,JS02 → m02
2026-03-04 06:31:32,2341720095,RENAME_FOLDER,JS03 → m03
2026-03-04 06:31:32,2341720095,RENAME_FOLDER,JS04 → m04
2026-03-04 06:31:32,2341720095,RENAME_FOLDER,JS05 → m05
2026-03-04 06:31:32,2341720095,RENAME_FOLDER,JS06 → m06
2026-03-04 06:31:32,2341720095,RENAME_FOLDER,JS07 → m07
2026-03-04 06:31:32,2341720095,RENAME_FOLDER,JS08 → m08
2026-03-04 06:31:32,2341720095,RENAME_FOLDER,JS09 → m09
2026-03-04 06:31:32,2341720095,RENAME_FOLDER,JS11 → m11
2026-03-04 06:31:32,2341720095,RENAME_FOLDER,JS13 → m13
2026-03-04 06:31:32,2341720095,MOVE_RENAME_FILE,P1_JS02.ipynb → m02/p01.ipynb
2026-03-04 06:31:32,2341720095,MOVE_RENAME_FILE,P2_JS02.ipynb → m02/p02.ipynb
2026-03-04 06:31:32,2341720095,MOVE_RENAME_FILE,P3_JS02.ipynb → m02/p03.ipynb
2026-03-04 06:31:32,2341720095,MOVE_RENAME_FILE,P4_JS02.ipynb → m02/p04.ipynb
2026-03-04 06:31:32,2341720095,MOVE_RENAME_FILE,TP_JS02.ipynb → m02/tp01.ipynb
2026-03-04 06:31:32,2341720095,MOVE_RENAME_FILE,P1_JS03.ipynb → m03/p01.ipynb
2026-03-04 06:31:32,2341720095,MOVE_RENAME_FILE,P2_JS03.ipynb → m03/p02.ipynb
2026-03-04 06:31:32,2341720095,MOVE_RENAME_FILE,P3_JS03.ipynb → m03/p03.ipynb
2026-03-04 06:31:32,2341720095,MOVE_RENAME_FILE,P4_JS03.ipynb → m03/p04.ipynb
2026-03-04 06:31:32,2341720095,MOVE_RENAME_FILE,TP_JS03.ipynb → m03/tp01.ipynb
2026-03-04 06:31:32,2341720095,MOVE_RENAME_FILE,P1_JS04.ipynb → m04/p01.ipynb
2026-03-04 06:31:32,2341720095,MOVE_RENAME_FILE,P2_JS04.ipynb → m04/p02.ipynb
2026-03-04 06:31:32,2341720095,MOVE_RENAME_FILE,P3_JS04.ipynb → m04/p03.ipynb
2026-03-04 06:31:32,2341720095,MOVE_RENAME_FILE,TP_JS04.ipynb → m04/tp01.ipynb
2026-03-04 06:31:32,2341720095,MOVE_RENAME_FILE,P1_JS05.ipynb → m05/p01.ipynb
2026-03-04 06:31:32,2341720095,MOVE_RENAME_FILE,P2_JS05.ipynb → m05/p02.ipynb
2026-03-04 06:31:32,2341720095,MOVE_RENAME_FILE,TP_JS05.ipynb → m05/tp01.ipynb
2026-03-04 06:31:32,2341720095,MOVE_RENAME_FILE,P1_JS06.ipynb → m06/p01.ipynb
2026-03-04 06:31:32,2341720095,MOVE_RENAME_FILE,P2_JS06.ipynb → m06/p02.ipynb
2026-03-04 06:31:32,2341720095,MOVE_RENAME_FILE,TP_JS06.ipynb → m06/tp01.ipynb
2026-03-04 06:31:32,2341720095,MOVE_RENAME_FILE,P1_JS07.ipynb → m07/p01.ipynb
2026-03-04 06:31:32,2341720095,MOVE_RENAME_FILE,P2_JS07.ipynb → m07/p02.ipynb
2026-03-04 06:31:32,2341720095,MOVE_RENAME_FILE,P3_JS07.ipynb → m07/p03.ipynb
2026-03-04 06:31:32,2341720095,MOVE_RENAME_FILE,P4_JS07.ipynb → m07/p04.ipynb
2026-03-04 06:31:32,2341720095,MOVE_RENAME_FILE,P5_JS07.ipynb → m07/p05.ipynb
2026-03-04 06:31:32,2341720095,MOVE_RENAME_FILE,P6_JS07.ipynb → m07/p06.ipynb
2026-03-04 06:31:32,2341720095,MOVE_RENAME_FILE,TP_JS066.ipynb → m66/tp01.ipynb
2026-03-04 06:31:32,2341720095,MOVE_RENAME_FILE,TP_JS08.ipynb → m08/tp01.ipynb
2026-03-04 06:31:32,2341720095,MOVE_RENAME_FILE,P1_JS09.ipynb → m09/p01.ipynb
2026-03-04 06:31:32,2341720095,MOVE_RENAME_FILE,P2_JS09.ipynb → m09/p02.ipynb
2026-03-04 06:31:32,2341720095,MOVE_RENAME_FILE,P3_JS09.ipynb → m09/p03.ipynb
2026-03-04 06:31:32,2341720095,MOVE_RENAME_FILE,TP_JS09_1.ipynb → m09/tp01.ipynb
2026-03-04 06:31:32,2341720095,MOVE_RENAME_FILE,TP_JS09_2.ipynb → m09/tp02.ipynb
2026-03-04 06:31:32,2341720095,MOVE_RENAME_FILE,P1_JS11.ipynb → m11/p01.ipynb
2026-03-04 06:31:32,2341720095,MOVE_RENAME_FILE,P2_JS11.ipynb → m11/p02.ipynb
2026-03-04 06:31:32,2341720095,MOVE_RENAME_FILE,P3_JS11.ipynb → m11/p03.ipynb
2026-03-04 06:31:32,2341720095,MOVE_RENAME_FILE,P4_JS11.ipynb → m11/p04.ipynb
2026-03-04 06:31:32,2341720095,MOVE_RENAME_FILE,P5_JS11.ipynb → m11/p05.ipynb
2026-03-04 06:31:32,2341720095,MOVE_RENAME_FILE,TP_JS11.ipynb → m11/tp01.ipynb
2026-03-04 06:31:32,2341720095,MOVE_RENAME_FILE,P1_JS13.ipynb → m13/p01.ipynb
2026-03-04 06:31:32,2341720095,MOVE_RENAME_FILE,P2_JS13.ipynb → m13/p02.ipynb
2026-03-04 06:31:32,2341720095,MOVE_RENAME_FILE,P3_JS13.ipynb → m13/p03.ipynb
2026-03-04 06:31:32,2341720095,MOVE_RENAME_FILE,TP_JS13.ipynb → m13/tp01.ipynb
2026-03-04 06:31:32,2341720096,RENAME_FOLDER,JS01 → m01
2026-03-04 06:31:32,2341720096,RENAME_FOLDER,JS02 → m02
2026-03-04 06:31:32,2341720096,RENAME_FOLDER,JS03 → m03
2026-03-04 06:31:32,2341720096,RENAME_FOLDER,JS04 → m04
2026-03-04 06:31:32,2341720096,RENAME_FOLDER,JS05 → m05
2026-03-04 06:31:32,2341720096,RENAME_FOLDER,JS06 → m06
2026-03-04 06:31:32,2341720096,RENAME_FOLDER,JS07 → m07
2026-03-04 06:31:32,2341720096,RENAME_FOLDER,JS08 → m08
2026-03-04 06:31:32,2341720096,RENAME_FOLDER,JS09 → m09
2026-03-04 06:31:32,2341720096,RENAME_FOLDER,JS11 → m11
2026-03-04 06:31:32,2341720096,RENAME_FOLDER,JS13 → m13
2026-03-04 06:31:32,2341720096,RENAME_FOLDER,JS14 → m14
2026-03-04 06:31:32,2341720096,RENAME_FOLDER,JS15 → m15
2026-03-04 06:31:32,2341720096,RENAME_FOLDER,PBL → pbl
2026-03-04 06:31:32,2341720096,MOVE_RENAME_FILE,Giovano_Alkandri_ML_QUIZ1.ipynb → None/Giovano_Alkandri_ML_QUIZ1.ipynb
2026-03-04 06:31:32,2341720096,MOVE_RENAME_FILE,P1_JS01.ipynb → m01/p01.ipynb
2026-03-04 06:31:32,2341720096,MOVE_RENAME_FILE,P1_JS02.ipynb → m02/p01.ipynb
2026-03-04 06:31:32,2341720096,MOVE_RENAME_FILE,P2_JS02.ipynb → m02/p02.ipynb
2026-03-04 06:31:32,2341720096,MOVE_RENAME_FILE,P3_JS02.ipynb → m02/p03.ipynb
2026-03-04 06:31:32,2341720096,MOVE_RENAME_FILE,P4_JS02.ipynb → m02/p04.ipynb
2026-03-04 06:31:32,2341720096,MOVE_RENAME_FILE,TP_JS02.ipynb → m02/tp01.ipynb
2026-03-04 06:31:32,2341720096,MOVE_RENAME_FILE,P1_JS03.ipynb → m03/p01.ipynb
2026-03-04 06:31:32,2341720096,MOVE_RENAME_FILE,P2_JS03.ipynb → m03/p02.ipynb
2026-03-04 06:31:32,2341720096,MOVE_RENAME_FILE,P3_JS03.ipynb → m03/p03.ipynb
2026-03-04 06:31:32,2341720096,MOVE_RENAME_FILE,P4_JS03.ipynb → m03/p04.ipynb
2026-03-04 06:31:32,2341720096,MOVE_RENAME_FILE,TP_JS03.ipynb → m03/tp01.ipynb
2026-03-04 06:31:32,2341720096,MOVE_RENAME_FILE,P1_JS04.ipynb → m04/p01.ipynb
2026-03-04 06:31:32,2341720096,MOVE_RENAME_FILE,P2_JS04.ipynb → m04/p02.ipynb
2026-03-04 06:31:32,2341720096,MOVE_RENAME_FILE,P3_JS04.ipynb → m04/p03.ipynb
2026-03-04 06:31:32,2341720096,MOVE_RENAME_FILE,TP_JS04.ipynb → m04/tp01.ipynb
2026-03-04 06:31:32,2341720096,MOVE_RENAME_FILE,P1_JS05.ipynb → m05/p01.ipynb
2026-03-04 06:31:32,2341720096,MOVE_RENAME_FILE,P2_JS05.ipynb → m05/p02.ipynb
2026-03-04 06:31:32,2341720096,MOVE_RENAME_FILE,TP_JS05.ipynb → m05/tp01.ipynb
2026-03-04 06:31:32,2341720096,MOVE_RENAME_FILE,P1_JS06.ipynb → m06/p01.ipynb
2026-03-04 06:31:32,2341720096,MOVE_RENAME_FILE,P2_JS06.ipynb → m06/p02.ipynb
2026-03-04 06:31:32,2341720096,MOVE_RENAME_FILE,teoridasar.ipynb → None/teoridasar.ipynb
2026-03-04 06:31:32,2341720096,MOVE_RENAME_FILE,P1_JS07.ipynb → m07/p01.ipynb
2026-03-04 06:31:32,2341720096,MOVE_RENAME_FILE,P2_JS07.ipynb → m07/p02.ipynb
2026-03-04 06:31:32,2341720096,MOVE_RENAME_FILE,P3_JS07.ipynb → m07/p03.ipynb
2026-03-04 06:31:32,2341720096,MOVE_RENAME_FILE,P4_JS07.ipynb → m07/p04.ipynb
2026-03-04 06:31:32,2341720096,MOVE_RENAME_FILE,P5_JS07.ipynb → m07/p05.ipynb
2026-03-04 06:31:32,2341720096,MOVE_RENAME_FILE,P6_JS07.ipynb → m07/p06.ipynb
2026-03-04 06:31:32,2341720096,MOVE_RENAME_FILE,TP_JS07.ipynb → m07/tp01.ipynb
2026-03-04 06:31:32,2341720096,MOVE_RENAME_FILE,TP_JS08.ipynb → m08/tp01.ipynb
2026-03-04 06:31:32,2341720096,MOVE_RENAME_FILE,uts copy.ipynb → uts/uts.ipynb
2026-03-04 06:31:32,2341720096,MOVE_RENAME_FILE,uts.ipynb → uts/uts.ipynb
2026-03-04 06:31:32,2341720096,MOVE_RENAME_FILE,P1_JS09.ipynb → m09/p01.ipynb
2026-03-04 06:31:32,2341720096,MOVE_RENAME_FILE,P2_JS09.ipynb → m09/p02.ipynb
2026-03-04 06:31:32,2341720096,MOVE_RENAME_FILE,P3_JS09.ipynb → m09/p03.ipynb
2026-03-04 06:31:32,2341720096,MOVE_RENAME_FILE,TP_JS09_1.ipynb → m09/tp01.ipynb
2026-03-04 06:31:32,2341720096,MOVE_RENAME_FILE,TP_JS09_2.ipynb → m09/tp02.ipynb
2026-03-04 06:31:32,2341720096,MOVE_RENAME_FILE,P1_JS11.ipynb → m11/p01.ipynb
2026-03-04 06:31:32,2341720096,MOVE_RENAME_FILE,P2_JS11.ipynb → m11/p02.ipynb
2026-03-04 06:31:32,2341720096,MOVE_RENAME_FILE,P3_JS11.ipynb → m11/p03.ipynb
2026-03-04 06:31:32,2341720096,MOVE_RENAME_FILE,P4_JS11.ipynb → m11/p04.ipynb
2026-03-04 06:31:32,2341720096,MOVE_RENAME_FILE,P5_JS11.ipynb → m11/p05.ipynb
2026-03-04 06:31:32,2341720096,MOVE_RENAME_FILE,TP_JS11.ipynb → m11/tp01.ipynb
2026-03-04 06:31:32,2341720096,MOVE_RENAME_FILE,P1_JS13.ipynb → m13/p01.ipynb
2026-03-04 06:31:32,2341720096,MOVE_RENAME_FILE,P2_JS13.ipynb → m13/p02.ipynb
2026-03-04 06:31:32,2341720096,MOVE_RENAME_FILE,P3_JS13.ipynb → m13/p03.ipynb
2026-03-04 06:31:32,2341720096,MOVE_RENAME_FILE,TP_JS13.ipynb → m13/tp01.ipynb
2026-03-04 06:31:32,2341720096,MOVE_RENAME_FILE,P1_JS14.ipynb → m14/p01.ipynb
2026-03-04 06:31:32,2341720096,MOVE_RENAME_FILE,P2_JS14.ipynb → m14/p02.ipynb
2026-03-04 06:31:32,2341720096,MOVE_RENAME_FILE,TP_JS14.ipynb → m14/tp01.ipynb
2026-03-04 06:31:32,2341720096,MOVE_RENAME_FILE,app.py → None/app.py
2026-03-04 06:31:32,2341720096,MOVE_RENAME_FILE,P1_JS15.ipynb → m15/p01.ipynb
2026-03-04 06:31:32,2341720096,MOVE_RENAME_FILE,P2_JS15.ipynb → m15/p02.ipynb
2026-03-04 06:31:32,2341720096,MOVE_RENAME_FILE,train svm prepro.ipynb → pbl/pbl.ipynb
2026-03-04 06:31:32,2341720117,RENAME_FOLDER,JS01 → m01
2026-03-04 06:31:32,2341720117,RENAME_FOLDER,JS02 → m02
2026-03-04 06:31:32,2341720117,RENAME_FOLDER,JS03 → m03
2026-03-04 06:31:32,2341720117,RENAME_FOLDER,JS04 → m04
2026-03-04 06:31:32,2341720117,RENAME_FOLDER,JS05 → m05
2026-03-04 06:31:32,2341720117,RENAME_FOLDER,JS06 → m06
2026-03-04 06:31:32,2341720117,RENAME_FOLDER,JS07 → m07
2026-03-04 06:31:32,2341720117,RENAME_FOLDER,JS09 → m09
2026-03-04 06:31:32,2341720117,RENAME_FOLDER,JS11 → m11
2026-03-04 06:31:32,2341720117,RENAME_FOLDER,JS13 → m13
2026-03-04 06:31:32,2341720117,RENAME_FOLDER,JS14 → m14
2026-03-04 06:31:32,2341720117,RENAME_FOLDER,JS15 → m15
2026-03-04 06:31:32,2341720117,RENAME_FOLDER,KUIS → kuis
2026-03-04 06:31:32,2341720117,RENAME_FOLDER,PBL_FastAPI → pbl
2026-03-04 06:31:32,2341720117,RENAME_FOLDER,UTS → uts
2026-03-04 06:31:32,2341720117,MOVE_RENAME_FILE,TP_JS08.ipynb → kuis/tp01.ipynb
2026-03-04 06:31:32,2341720117,MOVE_RENAME_FILE,TG1_2341720117_OKTAVIAN_EKA_RAMADHAN.ipynb → None/TG1_2341720117_OKTAVIAN_EKA_RAMADHAN.ipynb
2026-03-04 06:31:32,2341720117,MOVE_RENAME_FILE,P1_JS02.ipynb → m02/p01.ipynb
2026-03-04 06:31:32,2341720117,MOVE_RENAME_FILE,P2_JS02.ipynb → m02/p02.ipynb
2026-03-04 06:31:32,2341720117,MOVE_RENAME_FILE,P3_JS02.ipynb → m02/p03.ipynb
2026-03-04 06:31:32,2341720117,MOVE_RENAME_FILE,P4_JS02.ipynb → m02/p04.ipynb
2026-03-04 06:31:32,2341720117,MOVE_RENAME_FILE,TP_JS02.ipynb → m02/tp01.ipynb
2026-03-04 06:31:32,2341720117,MOVE_RENAME_FILE,P1_JS03.ipynb → m03/p01.ipynb
2026-03-04 06:31:32,2341720117,MOVE_RENAME_FILE,P2_JS03.ipynb → m03/p02.ipynb
2026-03-04 06:31:32,2341720117,MOVE_RENAME_FILE,P3_JS03.ipynb → m03/p03.ipynb
2026-03-04 06:31:32,2341720117,MOVE_RENAME_FILE,P4_JS03.ipynb → m03/p04.ipynb
2026-03-04 06:31:32,2341720117,MOVE_RENAME_FILE,TP_JS03.ipynb → m03/tp01.ipynb
2026-03-04 06:31:32,2341720117,MOVE_RENAME_FILE,P1_JS04.ipynb → m04/p01.ipynb
2026-03-04 06:31:32,2341720117,MOVE_RENAME_FILE,P2_JS04.ipynb → m04/p02.ipynb
2026-03-04 06:31:32,2341720117,MOVE_RENAME_FILE,P3_JS04.ipynb → m04/p03.ipynb
2026-03-04 06:31:32,2341720117,MOVE_RENAME_FILE,TP_JS04.ipynb → m04/tp01.ipynb
2026-03-04 06:31:32,2341720117,MOVE_RENAME_FILE,P1_JS05.ipynb → m05/p01.ipynb
2026-03-04 06:31:32,2341720117,MOVE_RENAME_FILE,P2_JS05.ipynb → m05/p02.ipynb
2026-03-04 06:31:32,2341720117,MOVE_RENAME_FILE,TP_JS05.ipynb → m05/tp01.ipynb
2026-03-04 06:31:32,2341720117,MOVE_RENAME_FILE,P1_JS06.ipynb → m06/p01.ipynb
2026-03-04 06:31:32,2341720117,MOVE_RENAME_FILE,P2_JS06.ipynb → m06/p02.ipynb
2026-03-04 06:31:32,2341720117,MOVE_RENAME_FILE,TP_JS06.ipynb → m06/tp01.ipynb
2026-03-04 06:31:32,2341720117,MOVE_RENAME_FILE,P1_JS07.ipynb → m07/p01.ipynb
2026-03-04 06:31:32,2341720117,MOVE_RENAME_FILE,P2_JS07.ipynb → m07/p02.ipynb
2026-03-04 06:31:32,2341720117,MOVE_RENAME_FILE,P3_JS07.ipynb → m07/p03.ipynb
2026-03-04 06:31:32,2341720117,MOVE_RENAME_FILE,P4_JS07.ipynb → m07/p04.ipynb
2026-03-04 06:31:32,2341720117,MOVE_RENAME_FILE,P5_JS07.ipynb → m07/p05.ipynb
2026-03-04 06:31:32,2341720117,MOVE_RENAME_FILE,P6_JS07.ipynb → m07/p06.ipynb
2026-03-04 06:31:32,2341720117,MOVE_RENAME_FILE,TP_JS07.ipynb → m07/tp01.ipynb
2026-03-04 06:31:33,2341720117,MOVE_RENAME_FILE,P1_JS09.ipynb → m09/p01.ipynb
2026-03-04 06:31:33,2341720117,MOVE_RENAME_FILE,P2_JS09.ipynb → m09/p02.ipynb
2026-03-04 06:31:33,2341720117,MOVE_RENAME_FILE,P3_JS09.ipynb → m09/p03.ipynb
2026-03-04 06:31:33,2341720117,MOVE_RENAME_FILE,TP_JS09_1.ipynb → m09/tp01.ipynb
2026-03-04 06:31:33,2341720117,MOVE_RENAME_FILE,TP_JS09_2.ipynb → m09/tp02.ipynb
2026-03-04 06:31:33,2341720117,MOVE_RENAME_FILE,P1_JS11.ipynb → m11/p01.ipynb
2026-03-04 06:31:33,2341720117,MOVE_RENAME_FILE,P2_JS11.ipynb → m11/p02.ipynb
2026-03-04 06:31:33,2341720117,MOVE_RENAME_FILE,P3_JS11.ipynb → m11/p03.ipynb
2026-03-04 06:31:33,2341720117,MOVE_RENAME_FILE,P4_JS11.ipynb → m11/p04.ipynb
2026-03-04 06:31:33,2341720117,MOVE_RENAME_FILE,P5_JS11.ipynb → m11/p05.ipynb
2026-03-04 06:31:33,2341720117,MOVE_RENAME_FILE,TP_JS11.ipynb → m11/tp01.ipynb
2026-03-04 06:31:33,2341720117,MOVE_RENAME_FILE,P1_JS13.ipynb → m13/p01.ipynb
2026-03-04 06:31:33,2341720117,MOVE_RENAME_FILE,P2_JS13.ipynb → m13/p02.ipynb
2026-03-04 06:31:33,2341720117,MOVE_RENAME_FILE,P3_JS13.ipynb → m13/p03.ipynb
2026-03-04 06:31:33,2341720117,MOVE_RENAME_FILE,TP_JS13.ipynb → m13/tp01.ipynb
2026-03-04 06:31:33,2341720117,MOVE_RENAME_FILE,P1_JS14.ipynb → m14/p01.ipynb
2026-03-04 06:31:33,2341720117,MOVE_RENAME_FILE,P2_JS14.ipynb → m14/p02.ipynb
2026-03-04 06:31:33,2341720117,MOVE_RENAME_FILE,TP_JS14.ipynb → m14/tp01.ipynb
2026-03-04 06:31:33,2341720117,MOVE_RENAME_FILE,P1_JS15.ipynb → m15/p01.ipynb
2026-03-04 06:31:33,2341720117,MOVE_RENAME_FILE,app.py → m15/app.py
2026-03-04 06:31:33,2341720117,MOVE_RENAME_FILE,app.py → m15/app.py
2026-03-04 06:31:33,2341720117,MOVE_RENAME_FILE,Salinan PBL_ML Regression Risk_V1.ipynb → pbl/pbl.ipynb
2026-03-04 06:31:33,2341720117,MOVE_RENAME_FILE,config.py → pbl/pbl.py
2026-03-04 06:31:33,2341720117,MOVE_RENAME_FILE,main.py → pbl/pbl.py
2026-03-04 06:31:33,2341720117,MOVE_RENAME_FILE,schemas.py → pbl/pbl.py
2026-03-04 06:31:33,2341720117,MOVE_RENAME_FILE,feature_builder.py → pbl/pbl.py
2026-03-04 06:31:33,2341720117,MOVE_RENAME_FILE,model_loader.py → pbl/pbl.py
2026-03-04 06:31:33,2341720117,MOVE_RENAME_FILE,predictor.py → pbl/pbl.py
2026-03-04 06:31:33,2341720117,MOVE_RENAME_FILE,risk_analyzer.py → pbl/pbl.py
2026-03-04 06:31:33,2341720117,MOVE_RENAME_FILE,UTS.ipynb → uts/uts.ipynb
2026-03-04 06:31:33,2341720163,MOVE_RENAME_FILE,JS2_2341720163_Satrio_Ahmad_Ramadhani.ipynb → m02/JS2_2341720163_Satrio_Ahmad_Ramadhani.ipynb
2026-03-04 06:31:33,2341720163,MOVE_RENAME_FILE,JS3_2341720163_Satrio_Ahmad_Ramadhani.ipynb → m03/JS3_2341720163_Satrio_Ahmad_Ramadhani.ipynb
2026-03-04 06:31:33,2341720163,MOVE_RENAME_FILE,Satrio_Ahmad_Ramadhani_2341720163_27_KUIS1_ML.ipynb → kuis/kuis.ipynb
2026-03-04 06:31:33,2341720163,MOVE_RENAME_FILE,TG1_2341720163_Satrio_Ahmad_Ramadhani.ipynb → None/TG1_2341720163_Satrio_Ahmad_Ramadhani.ipynb
2026-03-04 06:31:33,2341720176,MOVE_RENAME_FILE,P1_JS01.ipynb → m01/p01.ipynb
2026-03-04 06:31:33,2341720176,MOVE_RENAME_FILE,TP_JS01.ipynb → m01/tp01.ipynb
2026-03-04 06:31:33,2341720176,MOVE_RENAME_FILE,P1_JS02.ipynb → m02/p01.ipynb
2026-03-04 06:31:33,2341720176,MOVE_RENAME_FILE,P2_JS02.ipynb → m02/p02.ipynb
2026-03-04 06:31:33,2341720176,MOVE_RENAME_FILE,P3_JS02.ipynb → m02/p03.ipynb
2026-03-04 06:31:33,2341720176,MOVE_RENAME_FILE,P4_JS02.ipynb → m02/p04.ipynb
2026-03-04 06:31:33,2341720176,MOVE_RENAME_FILE,TP_JS02.ipynb → m02/tp01.ipynb
2026-03-04 06:31:33,2341720176,MOVE_RENAME_FILE,P1_JS03.ipynb → m03/p01.ipynb
2026-03-04 06:31:33,2341720176,MOVE_RENAME_FILE,P2_JS03.ipynb → m03/p02.ipynb
2026-03-04 06:31:33,2341720176,MOVE_RENAME_FILE,P3_JS03.ipynb → m03/p03.ipynb
2026-03-04 06:31:33,2341720176,MOVE_RENAME_FILE,P4_JS03.ipynb → m03/p04.ipynb
2026-03-04 06:31:33,2341720176,MOVE_RENAME_FILE,TP_JS03.ipynb → m03/tp01.ipynb
2026-03-04 06:31:33,2341720176,MOVE_RENAME_FILE,KUIS_1.ipynb → m04/KUIS_1.ipynb
2026-03-04 06:31:33,2341720176,MOVE_RENAME_FILE,P1_JS04.ipynb → m04/p01.ipynb
2026-03-04 06:31:33,2341720176,MOVE_RENAME_FILE,P2_JS04.ipynb → m04/p02.ipynb
2026-03-04 06:31:33,2341720176,MOVE_RENAME_FILE,P3_JS04.ipynb → m04/p03.ipynb
2026-03-04 06:31:33,2341720176,MOVE_RENAME_FILE,TP_JS04.ipynb → m04/tp01.ipynb
2026-03-04 06:31:33,2341720176,MOVE_RENAME_FILE,P1_JS05.ipynb → m05/p01.ipynb
2026-03-04 06:31:33,2341720176,MOVE_RENAME_FILE,P2_JS05.ipynb → m05/p02.ipynb
2026-03-04 06:31:33,2341720176,MOVE_RENAME_FILE,TP_JS05.ipynb → m05/tp01.ipynb
2026-03-04 06:31:33,2341720176,MOVE_RENAME_FILE,P1_JS06.ipynb → m06/p01.ipynb
2026-03-04 06:31:33,2341720176,MOVE_RENAME_FILE,P2_JS06.ipynb → m06/p02.ipynb
2026-03-04 06:31:33,2341720176,MOVE_RENAME_FILE,TP_JS06.ipynb → m06/tp01.ipynb
2026-03-04 06:31:33,2341720176,MOVE_RENAME_FILE,P1_JS07.ipynb → m07/p01.ipynb
2026-03-04 06:31:33,2341720176,MOVE_RENAME_FILE,P2_JS07.ipynb → m07/p02.ipynb
2026-03-04 06:31:33,2341720176,MOVE_RENAME_FILE,P3_JS07.ipynb → m07/p03.ipynb
2026-03-04 06:31:33,2341720176,MOVE_RENAME_FILE,P4_JS07.ipynb → m07/p04.ipynb
2026-03-04 06:31:33,2341720176,MOVE_RENAME_FILE,P5_JS07.ipynb → m07/p05.ipynb
2026-03-04 06:31:33,2341720176,MOVE_RENAME_FILE,P6_JS07.ipynb → m07/p06.ipynb
2026-03-04 06:31:33,2341720176,MOVE_RENAME_FILE,TP_JS07.ipynb → m07/tp01.ipynb
2026-03-04 06:31:33,2341720176,MOVE_RENAME_FILE,TP_JS08.ipynb → m08/tp01.ipynb
2026-03-04 06:31:33,2341720176,MOVE_RENAME_FILE,P1_JS09.ipynb → m09/p01.ipynb
2026-03-04 06:31:33,2341720176,MOVE_RENAME_FILE,P2_JS09.ipynb → m09/p02.ipynb
2026-03-04 06:31:33,2341720176,MOVE_RENAME_FILE,P3_JS09.ipynb → m09/p03.ipynb
2026-03-04 06:31:33,2341720176,MOVE_RENAME_FILE,TP_JS09_1.ipynb → m09/tp01.ipynb
2026-03-04 06:31:33,2341720176,MOVE_RENAME_FILE,TP_JS09_2.ipynb → m09/tp02.ipynb
2026-03-04 06:31:33,2341720176,MOVE_RENAME_FILE,P1_JS11.ipynb → m11/p01.ipynb
2026-03-04 06:31:33,2341720176,MOVE_RENAME_FILE,P2_JS11.ipynb → m11/p02.ipynb
2026-03-04 06:31:33,2341720176,MOVE_RENAME_FILE,P3_JS11.ipynb → m11/p03.ipynb
2026-03-04 06:31:33,2341720176,MOVE_RENAME_FILE,P4_JS11.ipynb → m11/p04.ipynb
2026-03-04 06:31:33,2341720176,MOVE_RENAME_FILE,P5_JS11.ipynb → m11/p05.ipynb
2026-03-04 06:31:33,2341720176,MOVE_RENAME_FILE,TP_JS11.ipynb → m11/tp01.ipynb
2026-03-04 06:31:33,2341720176,MOVE_RENAME_FILE,P1_JS13.ipynb → m13/p01.ipynb
2026-03-04 06:31:33,2341720176,MOVE_RENAME_FILE,P2_JS13.ipynb → m13/p02.ipynb
2026-03-04 06:31:33,2341720176,MOVE_RENAME_FILE,P3_JS13.ipynb → m13/p03.ipynb
2026-03-04 06:31:33,2341720176,MOVE_RENAME_FILE,TP_JS13.ipynb → m13/tp01.ipynb
2026-03-04 06:31:33,2341720176,MOVE_RENAME_FILE,P1_JS14.ipynb → m14/p01.ipynb
2026-03-04 06:31:33,2341720176,MOVE_RENAME_FILE,P2_JS14.ipynb → m14/p02.ipynb
2026-03-04 06:31:33,2341720176,MOVE_RENAME_FILE,TP_JS14.ipynb → m14/tp01.ipynb
2026-03-04 06:31:33,2341720176,MOVE_RENAME_FILE,P1_JS15.ipynb → m15/p01.ipynb
2026-03-04 06:31:33,2341720176,MOVE_RENAME_FILE,P2_JS15.ipynb → m15/p02.ipynb
2026-03-04 06:31:33,2341720187,RENAME_FOLDER,JS01 → m01
2026-03-04 06:31:33,2341720187,RENAME_FOLDER,JS02 → m02
2026-03-04 06:31:33,2341720187,RENAME_FOLDER,JS03 → m03
2026-03-04 06:31:33,2341720187,RENAME_FOLDER,JS04 → m04
2026-03-04 06:31:33,2341720187,RENAME_FOLDER,JS05 → m05
2026-03-04 06:31:33,2341720187,RENAME_FOLDER,JS06 → m06
2026-03-04 06:31:33,2341720187,RENAME_FOLDER,JS07 → m07
2026-03-04 06:31:33,2341720187,RENAME_FOLDER,JS08 → m08
2026-03-04 06:31:33,2341720187,RENAME_FOLDER,JS09 → m09
2026-03-04 06:31:33,2341720187,RENAME_FOLDER,JS11 → m11
2026-03-04 06:31:33,2341720187,RENAME_FOLDER,JS13 → m13
2026-03-04 06:31:33,2341720187,RENAME_FOLDER,JS14 → m14
2026-03-04 06:31:33,2341720187,RENAME_FOLDER,JS15 → m15
2026-03-04 06:31:33,2341720187,RENAME_FOLDER,UTS → uts
2026-03-04 06:31:33,2341720187,MOVE_RENAME_FILE,TP_JS01.ipynb → m01/tp01.ipynb
2026-03-04 06:31:33,2341720187,MOVE_RENAME_FILE,P1_JS02.ipynb → m02/p01.ipynb
2026-03-04 06:31:33,2341720187,MOVE_RENAME_FILE,P2_JS02.ipynb → m02/p02.ipynb
2026-03-04 06:31:33,2341720187,MOVE_RENAME_FILE,P3_JS02.ipynb → m02/p03.ipynb
2026-03-04 06:31:33,2341720187,MOVE_RENAME_FILE,P4_JS02.ipynb → m02/p04.ipynb
2026-03-04 06:31:33,2341720187,MOVE_RENAME_FILE,TP_JS02.ipynb → m02/tp01.ipynb
2026-03-04 06:31:33,2341720187,MOVE_RENAME_FILE,P1_JS03.ipynb → m03/p01.ipynb
2026-03-04 06:31:33,2341720187,MOVE_RENAME_FILE,P2_JS03.ipynb → m03/p02.ipynb
2026-03-04 06:31:33,2341720187,MOVE_RENAME_FILE,P3_JS03.ipynb → m03/p03.ipynb
2026-03-04 06:31:33,2341720187,MOVE_RENAME_FILE,P4_JS03.ipynb → m03/p04.ipynb
2026-03-04 06:31:33,2341720187,MOVE_RENAME_FILE,TP_JS03.ipynb → m03/tp01.ipynb
2026-03-04 06:31:33,2341720187,MOVE_RENAME_FILE,P1_JS04.ipynb → m04/p01.ipynb
2026-03-04 06:31:33,2341720187,MOVE_RENAME_FILE,P2_JS04.ipynb → m04/p02.ipynb
2026-03-04 06:31:33,2341720187,MOVE_RENAME_FILE,P3_JS04.ipynb → m04/p03.ipynb
2026-03-04 06:31:33,2341720187,MOVE_RENAME_FILE,TP_JS04.ipynb → m04/tp01.ipynb
2026-03-04 06:31:33,2341720187,MOVE_RENAME_FILE,P1_JS05.ipynb → m05/p01.ipynb
2026-03-04 06:31:33,2341720187,MOVE_RENAME_FILE,P2_JS05.ipynb → m05/p02.ipynb
2026-03-04 06:31:33,2341720187,MOVE_RENAME_FILE,TP_JS05.ipynb → m05/tp01.ipynb
2026-03-04 06:31:33,2341720187,MOVE_RENAME_FILE,P1_JS07.ipynb → m07/p01.ipynb
2026-03-04 06:31:33,2341720187,MOVE_RENAME_FILE,P2_JS07.ipynb → m07/p02.ipynb
2026-03-04 06:31:33,2341720187,MOVE_RENAME_FILE,TP_JS06.ipynb → m06/tp01.ipynb
2026-03-04 06:31:33,2341720187,MOVE_RENAME_FILE,p01.ipynb → None/p01.ipynb
2026-03-04 06:31:33,2341720187,MOVE_RENAME_FILE,p02.ipynb → None/p02.ipynb
2026-03-04 06:31:33,2341720187,MOVE_RENAME_FILE,P1_JS07.ipynb → m07/p01.ipynb
2026-03-04 06:31:33,2341720187,MOVE_RENAME_FILE,P2_JS07.ipynb → m07/p02.ipynb
2026-03-04 06:31:33,2341720187,MOVE_RENAME_FILE,P3_JS07.ipynb → m07/p03.ipynb
2026-03-04 06:31:33,2341720187,MOVE_RENAME_FILE,P4_JS07.ipynb → m07/p04.ipynb
2026-03-04 06:31:33,2341720187,MOVE_RENAME_FILE,P5_JS07.ipynb → m07/p05.ipynb
2026-03-04 06:31:33,2341720187,MOVE_RENAME_FILE,P6_JS07.ipynb → m07/p06.ipynb
2026-03-04 06:31:33,2341720187,MOVE_RENAME_FILE,TP_JS07.ipynb → m07/tp01.ipynb
2026-03-04 06:31:33,2341720187,MOVE_RENAME_FILE,TP_JS08.ipynb → m08/tp01.ipynb
2026-03-04 06:31:33,2341720187,MOVE_RENAME_FILE,P1_JS09.ipynb → m09/p01.ipynb
2026-03-04 06:31:33,2341720187,MOVE_RENAME_FILE,P2_JS09.ipynb → m09/p02.ipynb
2026-03-04 06:31:33,2341720187,MOVE_RENAME_FILE,P3_JS09.ipynb → m09/p03.ipynb
2026-03-04 06:31:33,2341720187,MOVE_RENAME_FILE,TP_JS09_1.ipynb → m09/tp01.ipynb
2026-03-04 06:31:33,2341720187,MOVE_RENAME_FILE,TP_JS09_2.ipynb → m09/tp02.ipynb
2026-03-04 06:31:33,2341720187,MOVE_RENAME_FILE,P1_JS11.ipynb → m11/p01.ipynb
2026-03-04 06:31:33,2341720187,MOVE_RENAME_FILE,P2_JS11.ipynb → m11/p02.ipynb
2026-03-04 06:31:33,2341720187,MOVE_RENAME_FILE,P3_JS11.ipynb → m11/p03.ipynb
2026-03-04 06:31:33,2341720187,MOVE_RENAME_FILE,P4_JS11.ipynb → m11/p04.ipynb
2026-03-04 06:31:33,2341720187,MOVE_RENAME_FILE,P5_JS11.ipynb → m11/p05.ipynb
2026-03-04 06:31:33,2341720187,MOVE_RENAME_FILE,TP_JS11.ipynb → m11/tp01.ipynb
2026-03-04 06:31:33,2341720187,MOVE_RENAME_FILE,P1_JS13.ipynb → m13/p01.ipynb
2026-03-04 06:31:33,2341720187,MOVE_RENAME_FILE,P2_JS13.ipynb → m13/p02.ipynb
2026-03-04 06:31:33,2341720187,MOVE_RENAME_FILE,P3_JS13.ipynb → m13/p03.ipynb
2026-03-04 06:31:33,2341720187,MOVE_RENAME_FILE,TP_JS13.ipynb → m13/tp01.ipynb
2026-03-04 06:31:33,2341720187,MOVE_RENAME_FILE,P1_JS14.ipynb → m14/p01.ipynb
2026-03-04 06:31:33,2341720187,MOVE_RENAME_FILE,P2_JS14.ipynb → m14/p02.ipynb
2026-03-04 06:31:33,2341720187,MOVE_RENAME_FILE,TP_JS14.ipynb → m14/tp01.ipynb
2026-03-04 06:31:33,2341720187,MOVE_RENAME_FILE,P1_JS15.ipynb → m15/p01.ipynb
2026-03-04 06:31:33,2341720187,MOVE_RENAME_FILE,P2_JS15.ipynb → m15/p02.ipynb
2026-03-04 06:31:33,2341720187,MOVE_RENAME_FILE,app.py → m15/app.py
2026-03-04 06:31:33,2341720187,MOVE_RENAME_FILE,UAS.ipynb → None/UAS.ipynb
2026-03-04 06:31:33,2341720187,MOVE_RENAME_FILE,UTS_2341720187_CANDRA_AHMAD_DANI.ipynb → uts/uts.ipynb
2026-03-04 08:28:24,2241720092,MOVE_RENAME_FILE,Uts.ipynb → uts/uts.ipynb
2026-03-04 08:28:24,2241720092,MOVE_RENAME_FILE,P1_JS13.ipynb → m13/p01.ipynb
2026-03-04 08:28:24,2241720092,MOVE_RENAME_FILE,P2_JS13.ipynb → m13/p02.ipynb
2026-03-04 08:28:24,2241720092,MOVE_RENAME_FILE,P3_JS13.ipynb → m13/p03.ipynb
2026-03-04 08:28:24,2241720092,MOVE_RENAME_FILE,TP_JS13.ipynb → m13/tp01.ipynb
2026-03-04 08:28:24,2241720092,MOVE_RENAME_FILE,P1_JS14.ipynb → m14/p01.ipynb
2026-03-04 08:28:24,2241720092,MOVE_RENAME_FILE,P2_JS14.ipynb → m14/p02.ipynb
2026-03-04 08:28:24,2241720092,MOVE_RENAME_FILE,TP_JS14.ipynb → m14/tp01.ipynb
2026-03-04 08:28:24,2241720092,MOVE_RENAME_FILE,P1_JS03.ipynb → m03/p01.ipynb
2026-03-04 08:28:24,2241720092,MOVE_RENAME_FILE,P2_JS03.ipynb → m03/p02.ipynb
2026-03-04 08:28:24,2241720092,MOVE_RENAME_FILE,P3_JS03.ipynb → m03/p03.ipynb
2026-03-04 08:28:24,2241720092,MOVE_RENAME_FILE,P4_JS03.ipynb → m03/p04.ipynb
2026-03-04 08:28:24,2241720092,MOVE_RENAME_FILE,TP_JS03.ipynb → m03/tp01.ipynb
2026-03-04 08:28:24,2241720092,MOVE_RENAME_FILE,P1_JS04.ipynb → m04/p01.ipynb
2026-03-04 08:28:24,2241720092,MOVE_RENAME_FILE,P2_JS04.ipynb → m04/p02.ipynb
2026-03-04 08:28:24,2241720092,MOVE_RENAME_FILE,P3_JS04.ipynb → m04/p03.ipynb
2026-03-04 08:28:24,2241720092,MOVE_RENAME_FILE,TP_JS04.ipynb → m04/tp01.ipynb
2026-03-04 08:28:24,2241720092,MOVE_RENAME_FILE,P1_JS02.ipynb → m02/p01.ipynb
2026-03-04 08:28:24,2241720092,MOVE_RENAME_FILE,P2_JS02.ipynb → m02/p02.ipynb
2026-03-04 08:28:24,2241720092,MOVE_RENAME_FILE,P3_JS02.ipynb → m02/p03.ipynb
2026-03-04 08:28:24,2241720092,MOVE_RENAME_FILE,P4_JS02.ipynb → m02/p04.ipynb
2026-03-04 08:28:24,2241720092,MOVE_RENAME_FILE,TP_JS02.ipynb → m02/tp01.ipynb
2026-03-04 08:28:24,2341720003,RENAME_FOLDER,JS01 → m01
2026-03-04 08:28:24,2341720003,RENAME_FOLDER,JS02 → m02
2026-03-04 08:28:24,2341720003,RENAME_FOLDER,JS03 → m03
2026-03-04 08:28:24,2341720003,RENAME_FOLDER,JS04 → m04
2026-03-04 08:28:24,2341720003,RENAME_FOLDER,JS05 → m05
2026-03-04 08:28:24,2341720003,RENAME_FOLDER,JS06 → m06
2026-03-04 08:28:24,2341720003,RENAME_FOLDER,JS07 → m07
2026-03-04 08:28:24,2341720003,RENAME_FOLDER,JS08 → m08
2026-03-04 08:28:24,2341720003,RENAME_FOLDER,JS09 → m09
2026-03-04 08:28:24,2341720003,RENAME_FOLDER,JS11 → m11
2026-03-04 08:28:24,2341720003,RENAME_FOLDER,JS13 → m13
2026-03-04 08:28:24,2341720003,RENAME_FOLDER,JS14 → m14
2026-03-04 08:28:24,2341720003,RENAME_FOLDER,JS15 → m15
2026-03-04 08:28:24,2341720003,RENAME_FOLDER,PBL_Kelompok3 → pbl
2026-03-04 08:28:24,2341720003,MOVE_RENAME_FILE,TG1_2341720003_FATIKAH_SALSABILLA.ipynb → None/TG1_2341720003_FATIKAH_SALSABILLA.ipynb
2026-03-04 08:28:24,2341720003,MOVE_RENAME_FILE,P1_JS02.ipynb → m02/p01.ipynb
2026-03-04 08:28:24,2341720003,MOVE_RENAME_FILE,P2_JS02.ipynb → m02/p02.ipynb
2026-03-04 08:28:24,2341720003,MOVE_RENAME_FILE,P3_JS02.ipynb → m02/p03.ipynb
2026-03-04 08:28:24,2341720003,MOVE_RENAME_FILE,P4_JS02.ipynb → m02/p04.ipynb
2026-03-04 08:28:24,2341720003,MOVE_RENAME_FILE,TP_JS02.ipynb → m02/tp01.ipynb
2026-03-04 08:28:24,2341720003,MOVE_RENAME_FILE,P1_JS03.ipynb → m03/p01.ipynb
2026-03-04 08:28:24,2341720003,MOVE_RENAME_FILE,P2_JS03 .ipynb → m03/p02.ipynb
2026-03-04 08:28:24,2341720003,MOVE_RENAME_FILE,P3_JS03.ipynb → m03/p03.ipynb
2026-03-04 08:28:24,2341720003,MOVE_RENAME_FILE,P4_JS03.ipynb → m03/p04.ipynb
2026-03-04 08:28:24,2341720003,MOVE_RENAME_FILE,TP_JS03.ipynb → m03/tp01.ipynb
2026-03-04 08:28:24,2341720003,MOVE_RENAME_FILE,P1_JS04.ipynb → m04/p01.ipynb
2026-03-04 08:28:24,2341720003,MOVE_RENAME_FILE,P2_JS04.ipynb → m04/p02.ipynb
2026-03-04 08:28:24,2341720003,MOVE_RENAME_FILE,P3_JS04.ipynb → m04/p03.ipynb
2026-03-04 08:28:24,2341720003,MOVE_RENAME_FILE,TP_JS04.ipynb → m04/tp01.ipynb
2026-03-04 08:28:24,2341720003,MOVE_RENAME_FILE,P1_JS05.ipynb → m05/p01.ipynb
2026-03-04 08:28:24,2341720003,MOVE_RENAME_FILE,P2_JS05.ipynb → m05/p02.ipynb
2026-03-04 08:28:24,2341720003,MOVE_RENAME_FILE,TP_JS05.ipynb → m05/tp01.ipynb
2026-03-04 08:28:24,2341720003,MOVE_RENAME_FILE,P1_JS06.ipynb → m06/p01.ipynb
2026-03-04 08:28:24,2341720003,MOVE_RENAME_FILE,P2_JS06.ipynb → m06/p02.ipynb
2026-03-04 08:28:24,2341720003,MOVE_RENAME_FILE,TP_JS06.ipynb → m06/tp01.ipynb
2026-03-04 08:28:24,2341720003,MOVE_RENAME_FILE,P1_JS07.ipynb → m07/p01.ipynb
2026-03-04 08:28:24,2341720003,MOVE_RENAME_FILE,P2_JS07.ipynb → m07/p02.ipynb
2026-03-04 08:28:24,2341720003,MOVE_RENAME_FILE,P3_JS07.ipynb → m07/p03.ipynb
2026-03-04 08:28:24,2341720003,MOVE_RENAME_FILE,P4_JS07.ipynb → m07/p04.ipynb
2026-03-04 08:28:24,2341720003,MOVE_RENAME_FILE,P5_JS07.ipynb → m07/p05.ipynb
2026-03-04 08:28:24,2341720003,MOVE_RENAME_FILE,P6_JS07.ipynb → m07/p06.ipynb
2026-03-04 08:28:24,2341720003,MOVE_RENAME_FILE,TP_JS07.ipynb → m07/tp01.ipynb
2026-03-04 08:28:24,2341720003,MOVE_RENAME_FILE,TP_JS08.ipynb → m08/tp01.ipynb
2026-03-04 08:28:24,2341720003,MOVE_RENAME_FILE,P1_JS09.ipynb → m09/p01.ipynb
2026-03-04 08:28:24,2341720003,MOVE_RENAME_FILE,P2_JS09.ipynb → m09/p02.ipynb
2026-03-04 08:28:24,2341720003,MOVE_RENAME_FILE,P3_JS09.ipynb → m09/p03.ipynb
2026-03-04 08:28:24,2341720003,MOVE_RENAME_FILE,TP_JS09_1.ipynb → m09/tp01.ipynb
2026-03-04 08:28:24,2341720003,MOVE_RENAME_FILE,TP_JS09_2.ipynb → m09/tp02.ipynb
2026-03-04 08:28:24,2341720003,MOVE_RENAME_FILE,P1_JS11.ipynb → m11/p01.ipynb
2026-03-04 08:28:24,2341720003,MOVE_RENAME_FILE,P2_JS11.ipynb → m11/p02.ipynb
2026-03-04 08:28:24,2341720003,MOVE_RENAME_FILE,P3_JS11.ipynb → m11/p03.ipynb
2026-03-04 08:28:24,2341720003,MOVE_RENAME_FILE,P4_JS11.ipynb → m11/p04.ipynb
2026-03-04 08:28:24,2341720003,MOVE_RENAME_FILE,P5_JS11.ipynb → m11/p05.ipynb
2026-03-04 08:28:24,2341720003,MOVE_RENAME_FILE,TP_JS11.ipynb → m11/tp01.ipynb
2026-03-04 08:28:24,2341720003,MOVE_RENAME_FILE,P1_JS13.ipynb → m13/p01.ipynb
2026-03-04 08:28:24,2341720003,MOVE_RENAME_FILE,P2_JS13.ipynb → m13/p02.ipynb
2026-03-04 08:28:24,2341720003,MOVE_RENAME_FILE,TP_JS13.ipynb → m13/tp01.ipynb
2026-03-04 08:28:24,2341720003,MOVE_RENAME_FILE,P1_JS14.ipynb → m14/p01.ipynb
2026-03-04 08:28:24,2341720003,MOVE_RENAME_FILE,P2_JS14.ipynb → m14/p02.ipynb
2026-03-04 08:28:24,2341720003,MOVE_RENAME_FILE,TP_JS14.ipynb → m14/tp01.ipynb
2026-03-04 08:28:24,2341720003,MOVE_RENAME_FILE,P1_JS15.ipynb → m15/p01.ipynb
2026-03-04 08:28:24,2341720003,MOVE_RENAME_FILE,P2_JS15.ipynb → m15/p02.ipynb
2026-03-04 08:28:24,2341720003,MOVE_RENAME_FILE,test svm prepro.ipynb → pbl/pbl.ipynb
2026-03-04 08:28:25,2341720003,MOVE_RENAME_FILE,train svm prepro.ipynb → pbl/pbl.ipynb
2026-03-04 08:28:25,2341720005,RENAME_FOLDER,JS01 → m01
2026-03-04 08:28:25,2341720005,RENAME_FOLDER,JS02 → m02
2026-03-04 08:28:25,2341720005,RENAME_FOLDER,JS03 → m03
2026-03-04 08:28:25,2341720005,RENAME_FOLDER,JS04 → m04
2026-03-04 08:28:25,2341720005,RENAME_FOLDER,JS05 → m05
2026-03-04 08:28:25,2341720005,RENAME_FOLDER,JS06 → m06
2026-03-04 08:28:25,2341720005,RENAME_FOLDER,JS07 → m07
2026-03-04 08:28:25,2341720005,RENAME_FOLDER,JS08 → m08
2026-03-04 08:28:25,2341720005,RENAME_FOLDER,JS09 → m09
2026-03-04 08:28:25,2341720005,RENAME_FOLDER,JS11 → m11
2026-03-04 08:28:25,2341720005,RENAME_FOLDER,JS13 → m13
2026-03-04 08:28:25,2341720005,RENAME_FOLDER,JS14 → m14
2026-03-04 08:28:25,2341720005,RENAME_FOLDER,JS15 → m15
2026-03-04 08:28:25,2341720005,RENAME_FOLDER,KELOMPOK → kelompok
2026-03-04 08:28:25,2341720005,RENAME_FOLDER,KUIS → kuis
2026-03-04 08:28:25,2341720005,RENAME_FOLDER,PBL_KELOMPOK1 → pbl
2026-03-04 08:28:25,2341720005,MOVE_RENAME_FILE,KELOMPOK_3.ipynb → kelompok/kelompok.ipynb
2026-03-04 08:28:25,2341720005,MOVE_RENAME_FILE,KUIS_JS04.ipynb → kuis/kuis.ipynb
2026-03-04 08:28:25,2341720005,MOVE_RENAME_FILE,TP_JS01.ipynb → m01/tp01.ipynb
2026-03-04 08:28:25,2341720005,MOVE_RENAME_FILE,P1_JS02.ipynb → m02/p01.ipynb
2026-03-04 08:28:25,2341720005,MOVE_RENAME_FILE,P2_JS02.ipynb → m02/p02.ipynb
2026-03-04 08:28:25,2341720005,MOVE_RENAME_FILE,P3_JS02.ipynb → m02/p03.ipynb
2026-03-04 08:28:25,2341720005,MOVE_RENAME_FILE,P4_JS02.ipynb → m02/p04.ipynb
2026-03-04 08:28:25,2341720005,MOVE_RENAME_FILE,TP_JS02.ipynb → m02/tp01.ipynb
2026-03-04 08:28:25,2341720005,MOVE_RENAME_FILE,P1_JS03.ipynb → m03/p01.ipynb
2026-03-04 08:28:25,2341720005,MOVE_RENAME_FILE,P2_JS03.ipynb → m03/p02.ipynb
2026-03-04 08:28:25,2341720005,MOVE_RENAME_FILE,P3_JS03 .ipynb → m03/p03.ipynb
2026-03-04 08:28:25,2341720005,MOVE_RENAME_FILE,P4_JS03 .ipynb → m03/p04.ipynb
2026-03-04 08:28:25,2341720005,MOVE_RENAME_FILE,TP_JS03.ipynb → m03/tp01.ipynb
2026-03-04 08:28:25,2341720005,MOVE_RENAME_FILE,P1_JS04.ipynb → m04/p01.ipynb
2026-03-04 08:28:25,2341720005,MOVE_RENAME_FILE,P2_JS04 .ipynb → m04/p02.ipynb
2026-03-04 08:28:25,2341720005,MOVE_RENAME_FILE,P3_JS04.ipynb → m04/p03.ipynb
2026-03-04 08:28:25,2341720005,MOVE_RENAME_FILE,TP_JS04.ipynb → m04/tp01.ipynb
2026-03-04 08:28:25,2341720005,MOVE_RENAME_FILE,P1_JS05.ipynb → m05/p01.ipynb
2026-03-04 08:28:25,2341720005,MOVE_RENAME_FILE,P2_JS05.ipynb → m05/p02.ipynb
2026-03-04 08:28:25,2341720005,MOVE_RENAME_FILE,TP_JS05.ipynb → m05/tp01.ipynb
2026-03-04 08:28:25,2341720005,MOVE_RENAME_FILE,P1_JS06 .ipynb → m06/p01.ipynb
2026-03-04 08:28:25,2341720005,MOVE_RENAME_FILE,P2_JS06.ipynb → m06/p02.ipynb
2026-03-04 08:28:25,2341720005,MOVE_RENAME_FILE,TP_JS06.ipynb → m06/tp01.ipynb
2026-03-04 08:28:25,2341720005,MOVE_RENAME_FILE,P1_JS07.ipynb → m07/p01.ipynb
2026-03-04 08:28:25,2341720005,MOVE_RENAME_FILE,P2_JS07.ipynb → m07/p02.ipynb
2026-03-04 08:28:25,2341720005,MOVE_RENAME_FILE,P3_JS07.ipynb → m07/p03.ipynb
2026-03-04 08:28:25,2341720005,MOVE_RENAME_FILE,P4_JS07.ipynb → m07/p04.ipynb
2026-03-04 08:28:25,2341720005,MOVE_RENAME_FILE,P5_JS07.ipynb → m07/p05.ipynb
2026-03-04 08:28:25,2341720005,MOVE_RENAME_FILE,P6_JS07.ipynb → m07/p06.ipynb
2026-03-04 08:28:25,2341720005,MOVE_RENAME_FILE,TP_JS07.ipynb → m07/tp01.ipynb
2026-03-04 08:28:25,2341720005,MOVE_RENAME_FILE,TP_JS08.ipynb → m08/tp01.ipynb
2026-03-04 08:28:25,2341720005,MOVE_RENAME_FILE,P1_JS09.ipynb → m09/p01.ipynb
2026-03-04 08:28:25,2341720005,MOVE_RENAME_FILE,P2_JS09.ipynb → m09/p02.ipynb
2026-03-04 08:28:25,2341720005,MOVE_RENAME_FILE,P3_JS09.ipynb → m09/p03.ipynb
2026-03-04 08:28:25,2341720005,MOVE_RENAME_FILE,TP_JS09_1.ipynb → m09/tp01.ipynb
2026-03-04 08:28:25,2341720005,MOVE_RENAME_FILE,TP_JS09_2.ipynb → m09/tp02.ipynb
2026-03-04 08:28:25,2341720005,MOVE_RENAME_FILE,P1_JS11.ipynb → m11/p01.ipynb
2026-03-04 08:28:25,2341720005,MOVE_RENAME_FILE,P2_JS11.ipynb → m11/p02.ipynb
2026-03-04 08:28:25,2341720005,MOVE_RENAME_FILE,P3_JS11.ipynb → m11/p03.ipynb
2026-03-04 08:28:25,2341720005,MOVE_RENAME_FILE,P4_JS11.ipynb → m11/p04.ipynb
2026-03-04 08:28:25,2341720005,MOVE_RENAME_FILE,P5_JS11.ipynb → m11/p05.ipynb
2026-03-04 08:28:25,2341720005,MOVE_RENAME_FILE,TP_JS11.ipynb → m11/tp01.ipynb
2026-03-04 08:28:25,2341720005,MOVE_RENAME_FILE,P1_JS04.ipynb → m04/p01.ipynb
2026-03-04 08:28:25,2341720005,MOVE_RENAME_FILE,P2_JS04.ipynb → m04/p02.ipynb
2026-03-04 08:28:25,2341720005,MOVE_RENAME_FILE,P3_JS04.ipynb → m04/p03.ipynb
2026-03-04 08:28:25,2341720005,MOVE_RENAME_FILE,TP_JS13.ipynb → m13/tp01.ipynb
2026-03-04 08:28:25,2341720005,MOVE_RENAME_FILE,P1_JS14.ipynb → m14/p01.ipynb
2026-03-04 08:28:25,2341720005,MOVE_RENAME_FILE,P2_JS14.ipynb → m14/p02.ipynb
2026-03-04 08:28:25,2341720005,MOVE_RENAME_FILE,TP_JS14.ipynb → m14/tp01.ipynb
2026-03-04 08:28:25,2341720005,MOVE_RENAME_FILE,P1_JS15.ipynb → m15/p01.ipynb
2026-03-04 08:28:25,2341720005,MOVE_RENAME_FILE,P2_JS15.ipynb → m15/p02.ipynb
2026-03-04 08:28:25,2341720005,MOVE_RENAME_FILE,TP_JS15.ipynb → m15/tp01.ipynb
2026-03-04 08:28:25,2341720005,MOVE_RENAME_FILE,PBL_KELOMPOK1.ipynb → pbl/pbl.ipynb
2026-03-04 08:28:25,2341720007,RENAME_FOLDER,JS02 → m02
2026-03-04 08:28:25,2341720007,RENAME_FOLDER,JS03 → m03
2026-03-04 08:28:25,2341720007,RENAME_FOLDER,JS04 → m04
2026-03-04 08:28:25,2341720007,RENAME_FOLDER,JS05 → m05
2026-03-04 08:28:25,2341720007,RENAME_FOLDER,JS06 → m06
2026-03-04 08:28:25,2341720007,RENAME_FOLDER,JS07 → m07
2026-03-04 08:28:25,2341720007,RENAME_FOLDER,JS08 → m08
2026-03-04 08:28:25,2341720007,RENAME_FOLDER,JS09 → m09
2026-03-04 08:28:25,2341720007,RENAME_FOLDER,JS11 → m11
2026-03-04 08:28:25,2341720007,RENAME_FOLDER,JS13 → m13
2026-03-04 08:28:25,2341720007,RENAME_FOLDER,JS14 → m14
2026-03-04 08:28:25,2341720007,RENAME_FOLDER,JS15 → m15
2026-03-04 08:28:25,2341720007,RENAME_FOLDER,KELOMPOK → kelompok
2026-03-04 08:28:25,2341720007,RENAME_FOLDER,KUIS → kuis
2026-03-04 08:28:25,2341720007,RENAME_FOLDER,PBL_KELOMPOK4 → pbl
2026-03-04 08:28:25,2341720007,MOVE_RENAME_FILE,KELOMPOK_3.ipynb → kelompok/kelompok.ipynb
2026-03-04 08:28:25,2341720007,MOVE_RENAME_FILE,KUIS_JS04.ipynb → kuis/kuis.ipynb
2026-03-04 08:28:25,2341720007,MOVE_RENAME_FILE,P1_JS02.ipynb → m02/p01.ipynb
2026-03-04 08:28:25,2341720007,MOVE_RENAME_FILE,P2_JS02.ipynb → m02/p02.ipynb
2026-03-04 08:28:25,2341720007,MOVE_RENAME_FILE,P3_JS02.ipynb → m02/p03.ipynb
2026-03-04 08:28:25,2341720007,MOVE_RENAME_FILE,P4_JS02.ipynb → m02/p04.ipynb
2026-03-04 08:28:25,2341720007,MOVE_RENAME_FILE,TP_JS02.ipynb → m02/tp01.ipynb
2026-03-04 08:28:25,2341720007,MOVE_RENAME_FILE,P1_JS03.ipynb → m03/p01.ipynb
2026-03-04 08:28:25,2341720007,MOVE_RENAME_FILE,P2_JS03.ipynb → m03/p02.ipynb
2026-03-04 08:28:25,2341720007,MOVE_RENAME_FILE,P3_JS03.ipynb → m03/p03.ipynb
2026-03-04 08:28:25,2341720007,MOVE_RENAME_FILE,P4_JS03.ipynb → m03/p04.ipynb
2026-03-04 08:28:25,2341720007,MOVE_RENAME_FILE,TP_JS03.ipynb → m03/tp01.ipynb
2026-03-04 08:28:25,2341720007,MOVE_RENAME_FILE,P1_JS04.ipynb → m04/p01.ipynb
2026-03-04 08:28:25,2341720007,MOVE_RENAME_FILE,P2_JS04.ipynb → m04/p02.ipynb
2026-03-04 08:28:25,2341720007,MOVE_RENAME_FILE,P3_JS04.ipynb → m04/p03.ipynb
2026-03-04 08:28:25,2341720007,MOVE_RENAME_FILE,TP_JS04.ipynb → m04/tp01.ipynb
2026-03-04 08:28:25,2341720007,MOVE_RENAME_FILE,P1_JS05.ipynb → m05/p01.ipynb
2026-03-04 08:28:25,2341720007,MOVE_RENAME_FILE,P2_JS05.ipynb → m05/p02.ipynb
2026-03-04 08:28:25,2341720007,MOVE_RENAME_FILE,TP_JS05.ipynb → m05/tp01.ipynb
2026-03-04 08:28:25,2341720007,MOVE_RENAME_FILE,P1_JS06.ipynb → m06/p01.ipynb
2026-03-04 08:28:25,2341720007,MOVE_RENAME_FILE,P2_JS06.ipynb → m06/p02.ipynb
2026-03-04 08:28:25,2341720007,MOVE_RENAME_FILE,TP_JS06.ipynb → m06/tp01.ipynb
2026-03-04 08:28:25,2341720007,MOVE_RENAME_FILE,P1_JS07.ipynb → m07/p01.ipynb
2026-03-04 08:28:25,2341720007,MOVE_RENAME_FILE,P2_JS07.ipynb → m07/p02.ipynb
2026-03-04 08:28:25,2341720007,MOVE_RENAME_FILE,P3_JS07.ipynb → m07/p03.ipynb
2026-03-04 08:28:25,2341720007,MOVE_RENAME_FILE,P4_JS07.ipynb → m07/p04.ipynb
2026-03-04 08:28:25,2341720007,MOVE_RENAME_FILE,P5_JS07.ipynb → m07/p05.ipynb
2026-03-04 08:28:25,2341720007,MOVE_RENAME_FILE,P6_JS07.ipynb → m07/p06.ipynb
2026-03-04 08:28:25,2341720007,MOVE_RENAME_FILE,TP_JS07.ipynb → m07/tp01.ipynb
2026-03-04 08:28:25,2341720007,MOVE_RENAME_FILE,TP_JS08.ipynb → m08/tp01.ipynb
2026-03-04 08:28:25,2341720007,MOVE_RENAME_FILE,P1_JS09.ipynb → m09/p01.ipynb
2026-03-04 08:28:25,2341720007,MOVE_RENAME_FILE,P2_JS09.ipynb → m09/p02.ipynb
2026-03-04 08:28:25,2341720007,MOVE_RENAME_FILE,P3_JS09.ipynb → m09/p03.ipynb
2026-03-04 08:28:25,2341720007,MOVE_RENAME_FILE,TP_JS09_1.ipynb → m09/tp01.ipynb
2026-03-04 08:28:25,2341720007,MOVE_RENAME_FILE,TP_JS09_2.ipynb → m09/tp02.ipynb
2026-03-04 08:28:25,2341720007,MOVE_RENAME_FILE,P1_JS11.ipynb → m11/p01.ipynb
2026-03-04 08:28:25,2341720007,MOVE_RENAME_FILE,P2_JS11.ipynb → m11/p02.ipynb
2026-03-04 08:28:25,2341720007,MOVE_RENAME_FILE,P3_JS11.ipynb → m11/p03.ipynb
2026-03-04 08:28:25,2341720007,MOVE_RENAME_FILE,P4_JS11.ipynb → m11/p04.ipynb
2026-03-04 08:28:25,2341720007,MOVE_RENAME_FILE,P5_JS11.ipynb → m11/p05.ipynb
2026-03-04 08:28:25,2341720007,MOVE_RENAME_FILE,TP_JS11.ipynb → m11/tp01.ipynb
2026-03-04 08:28:25,2341720007,MOVE_RENAME_FILE,P1_JS13.ipynb → m13/p01.ipynb
2026-03-04 08:28:25,2341720007,MOVE_RENAME_FILE,P2_JS13.ipynb → m13/p02.ipynb
2026-03-04 08:28:25,2341720007,MOVE_RENAME_FILE,P3_JS13.ipynb → m13/p03.ipynb
2026-03-04 08:28:25,2341720007,MOVE_RENAME_FILE,TP_JS13.ipynb → m13/tp01.ipynb
2026-03-04 08:28:25,2341720007,MOVE_RENAME_FILE,P1_JS14.ipynb → m14/p01.ipynb
2026-03-04 08:28:25,2341720007,MOVE_RENAME_FILE,P2_JS14.ipynb → m14/p02.ipynb
2026-03-04 08:28:25,2341720007,MOVE_RENAME_FILE,TP_JS14.ipynb → m14/tp01.ipynb
2026-03-04 08:28:25,2341720007,MOVE_RENAME_FILE,P1_JS15.ipynb → m15/p01.ipynb
2026-03-04 08:28:25,2341720007,MOVE_RENAME_FILE,P2_JS15.ipynb → m15/p02.ipynb
2026-03-04 08:28:25,2341720007,MOVE_RENAME_FILE,Notebook_PCVK_Patch_ML train-20.ipynb → pbl/pbl.ipynb
2026-03-04 08:28:25,2341720007,MOVE_RENAME_FILE,Notebook_PCVK_Patch_ML train-30.ipynb → pbl/pbl.ipynb
2026-03-04 08:28:26,2341720007,MOVE_RENAME_FILE,Notebook_PCVK_Patch_ML train-40.ipynb → pbl/pbl.ipynb
2026-03-04 08:28:26,2341720007,MOVE_RENAME_FILE,Notebook_PCVK_Patch_ML train-50.ipynb → pbl/pbl.ipynb
2026-03-04 08:28:26,2341720007,MOVE_RENAME_FILE,Notebook_PCVK_Patch_ML train-60.ipynb → pbl/pbl.ipynb
2026-03-04 08:28:26,2341720007,MOVE_RENAME_FILE,Notebook_PCVK_Patch_ML train-70.ipynb → pbl/pbl.ipynb
2026-03-04 08:28:26,2341720007,MOVE_RENAME_FILE,Notebook_PCVK_Patch_ML train-80.ipynb → pbl/pbl.ipynb
2026-03-04 08:28:26,2341720007,MOVE_RENAME_FILE,Notebook_PCVK_Patch_ML train-90.ipynb → pbl/pbl.ipynb
2026-03-04 08:28:26,2341720007,MOVE_RENAME_FILE,Notebook_PCVK_Patch_ML train-95.ipynb → pbl/pbl.ipynb
2026-03-04 08:28:26,2341720007,MOVE_RENAME_FILE,Notebook_PCVK_Patch_ML 21K-train-20.ipynb → pbl/pbl.ipynb
2026-03-04 08:28:26,2341720007,MOVE_RENAME_FILE,Notebook_PCVK_Patch_ML 21K-train-30.ipynb → pbl/pbl.ipynb
2026-03-04 08:28:26,2341720007,MOVE_RENAME_FILE,Notebook_PCVK_Patch_ML 21K-train-40.ipynb → pbl/pbl.ipynb
2026-03-04 08:28:26,2341720007,MOVE_RENAME_FILE,Notebook_PCVK_Patch_ML 21K-train-50.ipynb → pbl/pbl.ipynb
2026-03-04 08:28:26,2341720007,MOVE_RENAME_FILE,Notebook_PCVK_Patch_ML 21K-train-60.ipynb → pbl/pbl.ipynb
2026-03-04 08:28:26,2341720007,MOVE_RENAME_FILE,Notebook_PCVK_Patch_ML 21K-train-70.ipynb → pbl/pbl.ipynb
2026-03-04 08:28:26,2341720007,MOVE_RENAME_FILE,Notebook_PCVK_Patch_ML 21K-train-80.ipynb → pbl/pbl.ipynb
2026-03-04 08:28:26,2341720007,MOVE_RENAME_FILE,Notebook_PCVK_Patch_ML 21K-train-90.ipynb → pbl/pbl.ipynb
2026-03-04 08:28:26,2341720007,MOVE_RENAME_FILE,Notebook_PCVK_Patch_ML 21K-train-95.ipynb → pbl/pbl.ipynb
2026-03-04 08:28:27,2341720007,MOVE_RENAME_FILE,Notebook_PCVK_Patch_ML train-20_smooth-0.1.ipynb → pbl/pbl.ipynb
2026-03-04 08:28:27,2341720007,MOVE_RENAME_FILE,Notebook_PCVK_Patch_ML train-30_smooth-0.1.ipynb → pbl/pbl.ipynb
2026-03-04 08:28:27,2341720007,MOVE_RENAME_FILE,Notebook_PCVK_Patch_ML train-40_smooth-0.1.ipynb → pbl/pbl.ipynb
2026-03-04 08:28:27,2341720007,MOVE_RENAME_FILE,Notebook_PCVK_Patch_ML train-50_smooth-0.1.ipynb → pbl/pbl.ipynb
2026-03-04 08:28:27,2341720007,MOVE_RENAME_FILE,Notebook_PCVK_Patch_ML train-60_smooth-0.1.ipynb → pbl/pbl.ipynb
2026-03-04 08:28:27,2341720007,MOVE_RENAME_FILE,Notebook_PCVK_Patch_ML train-70_smooth-0.1.ipynb → pbl/pbl.ipynb
2026-03-04 08:28:27,2341720007,MOVE_RENAME_FILE,Notebook_PCVK_Patch_ML train-80_smooth-0.1.ipynb → pbl/pbl.ipynb
2026-03-04 08:28:27,2341720007,MOVE_RENAME_FILE,Notebook_PCVK_Patch_ML train-90_smooth-0.1.ipynb → pbl/pbl.ipynb
2026-03-04 08:28:27,2341720007,MOVE_RENAME_FILE,Notebook_PCVK_Patch_ML train-95_smooth-0.1.ipynb → pbl/pbl.ipynb
2026-03-04 08:28:27,2341720009,RENAME_FOLDER,JS02 → m02
2026-03-04 08:28:27,2341720009,RENAME_FOLDER,JS03 → m03
2026-03-04 08:28:27,2341720009,RENAME_FOLDER,JS04 → m04
2026-03-04 08:28:27,2341720009,RENAME_FOLDER,JS05 → m05
2026-03-04 08:28:27,2341720009,RENAME_FOLDER,JS06 → m06
2026-03-04 08:28:27,2341720009,RENAME_FOLDER,JS09 → m09
2026-03-04 08:28:27,2341720009,RENAME_FOLDER,JS11 → m11
2026-03-04 08:28:27,2341720009,RENAME_FOLDER,JS13 → m13
2026-03-04 08:28:27,2341720009,RENAME_FOLDER,JS14 → m14
2026-03-04 08:28:27,2341720009,RENAME_FOLDER,JS15 → m15
2026-03-04 08:28:27,2341720009,RENAME_FOLDER,PBL → pbl
2026-03-04 08:28:27,2341720009,MOVE_RENAME_FILE,21_2341720009_MUHAMMAD NASIH.ipynb → None/21_2341720009_MUHAMMAD NASIH.ipynb
2026-03-04 08:28:27,2341720009,MOVE_RENAME_FILE,JS04_SOAL_KUIS1_ML.ipynb → m04/JS04_SOAL_KUIS1_ML.ipynb
2026-03-04 08:28:27,2341720009,MOVE_RENAME_FILE,UTS_MESIN_LEARNING.ipynb → uts/uts.ipynb
2026-03-04 08:28:27,2341720009,MOVE_RENAME_FILE,P1_JS02.ipynb → m02/p01.ipynb
2026-03-04 08:28:27,2341720009,MOVE_RENAME_FILE,P2_JS02.ipynb → m02/p02.ipynb
2026-03-04 08:28:27,2341720009,MOVE_RENAME_FILE,P3_JS02.ipynb → m02/p03.ipynb
2026-03-04 08:28:27,2341720009,MOVE_RENAME_FILE,P4_JS02.ipynb → m02/p04.ipynb
2026-03-04 08:28:27,2341720009,MOVE_RENAME_FILE,TP_JS02.ipynb → m02/tp01.ipynb
2026-03-04 08:28:27,2341720009,MOVE_RENAME_FILE,modul02_3.ipynb → None/modul02_3.ipynb
2026-03-04 08:28:27,2341720009,MOVE_RENAME_FILE,Modul03_1.ipynb → None/Modul03_1.ipynb
2026-03-04 08:28:27,2341720009,MOVE_RENAME_FILE,Modul03_2.ipynb → None/Modul03_2.ipynb
2026-03-04 08:28:27,2341720009,MOVE_RENAME_FILE,P1_JS03.ipynb → m03/p01.ipynb
2026-03-04 08:28:27,2341720009,MOVE_RENAME_FILE,P2_JS03.ipynb → m03/p02.ipynb
2026-03-04 08:28:27,2341720009,MOVE_RENAME_FILE,P3_JS03.ipynb → m03/p03.ipynb
2026-03-04 08:28:27,2341720009,MOVE_RENAME_FILE,P4_JS03.ipynb → m03/p04.ipynb
2026-03-04 08:28:27,2341720009,MOVE_RENAME_FILE,TP_JS03.ipynb → m03/tp01.ipynb
2026-03-04 08:28:27,2341720009,MOVE_RENAME_FILE,P1_JS04.ipynb → m04/p01.ipynb
2026-03-04 08:28:27,2341720009,MOVE_RENAME_FILE,P2_JS04.ipynb → m04/p02.ipynb
2026-03-04 08:28:27,2341720009,MOVE_RENAME_FILE,P3_JS04.ipynb → m04/p03.ipynb
2026-03-04 08:28:27,2341720009,MOVE_RENAME_FILE,TP_JS04.ipynb → m04/tp01.ipynb
2026-03-04 08:28:27,2341720009,MOVE_RENAME_FILE,P1_JS05.ipynb → m05/p01.ipynb
2026-03-04 08:28:27,2341720009,MOVE_RENAME_FILE,P2_JS05.ipynb → m05/p02.ipynb
2026-03-04 08:28:27,2341720009,MOVE_RENAME_FILE,TP_JS05.ipynb → m05/tp01.ipynb
2026-03-04 08:28:27,2341720009,MOVE_RENAME_FILE,P1_JS06.ipynb → m06/p01.ipynb
2026-03-04 08:28:27,2341720009,MOVE_RENAME_FILE,P2_JS06.ipynb → m06/p02.ipynb
2026-03-04 08:28:27,2341720009,MOVE_RENAME_FILE,TP_JS06.ipynb → m06/tp01.ipynb
2026-03-04 08:28:27,2341720009,MOVE_RENAME_FILE,P1_JS09.ipynb → m09/p01.ipynb
2026-03-04 08:28:27,2341720009,MOVE_RENAME_FILE,P2_JS09.ipynb → m09/p02.ipynb
2026-03-04 08:28:27,2341720009,MOVE_RENAME_FILE,P3_JS09.ipynb → m09/p03.ipynb
2026-03-04 08:28:27,2341720009,MOVE_RENAME_FILE,TP1_JS09.ipynb → m09/tp01.ipynb
2026-03-04 08:28:27,2341720009,MOVE_RENAME_FILE,TP2_JS09.ipynb → m09/tp02.ipynb
2026-03-04 08:28:27,2341720009,MOVE_RENAME_FILE,P1_JS11_.ipynb → m11/p01.ipynb
2026-03-04 08:28:27,2341720009,MOVE_RENAME_FILE,P2_JS11.ipynb → m11/p02.ipynb
2026-03-04 08:28:27,2341720009,MOVE_RENAME_FILE,P3_JS11_.ipynb → m11/p03.ipynb
2026-03-04 08:28:27,2341720009,MOVE_RENAME_FILE,P4_JS11_.ipynb → m11/p04.ipynb
2026-03-04 08:28:27,2341720009,MOVE_RENAME_FILE,P5_JS11.ipynb → m11/p05.ipynb
2026-03-04 08:28:27,2341720009,MOVE_RENAME_FILE,TP_JS11_.ipynb → m11/tp01.ipynb
2026-03-04 08:28:27,2341720009,MOVE_RENAME_FILE,P1_JS13.ipynb → m13/p01.ipynb
2026-03-04 08:28:27,2341720009,MOVE_RENAME_FILE,P2_JS13.ipynb → m13/p02.ipynb
2026-03-04 08:28:27,2341720009,MOVE_RENAME_FILE,P3_JS13.ipynb → m13/p03.ipynb
2026-03-04 08:28:27,2341720009,MOVE_RENAME_FILE,TP_JS13.ipynb → m13/tp01.ipynb
2026-03-04 08:28:27,2341720009,MOVE_RENAME_FILE,P1_JS14.ipynb → m14/p01.ipynb
2026-03-04 08:28:27,2341720009,MOVE_RENAME_FILE,P2_JS14.ipynb → m14/p02.ipynb
2026-03-04 08:28:27,2341720009,MOVE_RENAME_FILE,TP_JS14.ipynb → m14/tp01.ipynb
2026-03-04 08:28:27,2341720009,MOVE_RENAME_FILE,P1_JS15.ipynb → m15/p01.ipynb
2026-03-04 08:28:27,2341720009,MOVE_RENAME_FILE,P2_JS15.ipynb → m15/p02.ipynb
2026-03-04 08:28:27,2341720009,MOVE_RENAME_FILE,TP_JS15.ipynb → m15/tp01.ipynb
2026-03-04 08:28:27,2341720009,MOVE_RENAME_FILE,app.py → None/app.py
2026-03-04 08:28:27,2341720009,MOVE_RENAME_FILE,Digital_Text_OCR.ipynb → pbl/pbl.ipynb
2026-03-04 08:28:27,2341720009,MOVE_RENAME_FILE,OPTIMIZED_Full_Pipeline_Fake_Receipt_Detection.ipynb → pbl/pbl.ipynb
2026-03-04 08:28:27,2341720011,RENAME_FOLDER,JS02 → m02
2026-03-04 08:28:27,2341720011,RENAME_FOLDER,JS03 → m03
2026-03-04 08:28:27,2341720011,RENAME_FOLDER,JS04 → m04
2026-03-04 08:28:27,2341720011,RENAME_FOLDER,JS05 → m05
2026-03-04 08:28:27,2341720011,RENAME_FOLDER,JS06 → m06
2026-03-04 08:28:27,2341720011,RENAME_FOLDER,JS07 → m07
2026-03-04 08:28:27,2341720011,RENAME_FOLDER,JS08 → m08
2026-03-04 08:28:27,2341720011,RENAME_FOLDER,JS09 → m09
2026-03-04 08:28:27,2341720011,RENAME_FOLDER,JS11 → m11
2026-03-04 08:28:27,2341720011,RENAME_FOLDER,JS13 → m13
2026-03-04 08:28:27,2341720011,RENAME_FOLDER,JS14 → m14
2026-03-04 08:28:27,2341720011,RENAME_FOLDER,JS15 → m15
2026-03-04 08:28:27,2341720011,RENAME_FOLDER,KELOMPOK → kelompok
2026-03-04 08:28:27,2341720011,RENAME_FOLDER,KUIS → kuis
2026-03-04 08:28:27,2341720011,RENAME_FOLDER,PBL_KELOMPOK5 → pbl
2026-03-04 08:28:27,2341720011,MOVE_RENAME_FILE,KELOMPOK_6.ipynb → kelompok/kelompok.ipynb
2026-03-04 08:28:27,2341720011,MOVE_RENAME_FILE,KUIS_JS04.ipynb → kuis/kuis.ipynb
2026-03-04 08:28:27,2341720011,MOVE_RENAME_FILE,P1_JS02.ipynb → m02/p01.ipynb
2026-03-04 08:28:27,2341720011,MOVE_RENAME_FILE,P2_JS02.ipynb → m02/p02.ipynb
2026-03-04 08:28:27,2341720011,MOVE_RENAME_FILE,P3_JS02.ipynb → m02/p03.ipynb
2026-03-04 08:28:27,2341720011,MOVE_RENAME_FILE,P4_JS02.ipynb → m02/p04.ipynb
2026-03-04 08:28:27,2341720011,MOVE_RENAME_FILE,TP_JS02.ipynb → m02/tp01.ipynb
2026-03-04 08:28:27,2341720011,MOVE_RENAME_FILE,P1_JS03.ipynb → m03/p01.ipynb
2026-03-04 08:28:27,2341720011,MOVE_RENAME_FILE,P2_JS03.ipynb → m03/p02.ipynb
2026-03-04 08:28:27,2341720011,MOVE_RENAME_FILE,P3_JS03.ipynb → m03/p03.ipynb
2026-03-04 08:28:27,2341720011,MOVE_RENAME_FILE,P4_JS03.ipynb → m03/p04.ipynb
2026-03-04 08:28:27,2341720011,MOVE_RENAME_FILE,TP_JS03.ipynb → m03/tp01.ipynb
2026-03-04 08:28:27,2341720011,MOVE_RENAME_FILE,P1_JS04.ipynb → m04/p01.ipynb
2026-03-04 08:28:27,2341720011,MOVE_RENAME_FILE,P2_JS04.ipynb → m04/p02.ipynb
2026-03-04 08:28:27,2341720011,MOVE_RENAME_FILE,P3_JS04.ipynb → m04/p03.ipynb
2026-03-04 08:28:27,2341720011,MOVE_RENAME_FILE,TP_JS04.ipynb → m04/tp01.ipynb
2026-03-04 08:28:27,2341720011,MOVE_RENAME_FILE,P1_JS05.ipynb → m05/p01.ipynb
2026-03-04 08:28:27,2341720011,MOVE_RENAME_FILE,P2_JS05.ipynb → m05/p02.ipynb
2026-03-04 08:28:27,2341720011,MOVE_RENAME_FILE,TP_JS05.ipynb → m05/tp01.ipynb
2026-03-04 08:28:27,2341720011,MOVE_RENAME_FILE,P1_JS06.ipynb → m06/p01.ipynb
2026-03-04 08:28:27,2341720011,MOVE_RENAME_FILE,P2_JS06.ipynb → m06/p02.ipynb
2026-03-04 08:28:27,2341720011,MOVE_RENAME_FILE,TP_JS06.ipynb → m06/tp01.ipynb
2026-03-04 08:28:27,2341720011,MOVE_RENAME_FILE,P1_JS07.ipynb → m07/p01.ipynb
2026-03-04 08:28:27,2341720011,MOVE_RENAME_FILE,P2_JS07.ipynb → m07/p02.ipynb
2026-03-04 08:28:27,2341720011,MOVE_RENAME_FILE,P3_JS07.ipynb → m07/p03.ipynb
2026-03-04 08:28:27,2341720011,MOVE_RENAME_FILE,P4_JS07.ipynb → m07/p04.ipynb
2026-03-04 08:28:27,2341720011,MOVE_RENAME_FILE,P5_JS07.ipynb → m07/p05.ipynb
2026-03-04 08:28:27,2341720011,MOVE_RENAME_FILE,P6_JS07.ipynb → m07/p06.ipynb
2026-03-04 08:28:27,2341720011,MOVE_RENAME_FILE,TP_JS07.ipynb → m07/tp01.ipynb
2026-03-04 08:28:27,2341720011,MOVE_RENAME_FILE,TP_JS08.ipynb → m08/tp01.ipynb
2026-03-04 08:28:27,2341720011,MOVE_RENAME_FILE,P1_JS09.ipynb → m09/p01.ipynb
2026-03-04 08:28:27,2341720011,MOVE_RENAME_FILE,P2_JS09.ipynb → m09/p02.ipynb
2026-03-04 08:28:27,2341720011,MOVE_RENAME_FILE,P3_JS09.ipynb → m09/p03.ipynb
2026-03-04 08:28:27,2341720011,MOVE_RENAME_FILE,TP_JS09_1.ipynb → m09/tp01.ipynb
2026-03-04 08:28:27,2341720011,MOVE_RENAME_FILE,TP_JS09_2.ipynb → m09/tp02.ipynb
2026-03-04 08:28:27,2341720011,MOVE_RENAME_FILE,P1_JS11.ipynb → m11/p01.ipynb
2026-03-04 08:28:27,2341720011,MOVE_RENAME_FILE,P2_JS11.ipynb → m11/p02.ipynb
2026-03-04 08:28:27,2341720011,MOVE_RENAME_FILE,P3_JS11.ipynb → m11/p03.ipynb
2026-03-04 08:28:27,2341720011,MOVE_RENAME_FILE,P4_JS11.ipynb → m11/p04.ipynb
2026-03-04 08:28:27,2341720011,MOVE_RENAME_FILE,P5_JS11.ipynb → m11/p05.ipynb
2026-03-04 08:28:27,2341720011,MOVE_RENAME_FILE,TP_JS11.ipynb → m11/tp01.ipynb
2026-03-04 08:28:27,2341720011,MOVE_RENAME_FILE,P1_JS13.ipynb → m13/p01.ipynb
2026-03-04 08:28:27,2341720011,MOVE_RENAME_FILE,P2_JS13.ipynb → m13/p02.ipynb
2026-03-04 08:28:27,2341720011,MOVE_RENAME_FILE,P3_JS13.ipynb → m13/p03.ipynb
2026-03-04 08:28:27,2341720011,MOVE_RENAME_FILE,TP_JS13.ipynb → m13/tp01.ipynb
2026-03-04 08:28:27,2341720011,MOVE_RENAME_FILE,P1_JS14.ipynb → m14/p01.ipynb
2026-03-04 08:28:27,2341720011,MOVE_RENAME_FILE,P2_JS14.ipynb → m14/p02.ipynb
2026-03-04 08:28:27,2341720011,MOVE_RENAME_FILE,TP_JS14.ipynb → m14/tp01.ipynb
2026-03-04 08:28:27,2341720011,MOVE_RENAME_FILE,P1_JS15.ipynb → m15/p01.ipynb
2026-03-04 08:28:27,2341720011,MOVE_RENAME_FILE,PBL_Klasifikasi_Jenis_Sayuran.ipynb → pbl/pbl.ipynb
2026-03-04 08:28:27,2341720017,RENAME_FOLDER,JS09 → m09
2026-03-04 08:28:27,2341720017,RENAME_FOLDER,JS1 → m01
2026-03-04 08:28:27,2341720017,RENAME_FOLDER,JS11 → m11
2026-03-04 08:28:27,2341720017,RENAME_FOLDER,JS13 → m13
2026-03-04 08:28:27,2341720017,RENAME_FOLDER,JS14 → m14
2026-03-04 08:28:27,2341720017,RENAME_FOLDER,JS15 → m15
2026-03-04 08:28:27,2341720017,RENAME_FOLDER,JS2 → m02
2026-03-04 08:28:27,2341720017,RENAME_FOLDER,JS3 → m03
2026-03-04 08:28:27,2341720017,RENAME_FOLDER,JS4 → m04
2026-03-04 11:14:12,2241720092,MOVE_RENAME_FILE,p01.ipynb → None/p01.ipynb
2026-03-04 11:14:12,2241720092,MOVE_RENAME_FILE,p02.ipynb → None/p02.ipynb
2026-03-04 11:14:12,2241720092,MOVE_RENAME_FILE,p03.ipynb → None/p03.ipynb
2026-03-04 11:14:12,2241720092,MOVE_RENAME_FILE,p04.ipynb → None/p04.ipynb
2026-03-04 11:14:12,2241720092,MOVE_RENAME_FILE,tp01.ipynb → None/tp01.ipynb
2026-03-04 11:14:13,2241720092,MOVE_RENAME_FILE,p01.ipynb → None/p01.ipynb
2026-03-04 11:14:13,2241720092,MOVE_RENAME_FILE,p02.ipynb → None/p02.ipynb
2026-03-04 11:14:13,2241720092,MOVE_RENAME_FILE,p03.ipynb → None/p03.ipynb
2026-03-04 11:14:13,2241720092,MOVE_RENAME_FILE,p04.ipynb → None/p04.ipynb
2026-03-04 11:14:13,2241720092,MOVE_RENAME_FILE,tp01.ipynb → None/tp02.ipynb
2026-03-04 11:14:13,2241720092,MOVE_RENAME_FILE,p01.ipynb → None/p01.ipynb
2026-03-04 11:14:13,2241720092,MOVE_RENAME_FILE,p02.ipynb → None/p02.ipynb
2026-03-04 11:14:13,2241720092,MOVE_RENAME_FILE,p03.ipynb → None/p03.ipynb
2026-03-04 11:14:13,2241720092,MOVE_RENAME_FILE,tp01.ipynb → None/tp03.ipynb
2026-03-04 11:14:13,2241720092,MOVE_RENAME_FILE,p01.ipynb → None/p01.ipynb
2026-03-04 11:14:13,2241720092,MOVE_RENAME_FILE,p02.ipynb → None/p02.ipynb
2026-03-04 11:14:13,2241720092,MOVE_RENAME_FILE,p03.ipynb → None/p03.ipynb
2026-03-04 11:14:13,2241720092,MOVE_RENAME_FILE,tp01.ipynb → None/tp04.ipynb
2026-03-04 11:14:13,2241720092,MOVE_RENAME_FILE,p01.ipynb → None/p01.ipynb
2026-03-04 11:14:13,2241720092,MOVE_RENAME_FILE,p02.ipynb → None/p02.ipynb
2026-03-04 11:14:13,2241720092,MOVE_RENAME_FILE,tp01.ipynb → None/tp05.ipynb
2026-03-04 11:14:13,2241720092,MOVE_RENAME_FILE,tp01.ipynb → None/tp06.ipynb
2026-03-04 11:14:13,2241720092,MOVE_RENAME_FILE,tp02.ipynb → None/tp07.ipynb
2026-03-04 11:14:13,2241720092,MOVE_RENAME_FILE,tp03.ipynb → None/tp08.ipynb
2026-03-04 11:14:13,2241720092,MOVE_RENAME_FILE,tp04.ipynb → None/tp09.ipynb
2026-03-04 11:14:13,2241720092,MOVE_RENAME_FILE,tp05.ipynb → None/tp10.ipynb
2026-03-04 11:14:13,2341720003,MOVE_RENAME_FILE,p01.ipynb → None/p01.ipynb
2026-03-04 11:14:13,2341720003,MOVE_RENAME_FILE,p02.ipynb → None/p02.ipynb
2026-03-04 11:14:13,2341720003,MOVE_RENAME_FILE,p03.ipynb → None/p03.ipynb
2026-03-04 11:14:13,2341720003,MOVE_RENAME_FILE,p04.ipynb → None/p04.ipynb
2026-03-04 11:14:13,2341720003,MOVE_RENAME_FILE,tp01.ipynb → None/tp01.ipynb
2026-03-04 11:14:13,2341720003,MOVE_RENAME_FILE,p01.ipynb → None/p01.ipynb
2026-03-04 11:14:13,2341720003,MOVE_RENAME_FILE,p02.ipynb → None/p02.ipynb
2026-03-04 11:14:13,2341720003,MOVE_RENAME_FILE,p03.ipynb → None/p03.ipynb
2026-03-04 11:14:13,2341720003,MOVE_RENAME_FILE,p04.ipynb → None/p04.ipynb
2026-03-04 11:14:13,2341720003,MOVE_RENAME_FILE,tp01.ipynb → None/tp02.ipynb
2026-03-04 11:14:13,2341720003,MOVE_RENAME_FILE,p01.ipynb → None/p01.ipynb
2026-03-04 11:14:13,2341720003,MOVE_RENAME_FILE,p02.ipynb → None/p02.ipynb
2026-03-04 11:14:13,2341720003,MOVE_RENAME_FILE,p03.ipynb → None/p03.ipynb
2026-03-04 11:14:13,2341720003,MOVE_RENAME_FILE,tp01.ipynb → None/tp03.ipynb
2026-03-04 11:14:13,2341720003,MOVE_RENAME_FILE,p01.ipynb → None/p01.ipynb
2026-03-04 11:14:13,2341720003,MOVE_RENAME_FILE,p02.ipynb → None/p02.ipynb
2026-03-04 11:14:13,2341720003,MOVE_RENAME_FILE,tp01.ipynb → None/tp04.ipynb
2026-03-04 11:14:13,2341720003,MOVE_RENAME_FILE,p01.ipynb → None/p01.ipynb
2026-03-04 11:14:13,2341720003,MOVE_RENAME_FILE,p02.ipynb → None/p02.ipynb
2026-03-04 11:14:13,2341720003,MOVE_RENAME_FILE,tp01.ipynb → None/tp05.ipynb
2026-03-04 11:14:13,2341720003,MOVE_RENAME_FILE,p01.ipynb → None/p01.ipynb
2026-03-04 11:14:13,2341720003,MOVE_RENAME_FILE,p02.ipynb → None/p02.ipynb
2026-03-04 11:14:13,2341720003,MOVE_RENAME_FILE,p03.ipynb → None/p03.ipynb
2026-03-04 11:14:13,2341720003,MOVE_RENAME_FILE,p04.ipynb → None/p04.ipynb
2026-03-04 11:14:13,2341720003,MOVE_RENAME_FILE,p05.ipynb → None/p05.ipynb
2026-03-04 11:14:13,2341720003,MOVE_RENAME_FILE,p06.ipynb → None/p06.ipynb
2026-03-04 11:14:13,2341720003,MOVE_RENAME_FILE,tp01.ipynb → None/tp06.ipynb
2026-03-04 11:14:13,2341720003,MOVE_RENAME_FILE,tp01.ipynb → None/tp07.ipynb
2026-03-04 11:14:13,2341720003,MOVE_RENAME_FILE,p01.ipynb → None/p01.ipynb
2026-03-04 11:14:13,2341720003,MOVE_RENAME_FILE,p02.ipynb → None/p02.ipynb
2026-03-04 11:14:13,2341720003,MOVE_RENAME_FILE,p03.ipynb → None/p03.ipynb
2026-03-04 11:14:13,2341720003,MOVE_RENAME_FILE,tp01.ipynb → None/tp08.ipynb
2026-03-04 11:14:13,2341720003,MOVE_RENAME_FILE,tp02.ipynb → None/tp09.ipynb
2026-03-04 11:14:13,2341720003,MOVE_RENAME_FILE,p01.ipynb → None/p01.ipynb
2026-03-04 11:14:13,2341720003,MOVE_RENAME_FILE,p02.ipynb → None/p02.ipynb
2026-03-04 11:14:13,2341720003,MOVE_RENAME_FILE,p03.ipynb → None/p03.ipynb
2026-03-04 11:14:13,2341720003,MOVE_RENAME_FILE,p04.ipynb → None/p04.ipynb
2026-03-04 11:14:13,2341720003,MOVE_RENAME_FILE,p05.ipynb → None/p05.ipynb
2026-03-04 11:14:13,2341720003,MOVE_RENAME_FILE,tp01.ipynb → None/tp10.ipynb
2026-03-04 11:14:13,2341720003,MOVE_RENAME_FILE,p01.ipynb → None/p01.ipynb
2026-03-04 11:14:14,2341720003,MOVE_RENAME_FILE,p02.ipynb → None/p02.ipynb
2026-03-04 11:14:14,2341720003,MOVE_RENAME_FILE,tp01.ipynb → None/tp11.ipynb
2026-03-04 11:14:14,2341720003,MOVE_RENAME_FILE,p01.ipynb → None/p01.ipynb
2026-03-04 11:14:14,2341720003,MOVE_RENAME_FILE,p02.ipynb → None/p02.ipynb
2026-03-04 11:14:14,2341720003,MOVE_RENAME_FILE,tp01.ipynb → None/tp12.ipynb
2026-03-04 11:14:14,2341720003,MOVE_RENAME_FILE,p01.ipynb → None/p01.ipynb
2026-03-04 11:14:14,2341720003,MOVE_RENAME_FILE,p02.ipynb → None/p02.ipynb
2026-03-04 11:14:14,2341720003,MOVE_RENAME_FILE,tp01.ipynb → None/tp13.ipynb
2026-03-04 11:14:14,2341720003,MOVE_RENAME_FILE,tp02.ipynb → None/tp14.ipynb
2026-03-04 11:14:14,2341720003,MOVE_RENAME_FILE,tp03.ipynb → None/tp15.ipynb
2026-03-04 11:14:14,2341720003,MOVE_RENAME_FILE,tp04.ipynb → None/tp16.ipynb
2026-03-04 11:14:14,2341720003,MOVE_RENAME_FILE,tp05.ipynb → None/tp17.ipynb
2026-03-04 11:14:14,2341720003,MOVE_RENAME_FILE,tp06.ipynb → None/tp18.ipynb
2026-03-04 11:14:14,2341720003,MOVE_RENAME_FILE,tp07.ipynb → None/tp19.ipynb
2026-03-04 11:14:14,2341720003,MOVE_RENAME_FILE,tp08.ipynb → None/tp20.ipynb
2026-03-04 11:14:14,2341720003,MOVE_RENAME_FILE,tp09.ipynb → None/tp21.ipynb
2026-03-04 11:14:14,2341720003,MOVE_RENAME_FILE,tp10.ipynb → None/tp22.ipynb
2026-03-04 11:14:14,2341720003,MOVE_RENAME_FILE,tp11.ipynb → None/tp23.ipynb
2026-03-04 11:14:14,2341720003,MOVE_RENAME_FILE,tp12.ipynb → None/tp24.ipynb
2026-03-04 11:14:14,2341720005,MOVE_RENAME_FILE,tp01.ipynb → None/tp01.ipynb
2026-03-04 11:14:14,2341720005,MOVE_RENAME_FILE,p01.ipynb → None/p01.ipynb
2026-03-04 11:14:14,2341720005,MOVE_RENAME_FILE,p02.ipynb → None/p02.ipynb
2026-03-04 11:14:14,2341720005,MOVE_RENAME_FILE,p03.ipynb → None/p03.ipynb
2026-03-04 11:14:14,2341720005,MOVE_RENAME_FILE,p04.ipynb → None/p04.ipynb
2026-03-04 11:14:14,2341720005,MOVE_RENAME_FILE,tp01.ipynb → None/tp02.ipynb
2026-03-04 11:14:14,2341720005,MOVE_RENAME_FILE,p01.ipynb → None/p01.ipynb
2026-03-04 11:14:14,2341720005,MOVE_RENAME_FILE,p02.ipynb → None/p02.ipynb
2026-03-04 11:14:15,2341720005,MOVE_RENAME_FILE,p03.ipynb → None/p03.ipynb
2026-03-04 11:14:15,2341720005,MOVE_RENAME_FILE,p04.ipynb → None/p04.ipynb
2026-03-04 11:14:15,2341720005,MOVE_RENAME_FILE,tp01.ipynb → None/tp03.ipynb
2026-03-04 11:14:15,2341720005,MOVE_RENAME_FILE,p01.ipynb → None/p01.ipynb
2026-03-04 11:14:15,2341720005,MOVE_RENAME_FILE,p02.ipynb → None/p02.ipynb
2026-03-04 11:14:15,2341720005,MOVE_RENAME_FILE,p03.ipynb → None/p03.ipynb
2026-03-04 11:14:15,2341720005,MOVE_RENAME_FILE,tp01.ipynb → None/tp04.ipynb
2026-03-04 11:14:15,2341720005,MOVE_RENAME_FILE,p01.ipynb → None/p01.ipynb
2026-03-04 11:14:15,2341720005,MOVE_RENAME_FILE,p02.ipynb → None/p02.ipynb
2026-03-04 11:14:15,2341720005,MOVE_RENAME_FILE,tp01.ipynb → None/tp05.ipynb
2026-03-04 11:14:15,2341720005,MOVE_RENAME_FILE,p01.ipynb → None/p01.ipynb
2026-03-04 11:14:15,2341720005,MOVE_RENAME_FILE,p02.ipynb → None/p02.ipynb
2026-03-04 11:14:15,2341720005,MOVE_RENAME_FILE,tp01.ipynb → None/tp06.ipynb
2026-03-04 11:14:15,2341720005,MOVE_RENAME_FILE,p01.ipynb → None/p01.ipynb
2026-03-04 11:14:15,2341720005,MOVE_RENAME_FILE,p02.ipynb → None/p02.ipynb
2026-03-04 11:14:15,2341720005,MOVE_RENAME_FILE,p03.ipynb → None/p03.ipynb
2026-03-04 11:14:15,2341720005,MOVE_RENAME_FILE,p04.ipynb → None/p04.ipynb
2026-03-04 11:14:15,2341720005,MOVE_RENAME_FILE,p05.ipynb → None/p05.ipynb
2026-03-04 11:14:15,2341720005,MOVE_RENAME_FILE,p06.ipynb → None/p06.ipynb
2026-03-04 11:14:15,2341720005,MOVE_RENAME_FILE,tp01.ipynb → None/tp07.ipynb
2026-03-04 11:14:15,2341720005,MOVE_RENAME_FILE,tp01.ipynb → None/tp08.ipynb
2026-03-04 11:14:15,2341720005,MOVE_RENAME_FILE,p01.ipynb → None/p01.ipynb
2026-03-04 11:14:15,2341720005,MOVE_RENAME_FILE,p02.ipynb → None/p02.ipynb
2026-03-04 11:14:16,2341720005,MOVE_RENAME_FILE,p03.ipynb → None/p03.ipynb
2026-03-04 11:14:16,2341720005,MOVE_RENAME_FILE,tp01.ipynb → None/tp09.ipynb
2026-03-04 11:14:16,2341720005,MOVE_RENAME_FILE,tp02.ipynb → None/tp10.ipynb
2026-03-04 11:14:16,2341720005,MOVE_RENAME_FILE,p01.ipynb → None/p01.ipynb
2026-03-04 11:14:16,2341720005,MOVE_RENAME_FILE,p02.ipynb → None/p02.ipynb
2026-03-04 11:14:16,2341720005,MOVE_RENAME_FILE,p03.ipynb → None/p03.ipynb
2026-03-04 11:14:16,2341720005,MOVE_RENAME_FILE,p04.ipynb → None/p04.ipynb
2026-03-04 11:14:16,2341720005,MOVE_RENAME_FILE,p05.ipynb → None/p05.ipynb
2026-03-04 11:14:16,2341720005,MOVE_RENAME_FILE,tp01.ipynb → None/tp11.ipynb
2026-03-04 11:14:16,2341720005,MOVE_RENAME_FILE,tp01.ipynb → None/tp12.ipynb
2026-03-04 11:14:16,2341720005,MOVE_RENAME_FILE,p01.ipynb → None/p01.ipynb
2026-03-04 11:14:16,2341720005,MOVE_RENAME_FILE,p02.ipynb → None/p02.ipynb
2026-03-04 11:14:16,2341720005,MOVE_RENAME_FILE,tp01.ipynb → None/tp13.ipynb
2026-03-04 11:14:16,2341720005,MOVE_RENAME_FILE,p01.ipynb → None/p01.ipynb
2026-03-04 11:14:16,2341720005,MOVE_RENAME_FILE,p02.ipynb → None/p02.ipynb
2026-03-04 11:14:16,2341720005,MOVE_RENAME_FILE,tp01.ipynb → None/tp14.ipynb
2026-03-04 11:14:16,2341720005,MOVE_RENAME_FILE,tp01.ipynb → None/tp15.ipynb
2026-03-04 11:14:16,2341720005,MOVE_RENAME_FILE,tp02.ipynb → None/tp16.ipynb
2026-03-04 11:14:16,2341720005,MOVE_RENAME_FILE,tp03.ipynb → None/tp17.ipynb
2026-03-04 11:14:16,2341720005,MOVE_RENAME_FILE,tp04.ipynb → None/tp18.ipynb
2026-03-04 11:14:16,2341720005,MOVE_RENAME_FILE,tp05.ipynb → None/tp19.ipynb
2026-03-04 11:14:16,2341720005,MOVE_RENAME_FILE,tp06.ipynb → None/tp20.ipynb
2026-03-04 11:14:16,2341720005,MOVE_RENAME_FILE,tp07.ipynb → None/tp21.ipynb
2026-03-04 11:14:16,2341720005,MOVE_RENAME_FILE,tp08.ipynb → None/tp22.ipynb
2026-03-04 11:14:16,2341720005,MOVE_RENAME_FILE,tp09.ipynb → None/tp23.ipynb
2026-03-04 11:14:16,2341720005,MOVE_RENAME_FILE,tp10.ipynb → None/tp24.ipynb
2026-03-04 11:14:16,2341720005,MOVE_RENAME_FILE,tp11.ipynb → None/tp25.ipynb
2026-03-04 11:14:16,2341720005,MOVE_RENAME_FILE,tp12.ipynb → None/tp26.ipynb
2026-03-04 11:14:16,2341720005,MOVE_RENAME_FILE,tp13.ipynb → None/tp27.ipynb
2026-03-04 11:14:16,2341720005,MOVE_RENAME_FILE,tp14.ipynb → None/tp28.ipynb
2026-03-04 11:14:16,2341720007,MOVE_RENAME_FILE,p01.ipynb → None/p01.ipynb
2026-03-04 11:14:16,2341720007,MOVE_RENAME_FILE,p02.ipynb → None/p02.ipynb
2026-03-04 11:14:16,2341720007,MOVE_RENAME_FILE,p03.ipynb → None/p03.ipynb
2026-03-04 11:14:16,2341720007,MOVE_RENAME_FILE,p04.ipynb → None/p04.ipynb
2026-03-04 11:14:16,2341720007,MOVE_RENAME_FILE,tp01.ipynb → None/tp01.ipynb
2026-03-04 11:14:16,2341720007,MOVE_RENAME_FILE,p01.ipynb → None/p01.ipynb
2026-03-04 11:14:16,2341720007,MOVE_RENAME_FILE,p02.ipynb → None/p02.ipynb
2026-03-04 11:14:16,2341720007,MOVE_RENAME_FILE,p03.ipynb → None/p03.ipynb
2026-03-04 11:14:16,2341720007,MOVE_RENAME_FILE,p04.ipynb → None/p04.ipynb
2026-03-04 11:14:16,2341720007,MOVE_RENAME_FILE,tp01.ipynb → None/tp02.ipynb
2026-03-04 11:14:16,2341720007,MOVE_RENAME_FILE,p01.ipynb → None/p01.ipynb
2026-03-04 11:14:16,2341720007,MOVE_RENAME_FILE,p02.ipynb → None/p02.ipynb
2026-03-04 11:14:16,2341720007,MOVE_RENAME_FILE,p03.ipynb → None/p03.ipynb
2026-03-04 11:14:16,2341720007,MOVE_RENAME_FILE,tp01.ipynb → None/tp03.ipynb
2026-03-04 11:14:16,2341720007,MOVE_RENAME_FILE,p01.ipynb → None/p01.ipynb
2026-03-04 11:14:16,2341720007,MOVE_RENAME_FILE,p02.ipynb → None/p02.ipynb
2026-03-04 11:14:16,2341720007,MOVE_RENAME_FILE,tp01.ipynb → None/tp04.ipynb
2026-03-04 11:14:16,2341720007,MOVE_RENAME_FILE,p01.ipynb → None/p01.ipynb
2026-03-04 11:14:17,2341720007,MOVE_RENAME_FILE,p02.ipynb → None/p02.ipynb
2026-03-04 11:14:17,2341720007,MOVE_RENAME_FILE,tp01.ipynb → None/tp05.ipynb
2026-03-04 11:14:17,2341720007,MOVE_RENAME_FILE,p01.ipynb → None/p01.ipynb
2026-03-04 11:14:17,2341720007,MOVE_RENAME_FILE,p02.ipynb → None/p02.ipynb
2026-03-04 11:14:17,2341720007,MOVE_RENAME_FILE,p03.ipynb → None/p03.ipynb
2026-03-04 11:14:17,2341720007,MOVE_RENAME_FILE,p04.ipynb → None/p04.ipynb
2026-03-04 11:14:17,2341720007,MOVE_RENAME_FILE,p05.ipynb → None/p05.ipynb
2026-03-04 11:14:17,2341720007,MOVE_RENAME_FILE,p06.ipynb → None/p06.ipynb
2026-03-04 11:14:17,2341720007,MOVE_RENAME_FILE,tp01.ipynb → None/tp06.ipynb
2026-03-04 11:14:17,2341720007,MOVE_RENAME_FILE,tp01.ipynb → None/tp07.ipynb
2026-03-04 11:14:17,2341720007,MOVE_RENAME_FILE,p01.ipynb → None/p01.ipynb
2026-03-04 11:14:17,2341720007,MOVE_RENAME_FILE,p02.ipynb → None/p02.ipynb
2026-03-04 11:14:17,2341720007,MOVE_RENAME_FILE,p03.ipynb → None/p03.ipynb
2026-03-04 11:14:17,2341720007,MOVE_RENAME_FILE,tp01.ipynb → None/tp08.ipynb
2026-03-04 11:14:17,2341720007,MOVE_RENAME_FILE,tp02.ipynb → None/tp09.ipynb
2026-03-04 11:14:17,2341720007,MOVE_RENAME_FILE,p01.ipynb → None/p01.ipynb
2026-03-04 11:14:17,2341720007,MOVE_RENAME_FILE,p02.ipynb → None/p02.ipynb
2026-03-04 11:14:17,2341720007,MOVE_RENAME_FILE,p03.ipynb → None/p03.ipynb
2026-03-04 11:14:17,2341720007,MOVE_RENAME_FILE,p04.ipynb → None/p04.ipynb
2026-03-04 11:14:17,2341720007,MOVE_RENAME_FILE,p05.ipynb → None/p05.ipynb
2026-03-04 11:14:17,2341720007,MOVE_RENAME_FILE,tp01.ipynb → None/tp10.ipynb
2026-03-04 11:14:17,2341720007,MOVE_RENAME_FILE,p01.ipynb → None/p01.ipynb
2026-03-04 11:14:17,2341720007,MOVE_RENAME_FILE,p02.ipynb → None/p02.ipynb
2026-03-04 11:14:17,2341720007,MOVE_RENAME_FILE,p03.ipynb → None/p03.ipynb
2026-03-04 11:14:17,2341720007,MOVE_RENAME_FILE,tp01.ipynb → None/tp11.ipynb
2026-03-04 11:14:17,2341720007,MOVE_RENAME_FILE,p01.ipynb → None/p01.ipynb
2026-03-04 11:14:17,2341720007,MOVE_RENAME_FILE,p02.ipynb → None/p02.ipynb
2026-03-04 11:14:17,2341720007,MOVE_RENAME_FILE,tp01.ipynb → None/tp12.ipynb
2026-03-04 11:14:17,2341720007,MOVE_RENAME_FILE,p01.ipynb → None/p01.ipynb
2026-03-04 11:14:17,2341720007,MOVE_RENAME_FILE,p02.ipynb → None/p02.ipynb
2026-03-04 11:14:17,2341720007,MOVE_RENAME_FILE,tp01.ipynb → None/tp13.ipynb
2026-03-04 11:14:17,2341720007,MOVE_RENAME_FILE,tp02.ipynb → None/tp14.ipynb
2026-03-04 11:14:17,2341720007,MOVE_RENAME_FILE,tp03.ipynb → None/tp15.ipynb
2026-03-04 11:14:17,2341720007,MOVE_RENAME_FILE,tp04.ipynb → None/tp16.ipynb
2026-03-04 11:14:17,2341720007,MOVE_RENAME_FILE,tp05.ipynb → None/tp17.ipynb
2026-03-04 11:14:17,2341720007,MOVE_RENAME_FILE,tp06.ipynb → None/tp18.ipynb
2026-03-04 11:14:17,2341720007,MOVE_RENAME_FILE,tp07.ipynb → None/tp19.ipynb
2026-03-04 11:14:17,2341720007,MOVE_RENAME_FILE,tp08.ipynb → None/tp20.ipynb
2026-03-04 11:14:17,2341720007,MOVE_RENAME_FILE,tp09.ipynb → None/tp21.ipynb
2026-03-04 11:14:17,2341720007,MOVE_RENAME_FILE,tp10.ipynb → None/tp22.ipynb
2026-03-04 11:14:17,2341720007,MOVE_RENAME_FILE,tp11.ipynb → None/tp23.ipynb
2026-03-04 11:14:17,2341720007,MOVE_RENAME_FILE,tp12.ipynb → None/tp24.ipynb
2026-03-04 11:14:17,2341720009,MOVE_RENAME_FILE,p01.ipynb → None/p01.ipynb
2026-03-04 11:14:17,2341720009,MOVE_RENAME_FILE,p02.ipynb → None/p02.ipynb
2026-03-04 11:14:17,2341720009,MOVE_RENAME_FILE,p03.ipynb → None/p03.ipynb
2026-03-04 11:14:17,2341720009,MOVE_RENAME_FILE,p04.ipynb → None/p04.ipynb
2026-03-04 11:14:17,2341720009,MOVE_RENAME_FILE,tp01.ipynb → None/tp01.ipynb
2026-03-04 11:14:17,2341720009,MOVE_RENAME_FILE,p01.ipynb → None/p01.ipynb
2026-03-04 11:14:17,2341720009,MOVE_RENAME_FILE,p02.ipynb → None/p02.ipynb
2026-03-04 11:14:17,2341720009,MOVE_RENAME_FILE,p03.ipynb → None/p03.ipynb
2026-03-04 11:14:17,2341720009,MOVE_RENAME_FILE,p04.ipynb → None/p04.ipynb
2026-03-04 11:14:17,2341720009,MOVE_RENAME_FILE,tp01.ipynb → None/tp02.ipynb
2026-03-04 11:14:17,2341720009,MOVE_RENAME_FILE,JS04_SOAL_KUIS1_ML.ipynb → kuis/kuis.ipynb
2026-03-04 11:14:17,2341720009,MOVE_RENAME_FILE,p01.ipynb → None/p01.ipynb
2026-03-04 11:14:17,2341720009,MOVE_RENAME_FILE,p02.ipynb → None/p02.ipynb
2026-03-04 11:14:17,2341720009,MOVE_RENAME_FILE,p03.ipynb → None/p03.ipynb
2026-03-04 11:14:17,2341720009,MOVE_RENAME_FILE,tp01.ipynb → None/tp03.ipynb
2026-03-04 11:14:17,2341720009,MOVE_RENAME_FILE,p01.ipynb → None/p01.ipynb
2026-03-04 11:14:17,2341720009,MOVE_RENAME_FILE,p02.ipynb → None/p02.ipynb
2026-03-04 11:14:17,2341720009,MOVE_RENAME_FILE,tp01.ipynb → None/tp04.ipynb
2026-03-04 11:14:17,2341720009,MOVE_RENAME_FILE,p01.ipynb → None/p01.ipynb
2026-03-04 11:14:17,2341720009,MOVE_RENAME_FILE,p02.ipynb → None/p02.ipynb
2026-03-04 11:14:17,2341720009,MOVE_RENAME_FILE,tp01.ipynb → None/tp05.ipynb
2026-03-04 11:14:17,2341720009,MOVE_RENAME_FILE,p01.ipynb → None/p01.ipynb
2026-03-04 11:14:17,2341720009,MOVE_RENAME_FILE,p02.ipynb → None/p02.ipynb
2026-03-04 11:14:17,2341720009,MOVE_RENAME_FILE,p03.ipynb → None/p03.ipynb
2026-03-04 11:14:17,2341720009,MOVE_RENAME_FILE,tp01.ipynb → None/tp06.ipynb
2026-03-04 11:14:17,2341720009,MOVE_RENAME_FILE,tp02.ipynb → None/tp07.ipynb
2026-03-04 11:14:17,2341720009,MOVE_RENAME_FILE,p01.ipynb → None/p01.ipynb
2026-03-04 11:14:17,2341720009,MOVE_RENAME_FILE,p02.ipynb → None/p02.ipynb
2026-03-04 11:14:18,2341720009,MOVE_RENAME_FILE,p03.ipynb → None/p03.ipynb
2026-03-04 11:14:18,2341720009,MOVE_RENAME_FILE,p04.ipynb → None/p04.ipynb
2026-03-04 11:14:18,2341720009,MOVE_RENAME_FILE,p05.ipynb → None/p05.ipynb
2026-03-04 11:14:18,2341720009,MOVE_RENAME_FILE,tp01.ipynb → None/tp08.ipynb
2026-03-04 11:14:18,2341720009,MOVE_RENAME_FILE,p01.ipynb → None/p01.ipynb
2026-03-04 11:14:18,2341720009,MOVE_RENAME_FILE,p02.ipynb → None/p02.ipynb
2026-03-04 11:14:18,2341720009,MOVE_RENAME_FILE,p03.ipynb → None/p03.ipynb
2026-03-04 11:14:18,2341720009,MOVE_RENAME_FILE,tp01.ipynb → None/tp09.ipynb
2026-03-04 11:14:18,2341720009,MOVE_RENAME_FILE,p01.ipynb → None/p01.ipynb
2026-03-04 11:14:18,2341720009,MOVE_RENAME_FILE,p02.ipynb → None/p02.ipynb
2026-03-04 11:14:18,2341720009,MOVE_RENAME_FILE,tp01.ipynb → None/tp10.ipynb
2026-03-04 11:14:18,2341720009,MOVE_RENAME_FILE,p01.ipynb → None/p01.ipynb
2026-03-04 11:14:18,2341720009,MOVE_RENAME_FILE,p02.ipynb → None/p02.ipynb
2026-03-04 11:14:18,2341720009,MOVE_RENAME_FILE,tp01.ipynb → None/tp11.ipynb
2026-03-04 11:14:18,2341720009,MOVE_RENAME_FILE,tp01.ipynb → None/tp12.ipynb
2026-03-04 11:14:18,2341720009,MOVE_RENAME_FILE,tp02.ipynb → None/tp13.ipynb
2026-03-04 11:14:18,2341720009,MOVE_RENAME_FILE,tp03.ipynb → None/tp14.ipynb
2026-03-04 11:14:18,2341720009,MOVE_RENAME_FILE,tp04.ipynb → None/tp15.ipynb
2026-03-04 11:14:18,2341720009,MOVE_RENAME_FILE,tp05.ipynb → None/tp16.ipynb
2026-03-04 11:14:18,2341720009,MOVE_RENAME_FILE,tp06.ipynb → None/tp17.ipynb
2026-03-04 11:14:18,2341720009,MOVE_RENAME_FILE,tp07.ipynb → None/tp18.ipynb
2026-03-04 11:14:18,2341720009,MOVE_RENAME_FILE,tp08.ipynb → None/tp19.ipynb
2026-03-04 11:14:18,2341720009,MOVE_RENAME_FILE,tp09.ipynb → None/tp20.ipynb
2026-03-04 11:14:18,2341720009,MOVE_RENAME_FILE,tp10.ipynb → None/tp21.ipynb
2026-03-04 11:14:18,2341720009,MOVE_RENAME_FILE,tp11.ipynb → None/tp22.ipynb
2026-03-04 11:14:18,2341720011,MOVE_RENAME_FILE,p01.ipynb → None/p01.ipynb
2026-03-04 11:14:18,2341720011,MOVE_RENAME_FILE,p02.ipynb → None/p02.ipynb
2026-03-04 11:14:18,2341720011,MOVE_RENAME_FILE,p03.ipynb → None/p03.ipynb
2026-03-04 11:14:18,2341720011,MOVE_RENAME_FILE,p04.ipynb → None/p04.ipynb
2026-03-04 11:14:18,2341720011,MOVE_RENAME_FILE,tp01.ipynb → None/tp01.ipynb
2026-03-04 11:14:18,2341720011,MOVE_RENAME_FILE,p01.ipynb → None/p01.ipynb
2026-03-04 11:14:18,2341720011,MOVE_RENAME_FILE,p02.ipynb → None/p02.ipynb
2026-03-04 11:14:18,2341720011,MOVE_RENAME_FILE,p03.ipynb → None/p03.ipynb
2026-03-04 11:14:18,2341720011,MOVE_RENAME_FILE,p04.ipynb → None/p04.ipynb
2026-03-04 11:14:18,2341720011,MOVE_RENAME_FILE,tp01.ipynb → None/tp02.ipynb
2026-03-04 11:14:18,2341720011,MOVE_RENAME_FILE,p01.ipynb → None/p01.ipynb
2026-03-04 11:14:18,2341720011,MOVE_RENAME_FILE,p02.ipynb → None/p02.ipynb
2026-03-04 11:14:18,2341720011,MOVE_RENAME_FILE,p03.ipynb → None/p03.ipynb
2026-03-04 11:14:18,2341720011,MOVE_RENAME_FILE,tp01.ipynb → None/tp03.ipynb
2026-03-04 11:14:18,2341720011,MOVE_RENAME_FILE,p01.ipynb → None/p01.ipynb
2026-03-04 11:14:18,2341720011,MOVE_RENAME_FILE,p02.ipynb → None/p02.ipynb
2026-03-04 11:14:18,2341720011,MOVE_RENAME_FILE,tp01.ipynb → None/tp04.ipynb
2026-03-04 11:14:18,2341720011,MOVE_RENAME_FILE,p01.ipynb → None/p01.ipynb
2026-03-04 11:14:18,2341720011,MOVE_RENAME_FILE,p02.ipynb → None/p02.ipynb
2026-03-04 11:14:18,2341720011,MOVE_RENAME_FILE,tp01.ipynb → None/tp05.ipynb
2026-03-04 11:14:18,2341720011,MOVE_RENAME_FILE,p01.ipynb → None/p01.ipynb
2026-03-04 11:14:18,2341720011,MOVE_RENAME_FILE,p02.ipynb → None/p02.ipynb
2026-03-04 11:14:18,2341720011,MOVE_RENAME_FILE,p03.ipynb → None/p03.ipynb
2026-03-04 11:14:18,2341720011,MOVE_RENAME_FILE,p04.ipynb → None/p04.ipynb
2026-03-04 11:14:18,2341720011,MOVE_RENAME_FILE,p05.ipynb → None/p05.ipynb
2026-03-04 11:14:18,2341720011,MOVE_RENAME_FILE,p06.ipynb → None/p06.ipynb
2026-03-04 11:14:18,2341720011,MOVE_RENAME_FILE,tp01.ipynb → None/tp06.ipynb
2026-03-04 11:14:18,2341720011,MOVE_RENAME_FILE,tp01.ipynb → None/tp07.ipynb
2026-03-04 11:14:18,2341720011,MOVE_RENAME_FILE,p01.ipynb → None/p01.ipynb
2026-03-04 11:14:18,2341720011,MOVE_RENAME_FILE,p02.ipynb → None/p02.ipynb
2026-03-04 11:14:18,2341720011,MOVE_RENAME_FILE,p03.ipynb → None/p03.ipynb
2026-03-04 11:14:18,2341720011,MOVE_RENAME_FILE,tp01.ipynb → None/tp08.ipynb
2026-03-04 11:14:18,2341720011,MOVE_RENAME_FILE,tp02.ipynb → None/tp09.ipynb
2026-03-04 11:14:18,2341720011,MOVE_RENAME_FILE,p01.ipynb → None/p01.ipynb
2026-03-04 11:14:18,2341720011,MOVE_RENAME_FILE,p02.ipynb → None/p02.ipynb
2026-03-04 11:14:18,2341720011,MOVE_RENAME_FILE,p03.ipynb → None/p03.ipynb
2026-03-04 11:14:18,2341720011,MOVE_RENAME_FILE,p04.ipynb → None/p04.ipynb
2026-03-04 11:14:18,2341720011,MOVE_RENAME_FILE,p05.ipynb → None/p05.ipynb
2026-03-04 11:14:18,2341720011,MOVE_RENAME_FILE,tp01.ipynb → None/tp10.ipynb
2026-03-04 11:14:18,2341720011,MOVE_RENAME_FILE,p01.ipynb → None/p01.ipynb
2026-03-04 11:14:19,2341720011,MOVE_RENAME_FILE,p02.ipynb → None/p02.ipynb
2026-03-04 11:14:19,2341720011,MOVE_RENAME_FILE,p03.ipynb → None/p03.ipynb
2026-03-04 11:14:19,2341720011,MOVE_RENAME_FILE,tp01.ipynb → None/tp11.ipynb
2026-03-04 11:14:19,2341720011,MOVE_RENAME_FILE,p01.ipynb → None/p01.ipynb
2026-03-04 11:14:19,2341720011,MOVE_RENAME_FILE,p02.ipynb → None/p02.ipynb
2026-03-04 11:14:19,2341720011,MOVE_RENAME_FILE,tp01.ipynb → None/tp12.ipynb
2026-03-04 11:14:19,2341720011,MOVE_RENAME_FILE,p01.ipynb → None/p01.ipynb
2026-03-04 11:14:19,2341720011,MOVE_RENAME_FILE,tp01.ipynb → None/tp13.ipynb
2026-03-04 11:14:19,2341720011,MOVE_RENAME_FILE,tp02.ipynb → None/tp14.ipynb
2026-03-04 11:14:19,2341720011,MOVE_RENAME_FILE,tp03.ipynb → None/tp15.ipynb
2026-03-04 11:14:19,2341720011,MOVE_RENAME_FILE,tp04.ipynb → None/tp16.ipynb
2026-03-04 11:14:19,2341720011,MOVE_RENAME_FILE,tp05.ipynb → None/tp17.ipynb
2026-03-04 11:14:19,2341720011,MOVE_RENAME_FILE,tp06.ipynb → None/tp18.ipynb
2026-03-04 11:14:19,2341720011,MOVE_RENAME_FILE,tp07.ipynb → None/tp19.ipynb
2026-03-04 11:14:19,2341720011,MOVE_RENAME_FILE,tp08.ipynb → None/tp20.ipynb
2026-03-04 11:14:19,2341720011,MOVE_RENAME_FILE,tp09.ipynb → None/tp21.ipynb
2026-03-04 11:14:19,2341720011,MOVE_RENAME_FILE,tp10.ipynb → None/tp22.ipynb
2026-03-04 11:14:19,2341720011,MOVE_RENAME_FILE,tp11.ipynb → None/tp23.ipynb
2026-03-04 11:14:19,2341720011,MOVE_RENAME_FILE,tp12.ipynb → None/tp24.ipynb
2026-03-04 11:14:19,2341720017,RENAME_FOLDER,JS4_KUIS → kuis
2026-03-04 11:14:19,2341720017,RENAME_FOLDER,JS5 → m05
2026-03-04 11:14:19,2341720017,RENAME_FOLDER,JS6 → m06
2026-03-04 11:14:19,2341720017,RENAME_FOLDER,TUGAS_KELOMPOK → kelompok
2026-03-04 11:17:59,2241720092,MOVE_RENAME_FILE,tp06.ipynb → None/tp01.ipynb
2026-03-04 11:17:59,2241720092,MOVE_RENAME_FILE,tp07.ipynb → None/tp02.ipynb
2026-03-04 11:17:59,2241720092,MOVE_RENAME_FILE,tp08.ipynb → None/tp03.ipynb
2026-03-04 11:17:59,2241720092,MOVE_RENAME_FILE,tp09.ipynb → None/tp04.ipynb
2026-03-04 11:17:59,2241720092,MOVE_RENAME_FILE,tp10.ipynb → None/tp05.ipynb
2026-03-04 11:17:59,2341720003,MOVE_RENAME_FILE,tp13.ipynb → None/tp01.ipynb
2026-03-04 11:17:59,2341720003,MOVE_RENAME_FILE,tp14.ipynb → None/tp02.ipynb
2026-03-04 11:17:59,2341720003,MOVE_RENAME_FILE,tp15.ipynb → None/tp03.ipynb
2026-03-04 11:17:59,2341720003,MOVE_RENAME_FILE,tp16.ipynb → None/tp04.ipynb
2026-03-04 11:17:59,2341720003,MOVE_RENAME_FILE,tp17.ipynb → None/tp05.ipynb
2026-03-04 11:17:59,2341720003,MOVE_RENAME_FILE,tp18.ipynb → None/tp06.ipynb
2026-03-04 11:17:59,2341720003,MOVE_RENAME_FILE,tp19.ipynb → None/tp07.ipynb
2026-03-04 11:17:59,2341720003,MOVE_RENAME_FILE,tp20.ipynb → None/tp08.ipynb
2026-03-04 11:17:59,2341720003,MOVE_RENAME_FILE,tp21.ipynb → None/tp09.ipynb
2026-03-04 11:17:59,2341720003,MOVE_RENAME_FILE,tp22.ipynb → None/tp10.ipynb
2026-03-04 11:17:59,2341720003,MOVE_RENAME_FILE,tp23.ipynb → None/tp11.ipynb
2026-03-04 11:17:59,2341720003,MOVE_RENAME_FILE,tp24.ipynb → None/tp12.ipynb
2026-03-04 11:17:59,2341720005,MOVE_RENAME_FILE,tp15.ipynb → None/tp01.ipynb
2026-03-04 11:17:59,2341720005,MOVE_RENAME_FILE,tp16.ipynb → None/tp02.ipynb
2026-03-04 11:17:59,2341720005,MOVE_RENAME_FILE,tp17.ipynb → None/tp03.ipynb
2026-03-04 11:17:59,2341720005,MOVE_RENAME_FILE,tp18.ipynb → None/tp04.ipynb
2026-03-04 11:17:59,2341720005,MOVE_RENAME_FILE,tp19.ipynb → None/tp05.ipynb
2026-03-04 11:17:59,2341720005,MOVE_RENAME_FILE,tp20.ipynb → None/tp06.ipynb
2026-03-04 11:17:59,2341720005,MOVE_RENAME_FILE,tp21.ipynb → None/tp07.ipynb
2026-03-04 11:17:59,2341720005,MOVE_RENAME_FILE,tp22.ipynb → None/tp08.ipynb
2026-03-04 11:17:59,2341720005,MOVE_RENAME_FILE,tp23.ipynb → None/tp09.ipynb
2026-03-04 11:17:59,2341720005,MOVE_RENAME_FILE,tp24.ipynb → None/tp10.ipynb
2026-03-04 11:17:59,2341720005,MOVE_RENAME_FILE,tp25.ipynb → None/tp11.ipynb
2026-03-04 11:17:59,2341720005,MOVE_RENAME_FILE,tp26.ipynb → None/tp12.ipynb
2026-03-04 11:17:59,2341720005,MOVE_RENAME_FILE,tp27.ipynb → None/tp13.ipynb
2026-03-04 11:17:59,2341720005,MOVE_RENAME_FILE,tp28.ipynb → None/tp14.ipynb
2026-03-04 11:17:59,2341720007,MOVE_RENAME_FILE,tp13.ipynb → None/tp01.ipynb
2026-03-04 11:17:59,2341720007,MOVE_RENAME_FILE,tp14.ipynb → None/tp02.ipynb
2026-03-04 11:17:59,2341720007,MOVE_RENAME_FILE,tp15.ipynb → None/tp03.ipynb
2026-03-04 11:17:59,2341720007,MOVE_RENAME_FILE,tp16.ipynb → None/tp04.ipynb
2026-03-04 11:17:59,2341720007,MOVE_RENAME_FILE,tp17.ipynb → None/tp05.ipynb
2026-03-04 11:17:59,2341720007,MOVE_RENAME_FILE,tp18.ipynb → None/tp06.ipynb
2026-03-04 11:17:59,2341720007,MOVE_RENAME_FILE,tp19.ipynb → None/tp07.ipynb
2026-03-04 11:17:59,2341720007,MOVE_RENAME_FILE,tp20.ipynb → None/tp08.ipynb
2026-03-04 11:17:59,2341720007,MOVE_RENAME_FILE,tp21.ipynb → None/tp09.ipynb
2026-03-04 11:17:59,2341720007,MOVE_RENAME_FILE,tp22.ipynb → None/tp10.ipynb
2026-03-04 11:17:59,2341720007,MOVE_RENAME_FILE,tp23.ipynb → None/tp11.ipynb
2026-03-04 11:17:59,2341720007,MOVE_RENAME_FILE,tp24.ipynb → None/tp12.ipynb
2026-03-04 11:17:59,2341720009,MOVE_RENAME_FILE,tp12.ipynb → None/tp01.ipynb
2026-03-04 11:17:59,2341720009,MOVE_RENAME_FILE,tp13.ipynb → None/tp02.ipynb
2026-03-04 11:17:59,2341720009,MOVE_RENAME_FILE,tp14.ipynb → None/tp03.ipynb
2026-03-04 11:17:59,2341720009,MOVE_RENAME_FILE,tp15.ipynb → None/tp04.ipynb
2026-03-04 11:17:59,2341720009,MOVE_RENAME_FILE,tp16.ipynb → None/tp05.ipynb
2026-03-04 11:17:59,2341720009,MOVE_RENAME_FILE,tp17.ipynb → None/tp06.ipynb
2026-03-04 11:17:59,2341720009,MOVE_RENAME_FILE,tp18.ipynb → None/tp07.ipynb
2026-03-04 11:17:59,2341720009,MOVE_RENAME_FILE,tp19.ipynb → None/tp08.ipynb
2026-03-04 11:17:59,2341720009,MOVE_RENAME_FILE,tp20.ipynb → None/tp09.ipynb
2026-03-04 11:17:59,2341720009,MOVE_RENAME_FILE,tp21.ipynb → None/tp10.ipynb
2026-03-04 11:17:59,2341720009,MOVE_RENAME_FILE,tp22.ipynb → None/tp11.ipynb
2026-03-04 11:17:59,2341720011,MOVE_RENAME_FILE,tp13.ipynb → None/tp01.ipynb
2026-03-04 11:17:59,2341720011,MOVE_RENAME_FILE,tp14.ipynb → None/tp02.ipynb
2026-03-04 11:17:59,2341720011,MOVE_RENAME_FILE,tp15.ipynb → None/tp03.ipynb
2026-03-04 11:17:59,2341720011,MOVE_RENAME_FILE,tp16.ipynb → None/tp04.ipynb
2026-03-04 11:17:59,2341720011,MOVE_RENAME_FILE,tp17.ipynb → None/tp05.ipynb
2026-03-04 11:17:59,2341720011,MOVE_RENAME_FILE,tp18.ipynb → None/tp06.ipynb
2026-03-04 11:17:59,2341720011,MOVE_RENAME_FILE,tp19.ipynb → None/tp07.ipynb
2026-03-04 11:17:59,2341720011,MOVE_RENAME_FILE,tp20.ipynb → None/tp08.ipynb
2026-03-04 11:17:59,2341720011,MOVE_RENAME_FILE,tp21.ipynb → None/tp09.ipynb
2026-03-04 11:17:59,2341720011,MOVE_RENAME_FILE,tp22.ipynb → None/tp10.ipynb
2026-03-04 11:17:59,2341720011,MOVE_RENAME_FILE,tp23.ipynb → None/tp11.ipynb
2026-03-04 11:17:59,2341720011,MOVE_RENAME_FILE,tp24.ipynb → None/tp12.ipynb
2026-03-04 11:17:59,2341720017,MERGE_FOLDER,UTS → uts
2026-03-04 11:17:59,2341720017,MOVE_RENAME_FILE,Copy_of_ML_Kelompok3.ipynb → kelompok/kelompok.ipynb
2026-03-04 11:17:59,2341720017,MOVE_RENAME_FILE,JS04_SOAL_KUIS1_ML.ipynb → kuis/kuis.ipynb
2026-03-04 11:17:59,2341720017,MOVE_RENAME_FILE,KEVIN_ADIKA_SAPUTRA_3G_JS_05.ipynb → None/KEVIN_ADIKA_SAPUTRA_3G_JS_05.ipynb
2026-03-04 11:17:59,2341720017,MOVE_RENAME_FILE,KEVIN_ADIKA_SAPUTRA_3G_06.ipynb → None/KEVIN_ADIKA_SAPUTRA_3G_06.ipynb
2026-03-04 11:17:59,2341720017,MOVE_RENAME_FILE,P1_JS09.ipynb → m09/p01.ipynb
2026-03-04 11:17:59,2341720017,MOVE_RENAME_FILE,P2_JS09.ipynb → m09/p02.ipynb
2026-03-04 11:17:59,2341720017,MOVE_RENAME_FILE,P3_JS09.ipynb → m09/p03.ipynb
2026-03-04 11:17:59,2341720017,MOVE_RENAME_FILE,TP_JS09_1.ipynb → m09/tp01.ipynb
2026-03-04 11:17:59,2341720017,MOVE_RENAME_FILE,TP_JS09_2.ipynb → m09/tp02.ipynb
2026-03-04 11:17:59,2341720017,MOVE_RENAME_FILE,P1_JS11.ipynb → m11/p01.ipynb
2026-03-04 11:17:59,2341720017,MOVE_RENAME_FILE,P2_JS11.ipynb → m11/p02.ipynb
2026-03-04 11:17:59,2341720017,MOVE_RENAME_FILE,P3_JS11.ipynb → m11/p03.ipynb
2026-03-04 11:17:59,2341720017,MOVE_RENAME_FILE,P4_JS11.ipynb → m11/p04.ipynb
2026-03-04 11:17:59,2341720017,MOVE_RENAME_FILE,P5_JS11.ipynb → m11/p05.ipynb
2026-03-04 11:17:59,2341720017,MOVE_RENAME_FILE,TP_JS11.ipynb → m11/tp01.ipynb
2026-03-04 11:17:59,2341720017,MOVE_RENAME_FILE,P1_JS13.ipynb → m13/p01.ipynb
2026-03-04 11:17:59,2341720017,MOVE_RENAME_FILE,P2_JS13.ipynb → m13/p02.ipynb
2026-03-04 11:17:59,2341720017,MOVE_RENAME_FILE,P3_JS13.ipynb → m13/p03.ipynb
2026-03-04 11:17:59,2341720017,MOVE_RENAME_FILE,TP_JS13.ipynb → m13/tp01.ipynb
2026-03-04 11:17:59,2341720017,MOVE_RENAME_FILE,P1_JS14.ipynb → m14/p01.ipynb
2026-03-04 11:17:59,2341720017,MOVE_RENAME_FILE,P2_JS14.ipynb → m14/p02.ipynb
2026-03-04 11:17:59,2341720017,MOVE_RENAME_FILE,TP_JS14.ipynb → m14/tp01.ipynb
2026-03-04 11:17:59,2341720017,MOVE_RENAME_FILE,P1_JS15.ipynb → m15/p01.ipynb
2026-03-04 11:17:59,2341720028,RENAME_FOLDER,JS01 → m01
2026-03-04 11:17:59,2341720028,RENAME_FOLDER,JS02 → m02
2026-03-04 11:17:59,2341720028,RENAME_FOLDER,JS03 → m03
2026-03-04 11:17:59,2341720028,RENAME_FOLDER,JS04 → m04
2026-03-04 11:17:59,2341720028,RENAME_FOLDER,JS05 → m05
2026-03-04 11:17:59,2341720028,RENAME_FOLDER,JS06 → m06
2026-03-04 11:17:59,2341720028,RENAME_FOLDER,JS07 → m07
2026-03-04 11:17:59,2341720028,RENAME_FOLDER,JS08 → m08
2026-03-04 11:17:59,2341720028,RENAME_FOLDER,JS09 → m09
2026-03-04 11:17:59,2341720028,RENAME_FOLDER,JS11 → m11
2026-03-04 11:17:59,2341720028,RENAME_FOLDER,JS13 → m13
2026-03-04 11:17:59,2341720028,RENAME_FOLDER,JS14 → m14
2026-03-04 11:17:59,2341720028,RENAME_FOLDER,JS15 → m15
2026-03-04 11:17:59,2341720028,MERGE_FOLDER,KELOMPOK → kelompok
2026-03-04 11:17:59,2341720028,MERGE_FOLDER,KUIS → kuis
2026-03-04 11:17:59,2341720028,RENAME_FOLDER,PBL_KELOMPOK6 → pbl
2026-03-04 11:17:59,2341720028,MOVE_RENAME_FILE,DEMO-PARK-1.ipynb → None/DEMO-PARK-1.ipynb
2026-03-04 11:17:59,2341720028,MOVE_RENAME_FILE,P2_JS01.ipynb → m01/p02.ipynb
2026-03-04 11:17:59,2341720028,MOVE_RENAME_FILE,TP_JS01.ipynb → m01/tp01.ipynb
2026-03-04 11:17:59,2341720028,MOVE_RENAME_FILE,P1_JS02.ipynb → m02/p01.ipynb
2026-03-04 11:17:59,2341720028,MOVE_RENAME_FILE,P2_JS02.ipynb → m02/p02.ipynb
2026-03-04 11:17:59,2341720028,MOVE_RENAME_FILE,P3_JS02.ipynb → m02/p03.ipynb
2026-03-04 11:17:59,2341720028,MOVE_RENAME_FILE,P4_JS02.ipynb → m02/p04.ipynb
2026-03-04 11:17:59,2341720028,MOVE_RENAME_FILE,TP_JS02.ipynb → m02/tp01.ipynb
2026-03-04 11:17:59,2341720028,MOVE_RENAME_FILE,Modul03_1.ipynb → None/Modul03_1.ipynb
2026-03-04 11:17:59,2341720028,MOVE_RENAME_FILE,Modul03_2.ipynb → None/Modul03_2.ipynb
2026-03-04 11:17:59,2341720028,MOVE_RENAME_FILE,modul03_3.ipynb → None/modul03_3.ipynb
2026-03-04 11:17:59,2341720028,MOVE_RENAME_FILE,modul03_4.ipynb → None/modul03_4.ipynb
2026-03-04 11:17:59,2341720028,MOVE_RENAME_FILE,P1_JS03.ipynb → m03/p01.ipynb
2026-03-04 11:17:59,2341720028,MOVE_RENAME_FILE,P2_JS03.ipynb → m03/p02.ipynb
2026-03-04 11:17:59,2341720028,MOVE_RENAME_FILE,P3_JS03.ipynb → m03/p03.ipynb
2026-03-04 11:17:59,2341720028,MOVE_RENAME_FILE,P4_JS03.ipynb → m03/p04.ipynb
2026-03-04 11:17:59,2341720028,MOVE_RENAME_FILE,TP_JS03.ipynb → m03/tp01.ipynb
2026-03-04 11:17:59,2341720028,MOVE_RENAME_FILE,P1_JS04.ipynb → m04/p01.ipynb
2026-03-04 11:17:59,2341720028,MOVE_RENAME_FILE,P2_JS04.ipynb → m04/p02.ipynb
2026-03-04 11:17:59,2341720028,MOVE_RENAME_FILE,P3_JS04.ipynb → m04/p03.ipynb
2026-03-04 11:17:59,2341720028,MOVE_RENAME_FILE,TP_JS04.ipynb → m04/tp01.ipynb
2026-03-04 11:17:59,2341720028,MOVE_RENAME_FILE,TP_JS04_2.ipynb → m04/tp02.ipynb
2026-03-04 11:17:59,2341720028,MOVE_RENAME_FILE,P1_JS05.ipynb → m05/p01.ipynb
2026-03-04 11:17:59,2341720028,MOVE_RENAME_FILE,P2_JS05.ipynb → m05/p02.ipynb
2026-03-04 11:17:59,2341720028,MOVE_RENAME_FILE,TP_JS05.ipynb → m05/tp01.ipynb
2026-03-04 11:17:59,2341720028,MOVE_RENAME_FILE,P1_JS06.ipynb → m06/p01.ipynb
2026-03-04 11:17:59,2341720028,MOVE_RENAME_FILE,P2_JS06.ipynb → m06/p02.ipynb
2026-03-04 11:17:59,2341720028,MOVE_RENAME_FILE,Tugas.ipynb → None/Tugas.ipynb
2026-03-04 11:17:59,2341720028,MOVE_RENAME_FILE,P1_JS07.ipynb → m07/p01.ipynb
2026-03-04 11:17:59,2341720028,MOVE_RENAME_FILE,P2_JS07.ipynb → m07/p02.ipynb
2026-03-04 11:17:59,2341720028,MOVE_RENAME_FILE,P3_JS07.ipynb → m07/p03.ipynb
2026-03-04 11:17:59,2341720028,MOVE_RENAME_FILE,P4_JS07.ipynb → m07/p04.ipynb
2026-03-04 11:17:59,2341720028,MOVE_RENAME_FILE,P5_JS07.ipynb → m07/p05.ipynb
2026-03-04 11:17:59,2341720028,MOVE_RENAME_FILE,P6_JS07.ipynb → m07/p06.ipynb
2026-03-04 11:17:59,2341720028,MOVE_RENAME_FILE,TP_JS08.ipynb → m08/tp01.ipynb
2026-03-04 11:17:59,2341720028,MOVE_RENAME_FILE,P1_JS09.ipynb → m09/p01.ipynb
2026-03-04 11:17:59,2341720028,MOVE_RENAME_FILE,P2_JS09.ipynb → m09/p02.ipynb
2026-03-04 11:17:59,2341720028,MOVE_RENAME_FILE,P3_JS09..ipynb → m09/p03.ipynb
2026-03-04 11:17:59,2341720028,MOVE_RENAME_FILE,TP_JS09_1.ipynb → m09/tp01.ipynb
2026-03-04 11:17:59,2341720028,MOVE_RENAME_FILE,TP_JS09_2.ipynb → m09/tp02.ipynb
2026-03-04 11:17:59,2341720028,MOVE_RENAME_FILE,P1_JS11.ipynb → m11/p01.ipynb
2026-03-04 11:17:59,2341720028,MOVE_RENAME_FILE,P2_JS11.ipynb → m11/p02.ipynb
2026-03-04 11:17:59,2341720028,MOVE_RENAME_FILE,P3_JS11.ipynb → m11/p03.ipynb
2026-03-04 11:17:59,2341720028,MOVE_RENAME_FILE,P4_JS11.ipynb → m11/p04.ipynb
2026-03-04 11:17:59,2341720028,MOVE_RENAME_FILE,P5_JS11.ipynb → m11/p05.ipynb
2026-03-04 11:17:59,2341720028,MOVE_RENAME_FILE,TP_JS11.ipynb → m11/tp01.ipynb
2026-03-04 11:17:59,2341720028,MOVE_RENAME_FILE,P1_JS13.ipynb → m13/p01.ipynb
2026-03-04 11:17:59,2341720028,MOVE_RENAME_FILE,P2_JS13.ipynb → m13/p02.ipynb
2026-03-04 11:17:59,2341720028,MOVE_RENAME_FILE,P3_JS13.ipynb → m13/p03.ipynb
2026-03-04 11:17:59,2341720028,MOVE_RENAME_FILE,TP_JS13.ipynb → m13/tp01.ipynb
2026-03-04 11:17:59,2341720028,MOVE_RENAME_FILE,P1_JS14.ipynb → m14/p01.ipynb
2026-03-04 11:17:59,2341720028,MOVE_RENAME_FILE,P2_JS14.ipynb → m14/p02.ipynb
2026-03-04 11:17:59,2341720028,MOVE_RENAME_FILE,TP_JS14.ipynb → m14/tp01.ipynb
2026-03-04 11:17:59,2341720028,MOVE_RENAME_FILE,P1_JS15.ipynb → m15/p01.ipynb
2026-03-04 11:17:59,2341720028,MOVE_RENAME_FILE,app.py → m15/app.py
2026-03-04 11:17:59,2341720028,MOVE_RENAME_FILE,PBL_Klasifikasi_Jenis_Sayuran.ipynb → pbl/pbl.ipynb
2026-03-04 11:17:59,2341720032,RENAME_FOLDER,JS01 → m01
2026-03-04 11:17:59,2341720032,RENAME_FOLDER,JS02 → m02
2026-03-04 11:17:59,2341720032,RENAME_FOLDER,JS03 → m03
2026-03-04 11:17:59,2341720032,RENAME_FOLDER,JS04 → m04
2026-03-04 11:17:59,2341720032,RENAME_FOLDER,JS05 → m05
2026-03-04 11:17:59,2341720032,RENAME_FOLDER,JS06 → m06
2026-03-04 11:17:59,2341720032,RENAME_FOLDER,JS07 → m07
2026-03-04 11:17:59,2341720032,RENAME_FOLDER,JS08 → m08
2026-03-04 11:17:59,2341720032,RENAME_FOLDER,JS09 → m09
2026-03-04 11:17:59,2341720032,RENAME_FOLDER,JS11 → m11
2026-03-04 11:17:59,2341720032,RENAME_FOLDER,JS13 → m13
2026-03-04 11:17:59,2341720032,RENAME_FOLDER,JS14 → m14
2026-03-04 11:17:59,2341720032,RENAME_FOLDER,JS15 → m15
2026-03-04 11:17:59,2341720032,MERGE_FOLDER,KELOMPOK → kelompok
2026-03-04 11:17:59,2341720032,MERGE_FOLDER,KUIS → kuis
2026-03-04 11:17:59,2341720032,RENAME_FOLDER,PBL_KELOMPOK2 → pbl
2026-03-04 11:17:59,2341720032,MOVE_RENAME_FILE,P1_JS01.ipynb → m01/p01.ipynb
2026-03-04 11:17:59,2341720032,MOVE_RENAME_FILE,P1_JS02.ipynb → m02/p01.ipynb
2026-03-04 11:17:59,2341720032,MOVE_RENAME_FILE,P2_JS02.ipynb → m02/p02.ipynb
2026-03-04 11:17:59,2341720032,MOVE_RENAME_FILE,P3_JS02.ipynb → m02/p03.ipynb
2026-03-04 11:17:59,2341720032,MOVE_RENAME_FILE,P4_JS02.ipynb → m02/p04.ipynb
2026-03-04 11:17:59,2341720032,MOVE_RENAME_FILE,P1_JS03.ipynb → m03/p01.ipynb
2026-03-04 11:17:59,2341720032,MOVE_RENAME_FILE,P2_JS03.ipynb → m03/p02.ipynb
2026-03-04 11:17:59,2341720032,MOVE_RENAME_FILE,P3_JS03.ipynb → m03/p03.ipynb
2026-03-04 11:17:59,2341720032,MOVE_RENAME_FILE,P4_JS03.ipynb → m03/p04.ipynb
2026-03-04 11:17:59,2341720032,MOVE_RENAME_FILE,P1_JS04.ipynb → m04/p01.ipynb
2026-03-04 11:17:59,2341720032,MOVE_RENAME_FILE,P2_JS04.ipynb → m04/p02.ipynb
2026-03-04 11:17:59,2341720032,MOVE_RENAME_FILE,P3_JS04.ipynb → m04/p03.ipynb
2026-03-04 11:17:59,2341720032,MOVE_RENAME_FILE,P1_JS05.ipynb → m05/p01.ipynb
2026-03-04 11:17:59,2341720032,MOVE_RENAME_FILE,TP_JS05.ipynb → m05/tp01.ipynb
2026-03-04 11:17:59,2341720032,MOVE_RENAME_FILE,P1_JS06.ipynb → m06/p01.ipynb
2026-03-04 11:17:59,2341720032,MOVE_RENAME_FILE,P2_JS06.ipynb → m06/p02.ipynb
2026-03-04 11:17:59,2341720032,MOVE_RENAME_FILE,TP_JS06.ipynb → m06/tp01.ipynb
2026-03-04 11:17:59,2341720032,MOVE_RENAME_FILE,P1_JS07.ipynb → m07/p01.ipynb
2026-03-04 11:17:59,2341720032,MOVE_RENAME_FILE,P2_JS07.ipynb → m07/p02.ipynb
2026-03-04 11:17:59,2341720032,MOVE_RENAME_FILE,P3_JS07.ipynb → m07/p03.ipynb
2026-03-04 11:17:59,2341720032,MOVE_RENAME_FILE,P4_JS07.ipynb → m07/p04.ipynb
2026-03-04 11:17:59,2341720032,MOVE_RENAME_FILE,P5_JS07.ipynb → m07/p05.ipynb
2026-03-04 11:17:59,2341720032,MOVE_RENAME_FILE,P6_JS07.ipynb → m07/p06.ipynb
2026-03-04 11:17:59,2341720032,MOVE_RENAME_FILE,TP_JS07.ipynb → m07/tp01.ipynb
2026-03-04 11:17:59,2341720032,MOVE_RENAME_FILE,TP_JS08.ipynb → m08/tp01.ipynb
2026-03-04 11:17:59,2341720032,MOVE_RENAME_FILE,P1_JS09.ipynb → m09/p01.ipynb
2026-03-04 11:17:59,2341720032,MOVE_RENAME_FILE,P2_JS09.ipynb → m09/p02.ipynb
2026-03-04 11:17:59,2341720032,MOVE_RENAME_FILE,P3_JS09.ipynb → m09/p03.ipynb
2026-03-04 11:17:59,2341720032,MOVE_RENAME_FILE,TP_JS09_1.ipynb → m09/tp01.ipynb
2026-03-04 11:17:59,2341720032,MOVE_RENAME_FILE,TP_JS09_2.ipynb → m09/tp02.ipynb
2026-03-04 11:17:59,2341720032,MOVE_RENAME_FILE,P1_JS11.ipynb → m11/p01.ipynb
2026-03-04 11:17:59,2341720032,MOVE_RENAME_FILE,P2_JS11.ipynb → m11/p02.ipynb
2026-03-04 11:17:59,2341720032,MOVE_RENAME_FILE,P3_JS11.ipynb → m11/p03.ipynb
2026-03-04 11:17:59,2341720032,MOVE_RENAME_FILE,P4_JS11.ipynb → m11/p04.ipynb
2026-03-04 11:17:59,2341720032,MOVE_RENAME_FILE,P5_JS11.ipynb → m11/p05.ipynb
2026-03-04 11:17:59,2341720032,MOVE_RENAME_FILE,TP_JS11.ipynb → m11/tp01.ipynb
2026-03-04 11:17:59,2341720032,MOVE_RENAME_FILE,P1_JS04.ipynb → m04/p01.ipynb
2026-03-04 11:17:59,2341720032,MOVE_RENAME_FILE,P2_JS04.ipynb → m04/p02.ipynb
2026-03-04 11:17:59,2341720032,MOVE_RENAME_FILE,P3_JS04.ipynb → m04/p03.ipynb
2026-03-04 11:17:59,2341720032,MOVE_RENAME_FILE,TP_JS13.ipynb → m13/tp01.ipynb
2026-03-04 11:17:59,2341720032,MOVE_RENAME_FILE,P1_JS14.ipynb → m14/p01.ipynb
2026-03-04 11:17:59,2341720032,MOVE_RENAME_FILE,P2_JS14.ipynb → m14/p02.ipynb
2026-03-04 11:17:59,2341720032,MOVE_RENAME_FILE,TP_JS14.ipynb → m14/tp01.ipynb
2026-03-04 11:17:59,2341720032,MOVE_RENAME_FILE,P1_JS15.ipynb → m15/p01.ipynb
2026-03-04 11:17:59,2341720032,MOVE_RENAME_FILE,P2_JS15.ipynb → m15/p02.ipynb
2026-03-04 11:17:59,2341720032,MOVE_RENAME_FILE,TP_JS15.ipynb → m15/tp01.ipynb
2026-03-04 11:17:59,2341720032,MOVE_RENAME_FILE,Final_PBL_KELOMPOK2.ipynb → pbl/pbl.ipynb
2026-03-04 11:18:00,2341720032,MOVE_RENAME_FILE,splittest_2080.ipynb → pbl/pbl.ipynb
2026-03-04 11:18:00,2341720032,MOVE_RENAME_FILE,splittest_3070.ipynb → pbl/pbl.ipynb
2026-03-04 11:18:00,2341720032,MOVE_RENAME_FILE,splittest_4060.ipynb → pbl/pbl.ipynb
2026-03-04 11:18:01,2341720032,MOVE_RENAME_FILE,splittest_5050.ipynb → pbl/pbl.ipynb
2026-03-04 11:18:01,2341720032,MOVE_RENAME_FILE,splittest_6040.ipynb → pbl/pbl.ipynb
2026-03-04 11:18:01,2341720032,MOVE_RENAME_FILE,splittest_7030.ipynb → pbl/pbl.ipynb
2026-03-04 11:18:01,2341720032,MOVE_RENAME_FILE,splittest_8020.ipynb → pbl/pbl.ipynb
2026-03-04 11:18:02,2341720032,MOVE_RENAME_FILE,splittest_9010.ipynb → pbl/pbl.ipynb
2026-03-04 11:18:02,2341720032,MOVE_RENAME_FILE,splittest_955.ipynb → pbl/pbl.ipynb
2026-03-04 11:18:02,2341720035,RENAME_FOLDER,JS02 → m02
2026-03-04 11:18:02,2341720035,RENAME_FOLDER,JS03 → m03
2026-03-04 11:18:02,2341720035,RENAME_FOLDER,JS04 → m04
2026-03-04 11:18:02,2341720035,RENAME_FOLDER,JS05 → m05
2026-03-04 11:18:02,2341720035,RENAME_FOLDER,JS06 → m06
2026-03-04 11:18:02,2341720035,RENAME_FOLDER,JS07 → m07
2026-03-04 11:18:02,2341720035,RENAME_FOLDER,JS08 → m08
2026-03-04 11:18:02,2341720035,RENAME_FOLDER,JS09 → m09
2026-03-04 11:18:02,2341720035,RENAME_FOLDER,JS11 → m11
2026-03-04 11:18:02,2341720035,RENAME_FOLDER,JS13 → m13
2026-03-04 11:18:02,2341720035,RENAME_FOLDER,JS14 → m14
2026-03-04 11:18:02,2341720035,RENAME_FOLDER,JS15 → m15
2026-03-04 11:18:02,2341720035,MERGE_FOLDER,PBL → pbl
2026-03-04 11:18:02,2341720035,MOVE_RENAME_FILE,GempaCihuy.ipynb → None/GempaCihuy.ipynb
2026-03-04 11:18:02,2341720035,MOVE_RENAME_FILE,TG1_2341720035_Ghoffar_Abdul_Ja'far.ipynb → None/TG1_2341720035_Ghoffar_Abdul_Ja'far.ipynb
2026-03-04 11:18:02,2341720035,MOVE_RENAME_FILE,P1_JS02.ipynb → m02/p01.ipynb
2026-03-04 11:18:02,2341720035,MOVE_RENAME_FILE,P2_JS02.ipynb → m02/p02.ipynb
2026-03-04 11:18:02,2341720035,MOVE_RENAME_FILE,P3_JS02.ipynb → m02/p03.ipynb
2026-03-04 11:18:02,2341720035,MOVE_RENAME_FILE,P4_JS02.ipynb → m02/p04.ipynb
2026-03-04 11:18:02,2341720035,MOVE_RENAME_FILE,TP_JS02.ipynb → m02/tp01.ipynb
2026-03-04 11:18:02,2341720035,MOVE_RENAME_FILE,P1_JS03.ipynb → m03/p01.ipynb
2026-03-04 11:18:02,2341720035,MOVE_RENAME_FILE,P2_JS03.ipynb → m03/p02.ipynb
2026-03-04 11:18:02,2341720035,MOVE_RENAME_FILE,P3_JS03.ipynb → m03/p03.ipynb
2026-03-04 11:18:02,2341720035,MOVE_RENAME_FILE,P4_JS03.ipynb → m03/p04.ipynb
2026-03-04 11:18:02,2341720035,MOVE_RENAME_FILE,TP_JS03.ipynb → m03/tp01.ipynb
2026-03-04 11:18:02,2341720035,MOVE_RENAME_FILE,JS04_SOAL_KUIS1_ML.ipynb → kuis/kuis.ipynb
2026-03-04 11:18:02,2341720035,MOVE_RENAME_FILE,P1_JS04.ipynb → m04/p01.ipynb
2026-03-04 11:18:02,2341720035,MOVE_RENAME_FILE,P2_JS04.ipynb → m04/p02.ipynb
2026-03-04 11:18:02,2341720035,MOVE_RENAME_FILE,P3_JS04.ipynb → m04/p03.ipynb
2026-03-04 11:18:02,2341720035,MOVE_RENAME_FILE,TP_JS04.ipynb → m04/tp01.ipynb
2026-03-04 11:18:02,2341720035,MOVE_RENAME_FILE,P1_JS05.ipynb → m05/p01.ipynb
2026-03-04 11:18:02,2341720035,MOVE_RENAME_FILE,P2_JS05.ipynb → m05/p02.ipynb
2026-03-04 11:18:02,2341720035,MOVE_RENAME_FILE,TP_JS05.ipynb → m05/tp01.ipynb
2026-03-04 11:18:02,2341720035,MOVE_RENAME_FILE,P1_JS06.ipynb → m06/p01.ipynb
2026-03-04 11:18:02,2341720035,MOVE_RENAME_FILE,P2_JS06.ipynb → m06/p02.ipynb
2026-03-04 11:18:02,2341720035,MOVE_RENAME_FILE,TP_JS06.ipynb → m06/tp01.ipynb
2026-03-04 11:18:02,2341720035,MOVE_RENAME_FILE,P1_JS07.ipynb → m07/p01.ipynb
2026-03-04 11:18:02,2341720035,MOVE_RENAME_FILE,P2_JS07.ipynb → m07/p02.ipynb
2026-03-04 11:18:02,2341720035,MOVE_RENAME_FILE,P3_JS07.ipynb → m07/p03.ipynb
2026-03-04 11:18:02,2341720035,MOVE_RENAME_FILE,P4_JS07.ipynb → m07/p04.ipynb
2026-03-04 11:18:02,2341720035,MOVE_RENAME_FILE,P5_JS07.ipynb → m07/p05.ipynb
2026-03-04 11:18:02,2341720035,MOVE_RENAME_FILE,P6_JS07.ipynb → m07/p06.ipynb
2026-03-04 11:18:02,2341720035,MOVE_RENAME_FILE,TP_JS07.ipynb → m07/tp01.ipynb
2026-03-04 11:18:02,2341720035,MOVE_RENAME_FILE,TP_JS08.ipynb → m08/tp01.ipynb
2026-03-04 11:18:02,2341720035,MOVE_RENAME_FILE,P1_JS09.ipynb → m09/p01.ipynb
2026-03-04 11:18:02,2341720035,MOVE_RENAME_FILE,P2_JS09.ipynb → m09/p02.ipynb
2026-03-04 11:18:02,2341720035,MOVE_RENAME_FILE,P3_JS09.ipynb → m09/p03.ipynb
2026-03-04 11:18:02,2341720035,MOVE_RENAME_FILE,TP_JS09_1.ipynb → m09/tp01.ipynb
2026-03-04 11:18:02,2341720035,MOVE_RENAME_FILE,TP_JS09_2.ipynb → m09/tp02.ipynb
2026-03-04 11:18:02,2341720035,MOVE_RENAME_FILE,P1_JS11.ipynb → m11/p01.ipynb
2026-03-04 11:18:02,2341720035,MOVE_RENAME_FILE,P2_JS11.ipynb → m11/p02.ipynb
2026-03-04 11:18:02,2341720035,MOVE_RENAME_FILE,P3_JS11.ipynb → m11/p03.ipynb
2026-03-04 11:18:02,2341720035,MOVE_RENAME_FILE,P4_JS11.ipynb → m11/p04.ipynb
2026-03-04 11:18:02,2341720035,MOVE_RENAME_FILE,P5_JS11.ipynb → m11/p05.ipynb
2026-03-04 11:18:02,2341720035,MOVE_RENAME_FILE,TP_JS11.ipynb → m11/tp01.ipynb
2026-03-04 11:18:02,2341720035,MOVE_RENAME_FILE,P1_JS13.ipynb → m13/p01.ipynb
2026-03-04 11:18:02,2341720035,MOVE_RENAME_FILE,P2_JS13.ipynb → m13/p02.ipynb
2026-03-04 11:18:02,2341720035,MOVE_RENAME_FILE,P3_JS13.ipynb → m13/p03.ipynb
2026-03-04 11:18:02,2341720035,MOVE_RENAME_FILE,TP_JS13.ipynb → m13/tp01.ipynb
2026-03-04 11:18:02,2341720035,MOVE_RENAME_FILE,P1_JS14.ipynb → m14/p01.ipynb
2026-03-04 11:18:02,2341720035,MOVE_RENAME_FILE,P2_JS14.ipynb → m14/p02.ipynb
2026-03-04 11:18:02,2341720035,MOVE_RENAME_FILE,TP_JS14.ipynb → m14/tp01.ipynb
2026-03-04 11:18:02,2341720035,MOVE_RENAME_FILE,app.py → None/app.py
2026-03-04 11:18:02,2341720035,MOVE_RENAME_FILE,P1_JS15.ipynb → m15/p01.ipynb
2026-03-04 11:18:02,2341720040,RENAME_FOLDER,JS01 → m01
2026-03-04 11:18:02,2341720040,RENAME_FOLDER,JS02 → m02
2026-03-04 11:18:02,2341720040,RENAME_FOLDER,JS03 → m03
2026-03-04 11:18:02,2341720040,RENAME_FOLDER,JS05 → m05
2026-03-04 11:18:02,2341720040,RENAME_FOLDER,JS06 → m06
2026-03-04 11:18:02,2341720040,RENAME_FOLDER,JS07 → m07
2026-03-04 11:18:02,2341720040,RENAME_FOLDER,JS08 → m08
2026-03-04 11:18:02,2341720040,RENAME_FOLDER,JS09 → m09
2026-03-04 11:18:02,2341720040,RENAME_FOLDER,JS11 → m11
2026-03-04 11:18:02,2341720040,RENAME_FOLDER,JS13 → m13
2026-03-04 11:18:02,2341720040,RENAME_FOLDER,JS14 → m14
2026-03-04 11:18:02,2341720040,RENAME_FOLDER,JS15 → m15
2026-03-04 11:18:02,2341720040,MERGE_FOLDER,Kuis → kuis
2026-03-04 11:18:02,2341720040,MERGE_FOLDER,UTS → uts
2026-03-04 11:18:02,2341720040,MOVE_RENAME_FILE,P1_JS01.ipynb → m01/p01.ipynb
2026-03-04 11:18:02,2341720040,MOVE_RENAME_FILE,P1_JS02.ipynb → m02/p01.ipynb
2026-03-04 11:18:02,2341720040,MOVE_RENAME_FILE,P2_JS02.ipynb → m02/p02.ipynb
2026-03-04 11:18:02,2341720040,MOVE_RENAME_FILE,P3_JS02.ipynb → m02/p03.ipynb
2026-03-04 11:18:02,2341720040,MOVE_RENAME_FILE,P4_JS02.ipynb → m02/p04.ipynb
2026-03-04 11:18:02,2341720040,MOVE_RENAME_FILE,TP_2341720040.ipynb → None/tp01.ipynb
2026-03-04 11:18:02,2341720040,MOVE_RENAME_FILE,P1_JS03.ipynb → m03/p01.ipynb
2026-03-04 11:18:02,2341720040,MOVE_RENAME_FILE,P2_JS03.ipynb → m03/p02.ipynb
2026-03-04 11:18:02,2341720040,MOVE_RENAME_FILE,P3_JS03.ipynb → m03/p03.ipynb
2026-03-04 11:18:02,2341720040,MOVE_RENAME_FILE,TP_JS03.ipynb → m03/tp01.ipynb
2026-03-04 11:18:02,2341720040,MOVE_RENAME_FILE,P1_JS05.ipynb → m05/p01.ipynb
2026-03-04 11:18:02,2341720040,MOVE_RENAME_FILE,P2_JS05.ipynb → m05/p02.ipynb
2026-03-04 11:18:02,2341720040,MOVE_RENAME_FILE,P3_JS05.ipynb → m05/p03.ipynb
2026-03-04 11:18:02,2341720040,MOVE_RENAME_FILE,TP_JS05.ipynb → m05/tp01.ipynb
2026-03-04 11:18:02,2341720040,MOVE_RENAME_FILE,P1_JS06.ipynb → m06/p01.ipynb
2026-03-04 11:18:02,2341720040,MOVE_RENAME_FILE,P2_JS06.ipynb → m06/p02.ipynb
2026-03-04 11:18:02,2341720040,MOVE_RENAME_FILE,TP_JS06.ipynb → m06/tp01.ipynb
2026-03-04 11:18:02,2341720040,MOVE_RENAME_FILE,P1_JS06.ipynb → m06/p01.ipynb
2026-03-04 11:18:02,2341720040,MOVE_RENAME_FILE,P2_JS06.ipynb → m06/p02.ipynb
2026-03-04 11:18:02,2341720040,MOVE_RENAME_FILE,P3_JS06.ipynb → m06/p03.ipynb
2026-03-04 11:18:02,2341720040,MOVE_RENAME_FILE,P4_JS06.ipynb → m06/p04.ipynb
2026-03-04 11:18:02,2341720040,MOVE_RENAME_FILE,P5_JS06.ipynb → m06/p05.ipynb
2026-03-04 11:18:02,2341720040,MOVE_RENAME_FILE,P6_JS06.ipynb → m06/p06.ipynb
2026-03-04 11:18:02,2341720040,MOVE_RENAME_FILE,TP_JS07.ipynb → m07/tp01.ipynb
2026-03-04 11:18:02,2341720040,MOVE_RENAME_FILE,P1_JS08.ipynb → m08/p01.ipynb
2026-03-04 11:18:02,2341720040,MOVE_RENAME_FILE,P2_JS08.ipynb → m08/p02.ipynb
2026-03-04 11:18:02,2341720040,MOVE_RENAME_FILE,TP_JS08.ipynb → m08/tp01.ipynb
2026-03-04 11:18:02,2341720040,MOVE_RENAME_FILE,P1_JS09.ipynb → m09/p01.ipynb
2026-03-04 11:18:02,2341720040,MOVE_RENAME_FILE,P2_JS09.ipynb → m09/p02.ipynb
2026-03-04 11:18:02,2341720040,MOVE_RENAME_FILE,P3_JS09.ipynb → m09/p03.ipynb
2026-03-04 11:18:02,2341720040,MOVE_RENAME_FILE,TP_JS09_1.ipynb → m09/tp01.ipynb
2026-03-04 11:18:02,2341720040,MOVE_RENAME_FILE,TP_JS09_2.ipynb → m09/tp02.ipynb
2026-03-04 11:18:02,2341720040,MOVE_RENAME_FILE,P1_JS11.ipynb → m11/p01.ipynb
2026-03-04 11:18:02,2341720040,MOVE_RENAME_FILE,P2_JS11.ipynb → m11/p02.ipynb
2026-03-04 11:18:02,2341720040,MOVE_RENAME_FILE,P3_JS11.ipynb → m11/p03.ipynb
2026-03-04 11:18:02,2341720040,MOVE_RENAME_FILE,P4_JS11.ipynb → m11/p04.ipynb
2026-03-04 11:18:02,2341720040,MOVE_RENAME_FILE,P5_JS11.ipynb → m11/p05.ipynb
2026-03-04 11:18:02,2341720040,MOVE_RENAME_FILE,TP_JS11.ipynb → m11/tp01.ipynb
2026-03-04 11:18:02,2341720040,MOVE_RENAME_FILE,P1_JS13.ipynb → m13/p01.ipynb
2026-03-04 11:18:02,2341720040,MOVE_RENAME_FILE,P2_JS13.ipynb → m13/p02.ipynb
2026-03-04 11:18:02,2341720040,MOVE_RENAME_FILE,P3_JS13.ipynb → m13/p03.ipynb
2026-03-04 11:18:02,2341720040,MOVE_RENAME_FILE,TP_JS13.ipynb → m13/tp01.ipynb
2026-03-04 11:18:02,2341720040,MOVE_RENAME_FILE,P1_JS14.ipynb → m14/p01.ipynb
2026-03-04 11:18:02,2341720040,MOVE_RENAME_FILE,P2_JS14.ipynb → m14/p02.ipynb
2026-03-04 11:18:02,2341720040,MOVE_RENAME_FILE,TP_JS14.ipynb → m14/tp01.ipynb
2026-03-04 11:18:02,2341720040,MOVE_RENAME_FILE,P1_JS14.ipynb → m14/p01.ipynb
2026-03-04 11:18:02,2341720040,MOVE_RENAME_FILE,P2_JS14.ipynb → m14/p02.ipynb
2026-03-04 11:18:02,2341720040,MOVE_RENAME_FILE,test1_(1).ipynb → None/test1_(1).ipynb
2026-03-04 11:18:02,2341720040,MOVE_RENAME_FILE,controller.py → None/controller.py
2026-03-04 11:18:02,2341720040,MOVE_RENAME_FILE,model_loader.py → None/model_loader.py
2026-03-04 11:18:02,2341720040,MOVE_RENAME_FILE,schemas.py → None/schemas.py
2026-03-04 11:18:02,2341720040,MOVE_RENAME_FILE,service.py → None/service.py
2026-03-04 11:18:02,2341720040,MOVE_RENAME_FILE,_init_.py → None/_init_.py
2026-03-04 11:18:02,2341720040,MOVE_RENAME_FILE,tp01.ipynb → None/tp02.ipynb
2026-03-04 11:18:03,2341720041,RENAME_FOLDER,JS01 → m01
2026-03-04 11:18:03,2341720041,RENAME_FOLDER,JS02 → m02
2026-03-04 11:18:03,2341720041,RENAME_FOLDER,JS03 → m03
2026-03-04 11:18:03,2341720041,RENAME_FOLDER,JS04 → m04
2026-03-04 11:18:03,2341720041,RENAME_FOLDER,JS05 → m05
2026-03-04 11:18:03,2341720041,RENAME_FOLDER,JS06 → m06
2026-03-04 11:18:03,2341720041,RENAME_FOLDER,JS07 → m07
2026-03-04 11:18:03,2341720041,RENAME_FOLDER,JS09 → m09
2026-03-04 11:18:03,2341720041,RENAME_FOLDER,JS11 → m11
2026-03-04 11:18:03,2341720041,RENAME_FOLDER,JS13 → m13
2026-03-04 11:18:03,2341720041,RENAME_FOLDER,JS14 → m14
2026-03-04 11:18:03,2341720041,RENAME_FOLDER,JS15 → m15
2026-03-04 11:18:03,2341720041,RENAME_FOLDER,KUIS1 → kuis
2026-03-04 11:18:03,2341720041,MERGE_FOLDER,UTS → uts
2026-03-04 11:18:03,2341720041,MOVE_RENAME_FILE,JS04 - SOAL KUIS1 ML.ipynb → kuis/kuis.ipynb
2026-03-04 11:18:03,2341720041,MOVE_RENAME_FILE,P1_JS01.ipynb → m01/p01.ipynb
2026-03-04 11:18:03,2341720041,MOVE_RENAME_FILE,P1_JS02.ipynb → m02/p01.ipynb
2026-03-04 11:18:03,2341720041,MOVE_RENAME_FILE,P2_JS02.ipynb → m02/p02.ipynb
2026-03-04 11:18:03,2341720041,MOVE_RENAME_FILE,P3_JS02.ipynb → m02/p03.ipynb
2026-03-04 11:18:03,2341720041,MOVE_RENAME_FILE,P4_JS02.ipynb → m02/p04.ipynb
2026-03-04 11:18:03,2341720041,MOVE_RENAME_FILE,TP_JS02.ipynb → m02/tp01.ipynb
2026-03-04 11:18:03,2341720041,MOVE_RENAME_FILE,P1_JS03.ipynb → m03/p01.ipynb
2026-03-04 11:18:03,2341720041,MOVE_RENAME_FILE,P2_JS03.ipynb → m03/p02.ipynb
2026-03-04 11:18:03,2341720041,MOVE_RENAME_FILE,P3_JS03.ipynb → m03/p03.ipynb
2026-03-04 11:18:03,2341720041,MOVE_RENAME_FILE,P4_JS03.ipynb → m03/p04.ipynb
2026-03-04 11:18:03,2341720041,MOVE_RENAME_FILE,TP_JS03.ipynb → m03/tp01.ipynb
2026-03-04 11:18:03,2341720041,MOVE_RENAME_FILE,P1_JS04.ipynb → m04/p01.ipynb
2026-03-04 11:18:03,2341720041,MOVE_RENAME_FILE,P2_JS04.ipynb → m04/p02.ipynb
2026-03-04 11:18:03,2341720041,MOVE_RENAME_FILE,P3_JS04.ipynb → m04/p03.ipynb
2026-03-04 11:18:03,2341720041,MOVE_RENAME_FILE,TP_JS04.ipynb → m04/tp01.ipynb
2026-03-04 11:18:03,2341720041,MOVE_RENAME_FILE,P1_JS05.ipynb → m05/p01.ipynb
2026-03-04 11:18:03,2341720041,MOVE_RENAME_FILE,P2_JS05.ipynb → m05/p02.ipynb
2026-03-04 11:18:03,2341720041,MOVE_RENAME_FILE,TP_JS05.ipynb → m05/tp01.ipynb
2026-03-04 11:18:03,2341720041,MOVE_RENAME_FILE,P1_JS06.ipynb → m06/p01.ipynb
2026-03-04 11:18:03,2341720041,MOVE_RENAME_FILE,P2_JS06.ipynb → m06/p02.ipynb
2026-03-04 11:18:03,2341720041,MOVE_RENAME_FILE,TeoriDasar_2341720041.ipynb → None/TeoriDasar_2341720041.ipynb
2026-03-04 11:18:03,2341720041,MOVE_RENAME_FILE,P1_JS07.ipynb → m07/p01.ipynb
2026-03-04 11:18:03,2341720041,MOVE_RENAME_FILE,P2_JS07.ipynb → m07/p02.ipynb
2026-03-04 11:18:03,2341720041,MOVE_RENAME_FILE,P3_JS07.ipynb → m07/p03.ipynb
2026-03-04 11:18:03,2341720041,MOVE_RENAME_FILE,P4_JS07.ipynb → m07/p04.ipynb
2026-03-04 11:18:03,2341720041,MOVE_RENAME_FILE,P5_JS07.ipynb → m07/p05.ipynb
2026-03-04 11:18:03,2341720041,MOVE_RENAME_FILE,P6_JS07.ipynb → m07/p06.ipynb
2026-03-04 11:18:03,2341720041,MOVE_RENAME_FILE,TP_JS07.ipynb → m07/tp01.ipynb
2026-03-04 11:18:03,2341720041,MOVE_RENAME_FILE,P1_JS09.ipynb → m09/p01.ipynb
2026-03-04 11:18:03,2341720041,MOVE_RENAME_FILE,P2_JS09.ipynb → m09/p02.ipynb
2026-03-04 11:18:03,2341720041,MOVE_RENAME_FILE,P3_JS09.ipynb → m09/p03.ipynb
2026-03-04 11:18:03,2341720041,MOVE_RENAME_FILE,TP_JS09_1.ipynb → m09/tp01.ipynb
2026-03-04 11:18:03,2341720041,MOVE_RENAME_FILE,TP_JS09_2.ipynb → m09/tp02.ipynb
2026-03-04 11:18:03,2341720041,MOVE_RENAME_FILE,P1_JS11.ipynb → m11/p01.ipynb
2026-03-04 11:18:03,2341720041,MOVE_RENAME_FILE,P2_JS11.ipynb → m11/p02.ipynb
2026-03-04 11:18:03,2341720041,MOVE_RENAME_FILE,P3_JS11.ipynb → m11/p03.ipynb
2026-03-04 11:18:03,2341720041,MOVE_RENAME_FILE,P4_JS11.ipynb → m11/p04.ipynb
2026-03-04 11:18:03,2341720041,MOVE_RENAME_FILE,P5_JS11.ipynb → m11/p05.ipynb
2026-03-04 11:18:03,2341720041,MOVE_RENAME_FILE,TP_JS11.ipynb → m11/tp01.ipynb
2026-03-04 11:18:03,2341720041,MOVE_RENAME_FILE,P1_JS04.ipynb → m04/p01.ipynb
2026-03-04 11:18:03,2341720041,MOVE_RENAME_FILE,P2_JS13.ipynb → m13/p02.ipynb
2026-03-04 11:18:03,2341720041,MOVE_RENAME_FILE,P3_JS13.ipynb → m13/p03.ipynb
2026-03-04 11:18:03,2341720041,MOVE_RENAME_FILE,TP_JS13.ipynb → m13/tp01.ipynb
2026-03-04 11:18:03,2341720041,MOVE_RENAME_FILE,P1_JS14.ipynb → m14/p01.ipynb
2026-03-04 11:18:03,2341720041,MOVE_RENAME_FILE,P2_JS14.ipynb → m14/p02.ipynb
2026-03-04 11:18:03,2341720041,MOVE_RENAME_FILE,TP_JS14.ipynb → m14/tp01.ipynb
2026-03-04 11:18:03,2341720041,MOVE_RENAME_FILE,P1_JS15.ipynb → m15/p01.ipynb
2026-03-04 11:18:03,2341720041,MOVE_RENAME_FILE,P2_JS15.ipynb → m15/p02.ipynb
2026-03-04 11:18:03,2341720041,MOVE_RENAME_FILE,app.py → None/app.py
2026-03-04 11:18:03,2341720041,MOVE_RENAME_FILE,app_api.py → None/app_api.py
2026-03-04 11:18:03,2341720041,MOVE_RENAME_FILE,Deteksi_Buah_PBL.ipynb → pbl/pbl.ipynb
2026-03-04 11:18:03,2341720047,RENAME_FOLDER,JS01 → m01
2026-03-04 11:18:03,2341720047,RENAME_FOLDER,JS02 → m02
2026-03-04 11:18:03,2341720047,RENAME_FOLDER,JS03 → m03
2026-03-04 11:18:03,2341720047,RENAME_FOLDER,JS04 → m04
2026-03-04 11:18:03,2341720047,RENAME_FOLDER,JS05 → m05
2026-03-04 11:18:03,2341720047,RENAME_FOLDER,JS06 → m06
2026-03-04 11:18:03,2341720047,RENAME_FOLDER,JS07 → m07
2026-03-04 11:18:03,2341720047,RENAME_FOLDER,JS08 → m08
2026-03-04 11:18:03,2341720047,RENAME_FOLDER,JS09 → m09
2026-03-04 11:18:03,2341720047,RENAME_FOLDER,JS11 → m11
2026-03-04 11:18:03,2341720047,RENAME_FOLDER,JS13 → m13
2026-03-04 11:18:03,2341720047,RENAME_FOLDER,JS14 → m14
2026-03-04 11:18:03,2341720047,RENAME_FOLDER,JS15 → m15
2026-03-04 11:18:03,2341720047,MERGE_FOLDER,KELOMPOK → kelompok
2026-03-04 11:18:03,2341720047,MERGE_FOLDER,KUIS → kuis
2026-03-04 11:18:03,2341720047,RENAME_FOLDER,PBL_KELOMPOK1 → pbl
2026-03-04 11:18:03,2341720047,MOVE_RENAME_FILE,P1_JS01.ipynb → m01/p01.ipynb
2026-03-04 11:18:03,2341720047,MOVE_RENAME_FILE,TP_JS01.ipynb → m01/tp01.ipynb
2026-03-04 11:18:03,2341720047,MOVE_RENAME_FILE,P1_JS02.ipynb → m02/p01.ipynb
2026-03-04 11:18:03,2341720047,MOVE_RENAME_FILE,P2_JS02.ipynb → m02/p02.ipynb
2026-03-04 11:18:03,2341720047,MOVE_RENAME_FILE,P3_JS02.ipynb → m02/p03.ipynb
2026-03-04 11:18:03,2341720047,MOVE_RENAME_FILE,P4_JS02.ipynb → m02/p04.ipynb
2026-03-04 11:18:03,2341720047,MOVE_RENAME_FILE,TP_JS02.ipynb → m02/tp01.ipynb
2026-03-04 11:18:03,2341720047,MOVE_RENAME_FILE,P1_JS03.ipynb → m03/p01.ipynb
2026-03-04 11:18:03,2341720047,MOVE_RENAME_FILE,P2_JS03.ipynb → m03/p02.ipynb
2026-03-04 11:18:03,2341720047,MOVE_RENAME_FILE,P3_JS03.ipynb → m03/p03.ipynb
2026-03-04 11:18:03,2341720047,MOVE_RENAME_FILE,P4_JS03.ipynb → m03/p04.ipynb
2026-03-04 11:18:03,2341720047,MOVE_RENAME_FILE,TP_JS03.ipynb → m03/tp01.ipynb
2026-03-04 11:18:03,2341720047,MOVE_RENAME_FILE,P1_JS04.ipynb → m04/p01.ipynb
2026-03-04 11:18:03,2341720047,MOVE_RENAME_FILE,P2_JS04.ipynb → m04/p02.ipynb
2026-03-04 11:18:03,2341720047,MOVE_RENAME_FILE,P3_JS04.ipynb → m04/p03.ipynb
2026-03-04 11:18:03,2341720047,MOVE_RENAME_FILE,TP_JS04.ipynb → m04/tp01.ipynb
2026-03-04 11:18:03,2341720047,MOVE_RENAME_FILE,P1_JS05.ipynb → m05/p01.ipynb
2026-03-04 11:18:03,2341720047,MOVE_RENAME_FILE,P2_JS05.ipynb → m05/p02.ipynb
2026-03-04 11:18:03,2341720047,MOVE_RENAME_FILE,TP_JS05.ipynb → m05/tp01.ipynb
2026-03-04 11:18:03,2341720047,MOVE_RENAME_FILE,P1_JS06.ipynb → m06/p01.ipynb
2026-03-04 11:18:03,2341720047,MOVE_RENAME_FILE,P2_JS06.ipynb → m06/p02.ipynb
2026-03-04 11:18:03,2341720047,MOVE_RENAME_FILE,TP_JS06.ipynb → m06/tp01.ipynb
2026-03-04 11:18:03,2341720047,MOVE_RENAME_FILE,P1_JS07.ipynb → m07/p01.ipynb
2026-03-04 11:18:03,2341720047,MOVE_RENAME_FILE,P2_JS07.ipynb → m07/p02.ipynb
2026-03-04 11:18:03,2341720047,MOVE_RENAME_FILE,P3_JS07.ipynb → m07/p03.ipynb
2026-03-04 11:18:03,2341720047,MOVE_RENAME_FILE,P4_JS07.ipynb → m07/p04.ipynb
2026-03-04 11:18:03,2341720047,MOVE_RENAME_FILE,P5_JS07.ipynb → m07/p05.ipynb
2026-03-04 11:18:03,2341720047,MOVE_RENAME_FILE,P6_JS07.ipynb → m07/p06.ipynb
2026-03-04 11:18:03,2341720047,MOVE_RENAME_FILE,TP_JS07.ipynb → m07/tp01.ipynb
2026-03-04 11:18:03,2341720047,MOVE_RENAME_FILE,TP_JS08.ipynb → m08/tp01.ipynb
2026-03-04 11:18:03,2341720047,MOVE_RENAME_FILE,P1_JS09.ipynb → m09/p01.ipynb
2026-03-04 11:18:03,2341720047,MOVE_RENAME_FILE,P2_JS09.ipynb → m09/p02.ipynb
2026-03-04 11:18:03,2341720047,MOVE_RENAME_FILE,P3_JS09.ipynb → m09/p03.ipynb
2026-03-04 11:18:03,2341720047,MOVE_RENAME_FILE,TP_JS09_1.ipynb → m09/tp01.ipynb
2026-03-04 11:18:03,2341720047,MOVE_RENAME_FILE,TP_JS09_2.ipynb → m09/tp02.ipynb
2026-03-04 11:18:03,2341720047,MOVE_RENAME_FILE,P1_JS11.ipynb → m11/p01.ipynb
2026-03-04 11:18:03,2341720047,MOVE_RENAME_FILE,P2_JS11.ipynb → m11/p02.ipynb
2026-03-04 11:18:03,2341720047,MOVE_RENAME_FILE,P3_JS11.ipynb → m11/p03.ipynb
2026-03-04 11:18:03,2341720047,MOVE_RENAME_FILE,P4_JS11.ipynb → m11/p04.ipynb
2026-03-04 11:18:03,2341720047,MOVE_RENAME_FILE,P5_JS11.ipynb → m11/p05.ipynb
2026-03-04 11:18:03,2341720047,MOVE_RENAME_FILE,TP_JS11.ipynb → m11/tp01.ipynb
2026-03-04 11:18:03,2341720047,MOVE_RENAME_FILE,P1_JS13.ipynb → m13/p01.ipynb
2026-03-04 11:18:03,2341720047,MOVE_RENAME_FILE,P2_JS13.ipynb → m13/p02.ipynb
2026-03-04 11:18:03,2341720047,MOVE_RENAME_FILE,P3_JS13.ipynb → m13/p03.ipynb
2026-03-04 11:18:03,2341720047,MOVE_RENAME_FILE,TP_JS13.ipynb → m13/tp01.ipynb
2026-03-04 11:18:03,2341720047,MOVE_RENAME_FILE,P1_JS14.ipynb → m14/p01.ipynb
2026-03-04 11:18:03,2341720047,MOVE_RENAME_FILE,P2_JS14.ipynb → m14/p02.ipynb
2026-03-04 11:18:03,2341720047,MOVE_RENAME_FILE,TP_JS14.ipynb → m14/tp01.ipynb
2026-03-04 11:18:03,2341720047,MOVE_RENAME_FILE,P1_JS15.ipynb → m15/p01.ipynb
2026-03-04 11:18:03,2341720047,MOVE_RENAME_FILE,app.py → m15/app.py
2026-03-04 11:18:03,2341720047,MOVE_RENAME_FILE,app.py → m15/app.py
2026-03-04 11:18:03,2341720047,MOVE_RENAME_FILE,PBL_KELOMPOK1.ipynb → pbl/pbl.ipynb
2026-03-04 11:18:03,2341720057,RENAME_FOLDER,JS01 → m01
2026-03-04 11:18:03,2341720057,RENAME_FOLDER,JS02 → m02
2026-03-04 11:18:03,2341720057,RENAME_FOLDER,JS03 → m03
2026-03-04 11:18:03,2341720057,RENAME_FOLDER,JS04 → m04
2026-03-04 11:18:03,2341720057,RENAME_FOLDER,JS05 → m05
2026-03-04 11:18:03,2341720057,RENAME_FOLDER,JS06 → m06
2026-03-04 11:18:03,2341720057,MERGE_FOLDER,JS06p → m06
2026-03-04 11:18:03,2341720057,RENAME_FOLDER,JS08 → m08
2026-03-04 11:18:03,2341720057,RENAME_FOLDER,JS09 → m09
2026-03-04 11:18:03,2341720057,RENAME_FOLDER,JS11 → m11
2026-03-04 11:18:03,2341720057,RENAME_FOLDER,JS13 → m13
2026-03-04 11:18:03,2341720057,RENAME_FOLDER,JS14 → m14
2026-03-04 11:18:03,2341720057,RENAME_FOLDER,JS15 → m15
2026-03-04 11:18:03,2341720057,RENAME_FOLDER,PBL_Kelompok5 → pbl
2026-03-04 11:18:03,2341720057,MOVE_RENAME_FILE,TG1_2341720057_Khoirotun Nisa'.ipynb → None/TG1_2341720057_Khoirotun Nisa'.ipynb
2026-03-04 11:18:03,2341720057,MOVE_RENAME_FILE,P1_JS02.ipynb → m02/p01.ipynb
2026-03-04 11:18:03,2341720057,MOVE_RENAME_FILE,P2_JS02.ipynb → m02/p02.ipynb
2026-03-04 11:18:03,2341720057,MOVE_RENAME_FILE,P3_JS02.ipynb → m02/p03.ipynb
2026-03-04 11:18:03,2341720057,MOVE_RENAME_FILE,P4_JS02.ipynb → m02/p04.ipynb
2026-03-04 11:18:03,2341720057,MOVE_RENAME_FILE,TP_JS02.ipynb → m02/tp01.ipynb
2026-03-04 11:18:03,2341720057,MOVE_RENAME_FILE,P1_JS03.ipynb → m03/p01.ipynb
2026-03-04 11:18:03,2341720057,MOVE_RENAME_FILE,P2_JS03.ipynb → m03/p02.ipynb
2026-03-04 11:18:03,2341720057,MOVE_RENAME_FILE,P3_JS03.ipynb → m03/p03.ipynb
2026-03-04 11:18:03,2341720057,MOVE_RENAME_FILE,P4_JS03.ipynb → m03/p04.ipynb
2026-03-04 11:18:03,2341720057,MOVE_RENAME_FILE,TP_JS03.ipynb → m03/tp01.ipynb
2026-03-04 11:18:03,2341720057,MOVE_RENAME_FILE,P1_JS04.ipynb → m04/p01.ipynb
2026-03-04 11:18:03,2341720057,MOVE_RENAME_FILE,P2_JS04.ipynb → m04/p02.ipynb
2026-03-04 11:18:03,2341720057,MOVE_RENAME_FILE,P3_JS04.ipynb → m04/p03.ipynb
2026-03-04 11:18:03,2341720057,MOVE_RENAME_FILE,TP_JS04.ipynb → m04/tp01.ipynb
2026-03-04 11:18:03,2341720057,MOVE_RENAME_FILE,P1_JS05.ipynb → m05/p01.ipynb
2026-03-04 11:18:03,2341720057,MOVE_RENAME_FILE,P2_JS05 .ipynb → m05/p02.ipynb
2026-03-04 11:18:03,2341720057,MOVE_RENAME_FILE,TP_JS05.ipynb → m05/tp01.ipynb
2026-03-04 11:18:03,2341720057,MOVE_RENAME_FILE,P1_JS06.ipynb → m06/p01.ipynb
2026-03-04 11:18:03,2341720057,MOVE_RENAME_FILE,P1_JS07.ipynb → m07/p01.ipynb
2026-03-04 11:18:03,2341720057,MOVE_RENAME_FILE,P2_JS06.ipynb → m06/p02.ipynb
2026-03-04 11:18:03,2341720057,MOVE_RENAME_FILE,P2_JS07.ipynb → m07/p02.ipynb
2026-03-04 11:18:03,2341720057,MOVE_RENAME_FILE,P3_JS07.ipynb → m07/p03.ipynb
2026-03-04 11:18:03,2341720057,MOVE_RENAME_FILE,P4_JS07.ipynb → m07/p04.ipynb
2026-03-04 11:18:03,2341720057,MOVE_RENAME_FILE,P5_JS07.ipynb → m07/p05.ipynb
2026-03-04 11:18:03,2341720057,MOVE_RENAME_FILE,P6_JS07.ipynb → m07/p06.ipynb
2026-03-04 11:18:03,2341720057,MOVE_RENAME_FILE,TP_JS06.ipynb → m06/tp01.ipynb
2026-03-04 11:18:03,2341720057,MOVE_RENAME_FILE,TP_JS07.ipynb → m07/tp01.ipynb
2026-03-04 11:18:03,2341720057,MOVE_RENAME_FILE,TP_JS08.ipynb → m08/tp01.ipynb
2026-03-04 11:18:03,2341720057,MOVE_RENAME_FILE,P1_JS09.ipynb → m09/p01.ipynb
2026-03-04 11:18:03,2341720057,MOVE_RENAME_FILE,P2_JS09.ipynb → m09/p02.ipynb
2026-03-04 11:18:03,2341720057,MOVE_RENAME_FILE,P3_JS09.ipynb → m09/p03.ipynb
2026-03-04 11:18:03,2341720057,MOVE_RENAME_FILE,TP_JS09_1.ipynb → m09/tp01.ipynb
2026-03-04 11:18:03,2341720057,MOVE_RENAME_FILE,TP_JS09_2.ipynb → m09/tp02.ipynb
2026-03-04 11:18:03,2341720057,MOVE_RENAME_FILE,P1_JS11.ipynb → m11/p01.ipynb
2026-03-04 11:18:03,2341720057,MOVE_RENAME_FILE,P2_JS11.ipynb → m11/p02.ipynb
2026-03-04 11:18:03,2341720057,MOVE_RENAME_FILE,P3_JS11.ipynb → m11/p03.ipynb
2026-03-04 11:18:03,2341720057,MOVE_RENAME_FILE,P4_JS11.ipynb → m11/p04.ipynb
2026-03-04 11:18:03,2341720057,MOVE_RENAME_FILE,P5_JS11.ipynb → m11/p05.ipynb
2026-03-04 11:18:03,2341720057,MOVE_RENAME_FILE,TP_JS11.ipynb → m11/tp01.ipynb
2026-03-04 11:18:03,2341720057,MOVE_RENAME_FILE,P1_JS13.ipynb → m13/p01.ipynb
2026-03-04 11:18:03,2341720057,MOVE_RENAME_FILE,P2_JS13.ipynb → m13/p02.ipynb
2026-03-04 11:18:03,2341720057,MOVE_RENAME_FILE,P3_JS13.ipynb → m13/p03.ipynb
2026-03-04 11:18:03,2341720057,MOVE_RENAME_FILE,TP_JS13.ipynb → m13/tp01.ipynb
2026-03-04 11:18:03,2341720057,MOVE_RENAME_FILE,P1_JS14.ipynb → m14/p01.ipynb
2026-03-04 11:18:03,2341720057,MOVE_RENAME_FILE,P2_JS14.ipynb → m14/p02.ipynb
2026-03-04 11:18:03,2341720057,MOVE_RENAME_FILE,TP_JS14.ipynb → m14/tp01.ipynb
2026-03-04 11:18:03,2341720057,MOVE_RENAME_FILE,P1_JS15.ipynb → m15/p01.ipynb
2026-03-04 11:18:03,2341720057,MOVE_RENAME_FILE,main.py → pbl/pbl.py
2026-03-04 11:18:03,2341720057,MOVE_RENAME_FILE,__init__.py → pbl/pbl.py
2026-03-04 11:18:03,2341720057,MOVE_RENAME_FILE,layout_fingerprint.py → pbl/pbl.py
2026-03-04 11:18:03,2341720057,MOVE_RENAME_FILE,layout_validation_result.py → pbl/pbl.py
2026-03-04 11:18:03,2341720057,MOVE_RENAME_FILE,line_count_validation.py → pbl/pbl.py
2026-03-04 11:18:03,2341720057,MOVE_RENAME_FILE,line_extraction_result.py → pbl/pbl.py
2026-03-04 11:18:03,2341720057,MOVE_RENAME_FILE,verification.py → pbl/pbl.py
2026-03-04 11:18:03,2341720057,MOVE_RENAME_FILE,__init__.py → pbl/pbl.py
2026-03-04 11:18:03,2341720057,MOVE_RENAME_FILE,data_preprocessing.py → pbl/pbl.py
2026-03-04 11:18:03,2341720057,MOVE_RENAME_FILE,layout_aware_receipt_verification.py → pbl/pbl.py
2026-03-04 11:18:03,2341720057,MOVE_RENAME_FILE,text_extraction.py → pbl/pbl.py
2026-03-04 11:18:03,2341720057,MOVE_RENAME_FILE,text_segmentation.py → pbl/pbl.py
2026-03-04 11:18:03,2341720057,MOVE_RENAME_FILE,verify_authenticity.py → pbl/pbl.py
2026-03-04 11:18:03,2341720057,MOVE_RENAME_FILE,__init__.py → pbl/pbl.py
2026-03-04 11:18:03,2341720057,MOVE_RENAME_FILE,ml_model_loader.py → pbl/pbl.py
2026-03-04 11:18:03,2341720057,MOVE_RENAME_FILE,__init__.py → pbl/pbl.py
2026-03-04 11:18:03,2341720057,MOVE_RENAME_FILE,Dataset_preparation.ipynb → pbl/pbl.ipynb
2026-03-04 11:18:03,2341720057,MOVE_RENAME_FILE,Layout_Matching.ipynb → pbl/pbl.ipynb
2026-03-04 11:18:03,2341720057,MOVE_RENAME_FILE,ORB_SIFT_Method_Demo.ipynb → pbl/pbl.ipynb
2026-03-04 11:18:03,2341720057,MOVE_RENAME_FILE,Starter_Notebook.ipynb → pbl/pbl.ipynb
2026-03-04 11:18:03,2341720057,MOVE_RENAME_FILE,Text_Segmentation_OCR.ipynb → pbl/pbl.ipynb
2026-03-04 11:18:03,2341720057,MOVE_RENAME_FILE,Training_Pretrained_Model.ipynb → pbl/pbl.ipynb
2026-03-04 11:18:04,2341720057,MOVE_RENAME_FILE,Full_Pipeline_Fake_Receipt_Detection.ipynb → pbl/pbl.ipynb
2026-03-04 11:18:04,2341720057,MOVE_RENAME_FILE,OPTIMIZED_Full_Pipeline_Fake_Receipt_Detection.ipynb → pbl/pbl.ipynb
2026-03-04 11:18:04,2341720057,MOVE_RENAME_FILE,Image_Forensic.ipynb → pbl/pbl.ipynb
2026-03-04 11:18:04,2341720057,MOVE_RENAME_FILE,Simple_ML_Classification.ipynb → pbl/pbl.ipynb
2026-03-04 11:18:04,2341720057,MOVE_RENAME_FILE,Character_Labelling.ipynb → pbl/pbl.ipynb
2026-03-04 11:18:04,2341720057,MOVE_RENAME_FILE,Digital_Text_OCR.ipynb → pbl/pbl.ipynb
2026-03-04 11:18:04,2341720057,MOVE_RENAME_FILE,No_Deep_Learning_OCR_model.ipynb → pbl/pbl.ipynb
2026-03-04 11:18:04,2341720057,MOVE_RENAME_FILE,Pretrained_Model_OCR.ipynb → pbl/pbl.ipynb
2026-03-04 11:18:04,2341720057,MOVE_RENAME_FILE,JS04_KUIS1_ML.ipynb → kuis/kuis.ipynb
2026-03-04 11:18:04,2341720062,RENAME_FOLDER,JS01 → m01
2026-03-04 11:18:04,2341720062,RENAME_FOLDER,JS02 → m02
2026-03-04 11:18:04,2341720062,RENAME_FOLDER,JS03 → m03
2026-03-04 11:18:04,2341720062,RENAME_FOLDER,JS04 → m04
2026-03-04 11:18:04,2341720062,RENAME_FOLDER,JS05 → m05
2026-03-04 11:18:04,2341720062,RENAME_FOLDER,JS06 → m06
2026-03-04 11:18:04,2341720062,RENAME_FOLDER,JS07 → m07
2026-03-04 11:18:04,2341720062,RENAME_FOLDER,JS08 → m08
2026-03-04 11:18:04,2341720062,RENAME_FOLDER,JS09 → m09
2026-03-04 11:18:04,2341720062,RENAME_FOLDER,JS11 → m11
2026-03-04 11:18:04,2341720062,RENAME_FOLDER,JS13 → m13
2026-03-04 11:18:04,2341720062,RENAME_FOLDER,JS14 → m14
2026-03-04 11:18:04,2341720062,RENAME_FOLDER,JS15 → m15
2026-03-04 11:18:04,2341720062,MERGE_FOLDER,KELOMPOK → kelompok
2026-03-04 11:18:04,2341720062,MERGE_FOLDER,KUIS → kuis
2026-03-04 11:18:04,2341720062,RENAME_FOLDER,PBL_KELOMPOK6 → pbl
2026-03-04 11:18:04,2341720062,MOVE_RENAME_FILE,P1_JS01.ipynb → m01/p01.ipynb
2026-03-04 11:18:04,2341720062,MOVE_RENAME_FILE,TP_JS01.ipynb → m01/tp01.ipynb
2026-03-04 11:18:04,2341720062,MOVE_RENAME_FILE,P1_JS02.ipynb → m02/p01.ipynb
2026-03-04 11:18:04,2341720062,MOVE_RENAME_FILE,P2_JS02.ipynb → m02/p02.ipynb
2026-03-04 11:18:04,2341720062,MOVE_RENAME_FILE,P3_JS03.ipynb → m03/p03.ipynb
2026-03-04 11:18:04,2341720062,MOVE_RENAME_FILE,P4_JS04.ipynb → m04/p04.ipynb
2026-03-04 11:18:04,2341720062,MOVE_RENAME_FILE,TP_JS02.ipynb → m02/tp01.ipynb
2026-03-04 11:18:04,2341720062,MOVE_RENAME_FILE,p03.ipynb → None/p03.ipynb
2026-03-04 11:18:04,2341720062,MOVE_RENAME_FILE,P1_JS03.ipynb → m03/p01.ipynb
2026-03-04 11:18:04,2341720062,MOVE_RENAME_FILE,P2_JS03.ipynb → m03/p02.ipynb
2026-03-04 11:18:04,2341720062,MOVE_RENAME_FILE,P3_JS03.ipynb → m03/p03.ipynb
2026-03-04 11:18:04,2341720062,MOVE_RENAME_FILE,P4_JS04.ipynb → m04/p04.ipynb
2026-03-04 11:18:04,2341720062,MOVE_RENAME_FILE,TP_JS01.ipynb → m01/tp02.ipynb
2026-03-04 11:18:04,2341720062,MOVE_RENAME_FILE,p04.ipynb → None/p04.ipynb
2026-03-04 11:18:04,2341720062,MOVE_RENAME_FILE,P1_JS04.ipynb → m04/p01.ipynb
2026-03-04 11:18:04,2341720062,MOVE_RENAME_FILE,P2_JS04.ipynb → m04/p02.ipynb
2026-03-04 11:18:04,2341720062,MOVE_RENAME_FILE,P3_JS04.ipynb → m04/p03.ipynb
2026-03-04 11:18:04,2341720062,MOVE_RENAME_FILE,TP_JS04.ipynb → m04/tp01.ipynb
2026-03-04 11:18:04,2341720062,MOVE_RENAME_FILE,P1_JS05.ipynb → m05/p01.ipynb
2026-03-04 11:18:04,2341720062,MOVE_RENAME_FILE,P2_JS05.ipynb → m05/p02.ipynb
2026-03-04 11:18:05,2341720062,MOVE_RENAME_FILE,TP_JS05.ipynb → m05/tp01.ipynb
2026-03-04 11:18:05,2341720062,MOVE_RENAME_FILE,P1_JS06.ipynb → m06/p01.ipynb
2026-03-04 11:18:05,2341720062,MOVE_RENAME_FILE,P2_JS06.ipynb → m06/p02.ipynb
2026-03-04 11:18:05,2341720062,MOVE_RENAME_FILE,TP_JS06.ipynb → m06/tp01.ipynb
2026-03-04 11:18:05,2341720062,MOVE_RENAME_FILE,P1_JS07.ipynb → m07/p01.ipynb
2026-03-04 11:18:05,2341720062,MOVE_RENAME_FILE,P2_JS07.ipynb → m07/p02.ipynb
2026-03-04 11:18:05,2341720062,MOVE_RENAME_FILE,P3_JS07.ipynb → m07/p03.ipynb
2026-03-04 11:18:05,2341720062,MOVE_RENAME_FILE,P4_JS07.ipynb → m07/p04.ipynb
2026-03-04 11:18:05,2341720062,MOVE_RENAME_FILE,P5_JS07.ipynb → m07/p05.ipynb
2026-03-04 11:18:05,2341720062,MOVE_RENAME_FILE,P6_JS07.ipynb → m07/p06.ipynb
2026-03-04 11:18:05,2341720062,MOVE_RENAME_FILE,TP_JS07.ipynb → m07/tp01.ipynb
2026-03-04 11:18:05,2341720062,MOVE_RENAME_FILE,TP_JS08.ipynb → m08/tp01.ipynb
2026-03-04 11:18:05,2341720062,MOVE_RENAME_FILE,P1_JS09.ipynb → m09/p01.ipynb
2026-03-04 11:18:05,2341720062,MOVE_RENAME_FILE,P2_JS09.ipynb → m09/p02.ipynb
2026-03-04 11:18:05,2341720062,MOVE_RENAME_FILE,P3_JS09.ipynb → m09/p03.ipynb
2026-03-04 11:18:05,2341720062,MOVE_RENAME_FILE,TP_JS09_1.ipynb → m09/tp01.ipynb
2026-03-04 11:18:05,2341720062,MOVE_RENAME_FILE,TP_JS09_2.ipynb → m09/tp02.ipynb
2026-03-04 11:18:05,2341720062,MOVE_RENAME_FILE,P1_JS11.ipynb → m11/p01.ipynb
2026-03-04 11:18:05,2341720062,MOVE_RENAME_FILE,P2_JS11.ipynb → m11/p02.ipynb
2026-03-04 11:18:05,2341720062,MOVE_RENAME_FILE,P3_JS11.ipynb → m11/p03.ipynb
2026-03-04 11:18:05,2341720062,MOVE_RENAME_FILE,P4_JS11.ipynb → m11/p04.ipynb
2026-03-04 11:18:05,2341720062,MOVE_RENAME_FILE,P5_JS11.ipynb → m11/p05.ipynb
2026-03-04 11:18:05,2341720062,MOVE_RENAME_FILE,TP_JS11.ipynb → m11/tp01.ipynb
2026-03-04 11:18:05,2341720062,MOVE_RENAME_FILE,P1_JS13.ipynb → m13/p01.ipynb
2026-03-04 11:18:05,2341720062,MOVE_RENAME_FILE,P2_JS13.ipynb → m13/p02.ipynb
2026-03-04 11:18:05,2341720062,MOVE_RENAME_FILE,P3_JS13.ipynb → m13/p03.ipynb
2026-03-04 11:18:05,2341720062,MOVE_RENAME_FILE,TP_JS13.ipynb → m13/tp01.ipynb
2026-03-04 11:18:05,2341720062,MOVE_RENAME_FILE,P1_JS14.ipynb → m14/p01.ipynb
2026-03-04 11:18:05,2341720062,MOVE_RENAME_FILE,P2_JS14 .ipynb → m14/p02.ipynb
2026-03-04 11:18:05,2341720062,MOVE_RENAME_FILE,TP_JS14.ipynb → m14/tp01.ipynb
2026-03-04 11:18:05,2341720062,MOVE_RENAME_FILE,P1_JS15.ipynb → m15/p01.ipynb
2026-03-04 11:18:05,2341720062,MOVE_RENAME_FILE,app.py → None/app.py
2026-03-04 11:18:05,2341720062,MOVE_RENAME_FILE,ANN_SPLIT_10_90.ipynb → pbl/pbl.ipynb
2026-03-04 11:18:05,2341720062,MOVE_RENAME_FILE,ANN_SPLIT_20_80.ipynb → pbl/pbl.ipynb
2026-03-04 11:18:05,2341720062,MOVE_RENAME_FILE,ANN_SPLIT_30_70.ipynb → pbl/pbl.ipynb
2026-03-04 11:18:05,2341720062,MOVE_RENAME_FILE,ANN_SPLIT_40_60.ipynb → pbl/pbl.ipynb
2026-03-04 11:18:05,2341720062,MOVE_RENAME_FILE,ANN_SPLIT_50_50.ipynb → pbl/pbl.ipynb
2026-03-04 11:18:05,2341720062,MOVE_RENAME_FILE,ANN_SPLIT_60_40.ipynb → pbl/pbl.ipynb
2026-03-04 11:18:05,2341720062,MOVE_RENAME_FILE,ANN_SPLIT_70_30.ipynb → pbl/pbl.ipynb
2026-03-04 11:18:05,2341720062,MOVE_RENAME_FILE,ANN_SPLIT_80_20.ipynb → pbl/pbl.ipynb
2026-03-04 11:18:05,2341720062,MOVE_RENAME_FILE,ANN_SPLIT_90_10.ipynb → pbl/pbl.ipynb
2026-03-04 11:18:05,2341720062,MOVE_RENAME_FILE,SVM_SPLIT_10_90.ipynb → pbl/pbl.ipynb
2026-03-04 11:18:05,2341720062,MOVE_RENAME_FILE,SVM_SPLIT_20_80.ipynb → pbl/pbl.ipynb
2026-03-04 11:18:05,2341720062,MOVE_RENAME_FILE,SVM_SPLIT_30_70.ipynb → pbl/pbl.ipynb
2026-03-04 11:18:05,2341720062,MOVE_RENAME_FILE,SVM_SPLIT_40_60.ipynb → pbl/pbl.ipynb
2026-03-04 11:18:05,2341720062,MOVE_RENAME_FILE,SVM_SPLIT_50_50.ipynb → pbl/pbl.ipynb
2026-03-04 11:18:05,2341720062,MOVE_RENAME_FILE,SVM_SPLIT_60_40.ipynb → pbl/pbl.ipynb
2026-03-04 11:18:05,2341720062,MOVE_RENAME_FILE,SVM_SPLIT_70_30.ipynb → pbl/pbl.ipynb
2026-03-04 11:18:05,2341720062,MOVE_RENAME_FILE,SVM_SPLIT_80_20.ipynb → pbl/pbl.ipynb
2026-03-04 11:18:05,2341720062,MOVE_RENAME_FILE,SVM_SPLIT_90_10.ipynb → pbl/pbl.ipynb
2026-03-04 11:18:05,2341720070,RENAME_FOLDER,JS01 → m01
2026-03-04 11:18:05,2341720070,RENAME_FOLDER,JS02 → m02
2026-03-04 11:18:05,2341720070,RENAME_FOLDER,JS03 → m03
2026-03-04 11:18:05,2341720070,RENAME_FOLDER,JS04 → m04
2026-03-04 11:18:05,2341720070,RENAME_FOLDER,JS05 → m05
2026-03-04 11:18:05,2341720070,RENAME_FOLDER,JS06 → m06
2026-03-04 11:18:05,2341720070,RENAME_FOLDER,JS07 → m07
2026-03-04 11:18:05,2341720070,RENAME_FOLDER,JS08 → m08
2026-03-04 11:18:05,2341720070,RENAME_FOLDER,JS09 → m09
2026-03-04 11:18:05,2341720070,RENAME_FOLDER,JS11 → m11
2026-03-04 11:18:05,2341720070,RENAME_FOLDER,JS13 → m13
2026-03-04 11:18:05,2341720070,RENAME_FOLDER,JS14 → m14
2026-03-04 11:18:05,2341720070,RENAME_FOLDER,JS15 → m15
2026-03-04 11:18:05,2341720070,MOVE_RENAME_FILE,P1_JS01.ipynb → m01/p01.ipynb
2026-03-04 11:18:05,2341720070,MOVE_RENAME_FILE,P1_JS02.ipynb → m02/p01.ipynb
2026-03-04 11:18:05,2341720070,MOVE_RENAME_FILE,P2_JS02.ipynb → m02/p02.ipynb
2026-03-04 11:18:05,2341720070,MOVE_RENAME_FILE,P3_JS02.ipynb → m02/p03.ipynb
2026-03-04 11:18:05,2341720070,MOVE_RENAME_FILE,P4_JS02.ipynb → m02/p04.ipynb
2026-03-04 11:18:05,2341720070,MOVE_RENAME_FILE,TP_JS02 .ipynb → m02/tp01.ipynb
2026-03-04 11:18:05,2341720070,MOVE_RENAME_FILE,P1_JS03.ipynb → m03/p01.ipynb
2026-03-04 11:18:05,2341720070,MOVE_RENAME_FILE,P2_JS03.ipynb → m03/p02.ipynb
2026-03-04 11:18:05,2341720070,MOVE_RENAME_FILE,P3_JS03.ipynb → m03/p03.ipynb
2026-03-04 11:18:05,2341720070,MOVE_RENAME_FILE,P4_JS03.ipynb → m03/p04.ipynb
2026-03-04 11:18:05,2341720070,MOVE_RENAME_FILE,TP_JS03.ipynb → m03/tp01.ipynb
2026-03-04 11:18:05,2341720070,MOVE_RENAME_FILE,P1_JS04.ipynb → m04/p01.ipynb
2026-03-04 11:18:05,2341720070,MOVE_RENAME_FILE,P2_JS04.ipynb → m04/p02.ipynb
2026-03-04 11:18:05,2341720070,MOVE_RENAME_FILE,P3_JS04.ipynb → m04/p03.ipynb
2026-03-04 11:18:05,2341720070,MOVE_RENAME_FILE,TP_JS04.ipynb → m04/tp01.ipynb
2026-03-04 11:18:05,2341720070,MOVE_RENAME_FILE,P1_JS05.ipynb → m05/p01.ipynb
2026-03-04 11:18:05,2341720070,MOVE_RENAME_FILE,P2_JS05.ipynb → m05/p02.ipynb
2026-03-04 11:18:05,2341720070,MOVE_RENAME_FILE,TP_JS05.ipynb → m05/tp01.ipynb
2026-03-04 11:18:05,2341720070,MOVE_RENAME_FILE,P1_JS06.ipynb → m06/p01.ipynb
2026-03-04 11:18:05,2341720070,MOVE_RENAME_FILE,P2_JS06.ipynb → m06/p02.ipynb
2026-03-04 11:18:05,2341720070,MOVE_RENAME_FILE,TP_JS06.ipynb → m06/tp01.ipynb
2026-03-04 11:18:05,2341720070,MOVE_RENAME_FILE,P1_JS07.ipynb → m07/p01.ipynb
2026-03-04 11:18:05,2341720070,MOVE_RENAME_FILE,P2_JS07.ipynb → m07/p02.ipynb
2026-03-04 11:18:05,2341720070,MOVE_RENAME_FILE,P3_JS07.ipynb → m07/p03.ipynb
2026-03-04 11:18:05,2341720070,MOVE_RENAME_FILE,P4_JS07.ipynb → m07/p04.ipynb
2026-03-04 11:18:05,2341720070,MOVE_RENAME_FILE,P5_JS07.ipynb → m07/p05.ipynb
2026-03-04 11:18:05,2341720070,MOVE_RENAME_FILE,P6_JS07.ipynb → m07/p06.ipynb
2026-03-04 11:18:05,2341720070,MOVE_RENAME_FILE,TP_JS07.ipynb → m07/tp01.ipynb
2026-03-04 11:18:05,2341720070,MOVE_RENAME_FILE,TP_JS08.ipynb → m08/tp01.ipynb
2026-03-04 11:18:05,2341720070,MOVE_RENAME_FILE,P1_JS09.ipynb → m09/p01.ipynb
2026-03-04 11:18:05,2341720070,MOVE_RENAME_FILE,P2_JS09.ipynb → m09/p02.ipynb
2026-03-04 11:18:05,2341720070,MOVE_RENAME_FILE,P3_JS09.ipynb → m09/p03.ipynb
2026-03-04 11:18:05,2341720070,MOVE_RENAME_FILE,TP_JS09_1.ipynb → m09/tp01.ipynb
2026-03-04 11:18:05,2341720070,MOVE_RENAME_FILE,TP_JS09_2.ipynb → m09/tp02.ipynb
2026-03-04 11:18:05,2341720070,MOVE_RENAME_FILE,P1_JS11.ipynb → m11/p01.ipynb
2026-03-04 11:18:05,2341720070,MOVE_RENAME_FILE,P2_J11.ipynb → None/p02.ipynb
2026-03-04 11:18:05,2341720070,MOVE_RENAME_FILE,P3_JS11.ipynb → m11/p03.ipynb
2026-03-04 11:18:05,2341720070,MOVE_RENAME_FILE,P4_JS11.ipynb → m11/p04.ipynb
2026-03-04 11:18:05,2341720070,MOVE_RENAME_FILE,P5_JS11.ipynb → m11/p05.ipynb
2026-03-04 11:18:05,2341720070,MOVE_RENAME_FILE,TP_JS11.ipynb → m11/tp01.ipynb
2026-03-04 11:18:05,2341720070,MOVE_RENAME_FILE,P1_JS13.ipynb → m13/p01.ipynb
2026-03-04 11:18:05,2341720070,MOVE_RENAME_FILE,P2_JS13.ipynb → m13/p02.ipynb
2026-03-04 11:18:05,2341720070,MOVE_RENAME_FILE,P3_JS13.ipynb → m13/p03.ipynb
2026-03-04 11:18:05,2341720070,MOVE_RENAME_FILE,TP_JS13.ipynb → m13/tp01.ipynb
2026-03-04 11:18:05,2341720070,MOVE_RENAME_FILE,P1_JS14.ipynb → m14/p01.ipynb
2026-03-04 11:18:05,2341720070,MOVE_RENAME_FILE,P2_JS14.ipynb → m14/p02.ipynb
2026-03-04 11:18:05,2341720070,MOVE_RENAME_FILE,TP_JS14.ipynb → m14/tp01.ipynb
2026-03-04 11:18:05,2341720070,MOVE_RENAME_FILE,P1_JS15.ipynb → m15/p01.ipynb
2026-03-04 11:18:05,2341720070,MOVE_RENAME_FILE,P2_JS15.ipynb → m15/p02.ipynb
2026-03-04 11:18:05,2341720070,MOVE_RENAME_FILE,P3_JS15.ipynb → m15/p03.ipynb
2026-03-04 11:18:05,2341720070,MOVE_RENAME_FILE,TP_JS15_1.ipynb → m15/tp01.ipynb
2026-03-04 11:18:05,2341720070,MOVE_RENAME_FILE,TP_JS15_2.ipynb → m15/tp02.ipynb
2026-03-04 11:18:05,2341720070,MOVE_RENAME_FILE,app_api.py → None/app_api.py
2026-03-04 11:18:05,2341720070,MOVE_RENAME_FILE,Deteksi_Buah_PBL.ipynb → pbl/pbl.ipynb
2026-03-04 11:18:05,2341720072,RENAME_FOLDER,JS02 → m02
2026-03-04 11:18:05,2341720072,RENAME_FOLDER,JS03 → m03
2026-03-04 11:18:05,2341720072,RENAME_FOLDER,JS04 → m04
2026-03-04 11:18:05,2341720072,RENAME_FOLDER,JS05 → m05
2026-03-04 11:18:05,2341720072,RENAME_FOLDER,JS06 → m06
2026-03-04 11:18:05,2341720072,RENAME_FOLDER,JS07 → m07
2026-03-04 11:18:05,2341720072,RENAME_FOLDER,JS08 → m08
2026-03-04 11:18:05,2341720072,RENAME_FOLDER,JS09 → m09
2026-03-04 11:18:05,2341720072,RENAME_FOLDER,JS11 → m11
2026-03-04 11:18:05,2341720072,RENAME_FOLDER,JS13 → m13
2026-03-04 11:18:05,2341720072,RENAME_FOLDER,JS14 → m14
2026-03-04 11:18:05,2341720072,RENAME_FOLDER,JS15 → m15
2026-03-04 11:18:05,2341720072,MERGE_FOLDER,KELOMPOK → kelompok
2026-03-04 11:18:05,2341720072,RENAME_FOLDER,PBL_KELOMPOK2 → pbl
2026-03-04 11:18:05,2341720072,MOVE_RENAME_FILE,P1_JS02.ipynb → m02/p01.ipynb
2026-03-04 11:18:05,2341720072,MOVE_RENAME_FILE,P2_JS02.ipynb → m02/p02.ipynb
2026-03-04 11:18:05,2341720072,MOVE_RENAME_FILE,P3_JS02.ipynb → m02/p03.ipynb
2026-03-04 11:18:05,2341720072,MOVE_RENAME_FILE,P4_JS02.ipynb → m02/p04.ipynb
2026-03-04 11:18:05,2341720072,MOVE_RENAME_FILE,TP_JS02.ipynb → m02/tp01.ipynb
2026-03-04 11:18:05,2341720072,MOVE_RENAME_FILE,P1_JS03.ipynb → m03/p01.ipynb
2026-03-04 11:18:05,2341720072,MOVE_RENAME_FILE,P2_JS03.ipynb → m03/p02.ipynb
2026-03-04 11:18:05,2341720072,MOVE_RENAME_FILE,P3_JS03.ipynb → m03/p03.ipynb
2026-03-04 11:18:05,2341720072,MOVE_RENAME_FILE,P4_JS03.ipynb → m03/p04.ipynb
2026-03-04 11:18:05,2341720072,MOVE_RENAME_FILE,TP_JS03.ipynb → m03/tp01.ipynb
2026-03-04 11:18:05,2341720072,MOVE_RENAME_FILE,KUIS_JS04.ipynb → kuis/kuis.ipynb
2026-03-04 11:18:05,2341720072,MOVE_RENAME_FILE,P1_JS04.ipynb → m04/p01.ipynb
2026-03-04 11:18:05,2341720072,MOVE_RENAME_FILE,P2_JS04.ipynb → m04/p02.ipynb
2026-03-04 11:18:05,2341720072,MOVE_RENAME_FILE,P3_JS04.ipynb → m04/p03.ipynb
2026-03-04 11:18:05,2341720072,MOVE_RENAME_FILE,TP_JS04.ipynb → m04/tp01.ipynb
2026-03-04 11:18:05,2341720072,MOVE_RENAME_FILE,P1_JS05.ipynb → m05/p01.ipynb
2026-03-04 11:18:05,2341720072,MOVE_RENAME_FILE,P2_JS05.ipynb → m05/p02.ipynb
2026-03-04 11:18:05,2341720072,MOVE_RENAME_FILE,TP_JS05.ipynb → m05/tp01.ipynb
2026-03-04 11:18:05,2341720072,MOVE_RENAME_FILE,P1_JS06.ipynb → m06/p01.ipynb
2026-03-04 11:18:05,2341720072,MOVE_RENAME_FILE,P2_JS06.ipynb → m06/p02.ipynb
2026-03-04 11:18:05,2341720072,MOVE_RENAME_FILE,TP_JS06.ipynb → m06/tp01.ipynb
2026-03-04 11:18:05,2341720072,MOVE_RENAME_FILE,P1_JS07.ipynb → m07/p01.ipynb
2026-03-04 11:18:05,2341720072,MOVE_RENAME_FILE,P2_JS07.ipynb → m07/p02.ipynb
2026-03-04 11:18:05,2341720072,MOVE_RENAME_FILE,P3_JS07.ipynb → m07/p03.ipynb
2026-03-04 11:18:05,2341720072,MOVE_RENAME_FILE,P4_JS07.ipynb → m07/p04.ipynb
2026-03-04 11:18:05,2341720072,MOVE_RENAME_FILE,P5_JS07.ipynb → m07/p05.ipynb
2026-03-04 11:18:05,2341720072,MOVE_RENAME_FILE,P6_JS07.ipynb → m07/p06.ipynb
2026-03-04 11:18:05,2341720072,MOVE_RENAME_FILE,TPJS07.ipynb → m07/tp01.ipynb
2026-03-04 11:18:05,2341720072,MOVE_RENAME_FILE,TP_JS08.ipynb → m08/tp01.ipynb
2026-03-04 11:18:05,2341720072,MOVE_RENAME_FILE,P1_JS03_PML.ipynb → m03/p01.ipynb
2026-03-04 11:18:05,2341720072,MOVE_RENAME_FILE,P1_JS09.ipynb → m09/p01.ipynb
2026-03-04 11:18:05,2341720072,MOVE_RENAME_FILE,P2_JS09.ipynb → m09/p02.ipynb
2026-03-04 11:18:05,2341720072,MOVE_RENAME_FILE,P3_JS09.ipynb → m09/p03.ipynb
2026-03-04 11:18:05,2341720072,MOVE_RENAME_FILE,TP_JS09_1.ipynb → m09/tp01.ipynb
2026-03-04 11:18:05,2341720072,MOVE_RENAME_FILE,TP_JS09_2.ipynb → m09/tp02.ipynb
2026-03-04 11:18:05,2341720072,MOVE_RENAME_FILE,P1_JS11.ipynb → m11/p01.ipynb
2026-03-04 11:18:05,2341720072,MOVE_RENAME_FILE,P2_JS11.ipynb → m11/p02.ipynb
2026-03-04 11:18:05,2341720072,MOVE_RENAME_FILE,P3_JS11.ipynb → m11/p03.ipynb
2026-03-04 11:18:05,2341720072,MOVE_RENAME_FILE,P4_JS11.ipynb → m11/p04.ipynb
2026-03-04 11:18:05,2341720072,MOVE_RENAME_FILE,P5_JS11.ipynb → m11/p05.ipynb
2026-03-04 11:18:05,2341720072,MOVE_RENAME_FILE,TP_JS11.ipynb → m11/tp01.ipynb
2026-03-04 11:18:05,2341720072,MOVE_RENAME_FILE,P1_JS13.ipynb → m13/p01.ipynb
2026-03-04 11:18:05,2341720072,MOVE_RENAME_FILE,P2_JS13.ipynb → m13/p02.ipynb
2026-03-04 11:18:05,2341720072,MOVE_RENAME_FILE,P3_JS13.ipynb → m13/p03.ipynb
2026-03-04 11:18:05,2341720072,MOVE_RENAME_FILE,TP_JS13.ipynb → m13/tp01.ipynb
2026-03-04 11:18:06,2341720072,MOVE_RENAME_FILE,P1_JS14.ipynb → m14/p01.ipynb
2026-03-04 11:18:06,2341720072,MOVE_RENAME_FILE,P2_JS14.ipynb → m14/p02.ipynb
2026-03-04 11:18:06,2341720072,MOVE_RENAME_FILE,TP_JS14.ipynb → m14/tp01.ipynb
2026-03-04 11:18:06,2341720072,MOVE_RENAME_FILE,P1_JS15.ipynb → m15/p01.ipynb
2026-03-04 11:18:06,2341720072,MOVE_RENAME_FILE,app.ipynb → m15/app.ipynb
2026-03-04 11:18:06,2341720072,MOVE_RENAME_FILE,Final_PBL_KELOMPOK2.ipynb → pbl/pbl.ipynb
2026-03-04 11:18:06,2341720072,MOVE_RENAME_FILE,splittest_2080.ipynb → pbl/pbl.ipynb
2026-03-04 11:18:06,2341720072,MOVE_RENAME_FILE,splittest_3070.ipynb → pbl/pbl.ipynb
2026-03-04 11:18:06,2341720072,MOVE_RENAME_FILE,splittest_4060.ipynb → pbl/pbl.ipynb
2026-03-04 11:18:06,2341720072,MOVE_RENAME_FILE,splittest_5050.ipynb → pbl/pbl.ipynb
2026-03-04 11:18:07,2341720072,MOVE_RENAME_FILE,splittest_6040.ipynb → pbl/pbl.ipynb
2026-03-04 11:18:07,2341720072,MOVE_RENAME_FILE,splittest_7030.ipynb → pbl/pbl.ipynb
2026-03-04 11:18:07,2341720072,MOVE_RENAME_FILE,splittest_8020.ipynb → pbl/pbl.ipynb
2026-03-04 11:18:07,2341720072,MOVE_RENAME_FILE,splittest_9010.ipynb → pbl/pbl.ipynb
2026-03-04 11:18:08,2341720072,MOVE_RENAME_FILE,splittest_955.ipynb → pbl/pbl.ipynb
2026-03-04 11:18:08,2341720081,RENAME_FOLDER,JS02 → m02
2026-03-04 11:18:08,2341720081,RENAME_FOLDER,JS03 → m03
2026-03-04 11:18:08,2341720081,RENAME_FOLDER,JS04 → m04
2026-03-04 11:18:08,2341720081,RENAME_FOLDER,JS05 → m05
2026-03-04 11:18:08,2341720081,RENAME_FOLDER,JS06 → m06
2026-03-04 11:18:08,2341720081,RENAME_FOLDER,JS07 → m07
2026-03-04 11:18:08,2341720081,RENAME_FOLDER,JS08 → m08
2026-03-04 11:18:08,2341720081,RENAME_FOLDER,JS09 → m09
2026-03-04 11:18:08,2341720081,RENAME_FOLDER,JS11 → m11
2026-03-04 11:18:08,2341720081,RENAME_FOLDER,JS13 → m13
2026-03-04 11:18:08,2341720081,RENAME_FOLDER,JS14 → m14
2026-03-04 11:18:08,2341720081,RENAME_FOLDER,JS15 → m15
2026-03-04 11:18:08,2341720081,MERGE_FOLDER,PBL → pbl
2026-03-04 11:18:08,2341720081,MERGE_FOLDER,UTS → uts
2026-03-04 11:18:08,2341720081,MOVE_RENAME_FILE,P1_JS02.ipynb → m02/p01.ipynb
2026-03-04 11:18:08,2341720081,MOVE_RENAME_FILE,P2_JS02.ipynb → m02/p02.ipynb
2026-03-04 11:18:08,2341720081,MOVE_RENAME_FILE,P3_JS02.ipynb → m02/p03.ipynb
2026-03-04 11:18:08,2341720081,MOVE_RENAME_FILE,P4_JS02.ipynb → m02/p04.ipynb
2026-03-04 11:18:08,2341720081,MOVE_RENAME_FILE,TP_JS02.ipynb → m02/tp01.ipynb
2026-03-04 11:18:08,2341720081,MOVE_RENAME_FILE,P1_JS03.ipynb → m03/p01.ipynb
2026-03-04 11:18:08,2341720081,MOVE_RENAME_FILE,P2_JS03.ipynb → m03/p02.ipynb
2026-03-04 11:18:08,2341720081,MOVE_RENAME_FILE,P3_JS03.ipynb → m03/p03.ipynb
2026-03-04 11:18:08,2341720081,MOVE_RENAME_FILE,P4_JS03.ipynb → m03/p04.ipynb
2026-03-04 11:18:08,2341720081,MOVE_RENAME_FILE,TP_JS03.ipynb → m03/tp01.ipynb
2026-03-04 11:18:08,2341720081,MOVE_RENAME_FILE,P1_JS04.ipynb → m04/p01.ipynb
2026-03-04 11:18:08,2341720081,MOVE_RENAME_FILE,P2_JS04.ipynb → m04/p02.ipynb
2026-03-04 11:18:08,2341720081,MOVE_RENAME_FILE,P3_JS04.ipynb → m04/p03.ipynb
2026-03-04 11:18:08,2341720081,MOVE_RENAME_FILE,TP_JS04.ipynb → m04/tp01.ipynb
2026-03-04 11:18:08,2341720081,MOVE_RENAME_FILE,P1_JS05.ipynb → m05/p01.ipynb
2026-03-04 11:18:08,2341720081,MOVE_RENAME_FILE,P2_JS05.ipynb → m05/p02.ipynb
2026-03-04 11:18:08,2341720081,MOVE_RENAME_FILE,TP_JS05.ipynb → m05/tp01.ipynb
2026-03-04 11:18:08,2341720081,MOVE_RENAME_FILE,P1_JS06.ipynb → m06/p01.ipynb
2026-03-04 11:18:08,2341720081,MOVE_RENAME_FILE,P2_JS06.ipynb → m06/p02.ipynb
2026-03-04 11:18:08,2341720081,MOVE_RENAME_FILE,TP_JS06.ipynb → m06/tp01.ipynb
2026-03-04 11:18:08,2341720081,MOVE_RENAME_FILE,P1_JS07.ipynb → m07/p01.ipynb
2026-03-04 11:18:08,2341720081,MOVE_RENAME_FILE,P2_JS07.ipynb → m07/p02.ipynb
2026-03-04 11:18:08,2341720081,MOVE_RENAME_FILE,P3_JS07.ipynb → m07/p03.ipynb
2026-03-04 11:18:08,2341720081,MOVE_RENAME_FILE,P4_JS07.ipynb → m07/p04.ipynb
2026-03-04 11:18:08,2341720081,MOVE_RENAME_FILE,P5_JS07.ipynb → m07/p05.ipynb
2026-03-04 11:18:08,2341720081,MOVE_RENAME_FILE,P6_JS07.ipynb → m07/p06.ipynb
2026-03-04 11:18:08,2341720081,MOVE_RENAME_FILE,TP_JS07.ipynb → m07/tp01.ipynb
2026-03-04 11:18:08,2341720081,MOVE_RENAME_FILE,TP_JS08.ipynb → m08/tp01.ipynb
2026-03-04 11:18:08,2341720081,MOVE_RENAME_FILE,P1_JS09.ipynb → m09/p01.ipynb
2026-03-04 11:18:08,2341720081,MOVE_RENAME_FILE,P2_JS09.ipynb → m09/p02.ipynb
2026-03-04 11:18:08,2341720081,MOVE_RENAME_FILE,P3_JS09.ipynb → m09/p03.ipynb
2026-03-04 11:18:08,2341720081,MOVE_RENAME_FILE,TP_JS09_1.ipynb → m09/tp01.ipynb
2026-03-04 11:18:08,2341720081,MOVE_RENAME_FILE,TP_JS09_2.ipynb → m09/tp02.ipynb
2026-03-04 11:18:08,2341720081,MOVE_RENAME_FILE,P1_JS11.ipynb → m11/p01.ipynb
2026-03-04 11:18:08,2341720081,MOVE_RENAME_FILE,P2_JS11.ipynb → m11/p02.ipynb
2026-03-04 11:18:08,2341720081,MOVE_RENAME_FILE,P3_JS11.ipynb → m11/p03.ipynb
2026-03-04 11:18:08,2341720081,MOVE_RENAME_FILE,P4_JS11.ipynb → m11/p04.ipynb
2026-03-04 11:18:08,2341720081,MOVE_RENAME_FILE,P5_JS11.ipynb → m11/p05.ipynb
2026-03-04 11:18:08,2341720081,MOVE_RENAME_FILE,TP_JS11.ipynb → m11/tp01.ipynb
2026-03-04 11:18:08,2341720081,MOVE_RENAME_FILE,P1_JS13.ipynb → m13/p01.ipynb
2026-03-04 11:18:08,2341720081,MOVE_RENAME_FILE,P2_JS13.ipynb → m13/p02.ipynb
2026-03-04 11:18:08,2341720081,MOVE_RENAME_FILE,P3_JS13.ipynb → m13/p03.ipynb
2026-03-04 11:18:08,2341720081,MOVE_RENAME_FILE,TP_JS13.ipynb → m13/tp01.ipynb
2026-03-04 11:18:08,2341720081,MOVE_RENAME_FILE,P1_JS14.ipynb → m14/p01.ipynb
2026-03-04 11:18:08,2341720081,MOVE_RENAME_FILE,P2_JS14.ipynb → m14/p02.ipynb
2026-03-04 11:18:08,2341720081,MOVE_RENAME_FILE,TP_JS14.ipynb → m14/tp01.ipynb
2026-03-04 11:18:08,2341720081,MOVE_RENAME_FILE,P1_JS15.ipynb → m15/p01.ipynb
2026-03-04 11:18:08,2341720081,MOVE_RENAME_FILE,P2_JS15.ipynb → m15/p02.ipynb
2026-03-04 11:18:08,2341720083,RENAME_FOLDER,JS01 → m01
2026-03-04 11:18:08,2341720083,RENAME_FOLDER,JS02 → m02
2026-03-04 11:18:08,2341720083,RENAME_FOLDER,JS03 → m03
2026-03-04 11:18:08,2341720083,RENAME_FOLDER,JS04 → m04
2026-03-04 11:18:08,2341720083,RENAME_FOLDER,JS05 → m05
2026-03-04 11:18:08,2341720083,RENAME_FOLDER,JS06 → m06
2026-03-04 11:18:08,2341720083,RENAME_FOLDER,JS07 → m07
2026-03-04 11:18:08,2341720083,RENAME_FOLDER,JS08 → m08
2026-03-04 11:18:08,2341720083,RENAME_FOLDER,JS09 → m09
2026-03-04 11:18:08,2341720083,RENAME_FOLDER,JS11 → m11
2026-03-04 11:18:08,2341720083,RENAME_FOLDER,JS13 → m13
2026-03-04 11:18:08,2341720083,MOVE_RENAME_FILE,TI_3G_03_Afrizal_Qurratul_Faizin_UTS_ML.ipynb → uts/uts.ipynb
2026-03-04 11:18:08,2341720083,MOVE_RENAME_FILE,Tugas_Kelompok_Machine_Learning_Clustering.ipynb → kelompok/kelompok.ipynb
2026-03-04 11:18:08,2341720083,MOVE_RENAME_FILE,TP_JS01.ipynb → m01/tp01.ipynb
2026-03-04 11:18:08,2341720083,MOVE_RENAME_FILE,P1_JS02.ipynb → m02/p01.ipynb
2026-03-04 11:18:08,2341720083,MOVE_RENAME_FILE,P2_JS02.ipynb → m02/p02.ipynb
2026-03-04 11:18:08,2341720083,MOVE_RENAME_FILE,P3_JS02.ipynb → m02/p03.ipynb
2026-03-04 11:18:08,2341720083,MOVE_RENAME_FILE,P4_JS02.ipynb → m02/p04.ipynb
2026-03-04 11:18:08,2341720083,MOVE_RENAME_FILE,TP_JS02.ipynb → m02/tp01.ipynb
2026-03-04 11:18:08,2341720083,MOVE_RENAME_FILE,P1_JS03.ipynb → m03/p01.ipynb
2026-03-04 11:18:08,2341720083,MOVE_RENAME_FILE,P2_JS03.ipynb → m03/p02.ipynb
2026-03-04 11:18:08,2341720083,MOVE_RENAME_FILE,P3_JS03.ipynb → m03/p03.ipynb
2026-03-04 11:18:08,2341720083,MOVE_RENAME_FILE,P4_JS03.ipynb → m03/p04.ipynb
2026-03-04 11:18:08,2341720083,MOVE_RENAME_FILE,TP_JS03.ipynb → m03/tp01.ipynb
2026-03-04 11:18:08,2341720083,MOVE_RENAME_FILE,P1_JS04.ipynb → m04/p01.ipynb
2026-03-04 11:18:08,2341720083,MOVE_RENAME_FILE,P2_JS04.ipynb → m04/p02.ipynb
2026-03-04 11:18:08,2341720083,MOVE_RENAME_FILE,P3_JS04.ipynb → m04/p03.ipynb
2026-03-04 11:18:08,2341720083,MOVE_RENAME_FILE,TP_JS04.ipynb → m04/tp01.ipynb
2026-03-04 11:18:08,2341720083,MOVE_RENAME_FILE,P1_JS05.ipynb → m05/p01.ipynb
2026-03-04 11:18:08,2341720083,MOVE_RENAME_FILE,P2_JS05.ipynb → m05/p02.ipynb
2026-03-04 11:18:08,2341720083,MOVE_RENAME_FILE,TP_JS05.ipynb → m05/tp01.ipynb
2026-03-04 11:18:08,2341720083,MOVE_RENAME_FILE,P1_JS06.ipynb → m06/p01.ipynb
2026-03-04 11:18:08,2341720083,MOVE_RENAME_FILE,P2_JS06.ipynb → m06/p02.ipynb
2026-03-04 11:18:08,2341720083,MOVE_RENAME_FILE,TP_JS06.ipynb → m06/tp01.ipynb
2026-03-04 11:18:08,2341720083,MOVE_RENAME_FILE,P1_JS07.ipynb → m07/p01.ipynb
2026-03-04 11:18:08,2341720083,MOVE_RENAME_FILE,P2_JS07.ipynb → m07/p02.ipynb
2026-03-04 11:18:08,2341720083,MOVE_RENAME_FILE,P3_JS07.ipynb → m07/p03.ipynb
2026-03-04 11:18:08,2341720083,MOVE_RENAME_FILE,P4_JS07.ipynb → m07/p04.ipynb
2026-03-04 11:18:08,2341720083,MOVE_RENAME_FILE,P5_JS07.ipynb → m07/p05.ipynb
2026-03-04 11:18:08,2341720083,MOVE_RENAME_FILE,P6_JS07.ipynb → m07/p06.ipynb
2026-03-04 11:18:08,2341720083,MOVE_RENAME_FILE,TP_JS07.ipynb → m07/tp01.ipynb
2026-03-04 11:18:08,2341720083,MOVE_RENAME_FILE,TP_JS08.ipynb → m08/tp01.ipynb
2026-03-04 11:18:08,2341720083,MOVE_RENAME_FILE,P1_JS09.ipynb → m09/p01.ipynb
2026-03-04 11:18:08,2341720083,MOVE_RENAME_FILE,P2_JS09.ipynb → m09/p02.ipynb
2026-03-04 11:18:08,2341720083,MOVE_RENAME_FILE,P3_JS09.ipynb → m09/p03.ipynb
2026-03-04 11:18:08,2341720083,MOVE_RENAME_FILE,TP_JS09_1.ipynb → m09/tp01.ipynb
2026-03-04 11:18:08,2341720083,MOVE_RENAME_FILE,TP_JS09_2.ipynb → m09/tp02.ipynb
2026-03-04 11:18:08,2341720083,MOVE_RENAME_FILE,P1_JS11.ipynb → m11/p01.ipynb
2026-03-04 11:18:08,2341720083,MOVE_RENAME_FILE,P2_JS11.ipynb → m11/p02.ipynb
2026-03-04 11:18:08,2341720083,MOVE_RENAME_FILE,P3_JS11.ipynb → m11/p03.ipynb
2026-03-04 11:18:08,2341720083,MOVE_RENAME_FILE,P4_JS11.ipynb → m11/p04.ipynb
2026-03-04 11:18:08,2341720083,MOVE_RENAME_FILE,P5_JS11.ipynb → m11/p05.ipynb
2026-03-04 11:18:08,2341720083,MOVE_RENAME_FILE,TP_JS11.ipynb → m11/tp01.ipynb
2026-03-04 11:18:08,2341720083,MOVE_RENAME_FILE,P1_JS13.ipynb → m13/p01.ipynb
2026-03-04 11:18:08,2341720083,MOVE_RENAME_FILE,P2_JS13.ipynb → m13/p02.ipynb
2026-03-04 11:18:08,2341720083,MOVE_RENAME_FILE,P3_JS13.ipynb → m13/p03.ipynb
2026-03-04 11:18:08,2341720083,MOVE_RENAME_FILE,TP_JS13.ipynb → m13/tp01.ipynb
2026-03-04 11:18:08,2341720084,RENAME_FOLDER,JS02 → m02
2026-03-04 11:18:08,2341720084,RENAME_FOLDER,JS03 → m03
2026-03-04 11:18:08,2341720084,RENAME_FOLDER,JS04 → m04
2026-03-04 11:18:08,2341720084,RENAME_FOLDER,JS05 → m05
2026-03-04 11:18:08,2341720084,RENAME_FOLDER,JS06 → m06
2026-03-04 11:18:08,2341720084,RENAME_FOLDER,JS07 → m07
2026-03-04 11:18:08,2341720084,RENAME_FOLDER,JS08 → m08
2026-03-04 11:18:08,2341720084,RENAME_FOLDER,JS09 → m09
2026-03-04 11:18:08,2341720084,RENAME_FOLDER,JS11 → m11
2026-03-04 11:18:08,2341720084,RENAME_FOLDER,JS13 → m13
2026-03-04 11:18:08,2341720084,RENAME_FOLDER,JS14 → m14
2026-03-04 11:18:08,2341720084,RENAME_FOLDER,JS15 → m15
2026-03-04 11:18:08,2341720084,MERGE_FOLDER,Kelompok → kelompok
2026-03-04 11:18:08,2341720084,MERGE_FOLDER,KUIS → kuis
2026-03-04 11:18:08,2341720084,MOVE_RENAME_FILE,P1_JS02.ipynb → m02/p01.ipynb
2026-03-04 11:18:08,2341720084,MOVE_RENAME_FILE,P2_JS02.ipynb → m02/p02.ipynb
2026-03-04 11:18:08,2341720084,MOVE_RENAME_FILE,P3_JS02.ipynb → m02/p03.ipynb
2026-03-04 11:18:08,2341720084,MOVE_RENAME_FILE,P4_JS02.ipynb → m02/p04.ipynb
2026-03-04 11:18:08,2341720084,MOVE_RENAME_FILE,TP_JS02.ipynb → m02/tp01.ipynb
2026-03-04 11:18:08,2341720084,MOVE_RENAME_FILE,P1_JS03.ipynb → m03/p01.ipynb
2026-03-04 11:18:08,2341720084,MOVE_RENAME_FILE,P2_JS03.ipynb → m03/p02.ipynb
2026-03-04 11:18:08,2341720084,MOVE_RENAME_FILE,P3_JS03.ipynb → m03/p03.ipynb
2026-03-04 11:18:08,2341720084,MOVE_RENAME_FILE,P4_JS03.ipynb → m03/p04.ipynb
2026-03-04 11:18:08,2341720084,MOVE_RENAME_FILE,TP_JS03.ipynb → m03/tp01.ipynb
2026-03-04 11:18:08,2341720084,MOVE_RENAME_FILE,P1_JS04.ipynb → m04/p01.ipynb
2026-03-04 11:18:08,2341720084,MOVE_RENAME_FILE,P2_JS04.ipynb → m04/p02.ipynb
2026-03-04 11:18:08,2341720084,MOVE_RENAME_FILE,P3_JS04.ipynb → m04/p03.ipynb
2026-03-04 11:18:08,2341720084,MOVE_RENAME_FILE,TP_JS04.ipynb → m04/tp01.ipynb
2026-03-04 11:18:08,2341720084,MOVE_RENAME_FILE,P1_JS05.ipynb → m05/p01.ipynb
2026-03-04 11:18:08,2341720084,MOVE_RENAME_FILE,P2_JS05.ipynb → m05/p02.ipynb
2026-03-04 11:18:08,2341720084,MOVE_RENAME_FILE,TP_JS05.ipynb → m05/tp01.ipynb
2026-03-04 11:18:08,2341720084,MOVE_RENAME_FILE,P1_JS06.ipynb → m06/p01.ipynb
2026-03-04 11:18:08,2341720084,MOVE_RENAME_FILE,P2_JS06.ipynb → m06/p02.ipynb
2026-03-04 11:18:08,2341720084,MOVE_RENAME_FILE,TP_JS06.ipynb → m06/tp01.ipynb
2026-03-04 11:18:08,2341720084,MOVE_RENAME_FILE,P1_JS07.ipynb → m07/p01.ipynb
2026-03-04 11:18:08,2341720084,MOVE_RENAME_FILE,P2_JS07.ipynb → m07/p02.ipynb
2026-03-04 11:18:08,2341720084,MOVE_RENAME_FILE,P3_JS07.ipynb → m07/p03.ipynb
2026-03-04 11:18:08,2341720084,MOVE_RENAME_FILE,P4_JS07.ipynb → m07/p04.ipynb
2026-03-04 11:18:08,2341720084,MOVE_RENAME_FILE,P5_JS07.ipynb → m07/p05.ipynb
2026-03-04 11:18:08,2341720084,MOVE_RENAME_FILE,P6_JS07.ipynb → m07/p06.ipynb
2026-03-04 11:18:08,2341720084,MOVE_RENAME_FILE,TP_JS07.ipynb → m07/tp01.ipynb
2026-03-04 11:18:08,2341720084,MOVE_RENAME_FILE,TP_JS08.ipynb → m08/tp01.ipynb
2026-03-04 11:18:08,2341720084,MOVE_RENAME_FILE,P1_JS09.ipynb → m09/p01.ipynb
2026-03-04 11:18:08,2341720084,MOVE_RENAME_FILE,P2_JS09.ipynb → m09/p02.ipynb
2026-03-04 11:18:08,2341720084,MOVE_RENAME_FILE,P3_JS09.ipynb → m09/p03.ipynb
2026-03-04 11:18:08,2341720084,MOVE_RENAME_FILE,TP_JS09_1.ipynb → m09/tp01.ipynb
2026-03-04 11:18:08,2341720084,MOVE_RENAME_FILE,TP_JS09_2.ipynb → m09/tp02.ipynb
2026-03-04 11:18:08,2341720084,MOVE_RENAME_FILE,P1_JS11.ipynb → m11/p01.ipynb
2026-03-04 11:18:08,2341720084,MOVE_RENAME_FILE,P2_JS11.ipynb → m11/p02.ipynb
2026-03-04 11:18:08,2341720084,MOVE_RENAME_FILE,P3_JS11.ipynb → m11/p03.ipynb
2026-03-04 11:18:08,2341720084,MOVE_RENAME_FILE,P4_JS11.ipynb → m11/p04.ipynb
2026-03-04 11:18:08,2341720084,MOVE_RENAME_FILE,P5_JS11.ipynb → m11/p05.ipynb
2026-03-04 11:18:08,2341720084,MOVE_RENAME_FILE,TP_JS11.ipynb → m11/tp01.ipynb
2026-03-04 11:18:08,2341720084,MOVE_RENAME_FILE,P1_JS13.ipynb → m13/p01.ipynb
2026-03-04 11:18:08,2341720084,MOVE_RENAME_FILE,P2_JS13.ipynb → m13/p02.ipynb
2026-03-04 11:18:08,2341720084,MOVE_RENAME_FILE,P3_JS13.ipynb → m13/p03.ipynb
2026-03-04 11:18:08,2341720084,MOVE_RENAME_FILE,TP_JS13.ipynb → m13/tp01.ipynb
2026-03-04 11:18:08,2341720084,MOVE_RENAME_FILE,P1_JS14.ipynb → m14/p01.ipynb
2026-03-04 11:18:08,2341720084,MOVE_RENAME_FILE,P2_JS14.ipynb → m14/p02.ipynb
2026-03-04 11:18:08,2341720084,MOVE_RENAME_FILE,TP_JS14.ipynb → m14/tp01.ipynb
2026-03-04 11:18:08,2341720084,MOVE_RENAME_FILE,P1_JS15.ipynb → m15/p01.ipynb
2026-03-04 11:18:08,2341720084,MOVE_RENAME_FILE,TP_JS15.ipynb → m15/tp01.ipynb
2026-03-04 11:18:08,2341720088,RENAME_FOLDER,JS01 → m01
2026-03-04 11:18:08,2341720088,RENAME_FOLDER,JS02 → m02
2026-03-04 11:18:08,2341720088,RENAME_FOLDER,JS03 → m03
2026-03-04 11:18:08,2341720088,RENAME_FOLDER,JS04 → m04
2026-03-04 11:18:08,2341720088,RENAME_FOLDER,JS05 → m05
2026-03-04 11:18:08,2341720088,RENAME_FOLDER,JS06 → m06
2026-03-04 11:18:08,2341720088,RENAME_FOLDER,JS07 → m07
2026-03-04 11:18:08,2341720088,RENAME_FOLDER,JS08 → m08
2026-03-04 11:18:08,2341720088,RENAME_FOLDER,JS09 → m09
2026-03-04 11:18:08,2341720088,RENAME_FOLDER,JS11 → m11
2026-03-04 11:18:08,2341720088,RENAME_FOLDER,JS13 → m13
2026-03-04 11:18:08,2341720088,RENAME_FOLDER,JS14 → m14
2026-03-04 11:18:08,2341720088,RENAME_FOLDER,JS15 → m15
2026-03-04 11:18:08,2341720088,RENAME_FOLDER,PBL_FastAPI → pbl
2026-03-04 11:18:08,2341720088,MERGE_FOLDER,UTS → uts
2026-03-04 11:18:08,2341720088,MOVE_RENAME_FILE,P1_JS01.ipynb → m01/p01.ipynb
2026-03-04 11:18:08,2341720088,MOVE_RENAME_FILE,P1_JS02.ipynb → m02/p01.ipynb
2026-03-04 11:18:08,2341720088,MOVE_RENAME_FILE,P2_JS02.ipynb → m02/p02.ipynb
2026-03-04 11:18:08,2341720088,MOVE_RENAME_FILE,P3_JS02.ipynb → m02/p03.ipynb
2026-03-04 11:18:08,2341720088,MOVE_RENAME_FILE,P4_JS02.ipynb → m02/p04.ipynb
2026-03-04 11:18:08,2341720088,MOVE_RENAME_FILE,TP_JS02.ipynb → m02/tp01.ipynb
2026-03-04 11:18:08,2341720088,MOVE_RENAME_FILE,P1_JS03.ipynb → m03/p01.ipynb
2026-03-04 11:18:08,2341720088,MOVE_RENAME_FILE,P2_JS03.ipynb → m03/p02.ipynb
2026-03-04 11:18:08,2341720088,MOVE_RENAME_FILE,P3_JS03.ipynb → m03/p03.ipynb
2026-03-04 11:18:08,2341720088,MOVE_RENAME_FILE,P4_JS03.ipynb → m03/p04.ipynb
2026-03-04 11:18:08,2341720088,MOVE_RENAME_FILE,TP_JS03.ipynb → m03/tp01.ipynb
2026-03-04 11:18:08,2341720088,MOVE_RENAME_FILE,P1_JS04.ipynb → m04/p01.ipynb
2026-03-04 11:18:08,2341720088,MOVE_RENAME_FILE,P2_JS04.ipynb → m04/p02.ipynb
2026-03-04 11:18:08,2341720088,MOVE_RENAME_FILE,P3_JS04.ipynb → m04/p03.ipynb
2026-03-04 11:18:08,2341720088,MOVE_RENAME_FILE,TP_JS04.ipynb → m04/tp01.ipynb
2026-03-04 11:18:08,2341720088,MOVE_RENAME_FILE,P1_JS05.ipynb → m05/p01.ipynb
2026-03-04 11:18:08,2341720088,MOVE_RENAME_FILE,P2_JS05.ipynb → m05/p02.ipynb
2026-03-04 11:18:08,2341720088,MOVE_RENAME_FILE,TP_JS05.ipynb → m05/tp01.ipynb
2026-03-04 11:18:08,2341720088,MOVE_RENAME_FILE,P1_JS06.ipynb → m06/p01.ipynb
2026-03-04 11:18:08,2341720088,MOVE_RENAME_FILE,P2_JS06.ipynb → m06/p02.ipynb
2026-03-04 11:18:08,2341720088,MOVE_RENAME_FILE,TP_JS06.ipynb → m06/tp01.ipynb
2026-03-04 11:18:08,2341720088,MOVE_RENAME_FILE,P1_JS07.ipynb → m07/p01.ipynb
2026-03-04 11:18:08,2341720088,MOVE_RENAME_FILE,P2_JS07.ipynb → m07/p02.ipynb
2026-03-04 11:18:08,2341720088,MOVE_RENAME_FILE,P3_JS07.ipynb → m07/p03.ipynb
2026-03-04 11:18:08,2341720088,MOVE_RENAME_FILE,P4_JS07.ipynb → m07/p04.ipynb
2026-03-04 11:18:08,2341720088,MOVE_RENAME_FILE,P5_JS07.ipynb → m07/p05.ipynb
2026-03-04 11:18:08,2341720088,MOVE_RENAME_FILE,P6_JS07.ipynb → m07/p06.ipynb
2026-03-04 11:18:08,2341720088,MOVE_RENAME_FILE,TP_JS066.ipynb → m66/tp01.ipynb
2026-03-04 11:18:08,2341720088,MOVE_RENAME_FILE,TP_JS08.ipynb → m08/tp01.ipynb
2026-03-04 11:18:08,2341720088,MOVE_RENAME_FILE,P1_JS09.ipynb → m09/p01.ipynb
2026-03-04 11:18:08,2341720088,MOVE_RENAME_FILE,P2_JS09.ipynb → m09/p02.ipynb
2026-03-04 11:18:08,2341720088,MOVE_RENAME_FILE,P3_JS09.ipynb → m09/p03.ipynb
2026-03-04 11:18:08,2341720088,MOVE_RENAME_FILE,TP_JS09_1.ipynb → m09/tp01.ipynb
2026-03-04 11:18:08,2341720088,MOVE_RENAME_FILE,TP_JS09_2.ipynb → m09/tp02.ipynb
2026-03-04 11:18:08,2341720088,MOVE_RENAME_FILE,P1_JS11.ipynb → m11/p01.ipynb
2026-03-04 11:18:08,2341720088,MOVE_RENAME_FILE,P2_JS11.ipynb → m11/p02.ipynb
2026-03-04 11:18:08,2341720088,MOVE_RENAME_FILE,P3_JS11.ipynb → m11/p03.ipynb
2026-03-04 11:18:08,2341720088,MOVE_RENAME_FILE,P4_JS11.ipynb → m11/p04.ipynb
2026-03-04 11:18:08,2341720088,MOVE_RENAME_FILE,P5_JS11.ipynb → m11/p05.ipynb
2026-03-04 11:18:08,2341720088,MOVE_RENAME_FILE,TP_JS11.ipynb → m11/tp01.ipynb
2026-03-04 11:18:08,2341720088,MOVE_RENAME_FILE,P1_JS13.ipynb → m13/p01.ipynb
2026-03-04 11:18:08,2341720088,MOVE_RENAME_FILE,P2_JS13.ipynb → m13/p02.ipynb
2026-03-04 11:18:08,2341720088,MOVE_RENAME_FILE,P3_JS13.ipynb → m13/p03.ipynb
2026-03-04 11:18:08,2341720088,MOVE_RENAME_FILE,TP_JS13.ipynb → m13/tp01.ipynb
2026-03-04 11:18:08,2341720088,MOVE_RENAME_FILE,P1_JS14.ipynb → m14/p01.ipynb
2026-03-04 11:18:08,2341720088,MOVE_RENAME_FILE,P2_JS14.ipynb → m14/p02.ipynb
2026-03-04 11:18:08,2341720088,MOVE_RENAME_FILE,TP_JS14.ipynb → m14/tp01.ipynb
2026-03-04 11:18:08,2341720088,MOVE_RENAME_FILE,P1_JS15.ipynb → m15/p01.ipynb
2026-03-04 11:18:08,2341720088,MOVE_RENAME_FILE,app.py → None/app.py
2026-03-04 11:18:08,2341720088,MOVE_RENAME_FILE,app.py → m15/app.py
2026-03-04 11:18:08,2341720088,MOVE_RENAME_FILE,feature_builder.py → m15/feature_builder.py
2026-03-04 11:18:08,2341720088,MOVE_RENAME_FILE,model_loader.py → m15/model_loader.py
2026-03-04 11:18:08,2341720088,MOVE_RENAME_FILE,predictor.py → m15/predictor.py
2026-03-04 11:18:08,2341720088,MOVE_RENAME_FILE,Salinan PBL_ML Regression Risk_V1.ipynb → pbl/pbl.ipynb
2026-03-04 11:18:08,2341720088,MOVE_RENAME_FILE,config.py → pbl/pbl.py
2026-03-04 11:18:08,2341720088,MOVE_RENAME_FILE,main.py → pbl/pbl.py
2026-03-04 11:18:08,2341720088,MOVE_RENAME_FILE,schemas.py → pbl/pbl.py
2026-03-04 11:18:08,2341720088,MOVE_RENAME_FILE,feature_builder.py → pbl/pbl.py
2026-03-04 11:18:08,2341720088,MOVE_RENAME_FILE,model_loader.py → pbl/pbl.py
2026-03-04 11:18:08,2341720088,MOVE_RENAME_FILE,predictor.py → pbl/pbl.py
2026-03-04 11:18:08,2341720088,MOVE_RENAME_FILE,risk_analyzer.py → pbl/pbl.py
2026-03-04 11:18:08,2341720093,RENAME_FOLDER,JS01 → m01
2026-03-04 11:18:08,2341720093,RENAME_FOLDER,JS02 → m02
2026-03-04 11:18:08,2341720093,RENAME_FOLDER,JS03 → m03
2026-03-04 11:18:08,2341720093,RENAME_FOLDER,JS04 → m04
2026-03-04 11:18:08,2341720093,RENAME_FOLDER,JS05 → m05
2026-03-04 11:18:08,2341720093,RENAME_FOLDER,JS06 → m06
2026-03-04 11:18:08,2341720093,RENAME_FOLDER,JS07 → m07
2026-03-04 11:18:08,2341720093,RENAME_FOLDER,JS08 → m08
2026-03-04 11:18:08,2341720093,RENAME_FOLDER,JS09 → m09
2026-03-04 11:18:08,2341720093,RENAME_FOLDER,JS11 → m11
2026-03-04 11:18:08,2341720093,RENAME_FOLDER,JS13 → m13
2026-03-04 11:18:08,2341720093,RENAME_FOLDER,PBL_KELOMPOK2 → pbl
2026-03-04 11:18:08,2341720093,MOVE_RENAME_FILE,Tugas_Clustering_Crypto_Kelompok_5_ML.ipynb → kelompok/kelompok.ipynb
2026-03-04 11:18:08,2341720093,MOVE_RENAME_FILE,UTS_ML_28_Tionusa_HousePricesClustering.ipynb → uts/uts.ipynb
2026-03-04 11:18:08,2341720093,MOVE_RENAME_FILE,JS04_SOAL_KUIS1_ML.ipynb → kuis/kuis.ipynb
2026-03-04 11:18:08,2341720093,MOVE_RENAME_FILE,P1_JS07.ipynb → m07/p01.ipynb
2026-03-04 11:18:08,2341720093,MOVE_RENAME_FILE,P2_JS07.ipynb → m07/p02.ipynb
2026-03-04 11:18:08,2341720093,MOVE_RENAME_FILE,P3_JS07.ipynb → m07/p03.ipynb
2026-03-04 11:18:08,2341720093,MOVE_RENAME_FILE,P4_JS07.ipynb → m07/p04.ipynb
2026-03-04 11:18:08,2341720093,MOVE_RENAME_FILE,P5_JS07.ipynb → m07/p05.ipynb
2026-03-04 11:18:08,2341720093,MOVE_RENAME_FILE,P6_JS07.ipynb → m07/p06.ipynb
2026-03-04 11:18:08,2341720093,MOVE_RENAME_FILE,TP_JS07.ipynb → m07/tp01.ipynb
2026-03-04 11:18:08,2341720093,MOVE_RENAME_FILE,TP_JS08.ipynb → m08/tp01.ipynb
2026-03-04 11:18:08,2341720093,MOVE_RENAME_FILE,P1_JS09.ipynb → m09/p01.ipynb
2026-03-04 11:18:08,2341720093,MOVE_RENAME_FILE,P2_JS09.ipynb → m09/p02.ipynb
2026-03-04 11:18:08,2341720093,MOVE_RENAME_FILE,P3_JS09.ipynb → m09/p03.ipynb
2026-03-04 11:18:08,2341720093,MOVE_RENAME_FILE,TP1_JS09.ipynb → m09/tp01.ipynb
2026-03-04 11:18:08,2341720093,MOVE_RENAME_FILE,TP2_JS09.ipynb → m09/tp02.ipynb
2026-03-04 11:18:08,2341720093,MOVE_RENAME_FILE,P1_JS11.ipynb → m11/p01.ipynb
2026-03-04 11:18:08,2341720093,MOVE_RENAME_FILE,P2_JS11.ipynb → m11/p02.ipynb
2026-03-04 11:18:08,2341720093,MOVE_RENAME_FILE,P3_JS11.ipynb → m11/p03.ipynb
2026-03-04 11:18:08,2341720093,MOVE_RENAME_FILE,P4_JS11.ipynb → m11/p04.ipynb
2026-03-04 11:18:08,2341720093,MOVE_RENAME_FILE,P5_JS11.ipynb → m11/p05.ipynb
2026-03-04 11:18:08,2341720093,MOVE_RENAME_FILE,TP_JS11.ipynb → m11/tp01.ipynb
2026-03-04 11:18:08,2341720093,MOVE_RENAME_FILE,P1_JS13.ipynb → m13/p01.ipynb
2026-03-04 11:18:08,2341720093,MOVE_RENAME_FILE,P2_JS13.ipynb → m13/p02.ipynb
2026-03-04 11:18:08,2341720093,MOVE_RENAME_FILE,P3_JS13.ipynb → m13/p03.ipynb
2026-03-04 11:18:08,2341720093,MOVE_RENAME_FILE,TP_JS13.ipynb → m13/tp01.ipynb
2026-03-04 11:18:08,2341720093,MOVE_RENAME_FILE,Final_PBL_KELOMPOK2.ipynb → pbl/pbl.ipynb
2026-03-04 11:18:08,2341720093,MOVE_RENAME_FILE,splittest_2080.ipynb → pbl/pbl.ipynb
2026-03-04 11:18:09,2341720093,MOVE_RENAME_FILE,splittest_3070.ipynb → pbl/pbl.ipynb
2026-03-04 11:18:09,2341720093,MOVE_RENAME_FILE,splittest_4060.ipynb → pbl/pbl.ipynb
2026-03-04 11:18:09,2341720093,MOVE_RENAME_FILE,splittest_5050.ipynb → pbl/pbl.ipynb
2026-03-04 11:18:09,2341720093,MOVE_RENAME_FILE,splittest_6040.ipynb → pbl/pbl.ipynb
2026-03-04 11:18:09,2341720093,MOVE_RENAME_FILE,splittest_7030.ipynb → pbl/pbl.ipynb
2026-03-04 11:18:10,2341720093,MOVE_RENAME_FILE,splittest_8020.ipynb → pbl/pbl.ipynb
2026-03-04 11:18:10,2341720093,MOVE_RENAME_FILE,splittest_9010.ipynb → pbl/pbl.ipynb
2026-03-04 11:18:10,2341720093,MOVE_RENAME_FILE,splittest_955.ipynb → pbl/pbl.ipynb
2026-03-04 11:18:10,2341720095,RENAME_FOLDER,JS02 → m02
2026-03-04 11:18:10,2341720095,RENAME_FOLDER,JS03 → m03
2026-03-04 11:18:10,2341720095,RENAME_FOLDER,JS04 → m04
2026-03-04 11:18:10,2341720095,RENAME_FOLDER,JS05 → m05
2026-03-04 11:18:10,2341720095,RENAME_FOLDER,JS06 → m06
2026-03-04 11:18:10,2341720095,RENAME_FOLDER,JS07 → m07
2026-03-04 11:18:10,2341720095,RENAME_FOLDER,JS08 → m08
2026-03-04 11:18:10,2341720095,RENAME_FOLDER,JS09 → m09
2026-03-04 11:18:10,2341720095,RENAME_FOLDER,JS11 → m11
2026-03-04 11:18:10,2341720095,RENAME_FOLDER,JS13 → m13
2026-03-04 11:18:10,2341720095,MOVE_RENAME_FILE,P1_JS02.ipynb → m02/p01.ipynb
2026-03-04 11:18:10,2341720095,MOVE_RENAME_FILE,P2_JS02.ipynb → m02/p02.ipynb
2026-03-04 11:18:10,2341720095,MOVE_RENAME_FILE,P3_JS02.ipynb → m02/p03.ipynb
2026-03-04 11:18:10,2341720095,MOVE_RENAME_FILE,P4_JS02.ipynb → m02/p04.ipynb
2026-03-04 11:18:10,2341720095,MOVE_RENAME_FILE,TP_JS02.ipynb → m02/tp01.ipynb
2026-03-04 11:18:10,2341720095,MOVE_RENAME_FILE,P1_JS03.ipynb → m03/p01.ipynb
2026-03-04 11:18:10,2341720095,MOVE_RENAME_FILE,P2_JS03.ipynb → m03/p02.ipynb
2026-03-04 11:18:10,2341720095,MOVE_RENAME_FILE,P3_JS03.ipynb → m03/p03.ipynb
2026-03-04 11:18:10,2341720095,MOVE_RENAME_FILE,P4_JS03.ipynb → m03/p04.ipynb
2026-03-04 11:18:10,2341720095,MOVE_RENAME_FILE,TP_JS03.ipynb → m03/tp01.ipynb
2026-03-04 11:18:10,2341720095,MOVE_RENAME_FILE,P1_JS04.ipynb → m04/p01.ipynb
2026-03-04 11:18:10,2341720095,MOVE_RENAME_FILE,P2_JS04.ipynb → m04/p02.ipynb
2026-03-04 11:18:10,2341720095,MOVE_RENAME_FILE,P3_JS04.ipynb → m04/p03.ipynb
2026-03-04 11:18:10,2341720095,MOVE_RENAME_FILE,TP_JS04.ipynb → m04/tp01.ipynb
2026-03-04 11:18:10,2341720095,MOVE_RENAME_FILE,P1_JS05.ipynb → m05/p01.ipynb
2026-03-04 11:18:10,2341720095,MOVE_RENAME_FILE,P2_JS05.ipynb → m05/p02.ipynb
2026-03-04 11:18:10,2341720095,MOVE_RENAME_FILE,TP_JS05.ipynb → m05/tp01.ipynb
2026-03-04 11:18:10,2341720095,MOVE_RENAME_FILE,P1_JS06.ipynb → m06/p01.ipynb
2026-03-04 11:18:10,2341720095,MOVE_RENAME_FILE,P2_JS06.ipynb → m06/p02.ipynb
2026-03-04 11:18:10,2341720095,MOVE_RENAME_FILE,TP_JS06.ipynb → m06/tp01.ipynb
2026-03-04 11:18:10,2341720095,MOVE_RENAME_FILE,P1_JS07.ipynb → m07/p01.ipynb
2026-03-04 11:18:10,2341720095,MOVE_RENAME_FILE,P2_JS07.ipynb → m07/p02.ipynb
2026-03-04 11:18:10,2341720095,MOVE_RENAME_FILE,P3_JS07.ipynb → m07/p03.ipynb
2026-03-04 11:18:10,2341720095,MOVE_RENAME_FILE,P4_JS07.ipynb → m07/p04.ipynb
2026-03-04 11:18:10,2341720095,MOVE_RENAME_FILE,P5_JS07.ipynb → m07/p05.ipynb
2026-03-04 11:18:10,2341720095,MOVE_RENAME_FILE,P6_JS07.ipynb → m07/p06.ipynb
2026-03-04 11:18:10,2341720095,MOVE_RENAME_FILE,TP_JS066.ipynb → m66/tp01.ipynb
2026-03-04 11:18:10,2341720095,MOVE_RENAME_FILE,TP_JS08.ipynb → m08/tp01.ipynb
2026-03-04 11:18:10,2341720095,MOVE_RENAME_FILE,P1_JS09.ipynb → m09/p01.ipynb
2026-03-04 11:18:10,2341720095,MOVE_RENAME_FILE,P2_JS09.ipynb → m09/p02.ipynb
2026-03-04 11:18:10,2341720095,MOVE_RENAME_FILE,P3_JS09.ipynb → m09/p03.ipynb
2026-03-04 11:18:10,2341720095,MOVE_RENAME_FILE,TP_JS09_1.ipynb → m09/tp01.ipynb
2026-03-04 11:18:10,2341720095,MOVE_RENAME_FILE,TP_JS09_2.ipynb → m09/tp02.ipynb
2026-03-04 11:18:10,2341720095,MOVE_RENAME_FILE,P1_JS11.ipynb → m11/p01.ipynb
2026-03-04 11:18:10,2341720095,MOVE_RENAME_FILE,P2_JS11.ipynb → m11/p02.ipynb
2026-03-04 11:18:10,2341720095,MOVE_RENAME_FILE,P3_JS11.ipynb → m11/p03.ipynb
2026-03-04 11:18:10,2341720095,MOVE_RENAME_FILE,P4_JS11.ipynb → m11/p04.ipynb
2026-03-04 11:18:10,2341720095,MOVE_RENAME_FILE,P5_JS11.ipynb → m11/p05.ipynb
2026-03-04 11:18:10,2341720095,MOVE_RENAME_FILE,TP_JS11.ipynb → m11/tp01.ipynb
2026-03-04 11:18:10,2341720095,MOVE_RENAME_FILE,P1_JS13.ipynb → m13/p01.ipynb
2026-03-04 11:18:10,2341720095,MOVE_RENAME_FILE,P2_JS13.ipynb → m13/p02.ipynb
2026-03-04 11:18:10,2341720095,MOVE_RENAME_FILE,P3_JS13.ipynb → m13/p03.ipynb
2026-03-04 11:18:10,2341720095,MOVE_RENAME_FILE,TP_JS13.ipynb → m13/tp01.ipynb
2026-03-04 11:18:10,2341720096,RENAME_FOLDER,JS01 → m01
2026-03-04 11:18:10,2341720096,RENAME_FOLDER,JS02 → m02
2026-03-04 11:18:10,2341720096,RENAME_FOLDER,JS03 → m03
2026-03-04 11:18:10,2341720096,RENAME_FOLDER,JS04 → m04
2026-03-04 11:18:10,2341720096,RENAME_FOLDER,JS05 → m05
2026-03-04 11:18:10,2341720096,RENAME_FOLDER,JS06 → m06
2026-03-04 11:18:10,2341720096,RENAME_FOLDER,JS07 → m07
2026-03-04 11:18:10,2341720096,RENAME_FOLDER,JS08 → m08
2026-03-04 11:18:10,2341720096,RENAME_FOLDER,JS09 → m09
2026-03-04 11:18:10,2341720096,RENAME_FOLDER,JS11 → m11
2026-03-04 11:18:10,2341720096,RENAME_FOLDER,JS13 → m13
2026-03-04 11:18:10,2341720096,RENAME_FOLDER,JS14 → m14
2026-03-04 11:18:10,2341720096,RENAME_FOLDER,JS15 → m15
2026-03-04 11:18:10,2341720096,MERGE_FOLDER,PBL → pbl
2026-03-04 11:18:10,2341720096,MOVE_RENAME_FILE,Giovano_Alkandri_ML_QUIZ1.ipynb → None/Giovano_Alkandri_ML_QUIZ1.ipynb
2026-03-04 11:18:10,2341720096,MOVE_RENAME_FILE,P1_JS01.ipynb → m01/p01.ipynb
2026-03-04 11:18:10,2341720096,MOVE_RENAME_FILE,P1_JS02.ipynb → m02/p01.ipynb
2026-03-04 11:18:10,2341720096,MOVE_RENAME_FILE,P2_JS02.ipynb → m02/p02.ipynb
2026-03-04 11:18:10,2341720096,MOVE_RENAME_FILE,P3_JS02.ipynb → m02/p03.ipynb
2026-03-04 11:18:10,2341720096,MOVE_RENAME_FILE,P4_JS02.ipynb → m02/p04.ipynb
2026-03-04 11:18:10,2341720096,MOVE_RENAME_FILE,TP_JS02.ipynb → m02/tp01.ipynb
2026-03-04 11:18:10,2341720096,MOVE_RENAME_FILE,P1_JS03.ipynb → m03/p01.ipynb
2026-03-04 11:18:10,2341720096,MOVE_RENAME_FILE,P2_JS03.ipynb → m03/p02.ipynb
2026-03-04 11:18:10,2341720096,MOVE_RENAME_FILE,P3_JS03.ipynb → m03/p03.ipynb
2026-03-04 11:18:10,2341720096,MOVE_RENAME_FILE,P4_JS03.ipynb → m03/p04.ipynb
2026-03-04 11:18:10,2341720096,MOVE_RENAME_FILE,TP_JS03.ipynb → m03/tp01.ipynb
2026-03-04 11:18:10,2341720096,MOVE_RENAME_FILE,P1_JS04.ipynb → m04/p01.ipynb
2026-03-04 11:18:10,2341720096,MOVE_RENAME_FILE,P2_JS04.ipynb → m04/p02.ipynb
2026-03-04 11:18:10,2341720096,MOVE_RENAME_FILE,P3_JS04.ipynb → m04/p03.ipynb
2026-03-04 11:18:10,2341720096,MOVE_RENAME_FILE,TP_JS04.ipynb → m04/tp01.ipynb
2026-03-04 11:18:10,2341720096,MOVE_RENAME_FILE,P1_JS05.ipynb → m05/p01.ipynb
2026-03-04 11:18:10,2341720096,MOVE_RENAME_FILE,P2_JS05.ipynb → m05/p02.ipynb
2026-03-04 11:18:10,2341720096,MOVE_RENAME_FILE,TP_JS05.ipynb → m05/tp01.ipynb
2026-03-04 11:18:10,2341720096,MOVE_RENAME_FILE,P1_JS06.ipynb → m06/p01.ipynb
2026-03-04 11:18:10,2341720096,MOVE_RENAME_FILE,P2_JS06.ipynb → m06/p02.ipynb
2026-03-04 11:18:10,2341720096,MOVE_RENAME_FILE,teoridasar.ipynb → None/teoridasar.ipynb
2026-03-04 11:18:10,2341720096,MOVE_RENAME_FILE,P1_JS07.ipynb → m07/p01.ipynb
2026-03-04 11:18:10,2341720096,MOVE_RENAME_FILE,P2_JS07.ipynb → m07/p02.ipynb
2026-03-04 11:18:10,2341720096,MOVE_RENAME_FILE,P3_JS07.ipynb → m07/p03.ipynb
2026-03-04 11:18:10,2341720096,MOVE_RENAME_FILE,P4_JS07.ipynb → m07/p04.ipynb
2026-03-04 11:18:10,2341720096,MOVE_RENAME_FILE,P5_JS07.ipynb → m07/p05.ipynb
2026-03-04 11:18:10,2341720096,MOVE_RENAME_FILE,P6_JS07.ipynb → m07/p06.ipynb
2026-03-04 11:18:10,2341720096,MOVE_RENAME_FILE,TP_JS07.ipynb → m07/tp01.ipynb
2026-03-04 11:18:10,2341720096,MOVE_RENAME_FILE,TP_JS08.ipynb → m08/tp01.ipynb
2026-03-04 11:18:10,2341720096,MOVE_RENAME_FILE,uts copy.ipynb → uts/uts.ipynb
2026-03-04 11:18:10,2341720096,MOVE_RENAME_FILE,uts.ipynb → uts/uts.ipynb
2026-03-04 11:18:10,2341720096,MOVE_RENAME_FILE,P1_JS09.ipynb → m09/p01.ipynb
2026-03-04 11:18:10,2341720096,MOVE_RENAME_FILE,P2_JS09.ipynb → m09/p02.ipynb
2026-03-04 11:18:10,2341720096,MOVE_RENAME_FILE,P3_JS09.ipynb → m09/p03.ipynb
2026-03-04 11:18:10,2341720096,MOVE_RENAME_FILE,TP_JS09_1.ipynb → m09/tp01.ipynb
2026-03-04 11:18:10,2341720096,MOVE_RENAME_FILE,TP_JS09_2.ipynb → m09/tp02.ipynb
2026-03-04 11:18:10,2341720096,MOVE_RENAME_FILE,P1_JS11.ipynb → m11/p01.ipynb
2026-03-04 11:18:10,2341720096,MOVE_RENAME_FILE,P2_JS11.ipynb → m11/p02.ipynb
2026-03-04 11:18:10,2341720096,MOVE_RENAME_FILE,P3_JS11.ipynb → m11/p03.ipynb
2026-03-04 11:18:10,2341720096,MOVE_RENAME_FILE,P4_JS11.ipynb → m11/p04.ipynb
2026-03-04 11:18:10,2341720096,MOVE_RENAME_FILE,P5_JS11.ipynb → m11/p05.ipynb
2026-03-04 11:18:10,2341720096,MOVE_RENAME_FILE,TP_JS11.ipynb → m11/tp01.ipynb
2026-03-04 11:18:10,2341720096,MOVE_RENAME_FILE,P1_JS13.ipynb → m13/p01.ipynb
2026-03-04 11:18:10,2341720096,MOVE_RENAME_FILE,P2_JS13.ipynb → m13/p02.ipynb
2026-03-04 11:18:10,2341720096,MOVE_RENAME_FILE,P3_JS13.ipynb → m13/p03.ipynb
2026-03-04 11:18:10,2341720096,MOVE_RENAME_FILE,TP_JS13.ipynb → m13/tp01.ipynb
2026-03-04 11:18:10,2341720096,MOVE_RENAME_FILE,P1_JS14.ipynb → m14/p01.ipynb
2026-03-04 11:18:10,2341720096,MOVE_RENAME_FILE,P2_JS14.ipynb → m14/p02.ipynb
2026-03-04 11:18:10,2341720096,MOVE_RENAME_FILE,TP_JS14.ipynb → m14/tp01.ipynb
2026-03-04 11:18:10,2341720096,MOVE_RENAME_FILE,app.py → None/app.py
2026-03-04 11:18:10,2341720096,MOVE_RENAME_FILE,P1_JS15.ipynb → m15/p01.ipynb
2026-03-04 11:18:10,2341720096,MOVE_RENAME_FILE,P2_JS15.ipynb → m15/p02.ipynb
2026-03-04 11:18:10,2341720108,RENAME_FOLDER,JS02 → m02
2026-03-04 11:18:10,2341720108,RENAME_FOLDER,JS03 → m03
2026-03-04 11:18:10,2341720108,RENAME_FOLDER,JS04 → m04
2026-03-04 11:18:10,2341720108,RENAME_FOLDER,JS05 → m05
2026-03-04 11:18:10,2341720108,RENAME_FOLDER,JS06 → m06
2026-03-04 11:18:10,2341720108,RENAME_FOLDER,JS07 → m07
2026-03-04 11:18:10,2341720108,RENAME_FOLDER,JS08 → m08
2026-03-04 11:18:10,2341720108,RENAME_FOLDER,JS09 → m09
2026-03-04 11:18:10,2341720108,RENAME_FOLDER,JS11 → m11
2026-03-04 11:18:10,2341720108,RENAME_FOLDER,JS13 → m13
2026-03-04 11:18:10,2341720108,RENAME_FOLDER,JS14 → m14
2026-03-04 11:18:10,2341720108,RENAME_FOLDER,JS15 → m15
2026-03-04 11:18:10,2341720108,MERGE_FOLDER,KELOMPOK → kelompok
2026-03-04 11:18:10,2341720108,MERGE_FOLDER,KUIS → kuis
2026-03-04 11:18:10,2341720108,RENAME_FOLDER,PBL_KELOMPOK6 → pbl
2026-03-04 11:18:10,2341720108,MOVE_RENAME_FILE,P1_JS02.ipynb → m02/p01.ipynb
2026-03-04 11:18:10,2341720108,MOVE_RENAME_FILE,P2_JS02 .ipynb → m02/p02.ipynb
2026-03-04 11:18:10,2341720108,MOVE_RENAME_FILE,P3_JS02.ipynb → m02/p03.ipynb
2026-03-04 11:18:10,2341720108,MOVE_RENAME_FILE,P4_JS02.ipynb → m02/p04.ipynb
2026-03-04 11:18:10,2341720108,MOVE_RENAME_FILE,TP_JS02.ipynb → m02/tp01.ipynb
2026-03-04 11:18:10,2341720108,MOVE_RENAME_FILE,P1_JS03.ipynb → m03/p01.ipynb
2026-03-04 11:18:10,2341720108,MOVE_RENAME_FILE,P2_JS03.ipynb → m03/p02.ipynb
2026-03-04 11:18:10,2341720108,MOVE_RENAME_FILE,P3_JS03.ipynb → m03/p03.ipynb
2026-03-04 11:18:10,2341720108,MOVE_RENAME_FILE,P4_JS03.ipynb → m03/p04.ipynb
2026-03-04 11:18:10,2341720108,MOVE_RENAME_FILE,TP_JS03.ipynb → m03/tp01.ipynb
2026-03-04 11:18:10,2341720108,MOVE_RENAME_FILE,P1_JS04.ipynb → m04/p01.ipynb
2026-03-04 11:18:10,2341720108,MOVE_RENAME_FILE,P2_JS04.ipynb → m04/p02.ipynb
2026-03-04 11:18:10,2341720108,MOVE_RENAME_FILE,P3_JS04.ipynb → m04/p03.ipynb
2026-03-04 11:18:10,2341720108,MOVE_RENAME_FILE,TP_JS04.ipynb → m04/tp01.ipynb
2026-03-04 11:18:10,2341720108,MOVE_RENAME_FILE,P1_JS05.ipynb → m05/p01.ipynb
2026-03-04 11:18:10,2341720108,MOVE_RENAME_FILE,P2_JS05.ipynb → m05/p02.ipynb
2026-03-04 11:18:10,2341720108,MOVE_RENAME_FILE,TP_JS05.ipynb → m05/tp01.ipynb
2026-03-04 11:18:10,2341720108,MOVE_RENAME_FILE,P1_JS06.ipynb → m06/p01.ipynb
2026-03-04 11:18:10,2341720108,MOVE_RENAME_FILE,P2_JS06.ipynb → m06/p02.ipynb
2026-03-04 11:18:10,2341720108,MOVE_RENAME_FILE,TP_JS06.ipynb → m06/tp01.ipynb
2026-03-04 11:18:10,2341720108,MOVE_RENAME_FILE,P1_JS07.ipynb → m07/p01.ipynb
2026-03-04 11:18:11,2341720108,MOVE_RENAME_FILE,P2_JS07.ipynb → m07/p02.ipynb
2026-03-04 11:18:11,2341720108,MOVE_RENAME_FILE,P3_JS07.ipynb → m07/p03.ipynb
2026-03-04 11:18:11,2341720108,MOVE_RENAME_FILE,P4_JS07.ipynb → m07/p04.ipynb
2026-03-04 11:18:11,2341720108,MOVE_RENAME_FILE,P5_JS07.ipynb → m07/p05.ipynb
2026-03-04 11:18:11,2341720108,MOVE_RENAME_FILE,P6_JS07.ipynb → m07/p06.ipynb
2026-03-04 11:18:11,2341720108,MOVE_RENAME_FILE,TP_JS07.ipynb → m07/tp01.ipynb
2026-03-04 11:18:11,2341720108,MOVE_RENAME_FILE,TP_JS08.ipynb → m08/tp01.ipynb
2026-03-04 11:18:11,2341720108,MOVE_RENAME_FILE,P1_JS09.ipynb → m09/p01.ipynb
2026-03-04 11:18:11,2341720108,MOVE_RENAME_FILE,P2_JS09.ipynb → m09/p02.ipynb
2026-03-04 11:18:11,2341720108,MOVE_RENAME_FILE,P3_JS09.ipynb → m09/p03.ipynb
2026-03-04 11:18:11,2341720108,MOVE_RENAME_FILE,TP_JS09_1.ipynb → m09/tp01.ipynb
2026-03-04 11:18:11,2341720108,MOVE_RENAME_FILE,TP_JS09_2.ipynb → m09/tp02.ipynb
2026-03-04 11:18:11,2341720108,MOVE_RENAME_FILE,P1_JS11.ipynb → m11/p01.ipynb
2026-03-04 11:18:11,2341720108,MOVE_RENAME_FILE,P2_JS11.ipynb → m11/p02.ipynb
2026-03-04 11:18:11,2341720108,MOVE_RENAME_FILE,P3_JS11.ipynb → m11/p03.ipynb
2026-03-04 11:18:11,2341720108,MOVE_RENAME_FILE,P4_JS11.ipynb → m11/p04.ipynb
2026-03-04 11:18:11,2341720108,MOVE_RENAME_FILE,P5_JS11.ipynb → m11/p05.ipynb
2026-03-04 11:18:11,2341720108,MOVE_RENAME_FILE,TP_JS11.ipynb → m11/tp01.ipynb
2026-03-04 11:18:11,2341720108,MOVE_RENAME_FILE,P1_JS13.ipynb → m13/p01.ipynb
2026-03-04 11:18:11,2341720108,MOVE_RENAME_FILE,P2_JS13.ipynb → m13/p02.ipynb
2026-03-04 11:18:11,2341720108,MOVE_RENAME_FILE,P3_JS13.ipynb → m13/p03.ipynb
2026-03-04 11:18:11,2341720108,MOVE_RENAME_FILE,TP_JS13.ipynb → m13/tp01.ipynb
2026-03-04 11:18:11,2341720108,MOVE_RENAME_FILE,P1_JS14.ipynb → m14/p01.ipynb
2026-03-04 11:18:11,2341720108,MOVE_RENAME_FILE,P2_JS14.ipynb → m14/p02.ipynb
2026-03-04 11:18:11,2341720108,MOVE_RENAME_FILE,TP_JS14.ipynb → m14/tp01.ipynb
2026-03-04 11:18:11,2341720108,MOVE_RENAME_FILE,P1_JS15.ipynb → m15/p01.ipynb
2026-03-04 11:18:11,2341720108,MOVE_RENAME_FILE,ANN_SPLIT_10_90.ipynb → pbl/pbl.ipynb
2026-03-04 11:18:11,2341720108,MOVE_RENAME_FILE,ANN_SPLIT_20_80.ipynb → pbl/pbl.ipynb
2026-03-04 11:18:11,2341720108,MOVE_RENAME_FILE,ANN_SPLIT_30_70.ipynb → pbl/pbl.ipynb
2026-03-04 11:18:11,2341720108,MOVE_RENAME_FILE,ANN_SPLIT_40_60.ipynb → pbl/pbl.ipynb
2026-03-04 11:18:11,2341720108,MOVE_RENAME_FILE,ANN_SPLIT_50_50.ipynb → pbl/pbl.ipynb
2026-03-04 11:18:11,2341720108,MOVE_RENAME_FILE,ANN_SPLIT_60_40.ipynb → pbl/pbl.ipynb
2026-03-04 11:18:11,2341720108,MOVE_RENAME_FILE,ANN_SPLIT_70_30.ipynb → pbl/pbl.ipynb
2026-03-04 11:18:11,2341720108,MOVE_RENAME_FILE,ANN_SPLIT_80_20.ipynb → pbl/pbl.ipynb
2026-03-04 11:18:11,2341720108,MOVE_RENAME_FILE,ANN_SPLIT_90_10.ipynb → pbl/pbl.ipynb
2026-03-04 11:18:11,2341720108,MOVE_RENAME_FILE,SVM_SPLIT_10_90.ipynb → pbl/pbl.ipynb
2026-03-04 11:18:11,2341720108,MOVE_RENAME_FILE,SVM_SPLIT_20_80.ipynb → pbl/pbl.ipynb
2026-03-04 11:18:11,2341720108,MOVE_RENAME_FILE,SVM_SPLIT_30_70.ipynb → pbl/pbl.ipynb
2026-03-04 11:18:11,2341720108,MOVE_RENAME_FILE,SVM_SPLIT_40_60.ipynb → pbl/pbl.ipynb
2026-03-04 11:18:11,2341720108,MOVE_RENAME_FILE,SVM_SPLIT_50_50.ipynb → pbl/pbl.ipynb
2026-03-04 11:18:11,2341720108,MOVE_RENAME_FILE,SVM_SPLIT_60_40.ipynb → pbl/pbl.ipynb
2026-03-04 11:18:11,2341720108,MOVE_RENAME_FILE,SVM_SPLIT_70_30.ipynb → pbl/pbl.ipynb
2026-03-04 11:18:11,2341720108,MOVE_RENAME_FILE,SVM_SPLIT_80_20.ipynb → pbl/pbl.ipynb
2026-03-04 11:18:11,2341720108,MOVE_RENAME_FILE,SVM_SPLIT_90_10.ipynb → pbl/pbl.ipynb
2026-03-04 11:18:11,2341720109,MOVE_RENAME_FILE,JS1_2341720109_Gheriya_Rahima_Jauhar.ipynb → m01/JS1_2341720109_Gheriya_Rahima_Jauhar.ipynb
2026-03-04 11:18:11,2341720109,MOVE_RENAME_FILE,JS2_2341720109_Gheriya_Rahima_Jauhar.ipynb → m02/JS2_2341720109_Gheriya_Rahima_Jauhar.ipynb
2026-03-04 11:18:11,2341720109,MOVE_RENAME_FILE,JS3_2341720109_Gheriya_Rahima_Jauhar.ipynb → m03/JS3_2341720109_Gheriya_Rahima_Jauhar.ipynb
2026-03-04 11:18:11,2341720109,MOVE_RENAME_FILE,JS4_2341720109_Gheriya_Rahima_Jauhar.ipynb → m04/JS4_2341720109_Gheriya_Rahima_Jauhar.ipynb
2026-03-04 11:18:11,2341720109,MOVE_RENAME_FILE,JS5_2341720109_Gheriya_Rahima_Jauhar.ipynb → m05/JS5_2341720109_Gheriya_Rahima_Jauhar.ipynb
2026-03-04 11:18:11,2341720109,MOVE_RENAME_FILE,JS6_ANN_2341720109_Gheriya_Rahima_Jauhar.ipynb → m06/JS6_ANN_2341720109_Gheriya_Rahima_Jauhar.ipynb
2026-03-04 11:18:11,2341720109,MOVE_RENAME_FILE,JS6_REGRESI_2341720109_Gheriya_Rahima_Jauhar.ipynb → m06/JS6_REGRESI_2341720109_Gheriya_Rahima_Jauhar.ipynb
2026-03-04 11:18:11,2341720109,MOVE_RENAME_FILE,KUIS1_2341720109_Gheriya_Rahima_Jauhar.ipynb → kuis/kuis.ipynb
2026-03-04 11:18:11,2341720109,MOVE_RENAME_FILE,UTS_GHERIYA_RAHIMA_JAUHAR_15_2341720109_HEART_DISEASE.ipynb → uts/uts.ipynb
2026-03-04 11:18:11,2341720111,RENAME_FOLDER,JS02 → m02
2026-03-04 11:18:11,2341720111,RENAME_FOLDER,JS03 → m03
2026-03-04 11:18:11,2341720111,RENAME_FOLDER,JS04 → m04
2026-03-04 11:18:11,2341720111,RENAME_FOLDER,JS05 → m05
2026-03-04 11:18:11,2341720111,RENAME_FOLDER,JS06 → m06
2026-03-04 11:18:11,2341720111,RENAME_FOLDER,JS07 → m07
2026-03-04 11:18:11,2341720111,RENAME_FOLDER,JS08 → m08
2026-03-04 11:18:11,2341720111,RENAME_FOLDER,JS09 → m09
2026-03-04 11:18:11,2341720111,RENAME_FOLDER,JS11 → m11
2026-03-04 11:18:11,2341720111,RENAME_FOLDER,JS13 → m13
2026-03-04 11:18:11,2341720111,RENAME_FOLDER,JS14 → m14
2026-03-04 11:18:11,2341720111,RENAME_FOLDER,JS15 → m15
2026-03-04 11:18:11,2341720111,MOVE_RENAME_FILE,TP_JS11.ipynb → m11/tp01.ipynb
2026-03-04 11:18:11,2341720111,MOVE_RENAME_FILE,P1_JS02.ipynb → m02/p01.ipynb
2026-03-04 11:18:11,2341720111,MOVE_RENAME_FILE,P2_JS02.ipynb → m02/p02.ipynb
2026-03-04 11:18:11,2341720111,MOVE_RENAME_FILE,P3_JS02.ipynb → m02/p03.ipynb
2026-03-04 11:18:11,2341720111,MOVE_RENAME_FILE,P4_JS02.ipynb → m02/p04.ipynb
2026-03-04 11:18:11,2341720111,MOVE_RENAME_FILE,TP_JS02.ipynb → m02/tp01.ipynb
2026-03-04 11:18:11,2341720111,MOVE_RENAME_FILE,P1_JS03.ipynb → m03/p01.ipynb
2026-03-04 11:18:11,2341720111,MOVE_RENAME_FILE,P2_JS03.ipynb → m03/p02.ipynb
2026-03-04 11:18:11,2341720111,MOVE_RENAME_FILE,P3_JS03.ipynb → m03/p03.ipynb
2026-03-04 11:18:11,2341720111,MOVE_RENAME_FILE,P4_JS03.ipynb → m03/p04.ipynb
2026-03-04 11:18:11,2341720111,MOVE_RENAME_FILE,TP_JS03.ipynb → m03/tp01.ipynb
2026-03-04 11:18:11,2341720111,MOVE_RENAME_FILE,P1_JS04.ipynb → m04/p01.ipynb
2026-03-04 11:18:11,2341720111,MOVE_RENAME_FILE,P2_JS04.ipynb → m04/p02.ipynb
2026-03-04 11:18:11,2341720111,MOVE_RENAME_FILE,P3_JS04.ipynb → m04/p03.ipynb
2026-03-04 11:18:11,2341720111,MOVE_RENAME_FILE,TP_JS04.ipynb → m04/tp01.ipynb
2026-03-04 11:18:11,2341720111,MOVE_RENAME_FILE,P1_JS05.ipynb → m05/p01.ipynb
2026-03-04 11:18:11,2341720111,MOVE_RENAME_FILE,P2_JS05.ipynb → m05/p02.ipynb
2026-03-04 11:18:11,2341720111,MOVE_RENAME_FILE,TP_JS05.ipynb → m05/tp01.ipynb
2026-03-04 11:18:11,2341720111,MOVE_RENAME_FILE,P1_JS06.ipynb → m06/p01.ipynb
2026-03-04 11:18:11,2341720111,MOVE_RENAME_FILE,P2_JS06.ipynb → m06/p02.ipynb
2026-03-04 11:18:11,2341720111,MOVE_RENAME_FILE,P3_JS06.ipynb → m06/p03.ipynb
2026-03-04 11:18:11,2341720111,MOVE_RENAME_FILE,P4_JS06.ipynb → m06/p04.ipynb
2026-03-04 11:18:11,2341720111,MOVE_RENAME_FILE,P5_JS06.ipynb → m06/p05.ipynb
2026-03-04 11:18:11,2341720111,MOVE_RENAME_FILE,P6_JS06.ipynb → m06/p06.ipynb
2026-03-04 11:18:11,2341720111,MOVE_RENAME_FILE,TP_JS06.ipynb → m06/tp01.ipynb
2026-03-04 11:18:11,2341720111,MOVE_RENAME_FILE,P1_JS07.ipynb → m07/p01.ipynb
2026-03-04 11:18:11,2341720111,MOVE_RENAME_FILE,P2_JS07.ipynb → m07/p02.ipynb
2026-03-04 11:18:11,2341720111,MOVE_RENAME_FILE,TP_JS07.ipynb → m07/tp01.ipynb
2026-03-04 11:18:11,2341720111,MOVE_RENAME_FILE,TP_JS08_ipnyb.ipynb → m08/tp01.ipynb
2026-03-04 11:18:11,2341720111,MOVE_RENAME_FILE,P1_JS09.ipynb → m09/p01.ipynb
2026-03-04 11:18:11,2341720111,MOVE_RENAME_FILE,P2_JS09.ipynb → m09/p02.ipynb
2026-03-04 11:18:11,2341720111,MOVE_RENAME_FILE,P3_JS09.ipynb → m09/p03.ipynb
2026-03-04 11:18:11,2341720111,MOVE_RENAME_FILE,TP_JS09_1.ipynb → m09/tp01.ipynb
2026-03-04 11:18:11,2341720111,MOVE_RENAME_FILE,TP_JS09_2.ipynb → m09/tp02.ipynb
2026-03-04 11:18:11,2341720111,MOVE_RENAME_FILE,P1_JS11.ipynb → m11/p01.ipynb
2026-03-04 11:18:11,2341720111,MOVE_RENAME_FILE,P2_JS11.ipynb → m11/p02.ipynb
2026-03-04 11:18:11,2341720111,MOVE_RENAME_FILE,P3_JS11.ipynb → m11/p03.ipynb
2026-03-04 11:18:11,2341720111,MOVE_RENAME_FILE,P4_JS11.ipynb → m11/p04.ipynb
2026-03-04 11:18:11,2341720111,MOVE_RENAME_FILE,P5_JS11.ipynb → m11/p05.ipynb
2026-03-04 11:18:11,2341720111,MOVE_RENAME_FILE,tp01.ipynb → None/tp01.ipynb
2026-03-04 11:18:11,2341720111,MOVE_RENAME_FILE,TP_JS11.ipynb → m11/tp02.ipynb
2026-03-04 11:18:11,2341720111,MOVE_RENAME_FILE,P1_JS13.ipynb → m13/p01.ipynb
2026-03-04 11:18:11,2341720111,MOVE_RENAME_FILE,P2_JS13.ipynb → m13/p02.ipynb
2026-03-04 11:18:11,2341720111,MOVE_RENAME_FILE,P3_JS13.ipynb → m13/p03.ipynb
2026-03-04 11:18:11,2341720111,MOVE_RENAME_FILE,TP_JS13.ipynb → m13/tp01.ipynb
2026-03-04 11:18:11,2341720111,MOVE_RENAME_FILE,P1_JS14.ipynb → m14/p01.ipynb
2026-03-04 11:18:11,2341720111,MOVE_RENAME_FILE,P2_JS14.ipynb → m14/p02.ipynb
2026-03-04 11:18:11,2341720111,MOVE_RENAME_FILE,TP_JS14.ipynb → m14/tp01.ipynb
2026-03-04 11:18:11,2341720111,MOVE_RENAME_FILE,P1_JS15.ipynb → m15/p01.ipynb
2026-03-04 11:18:11,2341720111,MOVE_RENAME_FILE,P2_JS15.ipynb → m15/p02.ipynb
2026-03-04 11:18:11,2341720111,MOVE_RENAME_FILE,TP_JS15.ipynb → m15/tp01.ipynb
2026-03-04 11:18:11,2341720111,MOVE_RENAME_FILE,UAS.ipynb → None/UAS.ipynb
2026-03-04 11:18:11,2341720111,MOVE_RENAME_FILE,tp01.ipynb → None/tp02.ipynb
2026-03-04 11:18:11,2341720112,RENAME_FOLDER,JS01 → m01
2026-03-04 11:18:11,2341720112,RENAME_FOLDER,JS02 → m02
2026-03-04 11:18:11,2341720112,RENAME_FOLDER,JS03 → m03
2026-03-04 11:18:11,2341720112,RENAME_FOLDER,JS04 → m04
2026-03-04 11:18:11,2341720112,RENAME_FOLDER,JS05 → m05
2026-03-04 11:18:11,2341720112,RENAME_FOLDER,JS06 → m06
2026-03-04 11:18:11,2341720112,RENAME_FOLDER,JS07 → m07
2026-03-04 11:18:11,2341720112,RENAME_FOLDER,JS08 → m08
2026-03-04 11:18:11,2341720112,RENAME_FOLDER,JS09 → m09
2026-03-04 11:18:11,2341720112,RENAME_FOLDER,JS11 → m11
2026-03-04 11:18:11,2341720112,RENAME_FOLDER,JS13 → m13
2026-03-04 11:18:11,2341720112,RENAME_FOLDER,JS14 → m14
2026-03-04 11:18:11,2341720112,RENAME_FOLDER,JS15 → m15
2026-03-04 11:18:11,2341720112,MERGE_FOLDER,UTS → uts
2026-03-04 11:18:11,2341720112,MOVE_RENAME_FILE,KMeans_Song_Mood_Clustering.ipynb → None/KMeans_Song_Mood_Clustering.ipynb
2026-03-04 11:18:11,2341720112,MOVE_RENAME_FILE,py.py → None/py.py
2026-03-04 11:18:11,2341720112,MOVE_RENAME_FILE,db_sportify.ipynb → None/db_sportify.ipynb
2026-03-04 11:18:11,2341720112,MOVE_RENAME_FILE,KMeans_Clustering.ipynb → None/KMeans_Clustering.ipynb
2026-03-04 11:18:11,2341720112,MOVE_RENAME_FILE,kmeans_sportify copy 2.ipynb → None/kmeans_sportify copy 2.ipynb
2026-03-04 11:18:11,2341720112,MOVE_RENAME_FILE,kmeans_sportify copy.ipynb → None/kmeans_sportify copy.ipynb
2026-03-04 11:18:11,2341720112,MOVE_RENAME_FILE,kmeans_sportify.ipynb → None/kmeans_sportify.ipynb
2026-03-04 11:18:11,2341720112,MOVE_RENAME_FILE,P1_JS01.ipynb → m01/p01.ipynb
2026-03-04 11:18:11,2341720112,MOVE_RENAME_FILE,P1_JS02.ipynb → m02/p01.ipynb
2026-03-04 11:18:11,2341720112,MOVE_RENAME_FILE,P2_JS02.ipynb → m02/p02.ipynb
2026-03-04 11:18:11,2341720112,MOVE_RENAME_FILE,P3_JS02.ipynb → m02/p03.ipynb
2026-03-04 11:18:11,2341720112,MOVE_RENAME_FILE,P4_JS02.ipynb → m02/p04.ipynb
2026-03-04 11:18:11,2341720112,MOVE_RENAME_FILE,TP_JS02.ipynb → m02/tp01.ipynb
2026-03-04 11:18:11,2341720112,MOVE_RENAME_FILE,P1_JS03.ipynb → m03/p01.ipynb
2026-03-04 11:18:11,2341720112,MOVE_RENAME_FILE,P2_JS03.ipynb → m03/p02.ipynb
2026-03-04 11:18:11,2341720112,MOVE_RENAME_FILE,P3_JS03.ipynb → m03/p03.ipynb
2026-03-04 11:18:11,2341720112,MOVE_RENAME_FILE,P4_JS03.ipynb → m03/p04.ipynb
2026-03-04 11:18:11,2341720112,MOVE_RENAME_FILE,TP_JS03.ipynb → m03/tp01.ipynb
2026-03-04 11:18:11,2341720112,MOVE_RENAME_FILE,Kmeans.ipynb → None/Kmeans.ipynb
2026-03-04 11:18:11,2341720112,MOVE_RENAME_FILE,P1_JS04.ipynb → m04/p01.ipynb
2026-03-04 11:18:11,2341720112,MOVE_RENAME_FILE,P2_JS04.ipynb → m04/p02.ipynb
2026-03-04 11:18:11,2341720112,MOVE_RENAME_FILE,P3_JS04.ipynb → m04/p03.ipynb
2026-03-04 11:18:11,2341720112,MOVE_RENAME_FILE,TP_JS04.ipynb → m04/tp01.ipynb
2026-03-04 11:18:11,2341720112,MOVE_RENAME_FILE,P1_JS05.ipynb → m05/p01.ipynb
2026-03-04 11:18:11,2341720112,MOVE_RENAME_FILE,P2_JS05.ipynb → m05/p02.ipynb
2026-03-04 11:18:11,2341720112,MOVE_RENAME_FILE,TP_JS05.ipynb → m05/tp01.ipynb
2026-03-04 11:18:11,2341720112,MOVE_RENAME_FILE,P1_JS06.ipynb → m06/p01.ipynb
2026-03-04 11:18:11,2341720112,MOVE_RENAME_FILE,P2_JS06.ipynb → m06/p02.ipynb
2026-03-04 11:18:11,2341720112,MOVE_RENAME_FILE,TP_JS06.ipynb → m06/tp01.ipynb
2026-03-04 11:18:11,2341720112,MOVE_RENAME_FILE,P1_JS07.ipynb → m07/p01.ipynb
2026-03-04 11:18:11,2341720112,MOVE_RENAME_FILE,P2_JS07.ipynb → m07/p02.ipynb
2026-03-04 11:18:11,2341720112,MOVE_RENAME_FILE,P3_JS07.ipynb → m07/p03.ipynb
2026-03-04 11:18:11,2341720112,MOVE_RENAME_FILE,P4_JS07.ipynb → m07/p04.ipynb
2026-03-04 11:18:11,2341720112,MOVE_RENAME_FILE,P5_JS07.ipynb → m07/p05.ipynb
2026-03-04 11:18:11,2341720112,MOVE_RENAME_FILE,P6_JS07.ipynb → m07/p06.ipynb
2026-03-04 11:18:11,2341720112,MOVE_RENAME_FILE,TP_JS07.ipynb → m07/tp01.ipynb
2026-03-04 11:18:11,2341720112,MOVE_RENAME_FILE,TP_JS08.ipynb → m08/tp01.ipynb
2026-03-04 11:18:11,2341720112,MOVE_RENAME_FILE,P1_JS09.ipynb → m09/p01.ipynb
2026-03-04 11:18:11,2341720112,MOVE_RENAME_FILE,P2_JS09.ipynb → m09/p02.ipynb
2026-03-04 11:18:11,2341720112,MOVE_RENAME_FILE,P3_JS09.ipynb → m09/p03.ipynb
2026-03-04 11:18:11,2341720112,MOVE_RENAME_FILE,TP1_JS09.ipynb → m09/tp01.ipynb
2026-03-04 11:18:11,2341720112,MOVE_RENAME_FILE,TP2_JS09.ipynb → m09/tp02.ipynb
2026-03-04 11:18:11,2341720112,MOVE_RENAME_FILE,P1_JS11.ipynb → m11/p01.ipynb
2026-03-04 11:18:11,2341720112,MOVE_RENAME_FILE,P2_JS11.ipynb → m11/p02.ipynb
2026-03-04 11:18:11,2341720112,MOVE_RENAME_FILE,P3_JS11.ipynb → m11/p03.ipynb
2026-03-04 11:18:11,2341720112,MOVE_RENAME_FILE,P4_JS11.ipynb → m11/p04.ipynb
2026-03-04 11:18:11,2341720112,MOVE_RENAME_FILE,P5_JS11.ipynb → m11/p05.ipynb
2026-03-04 11:18:11,2341720112,MOVE_RENAME_FILE,TP_JS11.ipynb → m11/tp01.ipynb
2026-03-04 11:18:11,2341720112,MOVE_RENAME_FILE,P1_JS13.ipynb → m13/p01.ipynb
2026-03-04 11:18:11,2341720112,MOVE_RENAME_FILE,P2_JS13.ipynb → m13/p02.ipynb
2026-03-04 11:18:11,2341720112,MOVE_RENAME_FILE,P3_JS13.ipynb → m13/p03.ipynb
2026-03-04 11:18:11,2341720112,MOVE_RENAME_FILE,TP_JS13.ipynb → m13/tp01.ipynb
2026-03-04 11:18:11,2341720112,MOVE_RENAME_FILE,P1_JS14.ipynb → m14/p01.ipynb
2026-03-04 11:18:11,2341720112,MOVE_RENAME_FILE,P2_JS14.ipynb → m14/p02.ipynb
2026-03-04 11:18:11,2341720112,MOVE_RENAME_FILE,TP_JS14.ipynb → m14/tp01.ipynb
2026-03-04 11:18:11,2341720112,MOVE_RENAME_FILE,P1_JS15.ipynb → m15/p01.ipynb
2026-03-04 11:18:11,2341720112,MOVE_RENAME_FILE,TP_JS15.ipynb → m15/tp01.ipynb
2026-03-04 11:18:11,2341720117,RENAME_FOLDER,JS01 → m01
2026-03-04 11:18:11,2341720117,RENAME_FOLDER,JS02 → m02
2026-03-04 11:18:11,2341720117,RENAME_FOLDER,JS03 → m03
2026-03-04 11:18:12,2341720117,RENAME_FOLDER,JS04 → m04
2026-03-04 11:18:12,2341720117,RENAME_FOLDER,JS05 → m05
2026-03-04 11:18:12,2341720117,RENAME_FOLDER,JS06 → m06
2026-03-04 11:18:12,2341720117,RENAME_FOLDER,JS07 → m07
2026-03-04 11:18:12,2341720117,RENAME_FOLDER,JS09 → m09
2026-03-04 11:18:12,2341720117,RENAME_FOLDER,JS11 → m11
2026-03-04 11:18:12,2341720117,RENAME_FOLDER,JS13 → m13
2026-03-04 11:18:12,2341720117,RENAME_FOLDER,JS14 → m14
2026-03-04 11:18:12,2341720117,RENAME_FOLDER,JS15 → m15
2026-03-04 11:18:12,2341720117,MERGE_FOLDER,KUIS → kuis
2026-03-04 11:18:12,2341720117,RENAME_FOLDER,PBL_FastAPI → pbl
2026-03-04 11:18:12,2341720117,MERGE_FOLDER,UTS → uts
2026-03-04 11:18:12,2341720117,MOVE_RENAME_FILE,TG1_2341720117_OKTAVIAN_EKA_RAMADHAN.ipynb → None/TG1_2341720117_OKTAVIAN_EKA_RAMADHAN.ipynb
2026-03-04 11:18:12,2341720117,MOVE_RENAME_FILE,P1_JS02.ipynb → m02/p01.ipynb
2026-03-04 11:18:12,2341720117,MOVE_RENAME_FILE,P2_JS02.ipynb → m02/p02.ipynb
2026-03-04 11:18:12,2341720117,MOVE_RENAME_FILE,P3_JS02.ipynb → m02/p03.ipynb
2026-03-04 11:18:12,2341720117,MOVE_RENAME_FILE,P4_JS02.ipynb → m02/p04.ipynb
2026-03-04 11:18:12,2341720117,MOVE_RENAME_FILE,TP_JS02.ipynb → m02/tp01.ipynb
2026-03-04 11:18:12,2341720117,MOVE_RENAME_FILE,P1_JS03.ipynb → m03/p01.ipynb
2026-03-04 11:18:12,2341720117,MOVE_RENAME_FILE,P2_JS03.ipynb → m03/p02.ipynb
2026-03-04 11:18:12,2341720117,MOVE_RENAME_FILE,P3_JS03.ipynb → m03/p03.ipynb
2026-03-04 11:18:12,2341720117,MOVE_RENAME_FILE,P4_JS03.ipynb → m03/p04.ipynb
2026-03-04 11:18:12,2341720117,MOVE_RENAME_FILE,TP_JS03.ipynb → m03/tp01.ipynb
2026-03-04 11:18:12,2341720117,MOVE_RENAME_FILE,P1_JS04.ipynb → m04/p01.ipynb
2026-03-04 11:18:12,2341720117,MOVE_RENAME_FILE,P2_JS04.ipynb → m04/p02.ipynb
2026-03-04 11:18:12,2341720117,MOVE_RENAME_FILE,P3_JS04.ipynb → m04/p03.ipynb
2026-03-04 11:18:12,2341720117,MOVE_RENAME_FILE,TP_JS04.ipynb → m04/tp01.ipynb
2026-03-04 11:18:12,2341720117,MOVE_RENAME_FILE,P1_JS05.ipynb → m05/p01.ipynb
2026-03-04 11:18:12,2341720117,MOVE_RENAME_FILE,P2_JS05.ipynb → m05/p02.ipynb
2026-03-04 11:18:12,2341720117,MOVE_RENAME_FILE,TP_JS05.ipynb → m05/tp01.ipynb
2026-03-04 11:18:12,2341720117,MOVE_RENAME_FILE,P1_JS06.ipynb → m06/p01.ipynb
2026-03-04 11:18:12,2341720117,MOVE_RENAME_FILE,P2_JS06.ipynb → m06/p02.ipynb
2026-03-04 11:18:12,2341720117,MOVE_RENAME_FILE,TP_JS06.ipynb → m06/tp01.ipynb
2026-03-04 11:18:12,2341720117,MOVE_RENAME_FILE,P1_JS07.ipynb → m07/p01.ipynb
2026-03-04 11:18:12,2341720117,MOVE_RENAME_FILE,P2_JS07.ipynb → m07/p02.ipynb
2026-03-04 11:18:12,2341720117,MOVE_RENAME_FILE,P3_JS07.ipynb → m07/p03.ipynb
2026-03-04 11:18:12,2341720117,MOVE_RENAME_FILE,P4_JS07.ipynb → m07/p04.ipynb
2026-03-04 11:18:12,2341720117,MOVE_RENAME_FILE,P5_JS07.ipynb → m07/p05.ipynb
2026-03-04 11:18:12,2341720117,MOVE_RENAME_FILE,P6_JS07.ipynb → m07/p06.ipynb
2026-03-04 11:18:12,2341720117,MOVE_RENAME_FILE,TP_JS07.ipynb → m07/tp01.ipynb
2026-03-04 11:18:12,2341720117,MOVE_RENAME_FILE,P1_JS09.ipynb → m09/p01.ipynb
2026-03-04 11:18:12,2341720117,MOVE_RENAME_FILE,P2_JS09.ipynb → m09/p02.ipynb
2026-03-04 11:18:12,2341720117,MOVE_RENAME_FILE,P3_JS09.ipynb → m09/p03.ipynb
2026-03-04 11:18:12,2341720117,MOVE_RENAME_FILE,TP_JS09_1.ipynb → m09/tp01.ipynb
2026-03-04 11:18:12,2341720117,MOVE_RENAME_FILE,TP_JS09_2.ipynb → m09/tp02.ipynb
2026-03-04 11:18:12,2341720117,MOVE_RENAME_FILE,P1_JS11.ipynb → m11/p01.ipynb
2026-03-04 11:18:12,2341720117,MOVE_RENAME_FILE,P2_JS11.ipynb → m11/p02.ipynb
2026-03-04 11:18:12,2341720117,MOVE_RENAME_FILE,P3_JS11.ipynb → m11/p03.ipynb
2026-03-04 11:18:12,2341720117,MOVE_RENAME_FILE,P4_JS11.ipynb → m11/p04.ipynb
2026-03-04 11:18:12,2341720117,MOVE_RENAME_FILE,P5_JS11.ipynb → m11/p05.ipynb
2026-03-04 11:18:12,2341720117,MOVE_RENAME_FILE,TP_JS11.ipynb → m11/tp01.ipynb
2026-03-04 11:18:12,2341720117,MOVE_RENAME_FILE,P1_JS13.ipynb → m13/p01.ipynb
2026-03-04 11:18:12,2341720117,MOVE_RENAME_FILE,P2_JS13.ipynb → m13/p02.ipynb
2026-03-04 11:18:12,2341720117,MOVE_RENAME_FILE,P3_JS13.ipynb → m13/p03.ipynb
2026-03-04 11:18:12,2341720117,MOVE_RENAME_FILE,TP_JS13.ipynb → m13/tp01.ipynb
2026-03-04 11:18:12,2341720117,MOVE_RENAME_FILE,P1_JS14.ipynb → m14/p01.ipynb
2026-03-04 11:18:12,2341720117,MOVE_RENAME_FILE,P2_JS14.ipynb → m14/p02.ipynb
2026-03-04 11:18:12,2341720117,MOVE_RENAME_FILE,TP_JS14.ipynb → m14/tp01.ipynb
2026-03-04 11:18:12,2341720117,MOVE_RENAME_FILE,P1_JS15.ipynb → m15/p01.ipynb
2026-03-04 11:18:12,2341720117,MOVE_RENAME_FILE,app.py → m15/app.py
2026-03-04 11:18:12,2341720117,MOVE_RENAME_FILE,app.py → m15/app.py
2026-03-04 11:18:12,2341720117,MOVE_RENAME_FILE,Salinan PBL_ML Regression Risk_V1.ipynb → pbl/pbl.ipynb
2026-03-04 11:18:12,2341720117,MOVE_RENAME_FILE,config.py → pbl/pbl.py
2026-03-04 11:18:12,2341720117,MOVE_RENAME_FILE,main.py → pbl/pbl.py
2026-03-04 11:18:12,2341720117,MOVE_RENAME_FILE,schemas.py → pbl/pbl.py
2026-03-04 11:18:12,2341720117,MOVE_RENAME_FILE,feature_builder.py → pbl/pbl.py
2026-03-04 11:18:12,2341720117,MOVE_RENAME_FILE,model_loader.py → pbl/pbl.py
2026-03-04 11:18:12,2341720117,MOVE_RENAME_FILE,predictor.py → pbl/pbl.py
2026-03-04 11:18:12,2341720117,MOVE_RENAME_FILE,risk_analyzer.py → pbl/pbl.py
2026-03-04 11:18:12,2341720131,RENAME_FOLDER,JS02 → m02
2026-03-04 11:18:12,2341720131,RENAME_FOLDER,JS03 → m03
2026-03-04 11:18:12,2341720131,RENAME_FOLDER,JS04 → m04
2026-03-04 11:18:12,2341720131,RENAME_FOLDER,JS05 → m05
2026-03-04 11:18:12,2341720131,RENAME_FOLDER,JS06 → m06
2026-03-04 11:18:12,2341720131,RENAME_FOLDER,JS07 → m07
2026-03-04 11:18:12,2341720131,RENAME_FOLDER,JS08 → m08
2026-03-04 11:18:12,2341720131,RENAME_FOLDER,JS09 → m09
2026-03-04 11:18:12,2341720131,RENAME_FOLDER,JS11 → m11
2026-03-04 11:18:12,2341720131,RENAME_FOLDER,JS13 → m13
2026-03-04 11:18:12,2341720131,RENAME_FOLDER,JS14 → m14
2026-03-04 11:18:12,2341720131,RENAME_FOLDER,JS15 → m15
2026-03-04 11:18:12,2341720131,MOVE_RENAME_FILE,P1_JS02.ipynb → m02/p01.ipynb
2026-03-04 11:18:12,2341720131,MOVE_RENAME_FILE,P2_JS02.ipynb → m02/p02.ipynb
2026-03-04 11:18:12,2341720131,MOVE_RENAME_FILE,P3_JS02.ipynb → m02/p03.ipynb
2026-03-04 11:18:12,2341720131,MOVE_RENAME_FILE,P4_JS02.ipynb → m02/p04.ipynb
2026-03-04 11:18:12,2341720131,MOVE_RENAME_FILE,TP_JS02.ipynb → m02/tp01.ipynb
2026-03-04 11:18:12,2341720131,MOVE_RENAME_FILE,P1_JS03.ipynb → m03/p01.ipynb
2026-03-04 11:18:12,2341720131,MOVE_RENAME_FILE,P2_JS03.ipynb → m03/p02.ipynb
2026-03-04 11:18:12,2341720131,MOVE_RENAME_FILE,P3_JS03.ipynb → m03/p03.ipynb
2026-03-04 11:18:12,2341720131,MOVE_RENAME_FILE,P4_JS03.ipynb → m03/p04.ipynb
2026-03-04 11:18:12,2341720131,MOVE_RENAME_FILE,TP_JS03.ipynb → m03/tp01.ipynb
2026-03-04 11:18:12,2341720131,MOVE_RENAME_FILE,P1_JS04.ipynb → m04/p01.ipynb
2026-03-04 11:18:12,2341720131,MOVE_RENAME_FILE,P2_JS04.ipynb → m04/p02.ipynb
2026-03-04 11:18:12,2341720131,MOVE_RENAME_FILE,P3_JS04.ipynb → m04/p03.ipynb
2026-03-04 11:18:12,2341720131,MOVE_RENAME_FILE,TP_JS04.ipynb → m04/tp01.ipynb
2026-03-04 11:18:12,2341720131,MOVE_RENAME_FILE,P1_JS05.ipynb → m05/p01.ipynb
2026-03-04 11:18:12,2341720131,MOVE_RENAME_FILE,P2_JS05.ipynb → m05/p02.ipynb
2026-03-04 11:18:12,2341720131,MOVE_RENAME_FILE,TP_JS05.ipynb → m05/tp01.ipynb
2026-03-04 11:18:12,2341720131,MOVE_RENAME_FILE,P1_JS06.ipynb → m06/p01.ipynb
2026-03-04 11:18:12,2341720131,MOVE_RENAME_FILE,P2_JS06.ipynb → m06/p02.ipynb
2026-03-04 11:18:12,2341720131,MOVE_RENAME_FILE,TP_JS06.ipynb → m06/tp01.ipynb
2026-03-04 11:18:12,2341720131,MOVE_RENAME_FILE,P1_JS07.ipynb → m07/p01.ipynb
2026-03-04 11:18:12,2341720131,MOVE_RENAME_FILE,P2_JS07.ipynb → m07/p02.ipynb
2026-03-04 11:18:12,2341720131,MOVE_RENAME_FILE,P3_JS07.ipynb → m07/p03.ipynb
2026-03-04 11:18:12,2341720131,MOVE_RENAME_FILE,P4_JS07.ipynb → m07/p04.ipynb
2026-03-04 11:18:12,2341720131,MOVE_RENAME_FILE,P5_JS07.ipynb → m07/p05.ipynb
2026-03-04 11:18:12,2341720131,MOVE_RENAME_FILE,P6_JS07.ipynb → m07/p06.ipynb
2026-03-04 11:18:12,2341720131,MOVE_RENAME_FILE,TP_JS07.ipynb → m07/tp01.ipynb
2026-03-04 11:18:12,2341720131,MOVE_RENAME_FILE,TP_JS08.ipynb → m08/tp01.ipynb
2026-03-04 11:18:12,2341720131,MOVE_RENAME_FILE,P1_JS09.ipynb → m09/p01.ipynb
2026-03-04 11:18:12,2341720131,MOVE_RENAME_FILE,P2_JS09.ipynb → m09/p02.ipynb
2026-03-04 11:18:12,2341720131,MOVE_RENAME_FILE,P3_JS09.ipynb → m09/p03.ipynb
2026-03-04 11:18:12,2341720131,MOVE_RENAME_FILE,TP_JS09_1.ipynb → m09/tp01.ipynb
2026-03-04 11:18:12,2341720131,MOVE_RENAME_FILE,TP_JS09_2.ipynb → m09/tp02.ipynb
2026-03-04 11:18:12,2341720131,MOVE_RENAME_FILE,P1_JS11.ipynb → m11/p01.ipynb
2026-03-04 11:18:12,2341720131,MOVE_RENAME_FILE,P2_JS11.ipynb → m11/p02.ipynb
2026-03-04 11:18:12,2341720131,MOVE_RENAME_FILE,P3_JS11.ipynb → m11/p03.ipynb
2026-03-04 11:18:12,2341720131,MOVE_RENAME_FILE,P4_JS11.ipynb → m11/p04.ipynb
2026-03-04 11:18:12,2341720131,MOVE_RENAME_FILE,P5_JS11.ipynb → m11/p05.ipynb
2026-03-04 11:18:12,2341720131,MOVE_RENAME_FILE,TP_JS11.ipynb → m11/tp01.ipynb
2026-03-04 11:18:12,2341720131,MOVE_RENAME_FILE,P1_JS13.ipynb → m13/p01.ipynb
2026-03-04 11:18:12,2341720131,MOVE_RENAME_FILE,P2_JS13.ipynb → m13/p02.ipynb
2026-03-04 11:18:12,2341720131,MOVE_RENAME_FILE,P3_JS13.ipynb → m13/p03.ipynb
2026-03-04 11:18:12,2341720131,MOVE_RENAME_FILE,TP_JS13.ipynb → m13/tp01.ipynb
2026-03-04 11:18:12,2341720131,MOVE_RENAME_FILE,P1_JS14.ipynb → m14/p01.ipynb
2026-03-04 11:18:12,2341720131,MOVE_RENAME_FILE,P2_JS14.ipynb → m14/p02.ipynb
2026-03-04 11:18:12,2341720131,MOVE_RENAME_FILE,TP_JS14.ipynb → m14/tp01.ipynb
2026-03-04 11:18:12,2341720131,MOVE_RENAME_FILE,P1_JS15.ipynb → m15/p01.ipynb
2026-03-04 11:18:12,2341720131,MOVE_RENAME_FILE,app.py → m15/app.py
2026-03-04 11:18:12,2341720131,MOVE_RENAME_FILE,app.py → m15/app.py
2026-03-04 11:18:12,2341720131,MOVE_RENAME_FILE,UAS.ipynb → None/UAS.ipynb
2026-03-04 11:18:12,2341720135,RENAME_FOLDER,JS02 → m02
2026-03-04 11:18:12,2341720135,RENAME_FOLDER,JS03 → m03
2026-03-04 11:18:12,2341720135,RENAME_FOLDER,JS04 → m04
2026-03-04 11:18:12,2341720135,RENAME_FOLDER,JS05 → m05
2026-03-04 11:18:12,2341720135,RENAME_FOLDER,JS06 → m06
2026-03-04 11:18:12,2341720135,RENAME_FOLDER,JS07 → m07
2026-03-04 11:18:12,2341720135,RENAME_FOLDER,JS08 → m08
2026-03-04 11:18:12,2341720135,RENAME_FOLDER,JS09 → m09
2026-03-04 11:18:12,2341720135,RENAME_FOLDER,JS11 → m11
2026-03-04 11:18:12,2341720135,MOVE_RENAME_FILE,Kelompok_ML_Clustering.ipynb → kelompok/kelompok.ipynb
2026-03-04 11:18:12,2341720135,MOVE_RENAME_FILE,UTS_2341720135_Rakai_Seto_Sembodo.ipynb → uts/uts.ipynb
2026-03-04 11:18:12,2341720135,MOVE_RENAME_FILE,P1_JS02.ipynb → m02/p01.ipynb
2026-03-04 11:18:12,2341720135,MOVE_RENAME_FILE,P2_JS02.ipynb → m02/p02.ipynb
2026-03-04 11:18:12,2341720135,MOVE_RENAME_FILE,P3_JS02.ipynb → m02/p03.ipynb
2026-03-04 11:18:12,2341720135,MOVE_RENAME_FILE,P4_JS02.ipynb → m02/p04.ipynb
2026-03-04 11:18:12,2341720135,MOVE_RENAME_FILE,TP_JS02.ipynb → m02/tp01.ipynb
2026-03-04 11:18:12,2341720135,MOVE_RENAME_FILE,P1_JS03.ipynb → m03/p01.ipynb
2026-03-04 11:18:12,2341720135,MOVE_RENAME_FILE,P2_JS03.ipynb → m03/p02.ipynb
2026-03-04 11:18:12,2341720135,MOVE_RENAME_FILE,P3_JS03.ipynb → m03/p03.ipynb
2026-03-04 11:18:12,2341720135,MOVE_RENAME_FILE,P4_JS03.ipynb → m03/p04.ipynb
2026-03-04 11:18:12,2341720135,MOVE_RENAME_FILE,TP_JS03.ipynb → m03/tp01.ipynb
2026-03-04 11:18:12,2341720135,MOVE_RENAME_FILE,P1_JS04.ipynb → m04/p01.ipynb
2026-03-04 11:18:12,2341720135,MOVE_RENAME_FILE,P2_JS04.ipynb → m04/p02.ipynb
2026-03-04 11:18:12,2341720135,MOVE_RENAME_FILE,P3_JS04.ipynb → m04/p03.ipynb
2026-03-04 11:18:12,2341720135,MOVE_RENAME_FILE,TP_JS04.ipynb → m04/tp01.ipynb
2026-03-04 11:18:12,2341720135,MOVE_RENAME_FILE,P1_JS05.ipynb → m05/p01.ipynb
2026-03-04 11:18:12,2341720135,MOVE_RENAME_FILE,P2_JS05.ipynb → m05/p02.ipynb
2026-03-04 11:18:12,2341720135,MOVE_RENAME_FILE,TP_JS05.ipynb → m05/tp01.ipynb
2026-03-04 11:18:12,2341720135,MOVE_RENAME_FILE,P1_JS06.ipynb → m06/p01.ipynb
2026-03-04 11:18:12,2341720135,MOVE_RENAME_FILE,P2_JS06.ipynb → m06/p02.ipynb
2026-03-04 11:18:12,2341720135,MOVE_RENAME_FILE,TP_JS06.ipynb → m06/tp01.ipynb
2026-03-04 11:18:12,2341720135,MOVE_RENAME_FILE,P1_JS07.ipynb → m07/p01.ipynb
2026-03-04 11:18:12,2341720135,MOVE_RENAME_FILE,P2_JS07.ipynb → m07/p02.ipynb
2026-03-04 11:18:12,2341720135,MOVE_RENAME_FILE,P3_JS07.ipynb → m07/p03.ipynb
2026-03-04 11:18:12,2341720135,MOVE_RENAME_FILE,P4_JS07.ipynb → m07/p04.ipynb
2026-03-04 11:18:12,2341720135,MOVE_RENAME_FILE,P5_JS07.ipynb → m07/p05.ipynb
2026-03-04 11:18:12,2341720135,MOVE_RENAME_FILE,P6_JS07.ipynb → m07/p06.ipynb
2026-03-04 11:18:12,2341720135,MOVE_RENAME_FILE,TP_JS07.ipynb → m07/tp01.ipynb
2026-03-04 11:18:12,2341720135,MOVE_RENAME_FILE,TP_JS08.ipynb → m08/tp01.ipynb
2026-03-04 11:18:12,2341720135,MOVE_RENAME_FILE,P1_JS09.ipynb → m09/p01.ipynb
2026-03-04 11:18:12,2341720135,MOVE_RENAME_FILE,P2_JS09.ipynb → m09/p02.ipynb
2026-03-04 11:18:12,2341720135,MOVE_RENAME_FILE,P3_JS09.ipynb → m09/p03.ipynb
2026-03-04 11:18:12,2341720135,MOVE_RENAME_FILE,TP_JS09_1.ipynb → m09/tp01.ipynb
2026-03-04 11:18:12,2341720135,MOVE_RENAME_FILE,TP_JS09_2.ipynb → m09/tp02.ipynb
2026-03-04 11:18:12,2341720135,MOVE_RENAME_FILE,P1_JS11.ipynb → m11/p01.ipynb
2026-03-04 11:18:12,2341720135,MOVE_RENAME_FILE,P2_JS11.ipynb → m11/p02.ipynb
2026-03-04 11:18:12,2341720135,MOVE_RENAME_FILE,P3_JS11.ipynb → m11/p03.ipynb
2026-03-04 11:18:12,2341720135,MOVE_RENAME_FILE,P4_JS11.ipynb → m11/p04.ipynb
2026-03-04 11:18:12,2341720135,MOVE_RENAME_FILE,P5_JS11.ipynb → m11/p05.ipynb
2026-03-04 11:18:12,2341720135,MOVE_RENAME_FILE,TP_JS11.ipynb → m11/tp01.ipynb
2026-03-04 11:18:12,2341720143,RENAME_FOLDER,JS02 → m02
2026-03-04 11:18:12,2341720143,RENAME_FOLDER,JS03 → m03
2026-03-04 11:18:12,2341720143,RENAME_FOLDER,JS04 → m04
2026-03-04 11:18:12,2341720143,RENAME_FOLDER,JS05 → m05
2026-03-04 11:18:12,2341720143,RENAME_FOLDER,JS06 → m06
2026-03-04 11:18:12,2341720143,RENAME_FOLDER,JS07 → m07
2026-03-04 11:18:12,2341720143,RENAME_FOLDER,JS08 → m08
2026-03-04 11:18:12,2341720143,RENAME_FOLDER,JS09 → m09
2026-03-04 11:18:12,2341720143,RENAME_FOLDER,JS11 → m11
2026-03-04 11:18:12,2341720143,RENAME_FOLDER,JS13 → m13
2026-03-04 11:18:12,2341720143,RENAME_FOLDER,JS14 → m14
2026-03-04 11:18:12,2341720143,RENAME_FOLDER,JS15 → m15
2026-03-04 11:18:12,2341720143,MERGE_FOLDER,PBL → pbl
2026-03-04 11:18:12,2341720143,MOVE_RENAME_FILE,P1_JS02.ipynb → m02/p01.ipynb
2026-03-04 11:18:12,2341720143,MOVE_RENAME_FILE,P2_JS02.ipynb → m02/p02.ipynb
2026-03-04 11:18:12,2341720143,MOVE_RENAME_FILE,P3_JS02.ipynb → m02/p03.ipynb
2026-03-04 11:18:12,2341720143,MOVE_RENAME_FILE,P4_JS02.ipynb → m02/p04.ipynb
2026-03-04 11:18:12,2341720143,MOVE_RENAME_FILE,TP_JS02.ipynb → m02/tp01.ipynb
2026-03-04 11:18:12,2341720143,MOVE_RENAME_FILE,P1_JS03.ipynb → m03/p01.ipynb
2026-03-04 11:18:12,2341720143,MOVE_RENAME_FILE,P2_JS03.ipynb → m03/p02.ipynb
2026-03-04 11:18:12,2341720143,MOVE_RENAME_FILE,P3_JS03.ipynb → m03/p03.ipynb
2026-03-04 11:18:12,2341720143,MOVE_RENAME_FILE,P4_JS03.ipynb → m03/p04.ipynb
2026-03-04 11:18:12,2341720143,MOVE_RENAME_FILE,TP_JS03.ipynb → m03/tp01.ipynb
2026-03-04 11:18:12,2341720143,MOVE_RENAME_FILE,P1_JS04.ipynb → m04/p01.ipynb
2026-03-04 11:18:12,2341720143,MOVE_RENAME_FILE,P2_JS04.ipynb → m04/p02.ipynb
2026-03-04 11:18:12,2341720143,MOVE_RENAME_FILE,P3_JS04.ipynb → m04/p03.ipynb
2026-03-04 11:18:12,2341720143,MOVE_RENAME_FILE,TP_JS04.ipynb → m04/tp01.ipynb
2026-03-04 11:18:12,2341720143,MOVE_RENAME_FILE,P1_JS05.ipynb → m05/p01.ipynb
2026-03-04 11:18:12,2341720143,MOVE_RENAME_FILE,P2_JS05.ipynb → m05/p02.ipynb
2026-03-04 11:18:12,2341720143,MOVE_RENAME_FILE,TP_JS05.ipynb → m05/tp01.ipynb
2026-03-04 11:18:12,2341720143,MOVE_RENAME_FILE,P1_JS06.ipynb → m06/p01.ipynb
2026-03-04 11:18:12,2341720143,MOVE_RENAME_FILE,P2_JS06.ipynb → m06/p02.ipynb
2026-03-04 11:18:12,2341720143,MOVE_RENAME_FILE,P3_JS06.ipynb → m06/p03.ipynb
2026-03-04 11:18:12,2341720143,MOVE_RENAME_FILE,P4_JS06.ipynb → m06/p04.ipynb
2026-03-04 11:18:12,2341720143,MOVE_RENAME_FILE,P5_JS06.ipynb → m06/p05.ipynb
2026-03-04 11:18:12,2341720143,MOVE_RENAME_FILE,P6_JS06.ipynb → m06/p06.ipynb
2026-03-04 11:18:12,2341720143,MOVE_RENAME_FILE,TP_JS06.ipynb → m06/tp01.ipynb
2026-03-04 11:18:12,2341720143,MOVE_RENAME_FILE,P1_JS07.ipynb → m07/p01.ipynb
2026-03-04 11:18:12,2341720143,MOVE_RENAME_FILE,P2_JS07.ipynb → m07/p02.ipynb
2026-03-04 11:18:12,2341720143,MOVE_RENAME_FILE,TP_JS07.ipynb → m07/tp01.ipynb
2026-03-04 11:18:12,2341720143,MOVE_RENAME_FILE,TP_JS08.ipynb → m08/tp01.ipynb
2026-03-04 11:18:12,2341720143,MOVE_RENAME_FILE,P1_JS09.ipynb → m09/p01.ipynb
2026-03-04 11:18:12,2341720143,MOVE_RENAME_FILE,P2_JS09.ipynb → m09/p02.ipynb
2026-03-04 11:18:12,2341720143,MOVE_RENAME_FILE,P3_JS09.ipynb → m09/p03.ipynb
2026-03-04 11:18:12,2341720143,MOVE_RENAME_FILE,TP_JS09_1.ipynb → m09/tp01.ipynb
2026-03-04 11:18:12,2341720143,MOVE_RENAME_FILE,TP_JS09_2.ipynb → m09/tp02.ipynb
2026-03-04 11:18:12,2341720143,MOVE_RENAME_FILE,P1_JS11.ipynb → m11/p01.ipynb
2026-03-04 11:18:12,2341720143,MOVE_RENAME_FILE,P2_JS11.ipynb → m11/p02.ipynb
2026-03-04 11:18:12,2341720143,MOVE_RENAME_FILE,P3_JS11.ipynb → m11/p03.ipynb
2026-03-04 11:18:12,2341720143,MOVE_RENAME_FILE,P4_JS11.ipynb → m11/p04.ipynb
2026-03-04 11:18:12,2341720143,MOVE_RENAME_FILE,P5_JS11.ipynb → m11/p05.ipynb
2026-03-04 11:18:12,2341720143,MOVE_RENAME_FILE,TP_JS11.ipynb → m11/tp01.ipynb
2026-03-04 11:18:12,2341720143,MOVE_RENAME_FILE,P1_JS13.ipynb → m13/p01.ipynb
2026-03-04 11:18:12,2341720143,MOVE_RENAME_FILE,P2_JS13.ipynb → m13/p02.ipynb
2026-03-04 11:18:12,2341720143,MOVE_RENAME_FILE,P3_JS13.ipynb → m13/p03.ipynb
2026-03-04 11:18:12,2341720143,MOVE_RENAME_FILE,TP_JS13.ipynb → m13/tp01.ipynb
2026-03-04 11:18:12,2341720143,MOVE_RENAME_FILE,P1_JS14.ipynb → m14/p01.ipynb
2026-03-04 11:18:12,2341720143,MOVE_RENAME_FILE,P2_JS14.ipynb → m14/p02.ipynb
2026-03-04 11:18:12,2341720143,MOVE_RENAME_FILE,TP_JS14.ipynb → m14/tp01.ipynb
2026-03-04 11:18:12,2341720143,MOVE_RENAME_FILE,P1_JS15.ipynb → m15/p01.ipynb
2026-03-04 11:18:12,2341720143,MOVE_RENAME_FILE,P2_JS15.ipynb → m15/p02.ipynb
2026-03-04 11:18:12,2341720144,RENAME_FOLDER,JS01 → m01
2026-03-04 11:18:12,2341720144,RENAME_FOLDER,JS02 → m02
2026-03-04 11:18:12,2341720144,RENAME_FOLDER,JS03 → m03
2026-03-04 11:18:12,2341720144,RENAME_FOLDER,JS04 → m04
2026-03-04 11:18:12,2341720144,RENAME_FOLDER,JS05 → m05
2026-03-04 11:18:12,2341720144,RENAME_FOLDER,JS06 → m06
2026-03-04 11:18:12,2341720144,RENAME_FOLDER,JS07 → m07
2026-03-04 11:18:12,2341720144,RENAME_FOLDER,JS08 → m08
2026-03-04 11:18:12,2341720144,RENAME_FOLDER,JS09 → m09
2026-03-04 11:18:12,2341720144,RENAME_FOLDER,JS11 → m11
2026-03-04 11:18:12,2341720144,RENAME_FOLDER,JS13 → m13
2026-03-04 11:18:12,2341720144,RENAME_FOLDER,JS14 → m14
2026-03-04 11:18:12,2341720144,RENAME_FOLDER,JS15 → m15
2026-03-04 11:18:12,2341720144,MERGE_FOLDER,PBL → pbl
2026-03-04 11:18:12,2341720144,MOVE_RENAME_FILE,P1_JS01.ipynb → m01/p01.ipynb
2026-03-04 11:18:12,2341720144,MOVE_RENAME_FILE,TP_JS01.ipynb → m01/tp01.ipynb
2026-03-04 11:18:12,2341720144,MOVE_RENAME_FILE,P1_JS02.ipynb → m02/p01.ipynb
2026-03-04 11:18:12,2341720144,MOVE_RENAME_FILE,P2_JS02.ipynb → m02/p02.ipynb
2026-03-04 11:18:12,2341720144,MOVE_RENAME_FILE,P3_JS02.ipynb → m02/p03.ipynb
2026-03-04 11:18:12,2341720144,MOVE_RENAME_FILE,P4_JS02.ipynb → m02/p04.ipynb
2026-03-04 11:18:12,2341720144,MOVE_RENAME_FILE,TP_JS02.ipynb → m02/tp01.ipynb
2026-03-04 11:18:12,2341720144,MOVE_RENAME_FILE,P1_JS03.ipynb → m03/p01.ipynb
2026-03-04 11:18:12,2341720144,MOVE_RENAME_FILE,P2_JS03.ipynb → m03/p02.ipynb
2026-03-04 11:18:12,2341720144,MOVE_RENAME_FILE,P3_JS03.ipynb → m03/p03.ipynb
2026-03-04 11:18:12,2341720144,MOVE_RENAME_FILE,P4_JS03.ipynb → m03/p04.ipynb
2026-03-04 11:18:12,2341720144,MOVE_RENAME_FILE,TP_JS03.ipynb → m03/tp01.ipynb
2026-03-04 11:18:12,2341720144,MOVE_RENAME_FILE,P1_JS04.ipynb → m04/p01.ipynb
2026-03-04 11:18:12,2341720144,MOVE_RENAME_FILE,P2_JS04.ipynb → m04/p02.ipynb
2026-03-04 11:18:12,2341720144,MOVE_RENAME_FILE,P3_JS04.ipynb → m04/p03.ipynb
2026-03-04 11:18:12,2341720144,MOVE_RENAME_FILE,TP_JS04.ipynb → m04/tp01.ipynb
2026-03-04 11:18:12,2341720144,MOVE_RENAME_FILE,P1_JS05.ipynb → m05/p01.ipynb
2026-03-04 11:18:12,2341720144,MOVE_RENAME_FILE,P2_JS05.ipynb → m05/p02.ipynb
2026-03-04 11:18:12,2341720144,MOVE_RENAME_FILE,TP_JS05.ipynb → m05/tp01.ipynb
2026-03-04 11:18:12,2341720144,MOVE_RENAME_FILE,P1_JS06.ipynb → m06/p01.ipynb
2026-03-04 11:18:12,2341720144,MOVE_RENAME_FILE,P2_JS06.ipynb → m06/p02.ipynb
2026-03-04 11:18:12,2341720144,MOVE_RENAME_FILE,TP_JS06.ipynb → m06/tp01.ipynb
2026-03-04 11:18:12,2341720144,MOVE_RENAME_FILE,P1_JS07.ipynb → m07/p01.ipynb
2026-03-04 11:18:12,2341720144,MOVE_RENAME_FILE,P2_JS07.ipynb → m07/p02.ipynb
2026-03-04 11:18:12,2341720144,MOVE_RENAME_FILE,P3_JS07.ipynb → m07/p03.ipynb
2026-03-04 11:18:12,2341720144,MOVE_RENAME_FILE,P4_JS07.ipynb → m07/p04.ipynb
2026-03-04 11:18:12,2341720144,MOVE_RENAME_FILE,P5_JS07.ipynb → m07/p05.ipynb
2026-03-04 11:18:12,2341720144,MOVE_RENAME_FILE,P6_JS07.ipynb → m07/p06.ipynb
2026-03-04 11:18:12,2341720144,MOVE_RENAME_FILE,TP_JS07.ipynb → m07/tp01.ipynb
2026-03-04 11:18:12,2341720144,MOVE_RENAME_FILE,TP_JS08.ipynb → m08/tp01.ipynb
2026-03-04 11:18:12,2341720144,MOVE_RENAME_FILE,P1_JS09.ipynb → m09/p01.ipynb
2026-03-04 11:18:12,2341720144,MOVE_RENAME_FILE,P2_JS09.ipynb → m09/p02.ipynb
2026-03-04 11:18:12,2341720144,MOVE_RENAME_FILE,P3_JS09.ipynb → m09/p03.ipynb
2026-03-04 11:18:12,2341720144,MOVE_RENAME_FILE,TP_JS09_1.ipynb → m09/tp01.ipynb
2026-03-04 11:18:12,2341720144,MOVE_RENAME_FILE,TP_JS09_2.ipynb → m09/tp02.ipynb
2026-03-04 11:18:12,2341720144,MOVE_RENAME_FILE,P1_JS11.ipynb → m11/p01.ipynb
2026-03-04 11:18:12,2341720144,MOVE_RENAME_FILE,P2_JS11.ipynb → m11/p02.ipynb
2026-03-04 11:18:12,2341720144,MOVE_RENAME_FILE,P3_JS11.ipynb → m11/p03.ipynb
2026-03-04 11:18:12,2341720144,MOVE_RENAME_FILE,P4_JS11.ipynb → m11/p04.ipynb
2026-03-04 11:18:12,2341720144,MOVE_RENAME_FILE,P5_JS11.ipynb → m11/p05.ipynb
2026-03-04 11:18:12,2341720144,MOVE_RENAME_FILE,TP_JS11.ipynb → m11/tp01.ipynb
2026-03-04 11:18:12,2341720144,MOVE_RENAME_FILE,P1_JS13.ipynb → m13/p01.ipynb
2026-03-04 11:18:12,2341720144,MOVE_RENAME_FILE,P2_JS13.ipynb → m13/p02.ipynb
2026-03-04 11:18:12,2341720144,MOVE_RENAME_FILE,P3_JS13.ipynb → m13/p03.ipynb
2026-03-04 11:18:12,2341720144,MOVE_RENAME_FILE,TP_JS13.ipynb → m13/tp01.ipynb
2026-03-04 11:18:12,2341720144,MOVE_RENAME_FILE,P1_JS14.ipynb → m14/p01.ipynb
2026-03-04 11:18:12,2341720144,MOVE_RENAME_FILE,P2_JS14.ipynb → m14/p02.ipynb
2026-03-04 11:18:12,2341720144,MOVE_RENAME_FILE,TP_JS14.ipynb → m14/tp01.ipynb
2026-03-04 11:18:12,2341720144,MOVE_RENAME_FILE,app.py → None/app.py
2026-03-04 11:18:12,2341720144,MOVE_RENAME_FILE,P1_JS15.ipynb → m15/p01.ipynb
2026-03-04 11:18:12,2341720144,MOVE_RENAME_FILE,P2_JS15.ipynb → m15/p02.ipynb
2026-03-04 11:18:12,2341720144,MOVE_RENAME_FILE,TP_JS15.ipynb → m15/tp01.ipynb
2026-03-04 11:18:12,2341720144,MOVE_RENAME_FILE,JS04 - SOAL KUIS1 ML.ipynb → kuis/kuis.ipynb
2026-03-04 11:18:12,2341720147,RENAME_FOLDER,JS01 → m01
2026-03-04 11:18:12,2341720147,RENAME_FOLDER,JS02 → m02
2026-03-04 11:18:12,2341720147,RENAME_FOLDER,JS03 → m03
2026-03-04 11:18:12,2341720147,RENAME_FOLDER,JS04 → m04
2026-03-04 11:18:12,2341720147,RENAME_FOLDER,JS05 → m05
2026-03-04 11:18:12,2341720147,RENAME_FOLDER,JS06 → m06
2026-03-04 11:18:12,2341720147,RENAME_FOLDER,JS07 → m07
2026-03-04 11:18:12,2341720147,RENAME_FOLDER,JS08 → m08
2026-03-04 11:18:12,2341720147,RENAME_FOLDER,JS09 → m09
2026-03-04 11:18:12,2341720147,RENAME_FOLDER,JS11 → m11
2026-03-04 11:18:12,2341720147,RENAME_FOLDER,JS13 → m13
2026-03-04 11:18:12,2341720147,RENAME_FOLDER,JS14 → m14
2026-03-04 11:18:12,2341720147,RENAME_FOLDER,JS15 → m15
2026-03-04 11:18:12,2341720147,MERGE_FOLDER,KUIS → kuis
2026-03-04 11:18:12,2341720147,RENAME_FOLDER,PBL_KELOMPOK3 → pbl
2026-03-04 11:18:13,2341720147,MOVE_RENAME_FILE,P1_JS01.ipynb → m01/p01.ipynb
2026-03-04 11:18:13,2341720147,MOVE_RENAME_FILE,TP_JS01.ipynb → m01/tp01.ipynb
2026-03-04 11:18:13,2341720147,MOVE_RENAME_FILE,P1_JS02.ipynb → m02/p01.ipynb
2026-03-04 11:18:13,2341720147,MOVE_RENAME_FILE,P2_JS02.ipynb → m02/p02.ipynb
2026-03-04 11:18:13,2341720147,MOVE_RENAME_FILE,P3_JS02.ipynb → m02/p03.ipynb
2026-03-04 11:18:13,2341720147,MOVE_RENAME_FILE,P4_JS02.ipynb → m02/p04.ipynb
2026-03-04 11:18:13,2341720147,MOVE_RENAME_FILE,TP_JS02.ipynb → m02/tp01.ipynb
2026-03-04 11:18:13,2341720147,MOVE_RENAME_FILE,P1_JS03.ipynb → m03/p01.ipynb
2026-03-04 11:18:13,2341720147,MOVE_RENAME_FILE,P2_JS03.ipynb → m03/p02.ipynb
2026-03-04 11:18:13,2341720147,MOVE_RENAME_FILE,P3_JS03.ipynb → m03/p03.ipynb
2026-03-04 11:18:13,2341720147,MOVE_RENAME_FILE,P4_JS03.ipynb → m03/p04.ipynb
2026-03-04 11:18:13,2341720147,MOVE_RENAME_FILE,TP_JS03.ipynb → m03/tp01.ipynb
2026-03-04 11:18:13,2341720147,MOVE_RENAME_FILE,P1_JS04.ipynb → m04/p01.ipynb
2026-03-04 11:18:13,2341720147,MOVE_RENAME_FILE,P2_JS04.ipynb → m04/p02.ipynb
2026-03-04 11:18:13,2341720147,MOVE_RENAME_FILE,P3_JS04.ipynb → m04/p03.ipynb
2026-03-04 11:18:13,2341720147,MOVE_RENAME_FILE,TP_JS04.ipynb → m04/tp01.ipynb
2026-03-04 11:18:13,2341720147,MOVE_RENAME_FILE,P1_JS05.ipynb → m05/p01.ipynb
2026-03-04 11:18:13,2341720147,MOVE_RENAME_FILE,P2_JS05.ipynb → m05/p02.ipynb
2026-03-04 11:18:13,2341720147,MOVE_RENAME_FILE,TP_JS05.ipynb → m05/tp01.ipynb
2026-03-04 11:18:13,2341720147,MOVE_RENAME_FILE,P1_JS06.ipynb → m06/p01.ipynb
2026-03-04 11:18:13,2341720147,MOVE_RENAME_FILE,P2_JS06.ipynb → m06/p02.ipynb
2026-03-04 11:18:13,2341720147,MOVE_RENAME_FILE,TP_JS06.ipynb → m06/tp01.ipynb
2026-03-04 11:18:13,2341720147,MOVE_RENAME_FILE,P1_JS07.ipynb → m07/p01.ipynb
2026-03-04 11:18:13,2341720147,MOVE_RENAME_FILE,P2_JS07.ipynb → m07/p02.ipynb
2026-03-04 11:18:13,2341720147,MOVE_RENAME_FILE,P3_JS07.ipynb → m07/p03.ipynb
2026-03-04 11:18:13,2341720147,MOVE_RENAME_FILE,P4_JS07.ipynb → m07/p04.ipynb
2026-03-04 11:18:13,2341720147,MOVE_RENAME_FILE,P5_JS07.ipynb → m07/p05.ipynb
2026-03-04 11:18:13,2341720147,MOVE_RENAME_FILE,P6_JS07.ipynb → m07/p06.ipynb
2026-03-04 11:18:13,2341720147,MOVE_RENAME_FILE,TP_JS07.ipynb → m07/tp01.ipynb
2026-03-04 11:18:13,2341720147,MOVE_RENAME_FILE,TP_JS08.ipynb → m08/tp01.ipynb
2026-03-04 11:18:13,2341720147,MOVE_RENAME_FILE,P1_JS09.ipynb → m09/p01.ipynb
2026-03-04 11:18:13,2341720147,MOVE_RENAME_FILE,P2_JS09.ipynb → m09/p02.ipynb
2026-03-04 11:18:13,2341720147,MOVE_RENAME_FILE,P3_JS09.ipynb → m09/p03.ipynb
2026-03-04 11:18:13,2341720147,MOVE_RENAME_FILE,TP1_JS09.ipynb → m09/tp01.ipynb
2026-03-04 11:18:13,2341720147,MOVE_RENAME_FILE,TP2_JS09.ipynb → m09/tp02.ipynb
2026-03-04 11:18:13,2341720147,MOVE_RENAME_FILE,P1_JS11.ipynb → m11/p01.ipynb
2026-03-04 11:18:13,2341720147,MOVE_RENAME_FILE,P2_JS11.ipynb → m11/p02.ipynb
2026-03-04 11:18:13,2341720147,MOVE_RENAME_FILE,P3_JS11.ipynb → m11/p03.ipynb
2026-03-04 11:18:13,2341720147,MOVE_RENAME_FILE,P4_JS11.ipynb → m11/p04.ipynb
2026-03-04 11:18:13,2341720147,MOVE_RENAME_FILE,P5_JS11.ipynb → m11/p05.ipynb
2026-03-04 11:18:13,2341720147,MOVE_RENAME_FILE,TP_JS11.ipynb → m11/tp01.ipynb
2026-03-04 11:18:13,2341720147,MOVE_RENAME_FILE,P1_JS13.ipynb → m13/p01.ipynb
2026-03-04 11:18:13,2341720147,MOVE_RENAME_FILE,P2_JS13.ipynb → m13/p02.ipynb
2026-03-04 11:18:13,2341720147,MOVE_RENAME_FILE,P3_JS13.ipynb → m13/p03.ipynb
2026-03-04 11:18:13,2341720147,MOVE_RENAME_FILE,P1_JS14.ipynb → m14/p01.ipynb
2026-03-04 11:18:13,2341720147,MOVE_RENAME_FILE,P2_JS14.ipynb → m14/p02.ipynb
2026-03-04 11:18:13,2341720147,MOVE_RENAME_FILE,TP_JS14.ipynb → m14/tp01.ipynb
2026-03-04 11:18:13,2341720147,MOVE_RENAME_FILE,P1_JS15.ipynb → m15/p01.ipynb
2026-03-04 11:18:13,2341720147,MOVE_RENAME_FILE,PBL_KELOMPOK3.ipynb → pbl/pbl.ipynb
2026-03-04 11:18:13,2341720153,RENAME_FOLDER,JS02 → m02
2026-03-04 11:18:13,2341720153,RENAME_FOLDER,JS03 → m03
2026-03-04 11:18:13,2341720153,RENAME_FOLDER,JS04 → m04
2026-03-04 11:18:13,2341720153,RENAME_FOLDER,JS05 → m05
2026-03-04 11:18:13,2341720153,RENAME_FOLDER,JS06 → m06
2026-03-04 11:18:13,2341720153,RENAME_FOLDER,JS07 → m07
2026-03-04 11:18:13,2341720153,RENAME_FOLDER,JS08 → m08
2026-03-04 11:18:13,2341720153,RENAME_FOLDER,JS09 → m09
2026-03-04 11:18:13,2341720153,RENAME_FOLDER,JS11 → m11
2026-03-04 11:18:13,2341720153,RENAME_FOLDER,JS13 → m13
2026-03-04 11:18:13,2341720153,RENAME_FOLDER,JS14 → m14
2026-03-04 11:18:13,2341720153,RENAME_FOLDER,JS15 → m15
2026-03-04 11:18:13,2341720153,MOVE_RENAME_FILE,JS04_SOAL_KUIS1_ML.ipynb → kuis/kuis.ipynb
2026-03-04 11:18:13,2341720153,MOVE_RENAME_FILE,TG1_2341720153_Aqsa_Herry_Prastyo.ipynb → None/TG1_2341720153_Aqsa_Herry_Prastyo.ipynb
2026-03-04 11:18:13,2341720153,MOVE_RENAME_FILE,TG2_2341720153_AqsaHerryPrastyo.ipynb → None/TG2_2341720153_AqsaHerryPrastyo.ipynb
2026-03-04 11:18:13,2341720153,MOVE_RENAME_FILE,TG3_2341720153_AqsaHerryPrastyo.ipynb → None/TG3_2341720153_AqsaHerryPrastyo.ipynb
2026-03-04 11:18:13,2341720153,MOVE_RENAME_FILE,P1_JS02.ipynb → m02/p01.ipynb
2026-03-04 11:18:13,2341720153,MOVE_RENAME_FILE,P2_JS02.ipynb → m02/p02.ipynb
2026-03-04 11:18:13,2341720153,MOVE_RENAME_FILE,P3_JS02.ipynb → m02/p03.ipynb
2026-03-04 11:18:13,2341720153,MOVE_RENAME_FILE,P4_JS02.ipynb → m02/p04.ipynb
2026-03-04 11:18:13,2341720153,MOVE_RENAME_FILE,TP_JS02.ipynb → m02/tp01.ipynb
2026-03-04 11:18:13,2341720153,MOVE_RENAME_FILE,P1_JS03.ipynb → m03/p01.ipynb
2026-03-04 11:18:13,2341720153,MOVE_RENAME_FILE,P2_JS03.ipynb → m03/p02.ipynb
2026-03-04 11:18:13,2341720153,MOVE_RENAME_FILE,P3_JS03.ipynb → m03/p03.ipynb
2026-03-04 11:18:13,2341720153,MOVE_RENAME_FILE,P4_JS03.ipynb → m03/p04.ipynb
2026-03-04 11:18:13,2341720153,MOVE_RENAME_FILE,TP_JS03.ipynb → m03/tp01.ipynb
2026-03-04 11:18:13,2341720153,MOVE_RENAME_FILE,P1_JS04.ipynb → m04/p01.ipynb
2026-03-04 11:18:13,2341720153,MOVE_RENAME_FILE,P2_JS04.ipynb → m04/p02.ipynb
2026-03-04 11:18:13,2341720153,MOVE_RENAME_FILE,P3_JS04.ipynb → m04/p03.ipynb
2026-03-04 11:18:13,2341720153,MOVE_RENAME_FILE,TP_JS04.ipynb → m04/tp01.ipynb
2026-03-04 11:18:13,2341720153,MOVE_RENAME_FILE,P1_JS05.ipynb → m05/p01.ipynb
2026-03-04 11:18:13,2341720153,MOVE_RENAME_FILE,P2_JS05.ipynb → m05/p02.ipynb
2026-03-04 11:18:13,2341720153,MOVE_RENAME_FILE,TP_JS05.ipynb → m05/tp01.ipynb
2026-03-04 11:18:13,2341720153,MOVE_RENAME_FILE,P1_JS06.ipynb → m06/p01.ipynb
2026-03-04 11:18:13,2341720153,MOVE_RENAME_FILE,P2_JS06.ipynb → m06/p02.ipynb
2026-03-04 11:18:13,2341720153,MOVE_RENAME_FILE,P3_JS06.ipynb → m06/p03.ipynb
2026-03-04 11:18:13,2341720153,MOVE_RENAME_FILE,P4_JS06.ipynb → m06/p04.ipynb
2026-03-04 11:18:13,2341720153,MOVE_RENAME_FILE,P5_JS06.ipynb → m06/p05.ipynb
2026-03-04 11:18:13,2341720153,MOVE_RENAME_FILE,P6_JS06.ipynb → m06/p06.ipynb
2026-03-04 11:18:13,2341720153,MOVE_RENAME_FILE,TP_JS06.ipynb → m06/tp01.ipynb
2026-03-04 11:18:13,2341720153,MOVE_RENAME_FILE,P1_JS07.ipynb → m07/p01.ipynb
2026-03-04 11:18:13,2341720153,MOVE_RENAME_FILE,P2_JS07.ipynb → m07/p02.ipynb
2026-03-04 11:18:13,2341720153,MOVE_RENAME_FILE,TP_JS07.ipynb → m07/tp01.ipynb
2026-03-04 11:18:13,2341720153,MOVE_RENAME_FILE,TP_JS08.ipynb → m08/tp01.ipynb
2026-03-04 11:18:13,2341720153,MOVE_RENAME_FILE,P1_JS09.ipynb → m09/p01.ipynb
2026-03-04 11:18:13,2341720153,MOVE_RENAME_FILE,P2_JS09.ipynb → m09/p02.ipynb
2026-03-04 11:18:13,2341720153,MOVE_RENAME_FILE,P3_JS09.ipynb → m09/p03.ipynb
2026-03-04 11:18:13,2341720153,MOVE_RENAME_FILE,TP_JS09_1.ipynb → m09/tp01.ipynb
2026-03-04 11:18:13,2341720153,MOVE_RENAME_FILE,TP_JS09_2.ipynb → m09/tp02.ipynb
2026-03-04 11:18:13,2341720153,MOVE_RENAME_FILE,P1_JS11.ipynb → m11/p01.ipynb
2026-03-04 11:18:13,2341720153,MOVE_RENAME_FILE,P2_JS11.ipynb → m11/p02.ipynb
2026-03-04 11:18:13,2341720153,MOVE_RENAME_FILE,P3_JS11.ipynb → m11/p03.ipynb
2026-03-04 11:18:13,2341720153,MOVE_RENAME_FILE,P4_JS11.ipynb → m11/p04.ipynb
2026-03-04 11:18:13,2341720153,MOVE_RENAME_FILE,P5_JS11.ipynb → m11/p05.ipynb
2026-03-04 11:18:13,2341720153,MOVE_RENAME_FILE,TP_JS11.ipynb → m11/tp01.ipynb
2026-03-04 11:18:13,2341720153,MOVE_RENAME_FILE,P1_JS13.ipynb → m13/p01.ipynb
2026-03-04 11:18:13,2341720153,MOVE_RENAME_FILE,P2_JS13.ipynb → m13/p02.ipynb
2026-03-04 11:18:13,2341720153,MOVE_RENAME_FILE,P3_JS13.ipynb → m13/p03.ipynb
2026-03-04 11:18:13,2341720153,MOVE_RENAME_FILE,TP_JS13.ipynb → m13/tp01.ipynb
2026-03-04 11:18:13,2341720153,MOVE_RENAME_FILE,P1_JS14.ipynb → m14/p01.ipynb
2026-03-04 11:18:13,2341720153,MOVE_RENAME_FILE,P2_JS14.ipynb → m14/p02.ipynb
2026-03-04 11:18:13,2341720153,MOVE_RENAME_FILE,TP_JS14.ipynb → m14/tp01.ipynb
2026-03-04 11:18:13,2341720153,MOVE_RENAME_FILE,P1_JS15.ipynb → m15/p01.ipynb
2026-03-04 11:18:13,2341720153,MOVE_RENAME_FILE,P2_JS15.ipynb → m15/p02.ipynb
2026-03-04 11:18:13,2341720157,RENAME_FOLDER,JS01 → m01
2026-03-04 11:18:13,2341720157,RENAME_FOLDER,JS02 → m02
2026-03-04 11:18:13,2341720157,RENAME_FOLDER,JS03 → m03
2026-03-04 11:18:13,2341720157,RENAME_FOLDER,JS04 → m04
2026-03-04 11:18:13,2341720157,RENAME_FOLDER,JS05 → m05
2026-03-04 11:18:13,2341720157,RENAME_FOLDER,JS06 → m06
2026-03-04 11:18:13,2341720157,RENAME_FOLDER,JS07 → m07
2026-03-04 11:18:13,2341720157,RENAME_FOLDER,JS08 → m08
2026-03-04 11:18:13,2341720157,RENAME_FOLDER,JS09 → m09
2026-03-04 11:18:13,2341720157,RENAME_FOLDER,JS11 → m11
2026-03-04 11:18:13,2341720157,RENAME_FOLDER,JS13 → m13
2026-03-04 11:18:13,2341720157,RENAME_FOLDER,JS14 → m14
2026-03-04 11:18:13,2341720157,RENAME_FOLDER,JS15 → m15
2026-03-04 11:18:13,2341720157,MERGE_FOLDER,KELOMPOK → kelompok
2026-03-04 11:18:13,2341720157,MERGE_FOLDER,KUIS → kuis
2026-03-04 11:18:13,2341720157,RENAME_FOLDER,PBL_KELOMPOK4 → pbl
2026-03-04 11:18:13,2341720157,MOVE_RENAME_FILE,Tugas_Jurnal_Hidayat_Widi_Saputra.ipynb → None/Tugas_Jurnal_Hidayat_Widi_Saputra.ipynb
2026-03-04 11:18:13,2341720157,MOVE_RENAME_FILE,DEMO-PRAK-1.ipynb → None/DEMO-PRAK-1.ipynb
2026-03-04 11:18:13,2341720157,MOVE_RENAME_FILE,TG1_Hidayat Widi Saputra_2341720157.ipynb → None/TG1_Hidayat Widi Saputra_2341720157.ipynb
2026-03-04 11:18:13,2341720157,MOVE_RENAME_FILE,P1_JS02.ipynb → m02/p01.ipynb
2026-03-04 11:18:13,2341720157,MOVE_RENAME_FILE,P2_JS02.ipynb → m02/p02.ipynb
2026-03-04 11:18:13,2341720157,MOVE_RENAME_FILE,P3_JS02.ipynb → m02/p03.ipynb
2026-03-04 11:18:13,2341720157,MOVE_RENAME_FILE,P4_JS02.ipynb → m02/p04.ipynb
2026-03-04 11:18:13,2341720157,MOVE_RENAME_FILE,TP_JS02.ipynb → m02/tp01.ipynb
2026-03-04 11:18:13,2341720157,MOVE_RENAME_FILE,P1_JS03.ipynb → m03/p01.ipynb
2026-03-04 11:18:13,2341720157,MOVE_RENAME_FILE,P2_JS03.ipynb → m03/p02.ipynb
2026-03-04 11:18:13,2341720157,MOVE_RENAME_FILE,P3_JS03.ipynb → m03/p03.ipynb
2026-03-04 11:18:13,2341720157,MOVE_RENAME_FILE,P4_JS03.ipynb → m03/p04.ipynb
2026-03-04 11:18:13,2341720157,MOVE_RENAME_FILE,TP_JS03.ipynb → m03/tp01.ipynb
2026-03-04 11:18:13,2341720157,MOVE_RENAME_FILE,P1_JS04.ipynb → m04/p01.ipynb
2026-03-04 11:18:13,2341720157,MOVE_RENAME_FILE,P2_JS04.ipynb → m04/p02.ipynb
2026-03-04 11:18:13,2341720157,MOVE_RENAME_FILE,P3_JS04.ipynb → m04/p03.ipynb
2026-03-04 11:18:13,2341720157,MOVE_RENAME_FILE,TP_JS04.ipynb → m04/tp01.ipynb
2026-03-04 11:18:13,2341720157,MOVE_RENAME_FILE,P1_JS05.ipynb → m05/p01.ipynb
2026-03-04 11:18:13,2341720157,MOVE_RENAME_FILE,P2_JS05.ipynb → m05/p02.ipynb
2026-03-04 11:18:13,2341720157,MOVE_RENAME_FILE,TP_JS05.ipynb → m05/tp01.ipynb
2026-03-04 11:18:13,2341720157,MOVE_RENAME_FILE,P1_JS06.ipynb → m06/p01.ipynb
2026-03-04 11:18:13,2341720157,MOVE_RENAME_FILE,P2_JS06.ipynb → m06/p02.ipynb
2026-03-04 11:18:13,2341720157,MOVE_RENAME_FILE,TP_JS06.ipynb → m06/tp01.ipynb
2026-03-04 11:18:13,2341720157,MOVE_RENAME_FILE,P1_JS07.ipynb → m07/p01.ipynb
2026-03-04 11:18:13,2341720157,MOVE_RENAME_FILE,P2_JS07.ipynb → m07/p02.ipynb
2026-03-04 11:18:13,2341720157,MOVE_RENAME_FILE,P3_JS07.ipynb → m07/p03.ipynb
2026-03-04 11:18:13,2341720157,MOVE_RENAME_FILE,P4_JS07.ipynb → m07/p04.ipynb
2026-03-04 11:18:13,2341720157,MOVE_RENAME_FILE,P5_JS07.ipynb → m07/p05.ipynb
2026-03-04 11:18:13,2341720157,MOVE_RENAME_FILE,P6_JS07.ipynb → m07/p06.ipynb
2026-03-04 11:18:13,2341720157,MOVE_RENAME_FILE,TP_JS07.ipynb → m07/tp01.ipynb
2026-03-04 11:18:13,2341720157,MOVE_RENAME_FILE,TP_JS08.ipynb → m08/tp01.ipynb
2026-03-04 11:18:13,2341720157,MOVE_RENAME_FILE,P1_JS09.ipynb → m09/p01.ipynb
2026-03-04 11:18:13,2341720157,MOVE_RENAME_FILE,P2_JS09.ipynb → m09/p02.ipynb
2026-03-04 11:18:13,2341720157,MOVE_RENAME_FILE,P3_JS09.ipynb → m09/p03.ipynb
2026-03-04 11:18:13,2341720157,MOVE_RENAME_FILE,TP_JS09_1.ipynb → m09/tp01.ipynb
2026-03-04 11:18:13,2341720157,MOVE_RENAME_FILE,TP_JS09_2.ipynb → m09/tp02.ipynb
2026-03-04 11:18:13,2341720157,MOVE_RENAME_FILE,P1_JS11.ipynb → m11/p01.ipynb
2026-03-04 11:18:13,2341720157,MOVE_RENAME_FILE,P2_JS11.ipynb → m11/p02.ipynb
2026-03-04 11:18:13,2341720157,MOVE_RENAME_FILE,P3_JS11.ipynb → m11/p03.ipynb
2026-03-04 11:18:13,2341720157,MOVE_RENAME_FILE,P4_JS11.ipynb → m11/p04.ipynb
2026-03-04 11:18:13,2341720157,MOVE_RENAME_FILE,P5_JS11.ipynb → m11/p05.ipynb
2026-03-04 11:18:13,2341720157,MOVE_RENAME_FILE,TP_JS11.ipynb → m11/tp01.ipynb
2026-03-04 11:18:13,2341720157,MOVE_RENAME_FILE,P1_JS13.ipynb → m13/p01.ipynb
2026-03-04 11:18:13,2341720157,MOVE_RENAME_FILE,P2_JS13.ipynb → m13/p02.ipynb
2026-03-04 11:18:13,2341720157,MOVE_RENAME_FILE,P3_JS13.ipynb.ipynb → m13/p03.ipynb
2026-03-04 11:18:13,2341720157,MOVE_RENAME_FILE,TP_JS13.ipynb.ipynb → m13/tp01.ipynb
2026-03-04 11:18:13,2341720157,MOVE_RENAME_FILE,P1_JS14.ipynb → m14/p01.ipynb
2026-03-04 11:18:13,2341720157,MOVE_RENAME_FILE,P2_JS14.ipynb → m14/p02.ipynb
2026-03-04 11:18:13,2341720157,MOVE_RENAME_FILE,TP_JS14.ipynb → m14/tp01.ipynb
2026-03-04 11:18:13,2341720157,MOVE_RENAME_FILE,P1_JS15.ipynb → m15/p01.ipynb
2026-03-04 11:18:13,2341720157,MOVE_RENAME_FILE,P2_JS15.ipynb → m15/p02.ipynb
2026-03-04 11:18:13,2341720157,MOVE_RENAME_FILE,TP_JS15.ipynb → m15/tp01.ipynb
2026-03-04 11:18:13,2341720157,MOVE_RENAME_FILE,train-20.ipynb → pbl/pbl.ipynb
2026-03-04 11:18:13,2341720157,MOVE_RENAME_FILE,train-30.ipynb → pbl/pbl.ipynb
2026-03-04 11:18:13,2341720157,MOVE_RENAME_FILE,train-40.ipynb → pbl/pbl.ipynb
2026-03-04 11:18:13,2341720157,MOVE_RENAME_FILE,train-50.ipynb → pbl/pbl.ipynb
2026-03-04 11:18:13,2341720157,MOVE_RENAME_FILE,train-60.ipynb → pbl/pbl.ipynb
2026-03-04 11:18:13,2341720157,MOVE_RENAME_FILE,train-70.ipynb → pbl/pbl.ipynb
2026-03-04 11:18:14,2341720157,MOVE_RENAME_FILE,train-80.ipynb → pbl/pbl.ipynb
2026-03-04 11:18:14,2341720157,MOVE_RENAME_FILE,train-90.ipynb → pbl/pbl.ipynb
2026-03-04 11:18:14,2341720157,MOVE_RENAME_FILE,21K-train-20.ipynb → pbl/pbl.ipynb
2026-03-04 11:18:14,2341720157,MOVE_RENAME_FILE,21K-train-30.ipynb → pbl/pbl.ipynb
2026-03-04 11:18:14,2341720157,MOVE_RENAME_FILE,21K-train-40.ipynb → pbl/pbl.ipynb
2026-03-04 11:18:14,2341720157,MOVE_RENAME_FILE,21K-train-50.ipynb → pbl/pbl.ipynb
2026-03-04 11:18:14,2341720157,MOVE_RENAME_FILE,21K-train-60.ipynb → pbl/pbl.ipynb
2026-03-04 11:18:14,2341720157,MOVE_RENAME_FILE,21K-train-70.ipynb → pbl/pbl.ipynb
2026-03-04 11:18:15,2341720157,MOVE_RENAME_FILE,21K-train-80.ipynb → pbl/pbl.ipynb
2026-03-04 11:18:15,2341720157,MOVE_RENAME_FILE,21K-train-90.ipynb → pbl/pbl.ipynb
2026-03-04 11:18:15,2341720157,MOVE_RENAME_FILE,train-20_smooth-0.1.ipynb → pbl/pbl.ipynb
2026-03-04 11:18:15,2341720157,MOVE_RENAME_FILE,train-30_smooth-0.1.ipynb → pbl/pbl.ipynb
2026-03-04 11:18:15,2341720157,MOVE_RENAME_FILE,train-40_smooth-0.1.ipynb → pbl/pbl.ipynb
2026-03-04 11:18:15,2341720157,MOVE_RENAME_FILE,train-50_smooth-0.1.ipynb → pbl/pbl.ipynb
2026-03-04 11:18:15,2341720157,MOVE_RENAME_FILE,train-60_smooth-0.1.ipynb → pbl/pbl.ipynb
2026-03-04 11:18:15,2341720157,MOVE_RENAME_FILE,train-70_smooth-0.1.ipynb → pbl/pbl.ipynb
2026-03-04 11:18:15,2341720157,MOVE_RENAME_FILE,train-80_smooth-0.1.ipynb → pbl/pbl.ipynb
2026-03-04 11:18:16,2341720157,MOVE_RENAME_FILE,train-90_smooth-0.1.ipynb → pbl/pbl.ipynb
2026-03-04 11:18:16,2341720158,RENAME_FOLDER,JS01 → m01
2026-03-04 11:18:16,2341720158,RENAME_FOLDER,JS02 → m02
2026-03-04 11:18:16,2341720158,RENAME_FOLDER,JS03 → m03
2026-03-04 11:18:16,2341720158,RENAME_FOLDER,JS04 → m04
2026-03-04 11:18:16,2341720158,RENAME_FOLDER,JS05 → m05
2026-03-04 11:18:16,2341720158,RENAME_FOLDER,JS06 → m06
2026-03-04 11:18:16,2341720158,RENAME_FOLDER,JS07 → m07
2026-03-04 11:18:16,2341720158,RENAME_FOLDER,JS08 → m08
2026-03-04 11:18:16,2341720158,RENAME_FOLDER,JS09 → m09
2026-03-04 11:18:16,2341720158,RENAME_FOLDER,JS11 → m11
2026-03-04 11:18:16,2341720158,RENAME_FOLDER,JS13 → m13
2026-03-04 11:18:16,2341720158,RENAME_FOLDER,JS14 → m14
2026-03-04 11:18:16,2341720158,RENAME_FOLDER,JS15 → m15
2026-03-04 11:18:16,2341720158,MERGE_FOLDER,Kelompok → kelompok
2026-03-04 11:18:16,2341720158,MERGE_FOLDER,PBL → pbl
2026-03-04 11:18:16,2341720158,MERGE_FOLDER,UTS → uts
2026-03-04 11:18:16,2341720158,MOVE_RENAME_FILE,P1_JS01.ipynb → m01/p01.ipynb
2026-03-04 11:18:16,2341720158,MOVE_RENAME_FILE,P1_JS02.ipynb → m02/p01.ipynb
2026-03-04 11:18:16,2341720158,MOVE_RENAME_FILE,P2_JS02.ipynb → m02/p02.ipynb
2026-03-04 11:18:16,2341720158,MOVE_RENAME_FILE,P3_JS02.ipynb → m02/p03.ipynb
2026-03-04 11:18:16,2341720158,MOVE_RENAME_FILE,P4_JS02.ipynb → m02/p04.ipynb
2026-03-04 11:18:16,2341720158,MOVE_RENAME_FILE,TP_JS02.ipynb → m02/tp01.ipynb
2026-03-04 11:18:16,2341720158,MOVE_RENAME_FILE,P1_JS03.ipynb → m03/p01.ipynb
2026-03-04 11:18:16,2341720158,MOVE_RENAME_FILE,P2_JS03.ipynb → m03/p02.ipynb
2026-03-04 11:18:16,2341720158,MOVE_RENAME_FILE,P3_JS03.ipynb → m03/p03.ipynb
2026-03-04 11:18:16,2341720158,MOVE_RENAME_FILE,P4_JS03.ipynb → m03/p04.ipynb
2026-03-04 11:18:16,2341720158,MOVE_RENAME_FILE,TP_JS03.ipynb → m03/tp01.ipynb
2026-03-04 11:18:16,2341720158,MOVE_RENAME_FILE,P1_JS04.ipynb → m04/p01.ipynb
2026-03-04 11:18:16,2341720158,MOVE_RENAME_FILE,P2_JS04.ipynb → m04/p02.ipynb
2026-03-04 11:18:16,2341720158,MOVE_RENAME_FILE,P3_JS04.ipynb → m04/p03.ipynb
2026-03-04 11:18:16,2341720158,MOVE_RENAME_FILE,TP_JS04.ipynb → m04/tp01.ipynb
2026-03-04 11:18:16,2341720158,MOVE_RENAME_FILE,P1_JS05.ipynb → m05/p01.ipynb
2026-03-04 11:18:16,2341720158,MOVE_RENAME_FILE,P2_JS05.ipynb → m05/p02.ipynb
2026-03-04 11:18:16,2341720158,MOVE_RENAME_FILE,TP_JS05.ipynb → m05/tp01.ipynb
2026-03-04 11:18:16,2341720158,MOVE_RENAME_FILE,P1_JS06.ipynb → m06/p01.ipynb
2026-03-04 11:18:16,2341720158,MOVE_RENAME_FILE,P2_JS06.ipynb → m06/p02.ipynb
2026-03-04 11:18:16,2341720158,MOVE_RENAME_FILE,TP_JS06.ipynb → m06/tp01.ipynb
2026-03-04 11:18:16,2341720158,MOVE_RENAME_FILE,P1_JS07.ipynb → m07/p01.ipynb
2026-03-04 11:18:16,2341720158,MOVE_RENAME_FILE,P2_JS07.ipynb → m07/p02.ipynb
2026-03-04 11:18:16,2341720158,MOVE_RENAME_FILE,P3_JS07.ipynb → m07/p03.ipynb
2026-03-04 11:18:16,2341720158,MOVE_RENAME_FILE,P4_JS07.ipynb → m07/p04.ipynb
2026-03-04 11:18:16,2341720158,MOVE_RENAME_FILE,P5_JS07.ipynb → m07/p05.ipynb
2026-03-04 11:18:16,2341720158,MOVE_RENAME_FILE,P6_JS07.ipynb → m07/p06.ipynb
2026-03-04 11:18:16,2341720158,MOVE_RENAME_FILE,TP_JS07.ipynb → m07/tp01.ipynb
2026-03-04 11:18:16,2341720158,MOVE_RENAME_FILE,TP_JS08.ipynb → m08/tp01.ipynb
2026-03-04 11:18:16,2341720158,MOVE_RENAME_FILE,P1_JS09.ipynb → m09/p01.ipynb
2026-03-04 11:18:16,2341720158,MOVE_RENAME_FILE,P2_JS09.ipynb → m09/p02.ipynb
2026-03-04 11:18:16,2341720158,MOVE_RENAME_FILE,P3_JS09.ipynb → m09/p03.ipynb
2026-03-04 11:18:16,2341720158,MOVE_RENAME_FILE,TP_JS09_1.ipynb → m09/tp01.ipynb
2026-03-04 11:18:16,2341720158,MOVE_RENAME_FILE,TP_JS09_2.ipynb → m09/tp02.ipynb
2026-03-04 11:18:16,2341720158,MOVE_RENAME_FILE,P1_JS11.ipynb → m11/p01.ipynb
2026-03-04 11:18:16,2341720158,MOVE_RENAME_FILE,P2_JS11.ipynb → m11/p02.ipynb
2026-03-04 11:18:16,2341720158,MOVE_RENAME_FILE,P3_JS11.ipynb → m11/p03.ipynb
2026-03-04 11:18:16,2341720158,MOVE_RENAME_FILE,P4_JS11.ipynb → m11/p04.ipynb
2026-03-04 11:18:16,2341720158,MOVE_RENAME_FILE,P5_JS11.ipynb → m11/p05.ipynb
2026-03-04 11:18:16,2341720158,MOVE_RENAME_FILE,TP_JS11.ipynb → m11/tp01.ipynb
2026-03-04 11:18:16,2341720158,MOVE_RENAME_FILE,P1_JS13.ipynb → m13/p01.ipynb
2026-03-04 11:18:16,2341720158,MOVE_RENAME_FILE,P2_JS13.ipynb → m13/p02.ipynb
2026-03-04 11:18:16,2341720158,MOVE_RENAME_FILE,P3_JS13.ipynb → m13/p03.ipynb
2026-03-04 11:18:16,2341720158,MOVE_RENAME_FILE,TP_JS13.ipynb → m13/tp01.ipynb
2026-03-04 11:18:16,2341720158,MOVE_RENAME_FILE,P1_JS14.ipynb → m14/p01.ipynb
2026-03-04 11:18:16,2341720158,MOVE_RENAME_FILE,P2_JS14.ipynb → m14/p02.ipynb
2026-03-04 11:18:16,2341720158,MOVE_RENAME_FILE,TP_JS14.ipynb → m14/tp01.ipynb
2026-03-04 11:18:16,2341720158,MOVE_RENAME_FILE,P1_JS15.ipynb → m15/p01.ipynb
2026-03-04 11:18:16,2341720160,RENAME_FOLDER,JS01 → m01
2026-03-04 11:18:16,2341720160,RENAME_FOLDER,JS02 → m02
2026-03-04 11:18:16,2341720160,RENAME_FOLDER,JS03 → m03
2026-03-04 11:18:16,2341720160,RENAME_FOLDER,JS04 → m04
2026-03-04 11:18:16,2341720160,RENAME_FOLDER,JS05 → m05
2026-03-04 11:18:16,2341720160,RENAME_FOLDER,JS06 → m06
2026-03-04 11:18:16,2341720160,RENAME_FOLDER,JS07 → m07
2026-03-04 11:18:16,2341720160,RENAME_FOLDER,JS08 → m08
2026-03-04 11:18:16,2341720160,RENAME_FOLDER,JS09 → m09
2026-03-04 11:18:16,2341720160,RENAME_FOLDER,JS11 → m11
2026-03-04 11:18:16,2341720160,RENAME_FOLDER,JS13 → m13
2026-03-04 11:18:16,2341720160,RENAME_FOLDER,JS14 → m14
2026-03-04 11:18:16,2341720160,RENAME_FOLDER,JS15 → m15
2026-03-04 11:18:16,2341720160,MERGE_FOLDER,KELOMPOK → kelompok
2026-03-04 11:18:16,2341720160,MERGE_FOLDER,KUIS → kuis
2026-03-04 11:18:16,2341720160,MOVE_RENAME_FILE,DEMO-PRAK-1.ipynb → None/DEMO-PRAK-1.ipynb
2026-03-04 11:18:16,2341720160,MOVE_RENAME_FILE,TP_JS01.ipynb → m01/tp01.ipynb
2026-03-04 11:18:16,2341720160,MOVE_RENAME_FILE,Tugas_Pendahuluan.ipynb → None/Tugas_Pendahuluan.ipynb
2026-03-04 11:18:16,2341720160,MOVE_RENAME_FILE,Untitled0.ipynb → None/Untitled0.ipynb
2026-03-04 11:18:16,2341720160,MOVE_RENAME_FILE,P1_JS02.ipynb → m02/p01.ipynb
2026-03-04 11:18:16,2341720160,MOVE_RENAME_FILE,P2_JS02.ipynb → m02/p02.ipynb
2026-03-04 11:18:16,2341720160,MOVE_RENAME_FILE,P3_JS02.ipynb → m02/p03.ipynb
2026-03-04 11:18:16,2341720160,MOVE_RENAME_FILE,P4_JS02.ipynb → m02/p04.ipynb
2026-03-04 11:18:16,2341720160,MOVE_RENAME_FILE,TP_JS02.ipynb → m02/tp01.ipynb
2026-03-04 11:18:16,2341720160,MOVE_RENAME_FILE,P1_JS03.ipynb → m03/p01.ipynb
2026-03-04 11:18:16,2341720160,MOVE_RENAME_FILE,P2_JS03.ipynb → m03/p02.ipynb
2026-03-04 11:18:16,2341720160,MOVE_RENAME_FILE,P3_JS03.ipynb → m03/p03.ipynb
2026-03-04 11:18:16,2341720160,MOVE_RENAME_FILE,P4_JS03.ipynb → m03/p04.ipynb
2026-03-04 11:18:16,2341720160,MOVE_RENAME_FILE,TP_JS03.ipynb → m03/tp01.ipynb
2026-03-04 11:18:16,2341720160,MOVE_RENAME_FILE,P1_JS04.ipynb → m04/p01.ipynb
2026-03-04 11:18:16,2341720160,MOVE_RENAME_FILE,P2_JS04.ipynb → m04/p02.ipynb
2026-03-04 11:18:16,2341720160,MOVE_RENAME_FILE,P3_JS04.ipynb → m04/p03.ipynb
2026-03-04 11:18:16,2341720160,MOVE_RENAME_FILE,TP_JS04.ipynb → m04/tp01.ipynb
2026-03-04 11:18:16,2341720160,MOVE_RENAME_FILE,Tugas_DBSCAN_Maulana Rengga Ramadan.ipynb → None/Tugas_DBSCAN_Maulana Rengga Ramadan.ipynb
2026-03-04 11:18:16,2341720160,MOVE_RENAME_FILE,P1_JS05.ipynb → m05/p01.ipynb
2026-03-04 11:18:16,2341720160,MOVE_RENAME_FILE,P2_JS05.ipynb → m05/p02.ipynb
2026-03-04 11:18:16,2341720160,MOVE_RENAME_FILE,TP_JS05.ipynb → m05/tp01.ipynb
2026-03-04 11:18:16,2341720160,MOVE_RENAME_FILE,P1_JS06.ipynb → m06/p01.ipynb
2026-03-04 11:18:16,2341720160,MOVE_RENAME_FILE,P2_JS06.ipynb → m06/p02.ipynb
2026-03-04 11:18:16,2341720160,MOVE_RENAME_FILE,TP_JS06.ipynb → m06/tp01.ipynb
2026-03-04 11:18:16,2341720160,MOVE_RENAME_FILE,P1_JS07.ipynb → m07/p01.ipynb
2026-03-04 11:18:16,2341720160,MOVE_RENAME_FILE,P2_JS07.ipynb → m07/p02.ipynb
2026-03-04 11:18:16,2341720160,MOVE_RENAME_FILE,P3_JS07.ipynb → m07/p03.ipynb
2026-03-04 11:18:16,2341720160,MOVE_RENAME_FILE,P4_JS07.ipynb → m07/p04.ipynb
2026-03-04 11:18:16,2341720160,MOVE_RENAME_FILE,P5_JS07.ipynb → m07/p05.ipynb
2026-03-04 11:18:16,2341720160,MOVE_RENAME_FILE,P6_JS07.ipynb → m07/p06.ipynb
2026-03-04 11:18:16,2341720160,MOVE_RENAME_FILE,TP_JS07.ipynb → m07/tp01.ipynb
2026-03-04 11:18:16,2341720160,MOVE_RENAME_FILE,TP_JS08.ipynb → m08/tp01.ipynb
2026-03-04 11:18:16,2341720160,MOVE_RENAME_FILE,P1_JS09.ipynb → m09/p01.ipynb
2026-03-04 11:18:16,2341720160,MOVE_RENAME_FILE,P2_JS09.ipynb → m09/p02.ipynb
2026-03-04 11:18:16,2341720160,MOVE_RENAME_FILE,P3_JS09.ipynb → m09/p03.ipynb
2026-03-04 11:18:16,2341720160,MOVE_RENAME_FILE,TP_JS09_1.ipynb → m09/tp01.ipynb
2026-03-04 11:18:16,2341720160,MOVE_RENAME_FILE,TP_JS09_2.ipynb → m09/tp02.ipynb
2026-03-04 11:18:16,2341720160,MOVE_RENAME_FILE,P1_JS11.ipynb → m11/p01.ipynb
2026-03-04 11:18:16,2341720160,MOVE_RENAME_FILE,P2_JS11.ipynb → m11/p02.ipynb
2026-03-04 11:18:16,2341720160,MOVE_RENAME_FILE,P3_JS11.ipynb → m11/p03.ipynb
2026-03-04 11:18:16,2341720160,MOVE_RENAME_FILE,P4_JS11.ipynb → m11/p04.ipynb
2026-03-04 11:18:16,2341720160,MOVE_RENAME_FILE,P5_JS11.ipynb → m11/p05.ipynb
2026-03-04 11:18:16,2341720160,MOVE_RENAME_FILE,TP_JS11.ipynb → m11/tp01.ipynb
2026-03-04 11:18:16,2341720160,MOVE_RENAME_FILE,P1_JS13.ipynb → m13/p01.ipynb
2026-03-04 11:18:16,2341720160,MOVE_RENAME_FILE,P2_JS13.ipynb → m13/p02.ipynb
2026-03-04 11:18:16,2341720160,MOVE_RENAME_FILE,P3_JS13.ipynb → m13/p03.ipynb
2026-03-04 11:18:16,2341720160,MOVE_RENAME_FILE,TP_JS13.ipynb → m13/tp01.ipynb
2026-03-04 11:18:16,2341720160,MOVE_RENAME_FILE,P1_JS14.ipynb → m14/p01.ipynb
2026-03-04 11:18:16,2341720160,MOVE_RENAME_FILE,P2_JS14.ipynb → m14/p02.ipynb
2026-03-04 11:18:16,2341720160,MOVE_RENAME_FILE,TP1_JS14.ipynb → m14/tp01.ipynb
2026-03-04 11:18:16,2341720160,MOVE_RENAME_FILE,app.py → m15/app.py
2026-03-04 11:18:16,2341720160,MOVE_RENAME_FILE,app.py → m15/app.py
2026-03-04 11:18:16,2341720162,RENAME_FOLDER,JS02 → m02
2026-03-04 11:18:16,2341720162,RENAME_FOLDER,JS03 → m03
2026-03-04 11:18:16,2341720162,RENAME_FOLDER,JS04 → m04
2026-03-04 11:18:16,2341720162,RENAME_FOLDER,JS05 → m05
2026-03-04 11:18:16,2341720162,RENAME_FOLDER,JS06 → m06
2026-03-04 11:18:16,2341720162,RENAME_FOLDER,JS07 → m07
2026-03-04 11:18:16,2341720162,RENAME_FOLDER,JS08 → m08
2026-03-04 11:18:16,2341720162,RENAME_FOLDER,JS09 → m09
2026-03-04 11:18:16,2341720162,RENAME_FOLDER,JS11 → m11
2026-03-04 11:18:16,2341720162,RENAME_FOLDER,JS13 → m13
2026-03-04 11:18:16,2341720162,RENAME_FOLDER,JS14 → m14
2026-03-04 11:18:16,2341720162,RENAME_FOLDER,JS15 → m15
2026-03-04 11:18:17,2341720162,MERGE_FOLDER,KELOMPOK → kelompok
2026-03-04 11:18:17,2341720162,MERGE_FOLDER,KUIS → kuis
2026-03-04 11:18:17,2341720162,MOVE_RENAME_FILE,JS6_ML_11_Diana_Rahmawati.ipynb → m06/JS6_ML_11_Diana_Rahmawati.ipynb
2026-03-04 11:18:17,2341720162,MOVE_RENAME_FILE,TG1_2341720162_Diana_Rahmawati.ipynb → None/TG1_2341720162_Diana_Rahmawati.ipynb
2026-03-04 11:18:17,2341720162,MOVE_RENAME_FILE,P1_JS02.ipynb → m02/p01.ipynb
2026-03-04 11:18:17,2341720162,MOVE_RENAME_FILE,P2_JS02.ipynb → m02/p02.ipynb
2026-03-04 11:18:17,2341720162,MOVE_RENAME_FILE,P3_JS02.ipynb → m02/p03.ipynb
2026-03-04 11:18:17,2341720162,MOVE_RENAME_FILE,P4_JS02.ipynb → m02/p04.ipynb
2026-03-04 11:18:17,2341720162,MOVE_RENAME_FILE,TP_JS02.ipynb → m02/tp01.ipynb
2026-03-04 11:18:17,2341720162,MOVE_RENAME_FILE,P1_JS03.ipynb → m03/p01.ipynb
2026-03-04 11:18:17,2341720162,MOVE_RENAME_FILE,P2_JS03.ipynb → m03/p02.ipynb
2026-03-04 11:18:17,2341720162,MOVE_RENAME_FILE,P3_JS03.ipynb → m03/p03.ipynb
2026-03-04 11:18:17,2341720162,MOVE_RENAME_FILE,P4_JS03.ipynb → m03/p04.ipynb
2026-03-04 11:18:17,2341720162,MOVE_RENAME_FILE,TP_JS03.ipynb → m03/tp01.ipynb
2026-03-04 11:18:17,2341720162,MOVE_RENAME_FILE,P1_JS04.ipynb → m04/p01.ipynb
2026-03-04 11:18:17,2341720162,MOVE_RENAME_FILE,P2_JS04.ipynb → m04/p02.ipynb
2026-03-04 11:18:17,2341720162,MOVE_RENAME_FILE,P3_JS04.ipynb → m04/p03.ipynb
2026-03-04 11:18:17,2341720162,MOVE_RENAME_FILE,TP_JS04.ipynb → m04/tp01.ipynb
2026-03-04 11:18:17,2341720162,MOVE_RENAME_FILE,P1_JS05.ipynb → m05/p01.ipynb
2026-03-04 11:18:17,2341720162,MOVE_RENAME_FILE,P2_JS05.ipynb → m05/p02.ipynb
2026-03-04 11:18:17,2341720162,MOVE_RENAME_FILE,TP_JS05.ipynb → m05/tp01.ipynb
2026-03-04 11:18:17,2341720162,MOVE_RENAME_FILE,P1_JS06.ipynb → m06/p01.ipynb
2026-03-04 11:18:17,2341720162,MOVE_RENAME_FILE,P2_JS06.ipynb → m06/p02.ipynb
2026-03-04 11:18:17,2341720162,MOVE_RENAME_FILE,TP_JS06.ipynb → m06/tp01.ipynb
2026-03-04 11:18:17,2341720162,MOVE_RENAME_FILE,P1_JS07.ipynb → m07/p01.ipynb
2026-03-04 11:18:17,2341720162,MOVE_RENAME_FILE,P2_JS07.ipynb → m07/p02.ipynb
2026-03-04 11:18:17,2341720162,MOVE_RENAME_FILE,P3_JS07.ipynb → m07/p03.ipynb
2026-03-04 11:18:17,2341720162,MOVE_RENAME_FILE,P4_JS07.ipynb → m07/p04.ipynb
2026-03-04 11:18:17,2341720162,MOVE_RENAME_FILE,P5_JS07.ipynb → m07/p05.ipynb
2026-03-04 11:18:17,2341720162,MOVE_RENAME_FILE,P6_JS07.ipynb → m07/p06.ipynb
2026-03-04 11:18:17,2341720162,MOVE_RENAME_FILE,TP_JS07.ipynb → m07/tp01.ipynb
2026-03-04 11:18:17,2341720162,MOVE_RENAME_FILE,TP_JS08.ipynb → m08/tp01.ipynb
2026-03-04 11:18:17,2341720162,MOVE_RENAME_FILE,P1_JS09.ipynb → m09/p01.ipynb
2026-03-04 11:18:17,2341720162,MOVE_RENAME_FILE,P2_JS09.ipynb → m09/p02.ipynb
2026-03-04 11:18:17,2341720162,MOVE_RENAME_FILE,P3_JS09.ipynb → m09/p03.ipynb
2026-03-04 11:18:17,2341720162,MOVE_RENAME_FILE,TP_JS09_1.ipynb → m09/tp01.ipynb
2026-03-04 11:18:17,2341720162,MOVE_RENAME_FILE,TP_JS09_2.ipynb → m09/tp02.ipynb
2026-03-04 11:18:17,2341720162,MOVE_RENAME_FILE,P1_JS11.ipynb → m11/p01.ipynb
2026-03-04 11:18:17,2341720162,MOVE_RENAME_FILE,P2_JS11.ipynb → m11/p02.ipynb
2026-03-04 11:18:17,2341720162,MOVE_RENAME_FILE,P3_JS11.ipynb → m11/p03.ipynb
2026-03-04 11:18:17,2341720162,MOVE_RENAME_FILE,P4_JS11.ipynb → m11/p04.ipynb
2026-03-04 11:18:17,2341720162,MOVE_RENAME_FILE,P5_JS11.ipynb → m11/p05.ipynb
2026-03-04 11:18:17,2341720162,MOVE_RENAME_FILE,TP_JS11.ipynb → m11/tp01.ipynb
2026-03-04 11:18:17,2341720162,MOVE_RENAME_FILE,P1_JS13.ipynb → m13/p01.ipynb
2026-03-04 11:18:17,2341720162,MOVE_RENAME_FILE,P2_JS13.ipynb → m13/p02.ipynb
2026-03-04 11:18:17,2341720162,MOVE_RENAME_FILE,P3_JS13.ipynb → m13/p03.ipynb
2026-03-04 11:18:17,2341720162,MOVE_RENAME_FILE,TP_JS13.ipynb → m13/tp01.ipynb
2026-03-04 11:18:17,2341720162,MOVE_RENAME_FILE,P1_JS14.ipynb → m14/p01.ipynb
2026-03-04 11:18:17,2341720162,MOVE_RENAME_FILE,P2_JS14.ipynb → m14/p02.ipynb
2026-03-04 11:18:17,2341720162,MOVE_RENAME_FILE,TP_JS14.ipynb → m14/tp01.ipynb
2026-03-04 11:18:17,2341720162,MOVE_RENAME_FILE,P1_JS15.ipynb → m15/p01.ipynb
2026-03-04 11:18:17,2341720162,MOVE_RENAME_FILE,P2_JS15.ipynb → m15/p02.ipynb
2026-03-04 11:18:17,2341720162,MOVE_RENAME_FILE,TP_JS15.ipynb → m15/tp01.ipynb
2026-03-04 11:18:17,2341720163,MOVE_RENAME_FILE,JS2_2341720163_Satrio_Ahmad_Ramadhani.ipynb → m02/JS2_2341720163_Satrio_Ahmad_Ramadhani.ipynb
2026-03-04 11:18:17,2341720163,MOVE_RENAME_FILE,JS3_2341720163_Satrio_Ahmad_Ramadhani.ipynb → m03/JS3_2341720163_Satrio_Ahmad_Ramadhani.ipynb
2026-03-04 11:18:17,2341720163,MOVE_RENAME_FILE,Satrio_Ahmad_Ramadhani_2341720163_27_KUIS1_ML.ipynb → kuis/kuis.ipynb
2026-03-04 11:18:17,2341720163,MOVE_RENAME_FILE,TG1_2341720163_Satrio_Ahmad_Ramadhani.ipynb → None/TG1_2341720163_Satrio_Ahmad_Ramadhani.ipynb
2026-03-04 11:18:17,2341720164,RENAME_FOLDER,JS01 → m01
2026-03-04 11:18:17,2341720164,RENAME_FOLDER,JS02 → m02
2026-03-04 11:18:17,2341720164,RENAME_FOLDER,JS03 → m03
2026-03-04 11:18:17,2341720164,RENAME_FOLDER,JS04 → m04
2026-03-04 11:18:17,2341720164,RENAME_FOLDER,JS05 → m05
2026-03-04 11:18:17,2341720164,RENAME_FOLDER,JS06 → m06
2026-03-04 11:18:17,2341720164,RENAME_FOLDER,JS07 → m07
2026-03-04 11:18:17,2341720164,RENAME_FOLDER,JS08 → m08
2026-03-04 11:18:17,2341720164,RENAME_FOLDER,JS09 → m09
2026-03-04 11:18:17,2341720164,RENAME_FOLDER,JS11 → m11
2026-03-04 11:18:17,2341720164,RENAME_FOLDER,JS13 → m13
2026-03-04 11:18:17,2341720164,RENAME_FOLDER,JS14 → m14
2026-03-04 11:18:17,2341720164,RENAME_FOLDER,JS15 → m15
2026-03-04 11:18:17,2341720164,MERGE_FOLDER,UTS → uts
2026-03-04 11:18:17,2341720164,MOVE_RENAME_FILE,TP_JS01.ipynb → m01/tp01.ipynb
2026-03-04 11:18:17,2341720164,MOVE_RENAME_FILE,P1_JS02.ipynb → m02/p01.ipynb
2026-03-04 11:18:17,2341720164,MOVE_RENAME_FILE,P2_JS02.ipynb → m02/p02.ipynb
2026-03-04 11:18:17,2341720164,MOVE_RENAME_FILE,P3_JS02.ipynb → m02/p03.ipynb
2026-03-04 11:18:17,2341720164,MOVE_RENAME_FILE,P4_JS02.ipynb → m02/p04.ipynb
2026-03-04 11:18:17,2341720164,MOVE_RENAME_FILE,TP_JS02.ipynb → m02/tp01.ipynb
2026-03-04 11:18:17,2341720164,MOVE_RENAME_FILE,P1_JS03.ipynb → m03/p01.ipynb
2026-03-04 11:18:17,2341720164,MOVE_RENAME_FILE,P2_JS03.ipynb → m03/p02.ipynb
2026-03-04 11:18:17,2341720164,MOVE_RENAME_FILE,P3_JS03.ipynb → m03/p03.ipynb
2026-03-04 11:18:17,2341720164,MOVE_RENAME_FILE,P4_JS03.ipynb → m03/p04.ipynb
2026-03-04 11:18:17,2341720164,MOVE_RENAME_FILE,TP_JS03.ipynb → m03/tp01.ipynb
2026-03-04 11:18:17,2341720164,MOVE_RENAME_FILE,P1_JS04.ipynb → m04/p01.ipynb
2026-03-04 11:18:17,2341720164,MOVE_RENAME_FILE,P2_JS04.ipynb → m04/p02.ipynb
2026-03-04 11:18:17,2341720164,MOVE_RENAME_FILE,P3_JS04 copy.ipynb → m04/p03.ipynb
2026-03-04 11:18:17,2341720164,MOVE_RENAME_FILE,TP_JS04.ipynb → m04/tp01.ipynb
2026-03-04 11:18:17,2341720164,MOVE_RENAME_FILE,P1_JS05.ipynb → m05/p01.ipynb
2026-03-04 11:18:17,2341720164,MOVE_RENAME_FILE,P2_JS05.ipynb.ipynb → m05/p02.ipynb
2026-03-04 11:18:17,2341720164,MOVE_RENAME_FILE,TP_JS05.ipynb.ipynb → m05/tp01.ipynb
2026-03-04 11:18:17,2341720164,MOVE_RENAME_FILE,P1_JS06.ipynb → m06/p01.ipynb
2026-03-04 11:18:17,2341720164,MOVE_RENAME_FILE,P2_JS06.ipynb → m06/p02.ipynb
2026-03-04 11:18:17,2341720164,MOVE_RENAME_FILE,TP_JS06.ipynb → m06/tp01.ipynb
2026-03-04 11:18:17,2341720164,MOVE_RENAME_FILE,P1_JS06.ipynb → m06/p01.ipynb
2026-03-04 11:18:17,2341720164,MOVE_RENAME_FILE,P2_JS06.ipynb → m06/p02.ipynb
2026-03-04 11:18:17,2341720164,MOVE_RENAME_FILE,P3_JS06.ipynb → m06/p03.ipynb
2026-03-04 11:18:17,2341720164,MOVE_RENAME_FILE,P4_JS06.ipynb → m06/p04.ipynb
2026-03-04 11:18:17,2341720164,MOVE_RENAME_FILE,P5_JS06.ipynb → m06/p05.ipynb
2026-03-04 11:18:17,2341720164,MOVE_RENAME_FILE,P6_JS06.ipynb → m06/p06.ipynb
2026-03-04 11:18:17,2341720164,MOVE_RENAME_FILE,TP_JS06.ipynb → m06/tp02.ipynb
2026-03-04 11:18:17,2341720164,MOVE_RENAME_FILE,TP_JS08.ipynb → m08/tp01.ipynb
2026-03-04 11:18:17,2341720164,MOVE_RENAME_FILE,P1_JS09.ipynb → m09/p01.ipynb
2026-03-04 11:18:17,2341720164,MOVE_RENAME_FILE,P2_JS09.ipynb → m09/p02.ipynb
2026-03-04 11:18:17,2341720164,MOVE_RENAME_FILE,P3_JS09.ipynb → m09/p03.ipynb
2026-03-04 11:18:17,2341720164,MOVE_RENAME_FILE,TP_JS09_1.ipynb → m09/tp01.ipynb
2026-03-04 11:18:17,2341720164,MOVE_RENAME_FILE,TP_JS09_2.ipynb → m09/tp02.ipynb
2026-03-04 11:18:17,2341720164,MOVE_RENAME_FILE,P1_JS11.ipynb → m11/p01.ipynb
2026-03-04 11:18:17,2341720164,MOVE_RENAME_FILE,P2_JS11.ipynb → m11/p02.ipynb
2026-03-04 11:18:17,2341720164,MOVE_RENAME_FILE,P3_JS11.ipynb → m11/p03.ipynb
2026-03-04 11:18:17,2341720164,MOVE_RENAME_FILE,P4_JS11.ipynb → m11/p04.ipynb
2026-03-04 11:18:17,2341720164,MOVE_RENAME_FILE,P5_JS11.ipynb → m11/p05.ipynb
2026-03-04 11:18:17,2341720164,MOVE_RENAME_FILE,TP_JS11.ipynb → m11/tp01.ipynb
2026-03-04 11:18:17,2341720164,MOVE_RENAME_FILE,P1_JS13.ipynb → m13/p01.ipynb
2026-03-04 11:18:17,2341720164,MOVE_RENAME_FILE,P2_JS13.ipynb → m13/p02.ipynb
2026-03-04 11:18:17,2341720164,MOVE_RENAME_FILE,P3_JS13.ipynb → m13/p03.ipynb
2026-03-04 11:18:17,2341720164,MOVE_RENAME_FILE,TP_JS13.ipynb → m13/tp01.ipynb
2026-03-04 11:18:17,2341720164,MOVE_RENAME_FILE,P1_JS14.ipynb → m14/p01.ipynb
2026-03-04 11:18:17,2341720164,MOVE_RENAME_FILE,P2_JS14.ipynb → m14/p02.ipynb
2026-03-04 11:18:17,2341720164,MOVE_RENAME_FILE,TP_JS14.ipynb → m14/tp01.ipynb
2026-03-04 11:18:17,2341720164,MOVE_RENAME_FILE,P1_JS15.ipynb → m15/p01.ipynb
2026-03-04 11:18:17,2341720168,RENAME_FOLDER,JS02 → m02
2026-03-04 11:18:17,2341720168,RENAME_FOLDER,JS03 → m03
2026-03-04 11:18:17,2341720168,RENAME_FOLDER,JS04 → m04
2026-03-04 11:18:17,2341720168,RENAME_FOLDER,JS05 → m05
2026-03-04 11:18:17,2341720168,RENAME_FOLDER,JS06 → m06
2026-03-04 11:18:17,2341720168,RENAME_FOLDER,JS07 → m07
2026-03-04 11:18:17,2341720168,RENAME_FOLDER,JS08 → m08
2026-03-04 11:18:17,2341720168,RENAME_FOLDER,JS09 → m09
2026-03-04 11:18:17,2341720168,RENAME_FOLDER,JS11 → m11
2026-03-04 11:18:17,2341720168,RENAME_FOLDER,JS13 → m13
2026-03-04 11:18:17,2341720168,RENAME_FOLDER,JS14 → m14
2026-03-04 11:18:17,2341720168,RENAME_FOLDER,JS15 → m15
2026-03-04 11:18:17,2341720168,MERGE_FOLDER,UTS → uts
2026-03-04 11:18:17,2341720168,MOVE_RENAME_FILE,P1_JS02.ipynb → m02/p01.ipynb
2026-03-04 11:18:17,2341720168,MOVE_RENAME_FILE,P2_JS02.ipynb → m02/p02.ipynb
2026-03-04 11:18:17,2341720168,MOVE_RENAME_FILE,P3_JS02.ipynb → m02/p03.ipynb
2026-03-04 11:18:17,2341720168,MOVE_RENAME_FILE,P4_JS02.ipynb → m02/p04.ipynb
2026-03-04 11:18:17,2341720168,MOVE_RENAME_FILE,TP_JS02.ipynb → m02/tp01.ipynb
2026-03-04 11:18:17,2341720168,MOVE_RENAME_FILE,P1_JS03.ipynb → m03/p01.ipynb
2026-03-04 11:18:17,2341720168,MOVE_RENAME_FILE,P2_JS03.ipynb → m03/p02.ipynb
2026-03-04 11:18:17,2341720168,MOVE_RENAME_FILE,P3_JS03.ipynb → m03/p03.ipynb
2026-03-04 11:18:17,2341720168,MOVE_RENAME_FILE,P4_JS03.ipynb → m03/p04.ipynb
2026-03-04 11:18:17,2341720168,MOVE_RENAME_FILE,TP_JS03.ipynb → m03/tp01.ipynb
2026-03-04 11:18:17,2341720168,MOVE_RENAME_FILE,P1_JS04.ipynb → m04/p01.ipynb
2026-03-04 11:18:17,2341720168,MOVE_RENAME_FILE,P2_JS04.ipynb → m04/p02.ipynb
2026-03-04 11:18:17,2341720168,MOVE_RENAME_FILE,P3_JS04.ipynb → m04/p03.ipynb
2026-03-04 11:18:17,2341720168,MOVE_RENAME_FILE,TP_JS04.ipynb → m04/tp01.ipynb
2026-03-04 11:18:17,2341720168,MOVE_RENAME_FILE,P1_JS05.ipynb → m05/p01.ipynb
2026-03-04 11:18:17,2341720168,MOVE_RENAME_FILE,P2_JS05.ipynb → m05/p02.ipynb
2026-03-04 11:18:17,2341720168,MOVE_RENAME_FILE,TP_JS05.ipynb → m05/tp01.ipynb
2026-03-04 11:18:17,2341720168,MOVE_RENAME_FILE,P1_JS06.ipynb → m06/p01.ipynb
2026-03-04 11:18:17,2341720168,MOVE_RENAME_FILE,P2_JS06.ipynb → m06/p02.ipynb
2026-03-04 11:18:17,2341720168,MOVE_RENAME_FILE,TP_JS06.ipynb → m06/tp01.ipynb
2026-03-04 11:18:17,2341720168,MOVE_RENAME_FILE,P1_JS07.ipynb → m07/p01.ipynb
2026-03-04 11:18:17,2341720168,MOVE_RENAME_FILE,P2_JS07.ipynb → m07/p02.ipynb
2026-03-04 11:18:18,2341720168,MOVE_RENAME_FILE,P3_JS07.ipynb → m07/p03.ipynb
2026-03-04 11:18:18,2341720168,MOVE_RENAME_FILE,P4_JS07.ipynb → m07/p04.ipynb
2026-03-04 11:18:18,2341720168,MOVE_RENAME_FILE,P5_JS07.ipynb → m07/p05.ipynb
2026-03-04 11:18:18,2341720168,MOVE_RENAME_FILE,P6_JS07.ipynb → m07/p06.ipynb
2026-03-04 11:18:18,2341720168,MOVE_RENAME_FILE,TP_JS07.ipynb → m07/tp01.ipynb
2026-03-04 11:18:18,2341720168,MOVE_RENAME_FILE,TP_JS08.ipynb → m08/tp01.ipynb
2026-03-04 11:18:18,2341720168,MOVE_RENAME_FILE,P1_JS09.ipynb → m09/p01.ipynb
2026-03-04 11:18:18,2341720168,MOVE_RENAME_FILE,P2_JS09.ipynb → m09/p02.ipynb
2026-03-04 11:18:18,2341720168,MOVE_RENAME_FILE,P3_JS09.ipynb → m09/p03.ipynb
2026-03-04 11:18:18,2341720168,MOVE_RENAME_FILE,TP_JS09_1.ipynb → m09/tp01.ipynb
2026-03-04 11:18:18,2341720168,MOVE_RENAME_FILE,TP_JS09_2.ipynb → m09/tp02.ipynb
2026-03-04 11:18:18,2341720168,MOVE_RENAME_FILE,P1_JS11.ipynb → m11/p01.ipynb
2026-03-04 11:18:18,2341720168,MOVE_RENAME_FILE,P2_JS11.ipynb → m11/p02.ipynb
2026-03-04 11:18:18,2341720168,MOVE_RENAME_FILE,P3_JS11.ipynb → m11/p03.ipynb
2026-03-04 11:18:18,2341720168,MOVE_RENAME_FILE,P4_JS11.ipynb → m11/p04.ipynb
2026-03-04 11:18:18,2341720168,MOVE_RENAME_FILE,P5_JS11.ipynb → m11/p05.ipynb
2026-03-04 11:18:18,2341720168,MOVE_RENAME_FILE,TP_JS11.ipynb → m11/tp01.ipynb
2026-03-04 11:18:18,2341720168,MOVE_RENAME_FILE,P1_JS13.ipynb → m13/p01.ipynb
2026-03-04 11:18:18,2341720168,MOVE_RENAME_FILE,P2_JS13.ipynb → m13/p02.ipynb
2026-03-04 11:18:18,2341720168,MOVE_RENAME_FILE,P3_JS13.ipynb → m13/p03.ipynb
2026-03-04 11:18:18,2341720168,MOVE_RENAME_FILE,TP_JS13.ipynb → m13/tp01.ipynb
2026-03-04 11:18:18,2341720168,MOVE_RENAME_FILE,P1_JS14.ipynb → m14/p01.ipynb
2026-03-04 11:18:18,2341720168,MOVE_RENAME_FILE,P2_JS14.ipynb → m14/p02.ipynb
2026-03-04 11:18:18,2341720168,MOVE_RENAME_FILE,TP_JS14.ipynb → m14/tp01.ipynb
2026-03-04 11:18:18,2341720168,MOVE_RENAME_FILE,P1_JS15.ipynb → m15/p01.ipynb
2026-03-04 11:18:18,2341720168,MOVE_RENAME_FILE,app.py → None/app.py
2026-03-04 11:18:18,2341720168,MOVE_RENAME_FILE,Salinan PBL_ML Regression Risk_V1.ipynb → pbl/pbl.ipynb
2026-03-04 11:18:18,2341720168,MOVE_RENAME_FILE,Salinan PBL_ML_V1.ipynb → pbl/pbl.ipynb
2026-03-04 11:18:18,2341720174,RENAME_FOLDER,JS01 → m01
2026-03-04 11:18:18,2341720174,RENAME_FOLDER,JS02 → m02
2026-03-04 11:18:18,2341720174,RENAME_FOLDER,JS03 → m03
2026-03-04 11:18:18,2341720174,RENAME_FOLDER,JS04 → m04
2026-03-04 11:18:18,2341720174,RENAME_FOLDER,JS05 → m05
2026-03-04 11:18:18,2341720174,RENAME_FOLDER,JS06 → m06
2026-03-04 11:18:18,2341720174,RENAME_FOLDER,JS07 → m07
2026-03-04 11:18:18,2341720174,RENAME_FOLDER,JS08 → m08
2026-03-04 11:18:18,2341720174,RENAME_FOLDER,JS09 → m09
2026-03-04 11:18:18,2341720174,RENAME_FOLDER,JS11 → m11
2026-03-04 11:18:18,2341720174,RENAME_FOLDER,JS13 → m13
2026-03-04 11:18:18,2341720174,RENAME_FOLDER,JS14 → m14
2026-03-04 11:18:18,2341720174,RENAME_FOLDER,JS15 → m15
2026-03-04 11:18:18,2341720174,MERGE_FOLDER,KELOMPOK → kelompok
2026-03-04 11:18:18,2341720174,MERGE_FOLDER,KUIS → kuis
2026-03-04 11:18:18,2341720174,RENAME_FOLDER,PBL_KELOMPOK1 → pbl
2026-03-04 11:18:18,2341720174,MOVE_RENAME_FILE,TP_JS01_1.ipynb → m01/tp01.ipynb
2026-03-04 11:18:18,2341720174,MOVE_RENAME_FILE,TP_JS01_2.ipynb → m01/tp02.ipynb
2026-03-04 11:18:18,2341720174,MOVE_RENAME_FILE,P1_JS02.ipynb → m02/p01.ipynb
2026-03-04 11:18:18,2341720174,MOVE_RENAME_FILE,P2_JS02.ipynb → m02/p02.ipynb
2026-03-04 11:18:18,2341720174,MOVE_RENAME_FILE,P3_JS02.ipynb → m02/p03.ipynb
2026-03-04 11:18:18,2341720174,MOVE_RENAME_FILE,P4_JS02.ipynb → m02/p04.ipynb
2026-03-04 11:18:18,2341720174,MOVE_RENAME_FILE,TP_JS02.ipynb → m02/tp01.ipynb
2026-03-04 11:18:18,2341720174,MOVE_RENAME_FILE,P1_JS03.ipynb → m03/p01.ipynb
2026-03-04 11:18:18,2341720174,MOVE_RENAME_FILE,P2_JS03.ipynb → m03/p02.ipynb
2026-03-04 11:18:18,2341720174,MOVE_RENAME_FILE,P3_JS03.ipynb → m03/p03.ipynb
2026-03-04 11:18:18,2341720174,MOVE_RENAME_FILE,P4_JS03.ipynb → m03/p04.ipynb
2026-03-04 11:18:18,2341720174,MOVE_RENAME_FILE,TP_JS03.ipynb → m03/tp01.ipynb
2026-03-04 11:18:18,2341720174,MOVE_RENAME_FILE,P1_JS04.ipynb → m04/p01.ipynb
2026-03-04 11:18:18,2341720174,MOVE_RENAME_FILE,P2_JS04.ipynb → m04/p02.ipynb
2026-03-04 11:18:18,2341720174,MOVE_RENAME_FILE,P3_JS04.ipynb → m04/p03.ipynb
2026-03-04 11:18:18,2341720174,MOVE_RENAME_FILE,TP_JS04.ipynb → m04/tp01.ipynb
2026-03-04 11:18:18,2341720174,MOVE_RENAME_FILE,P1_JS05.ipynb → m05/p01.ipynb
2026-03-04 11:18:18,2341720174,MOVE_RENAME_FILE,P2_JS05.ipynb → m05/p02.ipynb
2026-03-04 11:18:18,2341720174,MOVE_RENAME_FILE,TP_JS05.ipynb → m05/tp01.ipynb
2026-03-04 11:18:18,2341720174,MOVE_RENAME_FILE,P1_JS06.ipynb → m06/p01.ipynb
2026-03-04 11:18:18,2341720174,MOVE_RENAME_FILE,P2_JS06.ipynb → m06/p02.ipynb
2026-03-04 11:18:18,2341720174,MOVE_RENAME_FILE,TP_JS06.ipynb → m06/tp01.ipynb
2026-03-04 11:18:18,2341720174,MOVE_RENAME_FILE,P1_JS07.ipynb → m07/p01.ipynb
2026-03-04 11:18:18,2341720174,MOVE_RENAME_FILE,P2_JS07.ipynb → m07/p02.ipynb
2026-03-04 11:18:18,2341720174,MOVE_RENAME_FILE,P3_JS07.ipynb → m07/p03.ipynb
2026-03-04 11:18:18,2341720174,MOVE_RENAME_FILE,P4_JS07.ipynb → m07/p04.ipynb
2026-03-04 11:18:18,2341720174,MOVE_RENAME_FILE,P5_JS07.ipynb → m07/p05.ipynb
2026-03-04 11:18:18,2341720174,MOVE_RENAME_FILE,P6_JS07.ipynb → m07/p06.ipynb
2026-03-04 11:18:18,2341720174,MOVE_RENAME_FILE,TP_JS07.ipynb → m07/tp01.ipynb
2026-03-04 11:18:18,2341720174,MOVE_RENAME_FILE,TP_JS08.ipynb → m08/tp01.ipynb
2026-03-04 11:18:18,2341720174,MOVE_RENAME_FILE,P1_JS09.ipynb → m09/p01.ipynb
2026-03-04 11:18:18,2341720174,MOVE_RENAME_FILE,P2_JS09.ipynb → m09/p02.ipynb
2026-03-04 11:18:18,2341720174,MOVE_RENAME_FILE,P3_JS09.ipynb → m09/p03.ipynb
2026-03-04 11:18:18,2341720174,MOVE_RENAME_FILE,TP_JS09_1.ipynb → m09/tp01.ipynb
2026-03-04 11:18:18,2341720174,MOVE_RENAME_FILE,TP_JS09_2.ipynb → m09/tp02.ipynb
2026-03-04 11:18:18,2341720174,MOVE_RENAME_FILE,P1_JS11.ipynb → m11/p01.ipynb
2026-03-04 11:18:18,2341720174,MOVE_RENAME_FILE,P2_JS11.ipynb → m11/p02.ipynb
2026-03-04 11:18:18,2341720174,MOVE_RENAME_FILE,P3_JS11.ipynb → m11/p03.ipynb
2026-03-04 11:18:18,2341720174,MOVE_RENAME_FILE,P4_JS11.ipynb → m11/p04.ipynb
2026-03-04 11:18:18,2341720174,MOVE_RENAME_FILE,P5_JS11.ipynb → m11/p05.ipynb
2026-03-04 11:18:18,2341720174,MOVE_RENAME_FILE,TP_JS11.ipynb → m11/tp01.ipynb
2026-03-04 11:18:18,2341720174,MOVE_RENAME_FILE,P1_JS13.ipynb → m13/p01.ipynb
2026-03-04 11:18:18,2341720174,MOVE_RENAME_FILE,P2_JS13.ipynb → m13/p02.ipynb
2026-03-04 11:18:18,2341720174,MOVE_RENAME_FILE,P3_JS13.ipynb → m13/p03.ipynb
2026-03-04 11:18:18,2341720174,MOVE_RENAME_FILE,TP_JS13.ipynb → m13/tp01.ipynb
2026-03-04 11:18:18,2341720174,MOVE_RENAME_FILE,P1_JS14.ipynb → m14/p01.ipynb
2026-03-04 11:18:18,2341720174,MOVE_RENAME_FILE,P2_JS14.ipynb → m14/p02.ipynb
2026-03-04 11:18:18,2341720174,MOVE_RENAME_FILE,TP_JS14.ipynb → m14/tp01.ipynb
2026-03-04 11:18:18,2341720174,MOVE_RENAME_FILE,P1_JS15.ipynb → m15/p01.ipynb
2026-03-04 11:18:18,2341720174,MOVE_RENAME_FILE,app.py → m15/app.py
2026-03-04 11:18:18,2341720174,MOVE_RENAME_FILE,app.py → m15/app.py
2026-03-04 11:18:18,2341720174,MOVE_RENAME_FILE,PBL_KELOMPOK1.ipynb → pbl/pbl.ipynb
2026-03-04 11:18:18,2341720176,MOVE_RENAME_FILE,P1_JS01.ipynb → m01/p01.ipynb
2026-03-04 11:18:18,2341720176,MOVE_RENAME_FILE,TP_JS01.ipynb → m01/tp01.ipynb
2026-03-04 11:18:18,2341720176,MOVE_RENAME_FILE,P1_JS02.ipynb → m02/p01.ipynb
2026-03-04 11:18:18,2341720176,MOVE_RENAME_FILE,P2_JS02.ipynb → m02/p02.ipynb
2026-03-04 11:18:18,2341720176,MOVE_RENAME_FILE,P3_JS02.ipynb → m02/p03.ipynb
2026-03-04 11:18:18,2341720176,MOVE_RENAME_FILE,P4_JS02.ipynb → m02/p04.ipynb
2026-03-04 11:18:18,2341720176,MOVE_RENAME_FILE,TP_JS02.ipynb → m02/tp01.ipynb
2026-03-04 11:18:18,2341720176,MOVE_RENAME_FILE,P1_JS03.ipynb → m03/p01.ipynb
2026-03-04 11:18:18,2341720176,MOVE_RENAME_FILE,P2_JS03.ipynb → m03/p02.ipynb
2026-03-04 11:18:18,2341720176,MOVE_RENAME_FILE,P3_JS03.ipynb → m03/p03.ipynb
2026-03-04 11:18:18,2341720176,MOVE_RENAME_FILE,P4_JS03.ipynb → m03/p04.ipynb
2026-03-04 11:18:18,2341720176,MOVE_RENAME_FILE,TP_JS03.ipynb → m03/tp01.ipynb
2026-03-04 11:18:18,2341720176,MOVE_RENAME_FILE,KUIS_1.ipynb → m04/KUIS_1.ipynb
2026-03-04 11:18:18,2341720176,MOVE_RENAME_FILE,P1_JS04.ipynb → m04/p01.ipynb
2026-03-04 11:18:18,2341720176,MOVE_RENAME_FILE,P2_JS04.ipynb → m04/p02.ipynb
2026-03-04 11:18:18,2341720176,MOVE_RENAME_FILE,P3_JS04.ipynb → m04/p03.ipynb
2026-03-04 11:18:18,2341720176,MOVE_RENAME_FILE,TP_JS04.ipynb → m04/tp01.ipynb
2026-03-04 11:18:18,2341720176,MOVE_RENAME_FILE,P1_JS05.ipynb → m05/p01.ipynb
2026-03-04 11:18:18,2341720176,MOVE_RENAME_FILE,P2_JS05.ipynb → m05/p02.ipynb
2026-03-04 11:18:18,2341720176,MOVE_RENAME_FILE,TP_JS05.ipynb → m05/tp01.ipynb
2026-03-04 11:18:18,2341720176,MOVE_RENAME_FILE,P1_JS06.ipynb → m06/p01.ipynb
2026-03-04 11:18:18,2341720176,MOVE_RENAME_FILE,P2_JS06.ipynb → m06/p02.ipynb
2026-03-04 11:18:18,2341720176,MOVE_RENAME_FILE,TP_JS06.ipynb → m06/tp01.ipynb
2026-03-04 11:18:18,2341720176,MOVE_RENAME_FILE,P1_JS07.ipynb → m07/p01.ipynb
2026-03-04 11:18:18,2341720176,MOVE_RENAME_FILE,P2_JS07.ipynb → m07/p02.ipynb
2026-03-04 11:18:18,2341720176,MOVE_RENAME_FILE,P3_JS07.ipynb → m07/p03.ipynb
2026-03-04 11:18:18,2341720176,MOVE_RENAME_FILE,P4_JS07.ipynb → m07/p04.ipynb
2026-03-04 11:18:18,2341720176,MOVE_RENAME_FILE,P5_JS07.ipynb → m07/p05.ipynb
2026-03-04 11:18:18,2341720176,MOVE_RENAME_FILE,P6_JS07.ipynb → m07/p06.ipynb
2026-03-04 11:18:18,2341720176,MOVE_RENAME_FILE,TP_JS07.ipynb → m07/tp01.ipynb
2026-03-04 11:18:18,2341720176,MOVE_RENAME_FILE,TP_JS08.ipynb → m08/tp01.ipynb
2026-03-04 11:18:18,2341720176,MOVE_RENAME_FILE,P1_JS09.ipynb → m09/p01.ipynb
2026-03-04 11:18:18,2341720176,MOVE_RENAME_FILE,P2_JS09.ipynb → m09/p02.ipynb
2026-03-04 11:18:18,2341720176,MOVE_RENAME_FILE,P3_JS09.ipynb → m09/p03.ipynb
2026-03-04 11:18:18,2341720176,MOVE_RENAME_FILE,TP_JS09_1.ipynb → m09/tp01.ipynb
2026-03-04 11:18:18,2341720176,MOVE_RENAME_FILE,TP_JS09_2.ipynb → m09/tp02.ipynb
2026-03-04 11:18:18,2341720176,MOVE_RENAME_FILE,P1_JS11.ipynb → m11/p01.ipynb
2026-03-04 11:18:18,2341720176,MOVE_RENAME_FILE,P2_JS11.ipynb → m11/p02.ipynb
2026-03-04 11:18:18,2341720176,MOVE_RENAME_FILE,P3_JS11.ipynb → m11/p03.ipynb
2026-03-04 11:18:18,2341720176,MOVE_RENAME_FILE,P4_JS11.ipynb → m11/p04.ipynb
2026-03-04 11:18:18,2341720176,MOVE_RENAME_FILE,P5_JS11.ipynb → m11/p05.ipynb
2026-03-04 11:18:18,2341720176,MOVE_RENAME_FILE,TP_JS11.ipynb → m11/tp01.ipynb
2026-03-04 11:18:18,2341720176,MOVE_RENAME_FILE,P1_JS13.ipynb → m13/p01.ipynb
2026-03-04 11:18:18,2341720176,MOVE_RENAME_FILE,P2_JS13.ipynb → m13/p02.ipynb
2026-03-04 11:18:18,2341720176,MOVE_RENAME_FILE,P3_JS13.ipynb → m13/p03.ipynb
2026-03-04 11:18:18,2341720176,MOVE_RENAME_FILE,TP_JS13.ipynb → m13/tp01.ipynb
2026-03-04 11:18:18,2341720176,MOVE_RENAME_FILE,P1_JS14.ipynb → m14/p01.ipynb
2026-03-04 11:18:18,2341720176,MOVE_RENAME_FILE,P2_JS14.ipynb → m14/p02.ipynb
2026-03-04 11:18:18,2341720176,MOVE_RENAME_FILE,TP_JS14.ipynb → m14/tp01.ipynb
2026-03-04 11:18:18,2341720176,MOVE_RENAME_FILE,P1_JS15.ipynb → m15/p01.ipynb
2026-03-04 11:18:18,2341720176,MOVE_RENAME_FILE,P2_JS15.ipynb → m15/p02.ipynb
2026-03-04 11:18:18,2341720187,RENAME_FOLDER,JS01 → m01
2026-03-04 11:18:18,2341720187,RENAME_FOLDER,JS02 → m02
2026-03-04 11:18:18,2341720187,RENAME_FOLDER,JS03 → m03
2026-03-04 11:18:18,2341720187,RENAME_FOLDER,JS04 → m04
2026-03-04 11:18:18,2341720187,RENAME_FOLDER,JS05 → m05
2026-03-04 11:18:18,2341720187,RENAME_FOLDER,JS06 → m06
2026-03-04 11:18:18,2341720187,RENAME_FOLDER,JS07 → m07
2026-03-04 11:18:18,2341720187,RENAME_FOLDER,JS08 → m08
2026-03-04 11:18:18,2341720187,RENAME_FOLDER,JS09 → m09
2026-03-04 11:18:18,2341720187,RENAME_FOLDER,JS11 → m11
2026-03-04 11:18:18,2341720187,RENAME_FOLDER,JS13 → m13
2026-03-04 11:18:18,2341720187,RENAME_FOLDER,JS14 → m14
2026-03-04 11:18:18,2341720187,RENAME_FOLDER,JS15 → m15
2026-03-04 11:18:18,2341720187,MERGE_FOLDER,UTS → uts
2026-03-04 11:18:18,2341720187,MOVE_RENAME_FILE,TP_JS01.ipynb → m01/tp01.ipynb
2026-03-04 11:18:18,2341720187,MOVE_RENAME_FILE,P1_JS02.ipynb → m02/p01.ipynb
2026-03-04 11:18:18,2341720187,MOVE_RENAME_FILE,P2_JS02.ipynb → m02/p02.ipynb
2026-03-04 11:18:18,2341720187,MOVE_RENAME_FILE,P3_JS02.ipynb → m02/p03.ipynb
2026-03-04 11:18:18,2341720187,MOVE_RENAME_FILE,P4_JS02.ipynb → m02/p04.ipynb
2026-03-04 11:18:18,2341720187,MOVE_RENAME_FILE,TP_JS02.ipynb → m02/tp01.ipynb
2026-03-04 11:18:18,2341720187,MOVE_RENAME_FILE,P1_JS03.ipynb → m03/p01.ipynb
2026-03-04 11:18:18,2341720187,MOVE_RENAME_FILE,P2_JS03.ipynb → m03/p02.ipynb
2026-03-04 11:18:18,2341720187,MOVE_RENAME_FILE,P3_JS03.ipynb → m03/p03.ipynb
2026-03-04 11:18:18,2341720187,MOVE_RENAME_FILE,P4_JS03.ipynb → m03/p04.ipynb
2026-03-04 11:18:18,2341720187,MOVE_RENAME_FILE,TP_JS03.ipynb → m03/tp01.ipynb
2026-03-04 11:18:18,2341720187,MOVE_RENAME_FILE,P1_JS04.ipynb → m04/p01.ipynb
2026-03-04 11:18:18,2341720187,MOVE_RENAME_FILE,P2_JS04.ipynb → m04/p02.ipynb
2026-03-04 11:18:18,2341720187,MOVE_RENAME_FILE,P3_JS04.ipynb → m04/p03.ipynb
2026-03-04 11:18:18,2341720187,MOVE_RENAME_FILE,TP_JS04.ipynb → m04/tp01.ipynb
2026-03-04 11:18:18,2341720187,MOVE_RENAME_FILE,P1_JS05.ipynb → m05/p01.ipynb
2026-03-04 11:18:18,2341720187,MOVE_RENAME_FILE,P2_JS05.ipynb → m05/p02.ipynb
2026-03-04 11:18:18,2341720187,MOVE_RENAME_FILE,TP_JS05.ipynb → m05/tp01.ipynb
2026-03-04 11:18:18,2341720187,MOVE_RENAME_FILE,P1_JS07.ipynb → m07/p01.ipynb
2026-03-04 11:18:18,2341720187,MOVE_RENAME_FILE,P2_JS07.ipynb → m07/p02.ipynb
2026-03-04 11:18:18,2341720187,MOVE_RENAME_FILE,TP_JS06.ipynb → m06/tp01.ipynb
2026-03-04 11:18:18,2341720187,MOVE_RENAME_FILE,p01.ipynb → None/p01.ipynb
2026-03-04 11:18:18,2341720187,MOVE_RENAME_FILE,p02.ipynb → None/p02.ipynb
2026-03-04 11:18:18,2341720187,MOVE_RENAME_FILE,P1_JS07.ipynb → m07/p01.ipynb
2026-03-04 11:18:18,2341720187,MOVE_RENAME_FILE,P2_JS07.ipynb → m07/p02.ipynb
2026-03-04 11:18:18,2341720187,MOVE_RENAME_FILE,P3_JS07.ipynb → m07/p03.ipynb
2026-03-04 11:18:18,2341720187,MOVE_RENAME_FILE,P4_JS07.ipynb → m07/p04.ipynb
2026-03-04 11:18:18,2341720187,MOVE_RENAME_FILE,P5_JS07.ipynb → m07/p05.ipynb
2026-03-04 11:18:18,2341720187,MOVE_RENAME_FILE,P6_JS07.ipynb → m07/p06.ipynb
2026-03-04 11:18:18,2341720187,MOVE_RENAME_FILE,TP_JS07.ipynb → m07/tp01.ipynb
2026-03-04 11:18:18,2341720187,MOVE_RENAME_FILE,TP_JS08.ipynb → m08/tp01.ipynb
2026-03-04 11:18:18,2341720187,MOVE_RENAME_FILE,P1_JS09.ipynb → m09/p01.ipynb
2026-03-04 11:18:18,2341720187,MOVE_RENAME_FILE,P2_JS09.ipynb → m09/p02.ipynb
2026-03-04 11:18:18,2341720187,MOVE_RENAME_FILE,P3_JS09.ipynb → m09/p03.ipynb
2026-03-04 11:18:18,2341720187,MOVE_RENAME_FILE,TP_JS09_1.ipynb → m09/tp01.ipynb
2026-03-04 11:18:18,2341720187,MOVE_RENAME_FILE,TP_JS09_2.ipynb → m09/tp02.ipynb
2026-03-04 11:18:18,2341720187,MOVE_RENAME_FILE,P1_JS11.ipynb → m11/p01.ipynb
2026-03-04 11:18:18,2341720187,MOVE_RENAME_FILE,P2_JS11.ipynb → m11/p02.ipynb
2026-03-04 11:18:18,2341720187,MOVE_RENAME_FILE,P3_JS11.ipynb → m11/p03.ipynb
2026-03-04 11:18:18,2341720187,MOVE_RENAME_FILE,P4_JS11.ipynb → m11/p04.ipynb
2026-03-04 11:18:18,2341720187,MOVE_RENAME_FILE,P5_JS11.ipynb → m11/p05.ipynb
2026-03-04 11:18:18,2341720187,MOVE_RENAME_FILE,TP_JS11.ipynb → m11/tp01.ipynb
2026-03-04 11:18:18,2341720187,MOVE_RENAME_FILE,P1_JS13.ipynb → m13/p01.ipynb
2026-03-04 11:18:18,2341720187,MOVE_RENAME_FILE,P2_JS13.ipynb → m13/p02.ipynb
2026-03-04 11:18:18,2341720187,MOVE_RENAME_FILE,P3_JS13.ipynb → m13/p03.ipynb
2026-03-04 11:18:18,2341720187,MOVE_RENAME_FILE,TP_JS13.ipynb → m13/tp01.ipynb
2026-03-04 11:18:18,2341720187,MOVE_RENAME_FILE,P1_JS14.ipynb → m14/p01.ipynb
2026-03-04 11:18:18,2341720187,MOVE_RENAME_FILE,P2_JS14.ipynb → m14/p02.ipynb
2026-03-04 11:18:18,2341720187,MOVE_RENAME_FILE,TP_JS14.ipynb → m14/tp01.ipynb
2026-03-04 11:18:18,2341720187,MOVE_RENAME_FILE,P1_JS15.ipynb → m15/p01.ipynb
2026-03-04 11:18:18,2341720187,MOVE_RENAME_FILE,P2_JS15.ipynb → m15/p02.ipynb
2026-03-04 11:18:18,2341720187,MOVE_RENAME_FILE,app.py → m15/app.py
2026-03-04 11:18:18,2341720187,MOVE_RENAME_FILE,UAS.ipynb → None/UAS.ipynb
2026-03-04 11:18:18,2341720191,RENAME_FOLDER,JS01 → m01
2026-03-04 11:18:18,2341720191,RENAME_FOLDER,JS02 → m02
2026-03-04 11:18:18,2341720191,RENAME_FOLDER,JS03 → m03
2026-03-04 11:18:18,2341720191,RENAME_FOLDER,JS04 → m04
2026-03-04 11:18:18,2341720191,RENAME_FOLDER,JS05 → m05
2026-03-04 11:18:18,2341720191,RENAME_FOLDER,JS06 → m06
2026-03-04 11:18:18,2341720191,RENAME_FOLDER,JS07 → m07
2026-03-04 11:18:18,2341720191,RENAME_FOLDER,JS08 → m08
2026-03-04 11:18:18,2341720191,RENAME_FOLDER,JS09 → m09
2026-03-04 11:18:18,2341720191,RENAME_FOLDER,JS11 → m11
2026-03-04 11:18:18,2341720191,RENAME_FOLDER,JS13 → m13
2026-03-04 11:18:18,2341720191,RENAME_FOLDER,JS14 → m14
2026-03-04 11:18:18,2341720191,RENAME_FOLDER,JS15 → m15
2026-03-04 11:18:18,2341720191,MOVE_RENAME_FILE,JS04_prkatikum.ipynb → m04/JS04_prkatikum.ipynb
2026-03-04 11:18:18,2341720191,MOVE_RENAME_FILE,JS04_SOAL_KUIS1_ML.ipynb → kuis/kuis.ipynb
2026-03-04 11:18:18,2341720191,MOVE_RENAME_FILE,JS05_praktikum.ipynb → m05/JS05_praktikum.ipynb
2026-03-04 11:18:18,2341720191,MOVE_RENAME_FILE,JS06_Praktikum.ipynb → m06/JS06_Praktikum.ipynb
2026-03-04 11:18:19,2341720191,MOVE_RENAME_FILE,JS07_Praktikum.ipynb → m07/JS07_Praktikum.ipynb
2026-03-04 11:18:19,2341720191,MOVE_RENAME_FILE,JS09_Praktikum.ipynb → m09/JS09_Praktikum.ipynb
2026-03-04 11:18:19,2341720191,MOVE_RENAME_FILE,JS11_Praktikum.ipynb → m11/JS11_Praktikum.ipynb
2026-03-04 11:18:19,2341720191,MOVE_RENAME_FILE,JS13_Praktikum.ipynb → m13/JS13_Praktikum.ipynb
2026-03-04 11:18:19,2341720191,MOVE_RENAME_FILE,JS14_Praktikum.ipynb → m14/JS14_Praktikum.ipynb
2026-03-04 11:18:19,2341720191,MOVE_RENAME_FILE,JS_15_keseluruhan.ipynb → None/JS_15_keseluruhan.ipynb
2026-03-04 11:18:19,2341720191,MOVE_RENAME_FILE,TG1_2341720191_Soultan_Mohammad_Agnar_Bisyarah.ipynb → None/TG1_2341720191_Soultan_Mohammad_Agnar_Bisyarah.ipynb
2026-03-04 11:18:19,2341720191,MOVE_RENAME_FILE,UTS_MachineLearning.ipynb → uts/uts.ipynb
2026-03-04 11:18:19,2341720191,MOVE_RENAME_FILE,__init__.py → None/__init__.py
2026-03-04 11:18:19,2341720191,MOVE_RENAME_FILE,__main__.py → None/__main__.py
2026-03-04 11:18:19,2341720191,MOVE_RENAME_FILE,__pip-runner__.py → None/__pip-runner__.py
2026-03-04 11:18:19,2341720191,MOVE_RENAME_FILE,build_env.py → None/build_env.py
2026-03-04 11:18:19,2341720191,MOVE_RENAME_FILE,cache.py → None/cache.py
2026-03-04 11:18:19,2341720191,MOVE_RENAME_FILE,configuration.py → None/configuration.py
2026-03-04 11:18:19,2341720191,MOVE_RENAME_FILE,exceptions.py → None/exceptions.py
2026-03-04 11:18:19,2341720191,MOVE_RENAME_FILE,main.py → None/main.py
2026-03-04 11:18:19,2341720191,MOVE_RENAME_FILE,pyproject.py → None/pyproject.py
2026-03-04 11:18:19,2341720191,MOVE_RENAME_FILE,self_outdated_check.py → None/self_outdated_check.py
2026-03-04 11:18:19,2341720191,MOVE_RENAME_FILE,wheel_builder.py → None/wheel_builder.py
2026-03-04 11:18:19,2341720191,MOVE_RENAME_FILE,__init__.py → None/__init__.py
2026-03-04 11:18:19,2341720191,MOVE_RENAME_FILE,autocompletion.py → None/autocompletion.py
2026-03-04 11:18:19,2341720191,MOVE_RENAME_FILE,base_command.py → None/base_command.py
2026-03-04 11:18:19,2341720191,MOVE_RENAME_FILE,cmdoptions.py → None/cmdoptions.py
2026-03-04 11:18:19,2341720191,MOVE_RENAME_FILE,command_context.py → None/command_context.py
2026-03-04 11:18:19,2341720191,MOVE_RENAME_FILE,main.py → None/main.py
2026-03-04 11:18:19,2341720191,MOVE_RENAME_FILE,main_parser.py → None/main_parser.py
2026-03-04 11:18:19,2341720191,MOVE_RENAME_FILE,parser.py → None/parser.py
2026-03-04 11:18:19,2341720191,MOVE_RENAME_FILE,progress_bars.py → None/progress_bars.py
2026-03-04 11:18:19,2341720191,MOVE_RENAME_FILE,req_command.py → None/req_command.py
2026-03-04 11:18:19,2341720191,MOVE_RENAME_FILE,spinners.py → None/spinners.py
2026-03-04 11:18:19,2341720191,MOVE_RENAME_FILE,status_codes.py → None/status_codes.py
2026-03-04 11:18:19,2341720191,MOVE_RENAME_FILE,__init__.py → None/__init__.py
2026-03-04 11:18:19,2341720191,MOVE_RENAME_FILE,cache.py → None/cache.py
2026-03-04 11:18:19,2341720191,MOVE_RENAME_FILE,check.py → None/check.py
2026-03-04 11:18:19,2341720191,MOVE_RENAME_FILE,completion.py → None/completion.py
2026-03-04 11:18:19,2341720191,MOVE_RENAME_FILE,configuration.py → None/configuration.py
2026-03-04 11:18:19,2341720191,MOVE_RENAME_FILE,debug.py → None/debug.py
2026-03-04 11:18:19,2341720191,MOVE_RENAME_FILE,download.py → None/download.py
2026-03-04 11:18:19,2341720191,MOVE_RENAME_FILE,freeze.py → None/freeze.py
2026-03-04 11:18:19,2341720191,MOVE_RENAME_FILE,hash.py → None/hash.py
2026-03-04 11:18:19,2341720191,MOVE_RENAME_FILE,help.py → None/help.py
2026-03-04 11:18:19,2341720191,MOVE_RENAME_FILE,index.py → None/index.py
2026-03-04 11:18:19,2341720191,MOVE_RENAME_FILE,inspect.py → None/inspect.py
2026-03-04 11:18:19,2341720191,MOVE_RENAME_FILE,install.py → None/install.py
2026-03-04 11:18:19,2341720191,MOVE_RENAME_FILE,list.py → None/list.py
2026-03-04 11:18:19,2341720191,MOVE_RENAME_FILE,search.py → None/search.py
2026-03-04 11:18:19,2341720191,MOVE_RENAME_FILE,show.py → None/show.py
2026-03-04 11:18:19,2341720191,MOVE_RENAME_FILE,uninstall.py → None/uninstall.py
2026-03-04 11:18:19,2341720191,MOVE_RENAME_FILE,wheel.py → None/wheel.py
2026-03-04 11:18:19,2341720191,MOVE_RENAME_FILE,__init__.py → None/__init__.py
2026-03-04 11:18:19,2341720191,MOVE_RENAME_FILE,base.py → None/base.py
2026-03-04 11:18:19,2341720191,MOVE_RENAME_FILE,installed.py → None/installed.py
2026-03-04 11:18:19,2341720191,MOVE_RENAME_FILE,sdist.py → None/sdist.py
2026-03-04 11:18:19,2341720191,MOVE_RENAME_FILE,wheel.py → None/wheel.py
2026-03-04 11:18:19,2341720191,MOVE_RENAME_FILE,__init__.py → None/__init__.py
2026-03-04 11:18:19,2341720191,MOVE_RENAME_FILE,collector.py → None/collector.py
2026-03-04 11:18:19,2341720191,MOVE_RENAME_FILE,package_finder.py → None/package_finder.py
2026-03-04 11:18:19,2341720191,MOVE_RENAME_FILE,sources.py → None/sources.py
2026-03-04 11:18:19,2341720191,MOVE_RENAME_FILE,__init__.py → None/__init__.py
2026-03-04 11:18:19,2341720191,MOVE_RENAME_FILE,base.py → None/base.py
2026-03-04 11:18:19,2341720191,MOVE_RENAME_FILE,_distutils.py → None/_distutils.py
2026-03-04 11:18:19,2341720191,MOVE_RENAME_FILE,_sysconfig.py → None/_sysconfig.py
2026-03-04 11:18:19,2341720191,MOVE_RENAME_FILE,__init__.py → None/__init__.py
2026-03-04 11:18:19,2341720191,MOVE_RENAME_FILE,base.py → None/base.py
2026-03-04 11:18:19,2341720191,MOVE_RENAME_FILE,pkg_resources.py → None/pkg_resources.py
2026-03-04 11:18:19,2341720191,MOVE_RENAME_FILE,_json.py → None/_json.py
2026-03-04 11:18:19,2341720191,MOVE_RENAME_FILE,__init__.py → None/__init__.py
2026-03-04 11:18:19,2341720191,MOVE_RENAME_FILE,_compat.py → None/_compat.py
2026-03-04 11:18:19,2341720191,MOVE_RENAME_FILE,_dists.py → None/_dists.py
2026-03-04 11:18:19,2341720191,MOVE_RENAME_FILE,_envs.py → None/_envs.py
2026-03-04 11:18:19,2341720191,MOVE_RENAME_FILE,__init__.py → None/__init__.py
2026-03-04 11:18:19,2341720191,MOVE_RENAME_FILE,candidate.py → None/candidate.py
2026-03-04 11:18:19,2341720191,MOVE_RENAME_FILE,direct_url.py → None/direct_url.py
2026-03-04 11:18:19,2341720191,MOVE_RENAME_FILE,format_control.py → None/format_control.py
2026-03-04 11:18:19,2341720191,MOVE_RENAME_FILE,index.py → None/index.py
2026-03-04 11:18:19,2341720191,MOVE_RENAME_FILE,installation_report.py → None/installation_report.py
2026-03-04 11:18:19,2341720191,MOVE_RENAME_FILE,link.py → None/link.py
2026-03-04 11:18:19,2341720191,MOVE_RENAME_FILE,scheme.py → None/scheme.py
2026-03-04 11:18:19,2341720191,MOVE_RENAME_FILE,search_scope.py → None/search_scope.py
2026-03-04 11:18:19,2341720191,MOVE_RENAME_FILE,selection_prefs.py → None/selection_prefs.py
2026-03-04 11:18:19,2341720191,MOVE_RENAME_FILE,target_python.py → None/target_python.py
2026-03-04 11:18:19,2341720191,MOVE_RENAME_FILE,wheel.py → None/wheel.py
2026-03-04 11:18:19,2341720191,MOVE_RENAME_FILE,__init__.py → None/__init__.py
2026-03-04 11:18:19,2341720191,MOVE_RENAME_FILE,auth.py → None/auth.py
2026-03-04 11:18:19,2341720191,MOVE_RENAME_FILE,cache.py → None/cache.py
2026-03-04 11:18:19,2341720191,MOVE_RENAME_FILE,download.py → None/download.py
2026-03-04 11:18:19,2341720191,MOVE_RENAME_FILE,lazy_wheel.py → None/lazy_wheel.py
2026-03-04 11:18:19,2341720191,MOVE_RENAME_FILE,session.py → None/session.py
2026-03-04 11:18:19,2341720191,MOVE_RENAME_FILE,utils.py → None/utils.py
2026-03-04 11:18:19,2341720191,MOVE_RENAME_FILE,xmlrpc.py → None/xmlrpc.py
2026-03-04 11:18:19,2341720191,MOVE_RENAME_FILE,__init__.py → None/__init__.py
2026-03-04 11:18:19,2341720191,MOVE_RENAME_FILE,check.py → None/check.py
2026-03-04 11:18:19,2341720191,MOVE_RENAME_FILE,freeze.py → None/freeze.py
2026-03-04 11:18:19,2341720191,MOVE_RENAME_FILE,prepare.py → None/prepare.py
2026-03-04 11:18:19,2341720191,MOVE_RENAME_FILE,__init__.py → None/__init__.py
2026-03-04 11:18:19,2341720191,MOVE_RENAME_FILE,build_tracker.py → None/build_tracker.py
2026-03-04 11:18:19,2341720191,MOVE_RENAME_FILE,metadata.py → None/metadata.py
2026-03-04 11:18:19,2341720191,MOVE_RENAME_FILE,metadata_editable.py → None/metadata_editable.py
2026-03-04 11:18:19,2341720191,MOVE_RENAME_FILE,metadata_legacy.py → None/metadata_legacy.py
2026-03-04 11:18:19,2341720191,MOVE_RENAME_FILE,wheel.py → None/wheel.py
2026-03-04 11:18:19,2341720191,MOVE_RENAME_FILE,wheel_editable.py → None/wheel_editable.py
2026-03-04 11:18:19,2341720191,MOVE_RENAME_FILE,wheel_legacy.py → None/wheel_legacy.py
2026-03-04 11:18:19,2341720191,MOVE_RENAME_FILE,__init__.py → None/__init__.py
2026-03-04 11:18:19,2341720191,MOVE_RENAME_FILE,editable_legacy.py → None/editable_legacy.py
2026-03-04 11:18:19,2341720191,MOVE_RENAME_FILE,wheel.py → None/wheel.py
2026-03-04 11:18:19,2341720191,MOVE_RENAME_FILE,__init__.py → None/__init__.py
2026-03-04 11:18:19,2341720191,MOVE_RENAME_FILE,constructors.py → None/constructors.py
2026-03-04 11:18:19,2341720191,MOVE_RENAME_FILE,req_file.py → None/req_file.py
2026-03-04 11:18:19,2341720191,MOVE_RENAME_FILE,req_install.py → None/req_install.py
2026-03-04 11:18:19,2341720191,MOVE_RENAME_FILE,req_set.py → None/req_set.py
2026-03-04 11:18:19,2341720191,MOVE_RENAME_FILE,req_uninstall.py → None/req_uninstall.py
2026-03-04 11:18:19,2341720191,MOVE_RENAME_FILE,__init__.py → None/__init__.py
2026-03-04 11:18:19,2341720191,MOVE_RENAME_FILE,base.py → None/base.py
2026-03-04 11:18:19,2341720191,MOVE_RENAME_FILE,__init__.py → None/__init__.py
2026-03-04 11:18:19,2341720191,MOVE_RENAME_FILE,resolver.py → None/resolver.py
2026-03-04 11:18:19,2341720191,MOVE_RENAME_FILE,__init__.py → None/__init__.py
2026-03-04 11:18:19,2341720191,MOVE_RENAME_FILE,base.py → None/base.py
2026-03-04 11:18:19,2341720191,MOVE_RENAME_FILE,candidates.py → None/candidates.py
2026-03-04 11:18:19,2341720191,MOVE_RENAME_FILE,factory.py → None/factory.py
2026-03-04 11:18:19,2341720191,MOVE_RENAME_FILE,found_candidates.py → None/found_candidates.py
2026-03-04 11:18:19,2341720191,MOVE_RENAME_FILE,provider.py → None/provider.py
2026-03-04 11:18:19,2341720191,MOVE_RENAME_FILE,reporter.py → None/reporter.py
2026-03-04 11:18:19,2341720191,MOVE_RENAME_FILE,requirements.py → None/requirements.py
2026-03-04 11:18:19,2341720191,MOVE_RENAME_FILE,resolver.py → None/resolver.py
2026-03-04 11:18:19,2341720191,MOVE_RENAME_FILE,__init__.py → None/__init__.py
2026-03-04 11:18:19,2341720191,MOVE_RENAME_FILE,appdirs.py → None/appdirs.py
2026-03-04 11:18:19,2341720191,MOVE_RENAME_FILE,compat.py → None/compat.py
2026-03-04 11:18:19,2341720191,MOVE_RENAME_FILE,compatibility_tags.py → None/compatibility_tags.py
2026-03-04 11:18:19,2341720191,MOVE_RENAME_FILE,datetime.py → None/datetime.py
2026-03-04 11:18:19,2341720191,MOVE_RENAME_FILE,deprecation.py → None/deprecation.py
2026-03-04 11:18:19,2341720191,MOVE_RENAME_FILE,direct_url_helpers.py → None/direct_url_helpers.py
2026-03-04 11:18:19,2341720191,MOVE_RENAME_FILE,egg_link.py → None/egg_link.py
2026-03-04 11:18:19,2341720191,MOVE_RENAME_FILE,encoding.py → None/encoding.py
2026-03-04 11:18:19,2341720191,MOVE_RENAME_FILE,entrypoints.py → None/entrypoints.py
2026-03-04 11:18:19,2341720191,MOVE_RENAME_FILE,filesystem.py → None/filesystem.py
2026-03-04 11:18:19,2341720191,MOVE_RENAME_FILE,filetypes.py → None/filetypes.py
2026-03-04 11:18:19,2341720191,MOVE_RENAME_FILE,glibc.py → None/glibc.py
2026-03-04 11:18:19,2341720191,MOVE_RENAME_FILE,hashes.py → None/hashes.py
2026-03-04 11:18:19,2341720191,MOVE_RENAME_FILE,inject_securetransport.py → None/inject_securetransport.py
2026-03-04 11:18:19,2341720191,MOVE_RENAME_FILE,logging.py → None/logging.py
2026-03-04 11:18:19,2341720191,MOVE_RENAME_FILE,misc.py → None/misc.py
2026-03-04 11:18:19,2341720191,MOVE_RENAME_FILE,models.py → None/models.py
2026-03-04 11:18:19,2341720191,MOVE_RENAME_FILE,packaging.py → None/packaging.py
2026-03-04 11:18:19,2341720191,MOVE_RENAME_FILE,setuptools_build.py → None/setuptools_build.py
2026-03-04 11:18:19,2341720191,MOVE_RENAME_FILE,subprocess.py → None/subprocess.py
2026-03-04 11:18:19,2341720191,MOVE_RENAME_FILE,temp_dir.py → None/temp_dir.py
2026-03-04 11:18:19,2341720191,MOVE_RENAME_FILE,unpacking.py → None/unpacking.py
2026-03-04 11:18:19,2341720191,MOVE_RENAME_FILE,urls.py → None/urls.py
2026-03-04 11:18:19,2341720191,MOVE_RENAME_FILE,virtualenv.py → None/virtualenv.py
2026-03-04 11:18:19,2341720191,MOVE_RENAME_FILE,wheel.py → None/wheel.py
2026-03-04 11:18:19,2341720191,MOVE_RENAME_FILE,_jaraco_text.py → None/_jaraco_text.py
2026-03-04 11:18:19,2341720191,MOVE_RENAME_FILE,_log.py → None/_log.py
2026-03-04 11:18:19,2341720191,MOVE_RENAME_FILE,__init__.py → None/__init__.py
2026-03-04 11:18:19,2341720191,MOVE_RENAME_FILE,bazaar.py → None/bazaar.py
2026-03-04 11:18:19,2341720191,MOVE_RENAME_FILE,git.py → None/git.py
2026-03-04 11:18:19,2341720191,MOVE_RENAME_FILE,mercurial.py → None/mercurial.py
2026-03-04 11:18:19,2341720191,MOVE_RENAME_FILE,subversion.py → None/subversion.py
2026-03-04 11:18:19,2341720191,MOVE_RENAME_FILE,versioncontrol.py → None/versioncontrol.py
2026-03-04 11:18:19,2341720191,MOVE_RENAME_FILE,__init__.py → None/__init__.py
2026-03-04 11:18:19,2341720191,MOVE_RENAME_FILE,six.py → None/six.py
2026-03-04 11:18:19,2341720191,MOVE_RENAME_FILE,typing_extensions.py → None/typing_extensions.py
2026-03-04 11:18:19,2341720191,MOVE_RENAME_FILE,__init__.py → None/__init__.py
2026-03-04 11:18:19,2341720191,MOVE_RENAME_FILE,adapter.py → None/adapter.py
2026-03-04 11:18:19,2341720191,MOVE_RENAME_FILE,cache.py → None/cache.py
2026-03-04 11:18:19,2341720191,MOVE_RENAME_FILE,compat.py → None/compat.py
2026-03-04 11:18:19,2341720191,MOVE_RENAME_FILE,controller.py → None/controller.py
2026-03-04 11:18:19,2341720191,MOVE_RENAME_FILE,filewrapper.py → None/filewrapper.py
2026-03-04 11:18:19,2341720191,MOVE_RENAME_FILE,heuristics.py → None/heuristics.py
2026-03-04 11:18:19,2341720191,MOVE_RENAME_FILE,serialize.py → None/serialize.py
2026-03-04 11:18:19,2341720191,MOVE_RENAME_FILE,wrapper.py → None/wrapper.py
2026-03-04 11:18:19,2341720191,MOVE_RENAME_FILE,_cmd.py → None/_cmd.py
2026-03-04 11:18:19,2341720191,MOVE_RENAME_FILE,__init__.py → None/__init__.py
2026-03-04 11:18:19,2341720191,MOVE_RENAME_FILE,file_cache.py → None/file_cache.py
2026-03-04 11:18:19,2341720191,MOVE_RENAME_FILE,redis_cache.py → None/redis_cache.py
2026-03-04 11:18:19,2341720191,MOVE_RENAME_FILE,__init__.py → None/__init__.py
2026-03-04 11:18:19,2341720191,MOVE_RENAME_FILE,core.py → None/core.py
2026-03-04 11:18:19,2341720191,MOVE_RENAME_FILE,__init__.py → None/__init__.py
2026-03-04 11:18:19,2341720191,MOVE_RENAME_FILE,__main__.py → None/__main__.py
2026-03-04 11:18:19,2341720191,MOVE_RENAME_FILE,big5freq.py → None/big5freq.py
2026-03-04 11:18:19,2341720191,MOVE_RENAME_FILE,big5prober.py → None/big5prober.py
2026-03-04 11:18:19,2341720191,MOVE_RENAME_FILE,chardistribution.py → None/chardistribution.py
2026-03-04 11:18:19,2341720191,MOVE_RENAME_FILE,charsetgroupprober.py → None/charsetgroupprober.py
2026-03-04 11:18:19,2341720191,MOVE_RENAME_FILE,charsetprober.py → None/tp01.py
2026-03-04 11:18:19,2341720191,MOVE_RENAME_FILE,codingstatemachine.py → None/codingstatemachine.py
2026-03-04 11:18:19,2341720191,MOVE_RENAME_FILE,codingstatemachinedict.py → None/codingstatemachinedict.py
2026-03-04 11:18:19,2341720191,MOVE_RENAME_FILE,cp949prober.py → None/cp949prober.py
2026-03-04 11:18:19,2341720191,MOVE_RENAME_FILE,enums.py → None/enums.py
2026-03-04 11:18:19,2341720191,MOVE_RENAME_FILE,escprober.py → None/escprober.py
2026-03-04 11:18:19,2341720191,MOVE_RENAME_FILE,escsm.py → None/escsm.py
2026-03-04 11:18:19,2341720191,MOVE_RENAME_FILE,eucjpprober.py → None/eucjpprober.py
2026-03-04 11:18:19,2341720191,MOVE_RENAME_FILE,euckrfreq.py → None/euckrfreq.py
2026-03-04 11:18:19,2341720191,MOVE_RENAME_FILE,euckrprober.py → None/euckrprober.py
2026-03-04 11:18:19,2341720191,MOVE_RENAME_FILE,euctwfreq.py → None/euctwfreq.py
2026-03-04 11:18:19,2341720191,MOVE_RENAME_FILE,euctwprober.py → None/euctwprober.py
2026-03-04 11:18:19,2341720191,MOVE_RENAME_FILE,gb2312freq.py → None/gb2312freq.py
2026-03-04 11:18:19,2341720191,MOVE_RENAME_FILE,gb2312prober.py → None/gb2312prober.py
2026-03-04 11:18:19,2341720191,MOVE_RENAME_FILE,hebrewprober.py → None/hebrewprober.py
2026-03-04 11:18:19,2341720191,MOVE_RENAME_FILE,jisfreq.py → None/jisfreq.py
2026-03-04 11:18:19,2341720191,MOVE_RENAME_FILE,johabfreq.py → None/johabfreq.py
2026-03-04 11:18:19,2341720191,MOVE_RENAME_FILE,johabprober.py → None/johabprober.py
2026-03-04 11:18:19,2341720191,MOVE_RENAME_FILE,jpcntx.py → None/jpcntx.py
2026-03-04 11:18:19,2341720191,MOVE_RENAME_FILE,langbulgarianmodel.py → None/langbulgarianmodel.py
2026-03-04 11:18:19,2341720191,MOVE_RENAME_FILE,langgreekmodel.py → None/langgreekmodel.py
2026-03-04 11:18:19,2341720191,MOVE_RENAME_FILE,langhebrewmodel.py → None/langhebrewmodel.py
2026-03-04 11:18:19,2341720191,MOVE_RENAME_FILE,langhungarianmodel.py → None/langhungarianmodel.py
2026-03-04 11:18:19,2341720191,MOVE_RENAME_FILE,langrussianmodel.py → None/langrussianmodel.py
2026-03-04 11:18:19,2341720191,MOVE_RENAME_FILE,langthaimodel.py → None/langthaimodel.py
2026-03-04 11:18:19,2341720191,MOVE_RENAME_FILE,langturkishmodel.py → None/langturkishmodel.py
2026-03-04 11:18:19,2341720191,MOVE_RENAME_FILE,latin1prober.py → None/latin1prober.py
2026-03-04 11:18:19,2341720191,MOVE_RENAME_FILE,macromanprober.py → None/macromanprober.py
2026-03-04 11:18:19,2341720191,MOVE_RENAME_FILE,mbcharsetprober.py → None/tp02.py
2026-03-04 11:18:19,2341720191,MOVE_RENAME_FILE,mbcsgroupprober.py → None/mbcsgroupprober.py
2026-03-04 11:18:19,2341720191,MOVE_RENAME_FILE,mbcssm.py → None/mbcssm.py
2026-03-04 11:18:19,2341720191,MOVE_RENAME_FILE,resultdict.py → None/resultdict.py
2026-03-04 11:18:19,2341720191,MOVE_RENAME_FILE,sbcharsetprober.py → None/tp03.py
2026-03-04 11:18:19,2341720191,MOVE_RENAME_FILE,sbcsgroupprober.py → None/sbcsgroupprober.py
2026-03-04 11:18:19,2341720191,MOVE_RENAME_FILE,sjisprober.py → None/sjisprober.py
2026-03-04 11:18:19,2341720191,MOVE_RENAME_FILE,universaldetector.py → None/universaldetector.py
2026-03-04 11:18:19,2341720191,MOVE_RENAME_FILE,utf1632prober.py → None/utf1632prober.py
2026-03-04 11:18:19,2341720191,MOVE_RENAME_FILE,utf8prober.py → None/utf8prober.py
2026-03-04 11:18:19,2341720191,MOVE_RENAME_FILE,version.py → None/version.py
2026-03-04 11:18:19,2341720191,MOVE_RENAME_FILE,__init__.py → None/__init__.py
2026-03-04 11:18:19,2341720191,MOVE_RENAME_FILE,chardetect.py → None/chardetect.py
2026-03-04 11:18:19,2341720191,MOVE_RENAME_FILE,__init__.py → None/__init__.py
2026-03-04 11:18:19,2341720191,MOVE_RENAME_FILE,languages.py → None/languages.py
2026-03-04 11:18:19,2341720191,MOVE_RENAME_FILE,__init__.py → None/__init__.py
2026-03-04 11:18:19,2341720191,MOVE_RENAME_FILE,ansi.py → None/ansi.py
2026-03-04 11:18:20,2341720191,MOVE_RENAME_FILE,ansitowin32.py → None/ansitowin32.py
2026-03-04 11:18:20,2341720191,MOVE_RENAME_FILE,initialise.py → None/initialise.py
2026-03-04 11:18:20,2341720191,MOVE_RENAME_FILE,win32.py → None/win32.py
2026-03-04 11:18:20,2341720191,MOVE_RENAME_FILE,winterm.py → None/winterm.py
2026-03-04 11:18:20,2341720191,MOVE_RENAME_FILE,__init__.py → None/__init__.py
2026-03-04 11:18:20,2341720191,MOVE_RENAME_FILE,ansitowin32_test.py → None/ansitowin32_test.py
2026-03-04 11:18:20,2341720191,MOVE_RENAME_FILE,ansi_test.py → None/ansi_test.py
2026-03-04 11:18:20,2341720191,MOVE_RENAME_FILE,initialise_test.py → None/initialise_test.py
2026-03-04 11:18:20,2341720191,MOVE_RENAME_FILE,isatty_test.py → None/isatty_test.py
2026-03-04 11:18:20,2341720191,MOVE_RENAME_FILE,utils.py → None/utils.py
2026-03-04 11:18:20,2341720191,MOVE_RENAME_FILE,winterm_test.py → None/winterm_test.py
2026-03-04 11:18:20,2341720191,MOVE_RENAME_FILE,__init__.py → None/__init__.py
2026-03-04 11:18:20,2341720191,MOVE_RENAME_FILE,compat.py → None/compat.py
2026-03-04 11:18:20,2341720191,MOVE_RENAME_FILE,database.py → None/database.py
2026-03-04 11:18:20,2341720191,MOVE_RENAME_FILE,index.py → None/index.py
2026-03-04 11:18:20,2341720191,MOVE_RENAME_FILE,locators.py → None/locators.py
2026-03-04 11:18:20,2341720191,MOVE_RENAME_FILE,manifest.py → None/manifest.py
2026-03-04 11:18:20,2341720191,MOVE_RENAME_FILE,markers.py → None/markers.py
2026-03-04 11:18:20,2341720191,MOVE_RENAME_FILE,metadata.py → None/metadata.py
2026-03-04 11:18:20,2341720191,MOVE_RENAME_FILE,resources.py → None/resources.py
2026-03-04 11:18:20,2341720191,MOVE_RENAME_FILE,scripts.py → None/scripts.py
2026-03-04 11:18:20,2341720191,MOVE_RENAME_FILE,util.py → None/util.py
2026-03-04 11:18:20,2341720191,MOVE_RENAME_FILE,version.py → None/version.py
2026-03-04 11:18:20,2341720191,MOVE_RENAME_FILE,wheel.py → None/wheel.py
2026-03-04 11:18:20,2341720191,MOVE_RENAME_FILE,__init__.py → None/__init__.py
2026-03-04 11:18:20,2341720191,MOVE_RENAME_FILE,distro.py → None/distro.py
2026-03-04 11:18:20,2341720191,MOVE_RENAME_FILE,__init__.py → None/__init__.py
2026-03-04 11:18:20,2341720191,MOVE_RENAME_FILE,__main__.py → None/__main__.py
2026-03-04 11:18:20,2341720191,MOVE_RENAME_FILE,codec.py → None/codec.py
2026-03-04 11:18:20,2341720191,MOVE_RENAME_FILE,compat.py → None/compat.py
2026-03-04 11:18:20,2341720191,MOVE_RENAME_FILE,core.py → None/core.py
2026-03-04 11:18:20,2341720191,MOVE_RENAME_FILE,idnadata.py → None/idnadata.py
2026-03-04 11:18:20,2341720191,MOVE_RENAME_FILE,intranges.py → None/intranges.py
2026-03-04 11:18:20,2341720191,MOVE_RENAME_FILE,package_data.py → None/package_data.py
2026-03-04 11:18:20,2341720191,MOVE_RENAME_FILE,uts46data.py → uts/uts.py
2026-03-04 11:18:20,2341720191,MOVE_RENAME_FILE,__init__.py → None/__init__.py
2026-03-04 11:18:20,2341720191,MOVE_RENAME_FILE,exceptions.py → None/exceptions.py
2026-03-04 11:18:20,2341720191,MOVE_RENAME_FILE,ext.py → None/ext.py
2026-03-04 11:18:20,2341720191,MOVE_RENAME_FILE,fallback.py → None/fallback.py
2026-03-04 11:18:20,2341720191,MOVE_RENAME_FILE,__init__.py → None/__init__.py
2026-03-04 11:18:20,2341720191,MOVE_RENAME_FILE,markers.py → None/markers.py
2026-03-04 11:18:20,2341720191,MOVE_RENAME_FILE,requirements.py → None/requirements.py
2026-03-04 11:18:20,2341720191,MOVE_RENAME_FILE,specifiers.py → None/specifiers.py
2026-03-04 11:18:20,2341720191,MOVE_RENAME_FILE,tags.py → None/tags.py
2026-03-04 11:18:20,2341720191,MOVE_RENAME_FILE,utils.py → None/utils.py
2026-03-04 11:18:20,2341720191,MOVE_RENAME_FILE,version.py → None/version.py
2026-03-04 11:18:20,2341720191,MOVE_RENAME_FILE,_manylinux.py → None/_manylinux.py
2026-03-04 11:18:20,2341720191,MOVE_RENAME_FILE,_musllinux.py → None/_musllinux.py
2026-03-04 11:18:20,2341720191,MOVE_RENAME_FILE,_structures.py → None/_structures.py
2026-03-04 11:18:20,2341720191,MOVE_RENAME_FILE,__about__.py → None/__about__.py
2026-03-04 11:18:20,2341720191,MOVE_RENAME_FILE,__init__.py → None/__init__.py
2026-03-04 11:18:20,2341720191,MOVE_RENAME_FILE,__init__.py → None/__init__.py
2026-03-04 11:18:20,2341720191,MOVE_RENAME_FILE,android.py → None/android.py
2026-03-04 11:18:20,2341720191,MOVE_RENAME_FILE,api.py → None/api.py
2026-03-04 11:18:20,2341720191,MOVE_RENAME_FILE,macos.py → None/macos.py
2026-03-04 11:18:20,2341720191,MOVE_RENAME_FILE,unix.py → None/unix.py
2026-03-04 11:18:20,2341720191,MOVE_RENAME_FILE,version.py → None/version.py
2026-03-04 11:18:20,2341720191,MOVE_RENAME_FILE,windows.py → None/windows.py
2026-03-04 11:18:20,2341720191,MOVE_RENAME_FILE,__init__.py → None/__init__.py
2026-03-04 11:18:20,2341720191,MOVE_RENAME_FILE,__main__.py → None/__main__.py
2026-03-04 11:18:20,2341720191,MOVE_RENAME_FILE,cmdline.py → None/cmdline.py
2026-03-04 11:18:20,2341720191,MOVE_RENAME_FILE,console.py → None/console.py
2026-03-04 11:18:20,2341720191,MOVE_RENAME_FILE,filter.py → None/filter.py
2026-03-04 11:18:20,2341720191,MOVE_RENAME_FILE,formatter.py → None/formatter.py
2026-03-04 11:18:20,2341720191,MOVE_RENAME_FILE,lexer.py → None/lexer.py
2026-03-04 11:18:20,2341720191,MOVE_RENAME_FILE,modeline.py → None/modeline.py
2026-03-04 11:18:20,2341720191,MOVE_RENAME_FILE,plugin.py → None/plugin.py
2026-03-04 11:18:20,2341720191,MOVE_RENAME_FILE,regexopt.py → None/regexopt.py
2026-03-04 11:18:20,2341720191,MOVE_RENAME_FILE,scanner.py → None/scanner.py
2026-03-04 11:18:20,2341720191,MOVE_RENAME_FILE,sphinxext.py → None/sphinxext.py
2026-03-04 11:18:20,2341720191,MOVE_RENAME_FILE,style.py → None/style.py
2026-03-04 11:18:20,2341720191,MOVE_RENAME_FILE,token.py → None/token.py
2026-03-04 11:18:20,2341720191,MOVE_RENAME_FILE,unistring.py → None/unistring.py
2026-03-04 11:18:20,2341720191,MOVE_RENAME_FILE,util.py → None/util.py
2026-03-04 11:18:20,2341720191,MOVE_RENAME_FILE,__init__.py → None/__init__.py
2026-03-04 11:18:20,2341720191,MOVE_RENAME_FILE,__main__.py → None/__main__.py
2026-03-04 11:18:20,2341720191,MOVE_RENAME_FILE,__init__.py → None/__init__.py
2026-03-04 11:18:20,2341720191,MOVE_RENAME_FILE,bbcode.py → None/bbcode.py
2026-03-04 11:18:20,2341720191,MOVE_RENAME_FILE,groff.py → None/groff.py
2026-03-04 11:18:20,2341720191,MOVE_RENAME_FILE,html.py → None/html.py
2026-03-04 11:18:20,2341720191,MOVE_RENAME_FILE,img.py → None/img.py
2026-03-04 11:18:20,2341720191,MOVE_RENAME_FILE,irc.py → None/irc.py
2026-03-04 11:18:20,2341720191,MOVE_RENAME_FILE,latex.py → None/latex.py
2026-03-04 11:18:20,2341720191,MOVE_RENAME_FILE,other.py → None/other.py
2026-03-04 11:18:20,2341720191,MOVE_RENAME_FILE,pangomarkup.py → None/pangomarkup.py
2026-03-04 11:18:20,2341720191,MOVE_RENAME_FILE,rtf.py → None/rtf.py
2026-03-04 11:18:20,2341720191,MOVE_RENAME_FILE,svg.py → None/svg.py
2026-03-04 11:18:20,2341720191,MOVE_RENAME_FILE,terminal.py → None/terminal.py
2026-03-04 11:18:20,2341720191,MOVE_RENAME_FILE,terminal256.py → None/terminal256.py
2026-03-04 11:18:20,2341720191,MOVE_RENAME_FILE,_mapping.py → None/_mapping.py
2026-03-04 11:18:20,2341720191,MOVE_RENAME_FILE,__init__.py → None/__init__.py
2026-03-04 11:18:20,2341720191,MOVE_RENAME_FILE,python.py → None/python.py
2026-03-04 11:18:20,2341720191,MOVE_RENAME_FILE,_mapping.py → None/_mapping.py
2026-03-04 11:18:20,2341720191,MOVE_RENAME_FILE,__init__.py → None/__init__.py
2026-03-04 11:18:20,2341720191,MOVE_RENAME_FILE,__init__.py → None/__init__.py
2026-03-04 11:18:20,2341720191,MOVE_RENAME_FILE,actions.py → None/actions.py
2026-03-04 11:18:20,2341720191,MOVE_RENAME_FILE,common.py → None/common.py
2026-03-04 11:18:20,2341720191,MOVE_RENAME_FILE,core.py → None/core.py
2026-03-04 11:18:20,2341720191,MOVE_RENAME_FILE,exceptions.py → None/exceptions.py
2026-03-04 11:18:20,2341720191,MOVE_RENAME_FILE,helpers.py → None/helpers.py
2026-03-04 11:18:20,2341720191,MOVE_RENAME_FILE,results.py → None/results.py
2026-03-04 11:18:20,2341720191,MOVE_RENAME_FILE,testing.py → None/testing.py
2026-03-04 11:18:20,2341720191,MOVE_RENAME_FILE,unicode.py → None/unicode.py
2026-03-04 11:18:20,2341720191,MOVE_RENAME_FILE,util.py → None/util.py
2026-03-04 11:18:20,2341720191,MOVE_RENAME_FILE,__init__.py → None/__init__.py
2026-03-04 11:18:20,2341720191,MOVE_RENAME_FILE,__init__.py → None/__init__.py
2026-03-04 11:18:20,2341720191,MOVE_RENAME_FILE,_compat.py → None/_compat.py
2026-03-04 11:18:20,2341720191,MOVE_RENAME_FILE,_impl.py → None/_impl.py
2026-03-04 11:18:20,2341720191,MOVE_RENAME_FILE,__init__.py → None/__init__.py
2026-03-04 11:18:20,2341720191,MOVE_RENAME_FILE,_in_process.py → None/_in_process.py
2026-03-04 11:18:20,2341720191,MOVE_RENAME_FILE,__init__.py → None/__init__.py
2026-03-04 11:18:20,2341720191,MOVE_RENAME_FILE,adapters.py → None/adapters.py
2026-03-04 11:18:20,2341720191,MOVE_RENAME_FILE,api.py → None/api.py
2026-03-04 11:18:20,2341720191,MOVE_RENAME_FILE,auth.py → None/auth.py
2026-03-04 11:18:20,2341720191,MOVE_RENAME_FILE,certs.py → None/certs.py
2026-03-04 11:18:20,2341720191,MOVE_RENAME_FILE,compat.py → None/compat.py
2026-03-04 11:18:20,2341720191,MOVE_RENAME_FILE,cookies.py → None/cookies.py
2026-03-04 11:18:20,2341720191,MOVE_RENAME_FILE,exceptions.py → None/exceptions.py
2026-03-04 11:18:20,2341720191,MOVE_RENAME_FILE,help.py → None/help.py
2026-03-04 11:18:20,2341720191,MOVE_RENAME_FILE,hooks.py → None/hooks.py
2026-03-04 11:18:20,2341720191,MOVE_RENAME_FILE,models.py → None/models.py
2026-03-04 11:18:20,2341720191,MOVE_RENAME_FILE,packages.py → None/packages.py
2026-03-04 11:18:20,2341720191,MOVE_RENAME_FILE,sessions.py → None/sessions.py
2026-03-04 11:18:20,2341720191,MOVE_RENAME_FILE,status_codes.py → None/status_codes.py
2026-03-04 11:18:20,2341720191,MOVE_RENAME_FILE,structures.py → None/structures.py
2026-03-04 11:18:20,2341720191,MOVE_RENAME_FILE,utils.py → None/utils.py
2026-03-04 11:18:20,2341720191,MOVE_RENAME_FILE,_internal_utils.py → None/_internal_utils.py
2026-03-04 11:18:20,2341720191,MOVE_RENAME_FILE,__init__.py → None/__init__.py
2026-03-04 11:18:20,2341720191,MOVE_RENAME_FILE,__version__.py → None/__version__.py
2026-03-04 11:18:20,2341720191,MOVE_RENAME_FILE,providers.py → None/providers.py
2026-03-04 11:18:20,2341720191,MOVE_RENAME_FILE,reporters.py → None/reporters.py
2026-03-04 11:18:20,2341720191,MOVE_RENAME_FILE,resolvers.py → None/resolvers.py
2026-03-04 11:18:20,2341720191,MOVE_RENAME_FILE,structs.py → None/structs.py
2026-03-04 11:18:20,2341720191,MOVE_RENAME_FILE,__init__.py → None/__init__.py
2026-03-04 11:18:20,2341720191,MOVE_RENAME_FILE,collections_abc.py → None/collections_abc.py
2026-03-04 11:18:20,2341720191,MOVE_RENAME_FILE,__init__.py → None/__init__.py
2026-03-04 11:18:20,2341720191,MOVE_RENAME_FILE,abc.py → None/abc.py
2026-03-04 11:18:20,2341720191,MOVE_RENAME_FILE,align.py → None/align.py
2026-03-04 11:18:20,2341720191,MOVE_RENAME_FILE,ansi.py → None/ansi.py
2026-03-04 11:18:20,2341720191,MOVE_RENAME_FILE,bar.py → None/bar.py
2026-03-04 11:18:20,2341720191,MOVE_RENAME_FILE,box.py → None/box.py
2026-03-04 11:18:20,2341720191,MOVE_RENAME_FILE,cells.py → None/cells.py
2026-03-04 11:18:20,2341720191,MOVE_RENAME_FILE,color.py → None/color.py
2026-03-04 11:18:20,2341720191,MOVE_RENAME_FILE,color_triplet.py → None/color_triplet.py
2026-03-04 11:18:20,2341720191,MOVE_RENAME_FILE,columns.py → None/columns.py
2026-03-04 11:18:20,2341720191,MOVE_RENAME_FILE,console.py → None/console.py
2026-03-04 11:18:20,2341720191,MOVE_RENAME_FILE,constrain.py → None/constrain.py
2026-03-04 11:18:20,2341720191,MOVE_RENAME_FILE,containers.py → None/containers.py
2026-03-04 11:18:20,2341720191,MOVE_RENAME_FILE,control.py → None/control.py
2026-03-04 11:18:21,2341720191,MOVE_RENAME_FILE,default_styles.py → None/default_styles.py
2026-03-04 11:18:21,2341720191,MOVE_RENAME_FILE,diagnose.py → None/diagnose.py
2026-03-04 11:18:21,2341720191,MOVE_RENAME_FILE,emoji.py → None/emoji.py
2026-03-04 11:18:21,2341720191,MOVE_RENAME_FILE,errors.py → None/errors.py
2026-03-04 11:18:21,2341720191,MOVE_RENAME_FILE,filesize.py → None/filesize.py
2026-03-04 11:18:21,2341720191,MOVE_RENAME_FILE,file_proxy.py → None/file_proxy.py
2026-03-04 11:18:21,2341720191,MOVE_RENAME_FILE,highlighter.py → None/highlighter.py
2026-03-04 11:18:21,2341720191,MOVE_RENAME_FILE,json.py → None/json.py
2026-03-04 11:18:21,2341720191,MOVE_RENAME_FILE,jupyter.py → None/jupyter.py
2026-03-04 11:18:21,2341720191,MOVE_RENAME_FILE,layout.py → None/layout.py
2026-03-04 11:18:21,2341720191,MOVE_RENAME_FILE,live.py → None/live.py
2026-03-04 11:18:21,2341720191,MOVE_RENAME_FILE,live_render.py → None/live_render.py
2026-03-04 11:18:21,2341720191,MOVE_RENAME_FILE,logging.py → None/logging.py
2026-03-04 11:18:21,2341720191,MOVE_RENAME_FILE,markup.py → None/markup.py
2026-03-04 11:18:21,2341720191,MOVE_RENAME_FILE,measure.py → None/measure.py
2026-03-04 11:18:21,2341720191,MOVE_RENAME_FILE,padding.py → None/padding.py
2026-03-04 11:18:21,2341720191,MOVE_RENAME_FILE,pager.py → None/pager.py
2026-03-04 11:18:21,2341720191,MOVE_RENAME_FILE,palette.py → None/palette.py
2026-03-04 11:18:21,2341720191,MOVE_RENAME_FILE,panel.py → None/panel.py
2026-03-04 11:18:21,2341720191,MOVE_RENAME_FILE,pretty.py → None/pretty.py
2026-03-04 11:18:21,2341720191,MOVE_RENAME_FILE,progress.py → None/progress.py
2026-03-04 11:18:21,2341720191,MOVE_RENAME_FILE,progress_bar.py → None/progress_bar.py
2026-03-04 11:18:21,2341720191,MOVE_RENAME_FILE,prompt.py → None/prompt.py
2026-03-04 11:18:21,2341720191,MOVE_RENAME_FILE,protocol.py → None/protocol.py
2026-03-04 11:18:21,2341720191,MOVE_RENAME_FILE,region.py → None/region.py
2026-03-04 11:18:21,2341720191,MOVE_RENAME_FILE,repr.py → None/repr.py
2026-03-04 11:18:21,2341720191,MOVE_RENAME_FILE,rule.py → None/rule.py
2026-03-04 11:18:21,2341720191,MOVE_RENAME_FILE,scope.py → None/scope.py
2026-03-04 11:18:21,2341720191,MOVE_RENAME_FILE,screen.py → None/screen.py
2026-03-04 11:18:21,2341720191,MOVE_RENAME_FILE,segment.py → None/segment.py
2026-03-04 11:18:21,2341720191,MOVE_RENAME_FILE,spinner.py → None/spinner.py
2026-03-04 11:18:21,2341720191,MOVE_RENAME_FILE,status.py → None/status.py
2026-03-04 11:18:21,2341720191,MOVE_RENAME_FILE,style.py → None/style.py
2026-03-04 11:18:21,2341720191,MOVE_RENAME_FILE,styled.py → None/styled.py
2026-03-04 11:18:21,2341720191,MOVE_RENAME_FILE,syntax.py → None/syntax.py
2026-03-04 11:18:21,2341720191,MOVE_RENAME_FILE,table.py → None/table.py
2026-03-04 11:18:21,2341720191,MOVE_RENAME_FILE,terminal_theme.py → None/terminal_theme.py
2026-03-04 11:18:21,2341720191,MOVE_RENAME_FILE,text.py → None/text.py
2026-03-04 11:18:21,2341720191,MOVE_RENAME_FILE,theme.py → None/theme.py
2026-03-04 11:18:21,2341720191,MOVE_RENAME_FILE,themes.py → None/themes.py
2026-03-04 11:18:21,2341720191,MOVE_RENAME_FILE,traceback.py → None/traceback.py
2026-03-04 11:18:21,2341720191,MOVE_RENAME_FILE,tree.py → None/tree.py
2026-03-04 11:18:21,2341720191,MOVE_RENAME_FILE,_cell_widths.py → None/_cell_widths.py
2026-03-04 11:18:21,2341720191,MOVE_RENAME_FILE,_emoji_codes.py → None/_emoji_codes.py
2026-03-04 11:18:21,2341720191,MOVE_RENAME_FILE,_emoji_replace.py → None/_emoji_replace.py
2026-03-04 11:18:21,2341720191,MOVE_RENAME_FILE,_export_format.py → None/_export_format.py
2026-03-04 11:18:21,2341720191,MOVE_RENAME_FILE,_extension.py → None/_extension.py
2026-03-04 11:18:21,2341720191,MOVE_RENAME_FILE,_fileno.py → None/_fileno.py
2026-03-04 11:18:21,2341720191,MOVE_RENAME_FILE,_inspect.py → None/_inspect.py
2026-03-04 11:18:21,2341720191,MOVE_RENAME_FILE,_log_render.py → None/_log_render.py
2026-03-04 11:18:21,2341720191,MOVE_RENAME_FILE,_loop.py → None/_loop.py
2026-03-04 11:18:21,2341720191,MOVE_RENAME_FILE,_null_file.py → None/_null_file.py
2026-03-04 11:18:21,2341720191,MOVE_RENAME_FILE,_palettes.py → None/_palettes.py
2026-03-04 11:18:21,2341720191,MOVE_RENAME_FILE,_pick.py → None/_pick.py
2026-03-04 11:18:21,2341720191,MOVE_RENAME_FILE,_ratio.py → None/_ratio.py
2026-03-04 11:18:21,2341720191,MOVE_RENAME_FILE,_spinners.py → None/_spinners.py
2026-03-04 11:18:21,2341720191,MOVE_RENAME_FILE,_stack.py → None/_stack.py
2026-03-04 11:18:21,2341720191,MOVE_RENAME_FILE,_timer.py → None/_timer.py
2026-03-04 11:18:21,2341720191,MOVE_RENAME_FILE,_win32_console.py → None/_win32_console.py
2026-03-04 11:18:21,2341720191,MOVE_RENAME_FILE,_windows.py → None/_windows.py
2026-03-04 11:18:21,2341720191,MOVE_RENAME_FILE,_windows_renderer.py → None/_windows_renderer.py
2026-03-04 11:18:21,2341720191,MOVE_RENAME_FILE,_wrap.py → None/_wrap.py
2026-03-04 11:18:21,2341720191,MOVE_RENAME_FILE,__init__.py → None/__init__.py
2026-03-04 11:18:21,2341720191,MOVE_RENAME_FILE,__main__.py → None/__main__.py
2026-03-04 11:18:21,2341720191,MOVE_RENAME_FILE,after.py → None/after.py
2026-03-04 11:18:21,2341720191,MOVE_RENAME_FILE,before.py → None/before.py
2026-03-04 11:18:21,2341720191,MOVE_RENAME_FILE,before_sleep.py → None/before_sleep.py
2026-03-04 11:18:21,2341720191,MOVE_RENAME_FILE,nap.py → None/nap.py
2026-03-04 11:18:21,2341720191,MOVE_RENAME_FILE,retry.py → None/retry.py
2026-03-04 11:18:21,2341720191,MOVE_RENAME_FILE,stop.py → None/stop.py
2026-03-04 11:18:21,2341720191,MOVE_RENAME_FILE,tornadoweb.py → None/tornadoweb.py
2026-03-04 11:18:21,2341720191,MOVE_RENAME_FILE,wait.py → None/wait.py
2026-03-04 11:18:21,2341720191,MOVE_RENAME_FILE,_asyncio.py → None/_asyncio.py
2026-03-04 11:18:21,2341720191,MOVE_RENAME_FILE,_utils.py → None/_utils.py
2026-03-04 11:18:21,2341720191,MOVE_RENAME_FILE,__init__.py → None/__init__.py
2026-03-04 11:18:21,2341720191,MOVE_RENAME_FILE,_parser.py → None/_parser.py
2026-03-04 11:18:21,2341720191,MOVE_RENAME_FILE,_re.py → None/_re.py
2026-03-04 11:18:21,2341720191,MOVE_RENAME_FILE,_types.py → None/_types.py
2026-03-04 11:18:21,2341720191,MOVE_RENAME_FILE,__init__.py → None/__init__.py
2026-03-04 11:18:21,2341720191,MOVE_RENAME_FILE,connection.py → None/connection.py
2026-03-04 11:18:21,2341720191,MOVE_RENAME_FILE,connectionpool.py → None/connectionpool.py
2026-03-04 11:18:21,2341720191,MOVE_RENAME_FILE,exceptions.py → None/exceptions.py
2026-03-04 11:18:21,2341720191,MOVE_RENAME_FILE,fields.py → None/fields.py
2026-03-04 11:18:21,2341720191,MOVE_RENAME_FILE,filepost.py → None/filepost.py
2026-03-04 11:18:21,2341720191,MOVE_RENAME_FILE,poolmanager.py → None/poolmanager.py
2026-03-04 11:18:21,2341720191,MOVE_RENAME_FILE,request.py → None/request.py
2026-03-04 11:18:21,2341720191,MOVE_RENAME_FILE,response.py → None/response.py
2026-03-04 11:18:21,2341720191,MOVE_RENAME_FILE,_collections.py → None/_collections.py
2026-03-04 11:18:21,2341720191,MOVE_RENAME_FILE,_version.py → None/_version.py
2026-03-04 11:18:21,2341720191,MOVE_RENAME_FILE,__init__.py → None/__init__.py
2026-03-04 11:18:21,2341720191,MOVE_RENAME_FILE,appengine.py → None/appengine.py
2026-03-04 11:18:21,2341720191,MOVE_RENAME_FILE,ntlmpool.py → None/ntlmpool.py
2026-03-04 11:18:21,2341720191,MOVE_RENAME_FILE,pyopenssl.py → None/pyopenssl.py
2026-03-04 11:18:21,2341720191,MOVE_RENAME_FILE,securetransport.py → None/securetransport.py
2026-03-04 11:18:21,2341720191,MOVE_RENAME_FILE,socks.py → None/socks.py
2026-03-04 11:18:21,2341720191,MOVE_RENAME_FILE,_appengine_environ.py → None/_appengine_environ.py
2026-03-04 11:18:21,2341720191,MOVE_RENAME_FILE,__init__.py → None/__init__.py
2026-03-04 11:18:21,2341720191,MOVE_RENAME_FILE,bindings.py → None/bindings.py
2026-03-04 11:18:21,2341720191,MOVE_RENAME_FILE,low_level.py → None/low_level.py
2026-03-04 11:18:21,2341720191,MOVE_RENAME_FILE,__init__.py → None/__init__.py
2026-03-04 11:18:21,2341720191,MOVE_RENAME_FILE,six.py → None/six.py
2026-03-04 11:18:21,2341720191,MOVE_RENAME_FILE,__init__.py → None/__init__.py
2026-03-04 11:18:21,2341720191,MOVE_RENAME_FILE,makefile.py → None/makefile.py
2026-03-04 11:18:21,2341720191,MOVE_RENAME_FILE,weakref_finalize.py → None/weakref_finalize.py
2026-03-04 11:18:21,2341720191,MOVE_RENAME_FILE,__init__.py → None/__init__.py
2026-03-04 11:18:21,2341720191,MOVE_RENAME_FILE,connection.py → None/connection.py
2026-03-04 11:18:21,2341720191,MOVE_RENAME_FILE,proxy.py → None/proxy.py
2026-03-04 11:18:21,2341720191,MOVE_RENAME_FILE,queue.py → None/queue.py
2026-03-04 11:18:21,2341720191,MOVE_RENAME_FILE,request.py → None/request.py
2026-03-04 11:18:21,2341720191,MOVE_RENAME_FILE,response.py → None/response.py
2026-03-04 11:18:21,2341720191,MOVE_RENAME_FILE,retry.py → None/retry.py
2026-03-04 11:18:21,2341720191,MOVE_RENAME_FILE,ssltransport.py → None/ssltransport.py
2026-03-04 11:18:21,2341720191,MOVE_RENAME_FILE,ssl_.py → None/ssl_.py
2026-03-04 11:18:21,2341720191,MOVE_RENAME_FILE,ssl_match_hostname.py → None/ssl_match_hostname.py
2026-03-04 11:18:21,2341720191,MOVE_RENAME_FILE,timeout.py → None/timeout.py
2026-03-04 11:18:21,2341720191,MOVE_RENAME_FILE,url.py → None/url.py
2026-03-04 11:18:21,2341720191,MOVE_RENAME_FILE,wait.py → None/wait.py
2026-03-04 11:18:21,2341720191,MOVE_RENAME_FILE,__init__.py → None/__init__.py
2026-03-04 11:18:21,2341720191,MOVE_RENAME_FILE,labels.py → None/labels.py
2026-03-04 11:18:21,2341720191,MOVE_RENAME_FILE,mklabels.py → None/mklabels.py
2026-03-04 11:18:21,2341720191,MOVE_RENAME_FILE,tests.py → None/tests.py
2026-03-04 11:18:21,2341720191,MOVE_RENAME_FILE,x_user_defined.py → None/x_user_defined.py
2026-03-04 11:18:21,2341720191,MOVE_RENAME_FILE,__init__.py → None/__init__.py
2026-03-04 11:18:21,2341720191,MOVE_RENAME_FILE,P1_JS01.ipynb → m01/p01.ipynb
2026-03-04 11:18:21,2341720191,MOVE_RENAME_FILE,P1_JS02.ipynb → m02/p01.ipynb
2026-03-04 11:18:21,2341720191,MOVE_RENAME_FILE,P2_JS02.ipynb → m02/p02.ipynb
2026-03-04 11:18:21,2341720191,MOVE_RENAME_FILE,P3_JS02.ipynb → m02/p03.ipynb
2026-03-04 11:18:21,2341720191,MOVE_RENAME_FILE,P4_JS02.ipynb → m02/p04.ipynb
2026-03-04 11:18:21,2341720191,MOVE_RENAME_FILE,TP_JS02.ipynb → m02/tp01.ipynb
2026-03-04 11:18:21,2341720191,MOVE_RENAME_FILE,P1_JS03.ipynb → m03/p01.ipynb
2026-03-04 11:18:21,2341720191,MOVE_RENAME_FILE,P2_JS03.ipynb → m03/p02.ipynb
2026-03-04 11:18:21,2341720191,MOVE_RENAME_FILE,P3_JS03.ipynb → m03/p03.ipynb
2026-03-04 11:18:21,2341720191,MOVE_RENAME_FILE,P4_JS03.ipynb → m03/p04.ipynb
2026-03-04 11:18:21,2341720191,MOVE_RENAME_FILE,TP_JS03.ipynb → m03/tp01.ipynb
2026-03-04 11:18:21,2341720191,MOVE_RENAME_FILE,P1_JS04.ipynb → m04/p01.ipynb
2026-03-04 11:18:21,2341720191,MOVE_RENAME_FILE,P2_JS04.ipynb → m04/p02.ipynb
2026-03-04 11:18:21,2341720191,MOVE_RENAME_FILE,P3_JS04.ipynb → m04/p03.ipynb
2026-03-04 11:18:21,2341720191,MOVE_RENAME_FILE,TP_JS04.ipynb → m04/tp01.ipynb
2026-03-04 11:18:21,2341720191,MOVE_RENAME_FILE,P1_JS05.ipynb → m05/p01.ipynb
2026-03-04 11:18:21,2341720191,MOVE_RENAME_FILE,P2_JS05.ipynb → m05/p02.ipynb
2026-03-04 11:18:21,2341720191,MOVE_RENAME_FILE,TP_JS05.ipynb → m05/tp01.ipynb
2026-03-04 11:18:21,2341720191,MOVE_RENAME_FILE,P1_JS06.ipynb → m06/p01.ipynb
2026-03-04 11:18:21,2341720191,MOVE_RENAME_FILE,P2_JS06.ipynb → m06/p02.ipynb
2026-03-04 11:18:21,2341720191,MOVE_RENAME_FILE,TP_JS06.ipynb → m06/tp01.ipynb
2026-03-04 11:18:21,2341720191,MOVE_RENAME_FILE,P1_JS07.ipynb → m07/p01.ipynb
2026-03-04 11:18:21,2341720191,MOVE_RENAME_FILE,P2_JS07.ipynb → m07/p02.ipynb
2026-03-04 11:18:21,2341720191,MOVE_RENAME_FILE,P3_JS07.ipynb → m07/p03.ipynb
2026-03-04 11:18:21,2341720191,MOVE_RENAME_FILE,P4_JS07.ipynb → m07/p04.ipynb
2026-03-04 11:18:21,2341720191,MOVE_RENAME_FILE,P5_JS07.ipynb → m07/p05.ipynb
2026-03-04 11:18:21,2341720191,MOVE_RENAME_FILE,P6_JS07.ipynb → m07/p06.ipynb
2026-03-04 11:18:21,2341720191,MOVE_RENAME_FILE,TP_JS07.ipynb → m07/tp01.ipynb
2026-03-04 11:18:21,2341720191,MOVE_RENAME_FILE,TP_JS08.ipynb → m08/tp01.ipynb
2026-03-04 11:18:21,2341720191,MOVE_RENAME_FILE,P1_JS09.ipynb → m09/p01.ipynb
2026-03-04 11:18:21,2341720191,MOVE_RENAME_FILE,P2_JS09.ipynb → m09/p02.ipynb
2026-03-04 11:18:21,2341720191,MOVE_RENAME_FILE,P3_JS09.ipynb → m09/p03.ipynb
2026-03-04 11:18:21,2341720191,MOVE_RENAME_FILE,TP_JS09_1.ipynb → m09/tp01.ipynb
2026-03-04 11:18:21,2341720191,MOVE_RENAME_FILE,TP_JS09_2.ipynb → m09/tp02.ipynb
2026-03-04 11:18:21,2341720191,MOVE_RENAME_FILE,P1_JS11.ipynb → m11/p01.ipynb
2026-03-04 11:18:21,2341720191,MOVE_RENAME_FILE,P2_JS11.ipynb → m11/p02.ipynb
2026-03-04 11:18:21,2341720191,MOVE_RENAME_FILE,P3_JS11.ipynb → m11/p03.ipynb
2026-03-04 11:18:21,2341720191,MOVE_RENAME_FILE,P4_JS11.ipynb → m11/p04.ipynb
2026-03-04 11:18:21,2341720191,MOVE_RENAME_FILE,P5_JS11.ipynb → m11/p05.ipynb
2026-03-04 11:18:21,2341720191,MOVE_RENAME_FILE,TP_JS11.ipynb → m11/tp01.ipynb
2026-03-04 11:18:21,2341720191,MOVE_RENAME_FILE,P1_JS13.ipynb → m13/p01.ipynb
2026-03-04 11:18:21,2341720191,MOVE_RENAME_FILE,P2_JS13.ipynb → m13/p02.ipynb
2026-03-04 11:18:21,2341720191,MOVE_RENAME_FILE,P3_JS13.ipynb → m13/p03.ipynb
2026-03-04 11:18:21,2341720191,MOVE_RENAME_FILE,TP_JS13.ipynb → m13/tp01.ipynb
2026-03-04 11:18:21,2341720191,MOVE_RENAME_FILE,P1_JS14.ipynb → m14/p01.ipynb
2026-03-04 11:18:21,2341720191,MOVE_RENAME_FILE,P2_JS14.ipynb → m14/p02.ipynb
2026-03-04 11:18:21,2341720191,MOVE_RENAME_FILE,TP_JS14.ipynb → m14/tp01.ipynb
2026-03-04 11:18:21,2341720191,MOVE_RENAME_FILE,P1_JS15.ipynb → m15/p01.ipynb
2026-03-04 11:18:21,2341720191,MOVE_RENAME_FILE,TP_JS15.ipynb → m15/tp01.ipynb
2026-03-04 11:18:21,2341720191,MOVE_RENAME_FILE,Deteksi_Buah_PBL.ipynb → pbl/pbl.ipynb
2026-03-04 11:18:22,2341720191,MOVE_RENAME_FILE,tp01.py → None/tp04.py
2026-03-04 11:18:22,2341720191,MOVE_RENAME_FILE,tp02.py → None/tp05.py
2026-03-04 11:18:22,2341720191,MOVE_RENAME_FILE,tp03.py → None/tp06.py
2026-03-04 11:18:22,2341720200,RENAME_FOLDER,JS01 → m01
2026-03-04 11:18:22,2341720200,RENAME_FOLDER,JS02 → m02
2026-03-04 11:18:22,2341720200,RENAME_FOLDER,JS03 → m03
2026-03-04 11:18:22,2341720200,RENAME_FOLDER,JS05 → m05
2026-03-04 11:18:22,2341720200,RENAME_FOLDER,JS06 → m06
2026-03-04 11:18:22,2341720200,RENAME_FOLDER,JS07 → m07
2026-03-04 11:18:22,2341720200,RENAME_FOLDER,JS08 → m08
2026-03-04 11:18:22,2341720200,RENAME_FOLDER,JS09 → m09
2026-03-04 11:18:22,2341720200,RENAME_FOLDER,JS11 → m11
2026-03-04 11:18:22,2341720200,RENAME_FOLDER,JS13 → m13
2026-03-04 11:18:22,2341720200,RENAME_FOLDER,JS14 → m14
2026-03-04 11:18:22,2341720200,RENAME_FOLDER,JS15 → m15
2026-03-04 11:18:22,2341720200,RENAME_FOLDER,PBL_Kelompok4 → pbl
2026-03-04 11:18:22,2341720200,RENAME_FOLDER,TugasKelompok → kelompok
2026-03-04 11:18:22,2341720200,MERGE_FOLDER,UTS → uts
2026-03-04 11:18:22,2341720200,MOVE_RENAME_FILE,ML_Kelompok3.ipynb → kelompok/kelompok.ipynb
2026-03-04 11:18:22,2341720200,MOVE_RENAME_FILE,P1_JS02.ipynb → m02/p01.ipynb
2026-03-04 11:18:22,2341720200,MOVE_RENAME_FILE,P2_JS02.ipynb → m02/p02.ipynb
2026-03-04 11:18:22,2341720200,MOVE_RENAME_FILE,P3_JS02.ipynb → m02/p03.ipynb
2026-03-04 11:18:22,2341720200,MOVE_RENAME_FILE,P4_JS02.ipynb → m02/p04.ipynb
2026-03-04 11:18:22,2341720200,MOVE_RENAME_FILE,P1_JS03.ipynb → m03/p01.ipynb
2026-03-04 11:18:22,2341720200,MOVE_RENAME_FILE,P2_JS03.ipynb → m03/p02.ipynb
2026-03-04 11:18:22,2341720200,MOVE_RENAME_FILE,P3_JS03.ipynb → m03/p03.ipynb
2026-03-04 11:18:22,2341720200,MOVE_RENAME_FILE,P4_JS03.ipynb → m03/p04.ipynb
2026-03-04 11:18:22,2341720200,MOVE_RENAME_FILE,P1_JS05.ipynb → m05/p01.ipynb
2026-03-04 11:18:22,2341720200,MOVE_RENAME_FILE,P2_JS05.ipynb → m05/p02.ipynb
2026-03-04 11:18:22,2341720200,MOVE_RENAME_FILE,P3_JS05.ipynb → m05/p03.ipynb
2026-03-04 11:18:22,2341720200,MOVE_RENAME_FILE,P1&P2_JS06.ipynb → m06/p01.ipynb
2026-03-04 11:18:22,2341720200,MOVE_RENAME_FILE,P1_JS07.ipynb → m07/p01.ipynb
2026-03-04 11:18:22,2341720200,MOVE_RENAME_FILE,P2_JS07.ipynb → m07/p02.ipynb
2026-03-04 11:18:22,2341720200,MOVE_RENAME_FILE,P3_JS07.ipynb → m07/p03.ipynb
2026-03-04 11:18:22,2341720200,MOVE_RENAME_FILE,P4_JS07.ipynb → m07/p04.ipynb
2026-03-04 11:18:22,2341720200,MOVE_RENAME_FILE,P5_JS07.ipynb → m07/p05.ipynb
2026-03-04 11:18:22,2341720200,MOVE_RENAME_FILE,P6_JS07.ipynb → m07/p06.ipynb
2026-03-04 11:18:22,2341720200,MOVE_RENAME_FILE,P1_JS08.ipynb → m08/p01.ipynb
2026-03-04 11:18:22,2341720200,MOVE_RENAME_FILE,P2_JS08.ipynb → m08/p02.ipynb
2026-03-04 11:18:22,2341720200,MOVE_RENAME_FILE,P1_JS09.ipynb → m09/p01.ipynb
2026-03-04 11:18:22,2341720200,MOVE_RENAME_FILE,P2_JS09.ipynb → m09/p02.ipynb
2026-03-04 11:18:22,2341720200,MOVE_RENAME_FILE,P3_JS09.ipynb → m09/p03.ipynb
2026-03-04 11:18:22,2341720200,MOVE_RENAME_FILE,P1_JS11.ipynb → m11/p01.ipynb
2026-03-04 11:18:22,2341720200,MOVE_RENAME_FILE,P2_JS11.ipynb → m11/p02.ipynb
2026-03-04 11:18:22,2341720200,MOVE_RENAME_FILE,P3_JS11.ipynb → m11/p03.ipynb
2026-03-04 11:18:22,2341720200,MOVE_RENAME_FILE,P4_JS11.ipynb → m11/p04.ipynb
2026-03-04 11:18:22,2341720200,MOVE_RENAME_FILE,P5_JS11.ipynb → m11/p05.ipynb
2026-03-04 11:18:22,2341720200,MOVE_RENAME_FILE,P1_JS13.ipynb → m13/p01.ipynb
2026-03-04 11:18:22,2341720200,MOVE_RENAME_FILE,P2_JS13.ipynb → m13/p02.ipynb
2026-03-04 11:18:22,2341720200,MOVE_RENAME_FILE,P3_JS13.ipynb → m13/p03.ipynb
2026-03-04 11:18:22,2341720200,MOVE_RENAME_FILE,P1_JS14.ipynb → m14/p01.ipynb
2026-03-04 11:18:22,2341720200,MOVE_RENAME_FILE,P2_JS14.ipynb → m14/p02.ipynb
2026-03-04 11:18:22,2341720200,MOVE_RENAME_FILE,TP_JS14.ipynb → m14/tp01.ipynb
2026-03-04 11:18:22,2341720200,MOVE_RENAME_FILE,P1_JS15.ipynb → m15/p01.ipynb
2026-03-04 11:18:22,2341720200,MOVE_RENAME_FILE,Notebook_PCVK_Patch_ML train-20.ipynb → pbl/pbl.ipynb
2026-03-04 11:18:22,2341720200,MOVE_RENAME_FILE,Notebook_PCVK_Patch_ML train-30.ipynb → pbl/pbl.ipynb
2026-03-04 11:18:22,2341720200,MOVE_RENAME_FILE,Notebook_PCVK_Patch_ML train-40.ipynb → pbl/pbl.ipynb
2026-03-04 11:18:23,2341720200,MOVE_RENAME_FILE,Notebook_PCVK_Patch_ML train-50.ipynb → pbl/pbl.ipynb
2026-03-04 11:18:23,2341720200,MOVE_RENAME_FILE,Notebook_PCVK_Patch_ML train-60.ipynb → pbl/pbl.ipynb
2026-03-04 11:18:23,2341720200,MOVE_RENAME_FILE,Notebook_PCVK_Patch_ML train-70.ipynb → pbl/pbl.ipynb
2026-03-04 11:18:23,2341720200,MOVE_RENAME_FILE,Notebook_PCVK_Patch_ML train-80.ipynb → pbl/pbl.ipynb
2026-03-04 11:18:23,2341720200,MOVE_RENAME_FILE,Notebook_PCVK_Patch_ML train-90.ipynb → pbl/pbl.ipynb
2026-03-04 11:18:23,2341720200,MOVE_RENAME_FILE,Notebook_PCVK_Patch_ML train-95.ipynb → pbl/pbl.ipynb
2026-03-04 11:18:23,2341720200,MOVE_RENAME_FILE,JS04_SOAL_KUIS1_ML.ipynb → kuis/kuis.ipynb
2026-03-04 11:18:23,2341720218,MOVE_RENAME_FILE,JS02.ipynb → m02/JS02.ipynb
2026-03-04 11:18:23,2341720218,MOVE_RENAME_FILE,JS03.ipynb → m03/JS03.ipynb
2026-03-04 11:18:23,2341720218,MOVE_RENAME_FILE,JS04.ipynb → m04/JS04.ipynb
2026-03-04 11:18:23,2341720218,MOVE_RENAME_FILE,JS05.ipynb → m05/JS05.ipynb
2026-03-04 11:18:23,2341720218,MOVE_RENAME_FILE,JS06.ipynb → m06/JS06.ipynb
2026-03-04 11:18:23,2341720218,MOVE_RENAME_FILE,JS07.ipynb → m07/JS07.ipynb
2026-03-04 11:18:23,2341720218,MOVE_RENAME_FILE,JS08.ipynb → m08/JS08.ipynb
2026-03-04 11:18:23,2341720218,MOVE_RENAME_FILE,JS09.ipynb → m09/JS09.ipynb
2026-03-04 11:18:23,2341720218,MOVE_RENAME_FILE,JS11.ipynb → m11/JS11.ipynb
2026-03-04 11:18:23,2341720218,MOVE_RENAME_FILE,JS13.ipynb → m13/JS13.ipynb
2026-03-04 11:18:23,2341720218,MOVE_RENAME_FILE,UTS_ML_2341720218_Faishal_Harist_Rahmawan.ipynb → uts/uts.ipynb
2026-03-04 11:18:23,2341720227,RENAME_FOLDER,JS01 → m01
2026-03-04 11:18:23,2341720227,RENAME_FOLDER,JS02 → m02
2026-03-04 11:18:23,2341720227,RENAME_FOLDER,JS03 → m03
2026-03-04 11:18:23,2341720227,RENAME_FOLDER,JS04 → m04
2026-03-04 11:18:23,2341720227,RENAME_FOLDER,JS05 → m05
2026-03-04 11:18:23,2341720227,RENAME_FOLDER,JS06 → m06
2026-03-04 11:18:23,2341720227,RENAME_FOLDER,JS07 → m07
2026-03-04 11:18:23,2341720227,RENAME_FOLDER,JS08 → m08
2026-03-04 11:18:23,2341720227,RENAME_FOLDER,JS09 → m09
2026-03-04 11:18:23,2341720227,RENAME_FOLDER,JS11 → m11
2026-03-04 11:18:23,2341720227,RENAME_FOLDER,JS13 → m13
2026-03-04 11:18:23,2341720227,RENAME_FOLDER,JS14 → m14
2026-03-04 11:18:23,2341720227,RENAME_FOLDER,JS15 → m15
2026-03-04 11:18:23,2341720227,RENAME_FOLDER,PBL_KELOMPOK4 → pbl
2026-03-04 11:18:23,2341720227,RENAME_FOLDER,Tugas-Kelompok → kelompok
2026-03-04 11:18:23,2341720227,MERGE_FOLDER,UTS → uts
2026-03-04 11:18:23,2341720227,MOVE_RENAME_FILE,TUGAS_Kelompok_5_ML.ipynb → kelompok/kelompok.ipynb
2026-03-04 11:18:23,2341720227,MOVE_RENAME_FILE,TP_JS01.ipynb → m01/tp01.ipynb
2026-03-04 11:18:23,2341720227,MOVE_RENAME_FILE,P1_JS02.ipynb → m02/p01.ipynb
2026-03-04 11:18:23,2341720227,MOVE_RENAME_FILE,P2_JS02.ipynb → m02/p02.ipynb
2026-03-04 11:18:23,2341720227,MOVE_RENAME_FILE,P3_JS02.ipynb → m02/p03.ipynb
2026-03-04 11:18:23,2341720227,MOVE_RENAME_FILE,P4_JS02.ipynb → m02/p04.ipynb
2026-03-04 11:18:23,2341720227,MOVE_RENAME_FILE,TP_JS02.ipynb → m02/tp01.ipynb
2026-03-04 11:18:23,2341720227,MOVE_RENAME_FILE,P1_JS03.ipynb → m03/p01.ipynb
2026-03-04 11:18:23,2341720227,MOVE_RENAME_FILE,P2_JS03.ipynb → m03/p02.ipynb
2026-03-04 11:18:23,2341720227,MOVE_RENAME_FILE,P3_JS03.ipynb → m03/p03.ipynb
2026-03-04 11:18:23,2341720227,MOVE_RENAME_FILE,TP_JS03.ipynb → m03/tp01.ipynb
2026-03-04 11:18:23,2341720227,MOVE_RENAME_FILE,P1_JS04.ipynb → m04/p01.ipynb
2026-03-04 11:18:23,2341720227,MOVE_RENAME_FILE,P2_JS04.ipynb → m04/p02.ipynb
2026-03-04 11:18:23,2341720227,MOVE_RENAME_FILE,P3_JS04.ipynb → m04/p03.ipynb
2026-03-04 11:18:23,2341720227,MOVE_RENAME_FILE,TP1_JS04.ipynb → m04/tp01.ipynb
2026-03-04 11:18:23,2341720227,MOVE_RENAME_FILE,TP2_JS04.ipynb → m04/tp02.ipynb
2026-03-04 11:18:23,2341720227,MOVE_RENAME_FILE,TP3_JS04.ipynb → m04/tp03.ipynb
2026-03-04 11:18:23,2341720227,MOVE_RENAME_FILE,P1_JS05.ipynb → m05/p01.ipynb
2026-03-04 11:18:23,2341720227,MOVE_RENAME_FILE,P2_JS05.ipynb → m05/p02.ipynb
2026-03-04 11:18:23,2341720227,MOVE_RENAME_FILE,TP_JS05.ipynb → m05/tp01.ipynb
2026-03-04 11:18:23,2341720227,MOVE_RENAME_FILE,P1_JS06.ipynb → m06/p01.ipynb
2026-03-04 11:18:23,2341720227,MOVE_RENAME_FILE,P2_JS06.ipynb → m06/p02.ipynb
2026-03-04 11:18:23,2341720227,MOVE_RENAME_FILE,TP_JS06.ipynb → m06/tp01.ipynb
2026-03-04 11:18:23,2341720227,MOVE_RENAME_FILE,P1_JS07.ipynb → m07/p01.ipynb
2026-03-04 11:18:23,2341720227,MOVE_RENAME_FILE,P2_JS07.ipynb → m07/p02.ipynb
2026-03-04 11:18:23,2341720227,MOVE_RENAME_FILE,P3_JS07.ipynb → m07/p03.ipynb
2026-03-04 11:18:23,2341720227,MOVE_RENAME_FILE,P4_JS07.ipynb → m07/p04.ipynb
2026-03-04 11:18:23,2341720227,MOVE_RENAME_FILE,P5_JS07.ipynb → m07/p05.ipynb
2026-03-04 11:18:23,2341720227,MOVE_RENAME_FILE,P6_JS07.ipynb → m07/p06.ipynb
2026-03-04 11:18:23,2341720227,MOVE_RENAME_FILE,TP_JS07.ipynb → m07/tp01.ipynb
2026-03-04 11:18:23,2341720227,MOVE_RENAME_FILE,TP_JS08.ipynb → m08/tp01.ipynb
2026-03-04 11:18:23,2341720227,MOVE_RENAME_FILE,P1_JS09.ipynb → m09/p01.ipynb
2026-03-04 11:18:23,2341720227,MOVE_RENAME_FILE,P2_JS09.ipynb → m09/p02.ipynb
2026-03-04 11:18:23,2341720227,MOVE_RENAME_FILE,P3_JS09.ipynb → m09/p03.ipynb
2026-03-04 11:18:23,2341720227,MOVE_RENAME_FILE,TP1_JS09.ipynb → m09/tp01.ipynb
2026-03-04 11:18:23,2341720227,MOVE_RENAME_FILE,TP2_JS09.ipynb → m09/tp02.ipynb
2026-03-04 11:18:23,2341720227,MOVE_RENAME_FILE,P1_JS11.ipynb → m11/p01.ipynb
2026-03-04 11:18:23,2341720227,MOVE_RENAME_FILE,P3_JS11.ipynb → m11/p03.ipynb
2026-03-04 11:18:23,2341720227,MOVE_RENAME_FILE,P4_JS11.ipynb → m11/p04.ipynb
2026-03-04 11:18:23,2341720227,MOVE_RENAME_FILE,P5_JS11.ipynb → m11/p05.ipynb
2026-03-04 11:18:23,2341720227,MOVE_RENAME_FILE,TP_JS11.ipynb → m11/tp01.ipynb
2026-03-04 11:18:23,2341720227,MOVE_RENAME_FILE,P1_JS13.ipynb → m13/p01.ipynb
2026-03-04 11:18:23,2341720227,MOVE_RENAME_FILE,P2_JS13.ipynb → m13/p02.ipynb
2026-03-04 11:18:24,2341720227,MOVE_RENAME_FILE,TP1_JS13.ipynb → m13/tp01.ipynb
2026-03-04 11:18:24,2341720227,MOVE_RENAME_FILE,TP3_JS13.ipynb → m13/tp02.ipynb
2026-03-04 11:18:24,2341720227,MOVE_RENAME_FILE,TP4_JS13.ipynb → m13/tp03.ipynb
2026-03-04 11:18:24,2341720227,MOVE_RENAME_FILE,TP5_JS13.ipynb → m13/tp04.ipynb
2026-03-04 11:18:24,2341720227,MOVE_RENAME_FILE,P1_JS14.ipynb → m14/p01.ipynb
2026-03-04 11:18:24,2341720227,MOVE_RENAME_FILE,P2_JS14.ipynb → m14/p02.ipynb
2026-03-04 11:18:24,2341720227,MOVE_RENAME_FILE,P1_JS15.ipynb → m15/p01.ipynb
2026-03-04 11:18:24,2341720227,MOVE_RENAME_FILE,app.py → None/app.py
2026-03-04 11:18:24,2341720227,MOVE_RENAME_FILE,Notebook_PCVK_Patch_ML train-20.ipynb → pbl/pbl.ipynb
2026-03-04 11:18:24,2341720227,MOVE_RENAME_FILE,Notebook_PCVK_Patch_ML train-30.ipynb → pbl/pbl.ipynb
2026-03-04 11:18:24,2341720227,MOVE_RENAME_FILE,Notebook_PCVK_Patch_ML train-40.ipynb → pbl/pbl.ipynb
2026-03-04 11:18:24,2341720227,MOVE_RENAME_FILE,Notebook_PCVK_Patch_ML train-50.ipynb → pbl/pbl.ipynb
2026-03-04 11:18:24,2341720227,MOVE_RENAME_FILE,Notebook_PCVK_Patch_ML train-60.ipynb → pbl/pbl.ipynb
2026-03-04 11:18:24,2341720227,MOVE_RENAME_FILE,Notebook_PCVK_Patch_ML train-70.ipynb → pbl/pbl.ipynb
2026-03-04 11:18:24,2341720227,MOVE_RENAME_FILE,Notebook_PCVK_Patch_ML train-80.ipynb → pbl/pbl.ipynb
2026-03-04 11:18:24,2341720227,MOVE_RENAME_FILE,Notebook_PCVK_Patch_ML train-90.ipynb → pbl/pbl.ipynb
2026-03-04 11:18:24,2341720227,MOVE_RENAME_FILE,Notebook_PCVK_Patch_ML train-95.ipynb → pbl/pbl.ipynb
2026-03-04 11:18:24,2341720227,MOVE_RENAME_FILE,Notebook_PCVK_Patch_ML 21K-train-20.ipynb → pbl/pbl.ipynb
2026-03-04 11:18:24,2341720227,MOVE_RENAME_FILE,Notebook_PCVK_Patch_ML 21K-train-30.ipynb → pbl/pbl.ipynb
2026-03-04 11:18:25,2341720227,MOVE_RENAME_FILE,Notebook_PCVK_Patch_ML 21K-train-40.ipynb → pbl/pbl.ipynb
2026-03-04 11:18:25,2341720227,MOVE_RENAME_FILE,Notebook_PCVK_Patch_ML 21K-train-50.ipynb → pbl/pbl.ipynb
2026-03-04 11:18:25,2341720227,MOVE_RENAME_FILE,Notebook_PCVK_Patch_ML 21K-train-60.ipynb → pbl/pbl.ipynb
2026-03-04 11:18:25,2341720227,MOVE_RENAME_FILE,Notebook_PCVK_Patch_ML 21K-train-70.ipynb → pbl/pbl.ipynb
2026-03-04 11:18:25,2341720227,MOVE_RENAME_FILE,Notebook_PCVK_Patch_ML 21K-train-80.ipynb → pbl/pbl.ipynb
2026-03-04 11:18:25,2341720227,MOVE_RENAME_FILE,Notebook_PCVK_Patch_ML 21K-train-90.ipynb → pbl/pbl.ipynb
2026-03-04 11:18:25,2341720227,MOVE_RENAME_FILE,Notebook_PCVK_Patch_ML 21K-train-95.ipynb → pbl/pbl.ipynb
2026-03-04 11:18:25,2341720227,MOVE_RENAME_FILE,Notebook_PCVK_Patch_ML train-20_smooth-0.1.ipynb → pbl/pbl.ipynb
2026-03-04 11:18:25,2341720227,MOVE_RENAME_FILE,Notebook_PCVK_Patch_ML train-30_smooth-0.1.ipynb → pbl/pbl.ipynb
2026-03-04 11:18:26,2341720227,MOVE_RENAME_FILE,Notebook_PCVK_Patch_ML train-40_smooth-0.1.ipynb → pbl/pbl.ipynb
2026-03-04 11:18:26,2341720227,MOVE_RENAME_FILE,Notebook_PCVK_Patch_ML train-50_smooth-0.1.ipynb → pbl/pbl.ipynb
2026-03-04 11:18:26,2341720227,MOVE_RENAME_FILE,Notebook_PCVK_Patch_ML train-60_smooth-0.1.ipynb → pbl/pbl.ipynb
2026-03-04 11:18:26,2341720227,MOVE_RENAME_FILE,Notebook_PCVK_Patch_ML train-70_smooth-0.1.ipynb → pbl/pbl.ipynb
2026-03-04 11:18:26,2341720227,MOVE_RENAME_FILE,Notebook_PCVK_Patch_ML train-80_smooth-0.1.ipynb → pbl/pbl.ipynb
2026-03-04 11:18:26,2341720227,MOVE_RENAME_FILE,Notebook_PCVK_Patch_ML train-90_smooth-0.1.ipynb → pbl/pbl.ipynb
2026-03-04 11:18:26,2341720227,MOVE_RENAME_FILE,Notebook_PCVK_Patch_ML train-95_smooth-0.1.ipynb → pbl/pbl.ipynb
2026-03-04 11:18:26,2341720234,RENAME_FOLDER,JS02 → m02
2026-03-04 11:18:26,2341720234,RENAME_FOLDER,JS03 → m03
2026-03-04 11:18:26,2341720234,RENAME_FOLDER,JS04 → m04
2026-03-04 11:18:26,2341720234,RENAME_FOLDER,JS05 → m05
2026-03-04 11:18:26,2341720234,RENAME_FOLDER,JS06 → m06
2026-03-04 11:18:26,2341720234,RENAME_FOLDER,JS07 → m07
2026-03-04 11:18:26,2341720234,RENAME_FOLDER,JS08 → m08
2026-03-04 11:18:26,2341720234,RENAME_FOLDER,JS09 → m09
2026-03-04 11:18:26,2341720234,RENAME_FOLDER,JS11 → m11
2026-03-04 11:18:26,2341720234,RENAME_FOLDER,JS13 → m13
2026-03-04 11:18:26,2341720234,RENAME_FOLDER,JS14 → m14
2026-03-04 11:18:26,2341720234,RENAME_FOLDER,JS15 → m15
2026-03-04 11:18:26,2341720234,MERGE_FOLDER,KELOMPOK → kelompok
2026-03-04 11:18:26,2341720234,MERGE_FOLDER,KUIS → kuis
2026-03-04 11:18:26,2341720234,RENAME_FOLDER,PBL_KELOMPOK6 → pbl
2026-03-04 11:18:26,2341720234,MOVE_RENAME_FILE,P1_JS02.ipynb → m02/p01.ipynb
2026-03-04 11:18:26,2341720234,MOVE_RENAME_FILE,P2_JS02.ipynb → m02/p02.ipynb
2026-03-04 11:18:26,2341720234,MOVE_RENAME_FILE,P3_JS02.ipynb → m02/p03.ipynb
2026-03-04 11:18:26,2341720234,MOVE_RENAME_FILE,P4_JS02.ipynb → m02/p04.ipynb
2026-03-04 11:18:26,2341720234,MOVE_RENAME_FILE,TP_JS02.ipynb → m02/tp01.ipynb
2026-03-04 11:18:26,2341720234,MOVE_RENAME_FILE,P1_JS03.ipynb → m03/p01.ipynb
2026-03-04 11:18:26,2341720234,MOVE_RENAME_FILE,P2_JS03.ipynb → m03/p02.ipynb
2026-03-04 11:18:26,2341720234,MOVE_RENAME_FILE,P3_JS03.ipynb → m03/p03.ipynb
2026-03-04 11:18:26,2341720234,MOVE_RENAME_FILE,P4_JS03.ipynb → m03/p04.ipynb
2026-03-04 11:18:26,2341720234,MOVE_RENAME_FILE,TP_JS03.ipynb → m03/tp01.ipynb
2026-03-04 11:18:26,2341720234,MOVE_RENAME_FILE,P1_JS04.ipynb → m04/p01.ipynb
2026-03-04 11:18:26,2341720234,MOVE_RENAME_FILE,P2_JS04.ipynb → m04/p02.ipynb
2026-03-04 11:18:26,2341720234,MOVE_RENAME_FILE,P3_JS04.ipynb → m04/p03.ipynb
2026-03-04 11:18:26,2341720234,MOVE_RENAME_FILE,TP_JS04.ipynb → m04/tp01.ipynb
2026-03-04 11:18:26,2341720234,MOVE_RENAME_FILE,P1_JS05.ipynb → m05/p01.ipynb
2026-03-04 11:18:26,2341720234,MOVE_RENAME_FILE,P2_JS05.ipynb → m05/p02.ipynb
2026-03-04 11:18:26,2341720234,MOVE_RENAME_FILE,TP_JS05.ipynb → m05/tp01.ipynb
2026-03-04 11:18:26,2341720234,MOVE_RENAME_FILE,P1_JS06.ipynb → m06/p01.ipynb
2026-03-04 11:18:26,2341720234,MOVE_RENAME_FILE,P2_JS06.ipynb → m06/p02.ipynb
2026-03-04 11:18:26,2341720234,MOVE_RENAME_FILE,TP_JS06.ipynb → m06/tp01.ipynb
2026-03-04 11:18:26,2341720234,MOVE_RENAME_FILE,P1_JS07.ipynb → m07/p01.ipynb
2026-03-04 11:18:26,2341720234,MOVE_RENAME_FILE,P2_JS07.ipynb → m07/p02.ipynb
2026-03-04 11:18:26,2341720234,MOVE_RENAME_FILE,P3_JS07.ipynb → m07/p03.ipynb
2026-03-04 11:18:26,2341720234,MOVE_RENAME_FILE,P4_JS07.ipynb → m07/p04.ipynb
2026-03-04 11:18:26,2341720234,MOVE_RENAME_FILE,P5_JS07.ipynb → m07/p05.ipynb
2026-03-04 11:18:26,2341720234,MOVE_RENAME_FILE,P6_JS07.ipynb → m07/p06.ipynb
2026-03-04 11:18:26,2341720234,MOVE_RENAME_FILE,TP_JS07.ipynb → m07/tp01.ipynb
2026-03-04 11:18:26,2341720234,MOVE_RENAME_FILE,TP_JS08.ipynb → m08/tp01.ipynb
2026-03-04 11:18:26,2341720234,MOVE_RENAME_FILE,P1_JS09.ipynb → m09/p01.ipynb
2026-03-04 11:18:26,2341720234,MOVE_RENAME_FILE,P2_JS09.ipynb → m09/p02.ipynb
2026-03-04 11:18:26,2341720234,MOVE_RENAME_FILE,P3_JS09.ipynb → m09/p03.ipynb
2026-03-04 11:18:26,2341720234,MOVE_RENAME_FILE,TP_JS09_1.ipynb → m09/tp01.ipynb
2026-03-04 11:18:26,2341720234,MOVE_RENAME_FILE,TP_JS09_2.ipynb → m09/tp02.ipynb
2026-03-04 11:18:26,2341720234,MOVE_RENAME_FILE,P1_JS11.ipynb → m11/p01.ipynb
2026-03-04 11:18:26,2341720234,MOVE_RENAME_FILE,P2_JS11.ipynb → m11/p02.ipynb
2026-03-04 11:18:26,2341720234,MOVE_RENAME_FILE,P3_JS11.ipynb → m11/p03.ipynb
2026-03-04 11:18:26,2341720234,MOVE_RENAME_FILE,P4_JS11.ipynb → m11/p04.ipynb
2026-03-04 11:18:26,2341720234,MOVE_RENAME_FILE,P5_JS11.ipynb → m11/p05.ipynb
2026-03-04 11:18:26,2341720234,MOVE_RENAME_FILE,TP_JS11.ipynb → m11/tp01.ipynb
2026-03-04 11:18:26,2341720234,MOVE_RENAME_FILE,P1_JS13.ipynb → m13/p01.ipynb
2026-03-04 11:18:26,2341720234,MOVE_RENAME_FILE,P2_JS13.ipynb → m13/p02.ipynb
2026-03-04 11:18:26,2341720234,MOVE_RENAME_FILE,P3_JS13.ipynb → m13/p03.ipynb
2026-03-04 11:18:26,2341720234,MOVE_RENAME_FILE,TP_JS13.ipynb → m13/tp01.ipynb
2026-03-04 11:18:26,2341720234,MOVE_RENAME_FILE,P1_JS14.ipynb → m14/p01.ipynb
2026-03-04 11:18:26,2341720234,MOVE_RENAME_FILE,P2_JS14.ipynb → m14/p02.ipynb
2026-03-04 11:18:26,2341720234,MOVE_RENAME_FILE,TP_JS14.ipynb → m14/tp01.ipynb
2026-03-04 11:18:26,2341720234,MOVE_RENAME_FILE,P1_JS15.ipynb → m15/p01.ipynb
2026-03-04 11:18:26,2341720234,MOVE_RENAME_FILE,ANN_SPLIT_10_90.ipynb → pbl/pbl.ipynb
2026-03-04 11:18:27,2341720234,MOVE_RENAME_FILE,ANN_SPLIT_20_80.ipynb → pbl/pbl.ipynb
2026-03-04 11:18:27,2341720234,MOVE_RENAME_FILE,ANN_SPLIT_30_70.ipynb → pbl/pbl.ipynb
2026-03-04 11:18:27,2341720234,MOVE_RENAME_FILE,ANN_SPLIT_40_60.ipynb → pbl/pbl.ipynb
2026-03-04 11:18:27,2341720234,MOVE_RENAME_FILE,ANN_SPLIT_50_50.ipynb → pbl/pbl.ipynb
2026-03-04 11:18:27,2341720234,MOVE_RENAME_FILE,ANN_SPLIT_60_40.ipynb → pbl/pbl.ipynb
2026-03-04 11:18:27,2341720234,MOVE_RENAME_FILE,ANN_SPLIT_70_30.ipynb → pbl/pbl.ipynb
2026-03-04 11:18:27,2341720234,MOVE_RENAME_FILE,ANN_SPLIT_80_20.ipynb → pbl/pbl.ipynb
2026-03-04 11:18:27,2341720234,MOVE_RENAME_FILE,ANN_SPLIT_90_10.ipynb → pbl/pbl.ipynb
2026-03-04 11:18:27,2341720234,MOVE_RENAME_FILE,SVM_SPLIT_10_90.ipynb → pbl/pbl.ipynb
2026-03-04 11:18:27,2341720234,MOVE_RENAME_FILE,SVM_SPLIT_20_80.ipynb → pbl/pbl.ipynb
2026-03-04 11:18:27,2341720234,MOVE_RENAME_FILE,SVM_SPLIT_30_70.ipynb → pbl/pbl.ipynb
2026-03-04 11:18:27,2341720234,MOVE_RENAME_FILE,SVM_SPLIT_40_60.ipynb → pbl/pbl.ipynb
2026-03-04 11:18:27,2341720234,MOVE_RENAME_FILE,SVM_SPLIT_50_50.ipynb → pbl/pbl.ipynb
2026-03-04 11:18:27,2341720234,MOVE_RENAME_FILE,SVM_SPLIT_60_40.ipynb → pbl/pbl.ipynb
2026-03-04 11:18:27,2341720234,MOVE_RENAME_FILE,SVM_SPLIT_70_30.ipynb → pbl/pbl.ipynb
2026-03-04 11:18:27,2341720234,MOVE_RENAME_FILE,SVM_SPLIT_80_20.ipynb → pbl/pbl.ipynb
2026-03-04 11:18:27,2341720234,MOVE_RENAME_FILE,SVM_SPLIT_90_10.ipynb → pbl/pbl.ipynb
2026-03-04 11:18:27,2341720248,RENAME_FOLDER,JS01 → m01
2026-03-04 11:18:27,2341720248,RENAME_FOLDER,JS02 → m02
2026-03-04 11:18:27,2341720248,RENAME_FOLDER,JS03 → m03
2026-03-04 11:18:27,2341720248,RENAME_FOLDER,JS04 → m04
2026-03-04 11:18:27,2341720248,RENAME_FOLDER,JS05 → m05
2026-03-04 11:18:27,2341720248,RENAME_FOLDER,JS06 → m06
2026-03-04 11:18:27,2341720248,RENAME_FOLDER,JS07 → m07
2026-03-04 11:18:27,2341720248,RENAME_FOLDER,JS08 → m08
2026-03-04 11:18:27,2341720248,RENAME_FOLDER,JS09 → m09
2026-03-04 11:18:27,2341720248,RENAME_FOLDER,JS11 → m11
2026-03-04 11:18:27,2341720248,RENAME_FOLDER,JS13 → m13
2026-03-04 11:18:27,2341720248,RENAME_FOLDER,JS14 → m14
2026-03-04 11:18:27,2341720248,RENAME_FOLDER,JS15 → m15
2026-03-04 11:18:27,2341720248,MERGE_FOLDER,PBL → pbl
2026-03-04 11:18:27,2341720248,RENAME_FOLDER,Tugas Kelompok → kelompok
2026-03-04 11:18:27,2341720248,MERGE_FOLDER,UTS → uts
2026-03-04 11:18:27,2341720248,MOVE_RENAME_FILE,DBSCAN_spotify.ipynb → kelompok/kelompok.ipynb
2026-03-04 11:18:27,2341720248,MOVE_RENAME_FILE,kmeans_sportify.ipynb → kelompok/kelompok.ipynb
2026-03-04 11:18:27,2341720248,MOVE_RENAME_FILE,TG1_2341720248_Rangga_Dwi_Saputra.ipynb → None/TG1_2341720248_Rangga_Dwi_Saputra.ipynb
2026-03-04 11:18:27,2341720248,MOVE_RENAME_FILE,P1_JS02.ipynb → m02/p01.ipynb
2026-03-04 11:18:27,2341720248,MOVE_RENAME_FILE,P2_JS02.ipynb → m02/p02.ipynb
2026-03-04 11:18:27,2341720248,MOVE_RENAME_FILE,P3_JS02.ipynb → m02/p03.ipynb
2026-03-04 11:18:27,2341720248,MOVE_RENAME_FILE,P4_JS02.ipynb → m02/p04.ipynb
2026-03-04 11:18:27,2341720248,MOVE_RENAME_FILE,TG2_2341720248_Rangga_Dwi_Saputra.ipynb → None/TG2_2341720248_Rangga_Dwi_Saputra.ipynb
2026-03-04 11:18:27,2341720248,MOVE_RENAME_FILE,TP_JS02.ipynb → m02/tp01.ipynb
2026-03-04 11:18:27,2341720248,MOVE_RENAME_FILE,P1_JS03.ipynb → m03/p01.ipynb
2026-03-04 11:18:27,2341720248,MOVE_RENAME_FILE,P2_JS03.ipynb → m03/p02.ipynb
2026-03-04 11:18:27,2341720248,MOVE_RENAME_FILE,P3_JS03.ipynb → m03/p03.ipynb
2026-03-04 11:18:27,2341720248,MOVE_RENAME_FILE,P4_JS03.ipynb → m03/p04.ipynb
2026-03-04 11:18:27,2341720248,MOVE_RENAME_FILE,TG3_2341720248_Rangga_Dwi_Saputra.ipynb → None/TG3_2341720248_Rangga_Dwi_Saputra.ipynb
2026-03-04 11:18:27,2341720248,MOVE_RENAME_FILE,TP_JS03.ipynb → m03/tp01.ipynb
2026-03-04 11:18:27,2341720248,MOVE_RENAME_FILE,P1_JS04.ipynb → m04/p01.ipynb
2026-03-04 11:18:27,2341720248,MOVE_RENAME_FILE,P2_JS04.ipynb → m04/p02.ipynb
2026-03-04 11:18:27,2341720248,MOVE_RENAME_FILE,P3_JS04.ipynb → m04/p03.ipynb
2026-03-04 11:18:27,2341720248,MOVE_RENAME_FILE,TG4_2341720248_Rangga_Dwi_Saputra.ipynb → None/TG4_2341720248_Rangga_Dwi_Saputra.ipynb
2026-03-04 11:18:27,2341720248,MOVE_RENAME_FILE,TP_JS04.ipynb → m04/tp01.ipynb
2026-03-04 11:18:27,2341720248,MOVE_RENAME_FILE,P1_JS05.ipynb → m05/p01.ipynb
2026-03-04 11:18:27,2341720248,MOVE_RENAME_FILE,TG5_2341720248_Rangga_Dwi_Saputra.ipynb → None/TG5_2341720248_Rangga_Dwi_Saputra.ipynb
2026-03-04 11:18:27,2341720248,MOVE_RENAME_FILE,TP_JS05.ipynb → m05/tp01.ipynb
2026-03-04 11:18:27,2341720248,MOVE_RENAME_FILE,P1_JS06.ipynb → m06/p01.ipynb
2026-03-04 11:18:27,2341720248,MOVE_RENAME_FILE,P2_JS06.ipynb → m06/p02.ipynb
2026-03-04 11:18:27,2341720248,MOVE_RENAME_FILE,TG6_2341720248_Rangga_Dwi_Saputra copy.ipynb → None/TG6_2341720248_Rangga_Dwi_Saputra copy.ipynb
2026-03-04 11:18:27,2341720248,MOVE_RENAME_FILE,TP_JS06.ipynb → m06/tp01.ipynb
2026-03-04 11:18:27,2341720248,MOVE_RENAME_FILE,P1_JS07.ipynb → m07/p01.ipynb
2026-03-04 11:18:27,2341720248,MOVE_RENAME_FILE,P2_JS07.ipynb → m07/p02.ipynb
2026-03-04 11:18:27,2341720248,MOVE_RENAME_FILE,P3_JS07.ipynb → m07/p03.ipynb
2026-03-04 11:18:27,2341720248,MOVE_RENAME_FILE,P4_JS07.ipynb → m07/p04.ipynb
2026-03-04 11:18:27,2341720248,MOVE_RENAME_FILE,P5_JS07.ipynb → m07/p05.ipynb
2026-03-04 11:18:27,2341720248,MOVE_RENAME_FILE,P6_JS07.ipynb → m07/p06.ipynb
2026-03-04 11:18:27,2341720248,MOVE_RENAME_FILE,TG6_2341720248_Rangga_Dwi_Saputra_.ipynb → None/TG6_2341720248_Rangga_Dwi_Saputra_.ipynb
2026-03-04 11:18:27,2341720248,MOVE_RENAME_FILE,TP_JS07.ipynb → m07/tp01.ipynb
2026-03-04 11:18:27,2341720248,MOVE_RENAME_FILE,TP_JS08.ipynb → m08/tp01.ipynb
2026-03-04 11:18:27,2341720248,MOVE_RENAME_FILE,P1_JS09.ipynb → m09/p01.ipynb
2026-03-04 11:18:27,2341720248,MOVE_RENAME_FILE,P2_JS09.ipynb → m09/p02.ipynb
2026-03-04 11:18:27,2341720248,MOVE_RENAME_FILE,P3_JS09.ipynb → m09/p03.ipynb
2026-03-04 11:18:27,2341720248,MOVE_RENAME_FILE,TG9_2341720248.ipynb → None/TG9_2341720248.ipynb
2026-03-04 11:18:27,2341720248,MOVE_RENAME_FILE,TP_JS09_1.ipynb → m09/tp01.ipynb
2026-03-04 11:18:27,2341720248,MOVE_RENAME_FILE,TP_JS09_2.ipynb → m09/tp02.ipynb
2026-03-04 11:18:27,2341720248,MOVE_RENAME_FILE,P1_JS11.ipynb → m11/p01.ipynb
2026-03-04 11:18:27,2341720248,MOVE_RENAME_FILE,P2_JS11.ipynb → m11/p02.ipynb
2026-03-04 11:18:27,2341720248,MOVE_RENAME_FILE,P3_JS11.ipynb → m11/p03.ipynb
2026-03-04 11:18:27,2341720248,MOVE_RENAME_FILE,P4_JS11.ipynb → m11/p04.ipynb
2026-03-04 11:18:27,2341720248,MOVE_RENAME_FILE,P5_JS11.ipynb → m11/p05.ipynb
2026-03-04 11:18:27,2341720248,MOVE_RENAME_FILE,TG11_2341720248.ipynb → None/TG11_2341720248.ipynb
2026-03-04 11:18:27,2341720248,MOVE_RENAME_FILE,TP_JS11.ipynb → m11/tp01.ipynb
2026-03-04 11:18:27,2341720248,MOVE_RENAME_FILE,P1_JS13.ipynb → m13/p01.ipynb
2026-03-04 11:18:27,2341720248,MOVE_RENAME_FILE,P2_JS13.ipynb → m13/p02.ipynb
2026-03-04 11:18:27,2341720248,MOVE_RENAME_FILE,P3_JS13.ipynb → m13/p03.ipynb
2026-03-04 11:18:27,2341720248,MOVE_RENAME_FILE,TGS13_2341720248_Rangga_Dwi_Saputra_ANN.ipynb → None/TGS13_2341720248_Rangga_Dwi_Saputra_ANN.ipynb
2026-03-04 11:18:27,2341720248,MOVE_RENAME_FILE,TP_JS13.ipynb → m13/tp01.ipynb
2026-03-04 11:18:27,2341720248,MOVE_RENAME_FILE,P1_JS14.ipynb → m14/p01.ipynb
2026-03-04 11:18:27,2341720248,MOVE_RENAME_FILE,P2_JS14.ipynb → m14/p02.ipynb
2026-03-04 11:18:28,2341720248,MOVE_RENAME_FILE,TG14_2341720248_Rangga_Dwi_Saputra.ipynb → None/TG14_2341720248_Rangga_Dwi_Saputra.ipynb
2026-03-04 11:18:28,2341720248,MOVE_RENAME_FILE,TP_JS14.ipynb → m14/tp01.ipynb
2026-03-04 11:18:28,2341720248,MOVE_RENAME_FILE,P1_JS15.ipynb → m15/p01.ipynb
2026-03-04 11:18:28,2341720248,MOVE_RENAME_FILE,app.py → m15/app.py
2026-03-04 11:18:28,2341720250,RENAME_FOLDER,JS02 → m02
2026-03-04 11:18:28,2341720250,RENAME_FOLDER,JS03 → m03
2026-03-04 11:18:28,2341720250,RENAME_FOLDER,JS04 → m04
2026-03-04 11:18:28,2341720250,RENAME_FOLDER,JS05 → m05
2026-03-04 11:18:28,2341720250,RENAME_FOLDER,JS06 → m06
2026-03-04 11:18:28,2341720250,RENAME_FOLDER,JS07 → m07
2026-03-04 11:18:28,2341720250,RENAME_FOLDER,JS08 → m08
2026-03-04 11:18:28,2341720250,RENAME_FOLDER,JS09 → m09
2026-03-04 11:18:28,2341720250,RENAME_FOLDER,JS11 → m11
2026-03-04 11:18:28,2341720250,RENAME_FOLDER,JS13 → m13
2026-03-04 11:18:28,2341720250,RENAME_FOLDER,JS14 → m14
2026-03-04 11:18:28,2341720250,RENAME_FOLDER,JS15 → m15
2026-03-04 11:18:28,2341720250,MOVE_RENAME_FILE,KELOMPOK_4.ipynb → kelompok/kelompok.ipynb
2026-03-04 11:18:28,2341720250,MOVE_RENAME_FILE,TG1_2341720250_Afifah_Khoirunnisa.ipynb → None/TG1_2341720250_Afifah_Khoirunnisa.ipynb
2026-03-04 11:18:28,2341720250,MOVE_RENAME_FILE,P1_JS02.ipynb → m02/p01.ipynb
2026-03-04 11:18:28,2341720250,MOVE_RENAME_FILE,P2_JS02.ipynb → m02/p02.ipynb
2026-03-04 11:18:28,2341720250,MOVE_RENAME_FILE,P3_JS02.ipynb → m02/p03.ipynb
2026-03-04 11:18:28,2341720250,MOVE_RENAME_FILE,P4_JS02.ipynb → m02/p04.ipynb
2026-03-04 11:18:28,2341720250,MOVE_RENAME_FILE,TP_JS02.ipynb → m02/tp01.ipynb
2026-03-04 11:18:28,2341720250,MOVE_RENAME_FILE,P1_JS03.ipynb → m03/p01.ipynb
2026-03-04 11:18:28,2341720250,MOVE_RENAME_FILE,P2_JS03.ipynb → m03/p02.ipynb
2026-03-04 11:18:28,2341720250,MOVE_RENAME_FILE,P3_JS03.ipynb → m03/p03.ipynb
2026-03-04 11:18:28,2341720250,MOVE_RENAME_FILE,P4_JS03.ipynb → m03/p04.ipynb
2026-03-04 11:18:28,2341720250,MOVE_RENAME_FILE,TP_JS03.ipynb → m03/tp01.ipynb
2026-03-04 11:18:28,2341720250,MOVE_RENAME_FILE,KUIS_JS04.ipynb → kuis/kuis.ipynb
2026-03-04 11:18:28,2341720250,MOVE_RENAME_FILE,P1_JS04.ipynb → m04/p01.ipynb
2026-03-04 11:18:28,2341720250,MOVE_RENAME_FILE,P2_JS04.ipynb → m04/p02.ipynb
2026-03-04 11:18:28,2341720250,MOVE_RENAME_FILE,P3_JS04.ipynb → m04/p03.ipynb
2026-03-04 11:18:28,2341720250,MOVE_RENAME_FILE,TP_JS04.ipynb → m04/tp01.ipynb
2026-03-04 11:18:28,2341720250,MOVE_RENAME_FILE,P1_JS05.ipynb → m05/p01.ipynb
2026-03-04 11:18:28,2341720250,MOVE_RENAME_FILE,P2_JS05.ipynb → m05/p02.ipynb
2026-03-04 11:18:28,2341720250,MOVE_RENAME_FILE,TP_JS05.ipynb → m05/tp01.ipynb
2026-03-04 11:18:28,2341720250,MOVE_RENAME_FILE,P1_JS06.ipynb → m06/p01.ipynb
2026-03-04 11:18:28,2341720250,MOVE_RENAME_FILE,P2_JS06.ipynb → m06/p02.ipynb
2026-03-04 11:18:28,2341720250,MOVE_RENAME_FILE,TP_JS06.ipynb → m06/tp01.ipynb
2026-03-04 11:18:28,2341720250,MOVE_RENAME_FILE,P1_JS07.ipynb → m07/p01.ipynb
2026-03-04 11:18:28,2341720250,MOVE_RENAME_FILE,P2_JS07.ipynb → m07/p02.ipynb
2026-03-04 11:18:28,2341720250,MOVE_RENAME_FILE,P3_JS07.ipynb → m07/p03.ipynb
2026-03-04 11:18:28,2341720250,MOVE_RENAME_FILE,P4_JS07.ipynb → m07/p04.ipynb
2026-03-04 11:18:28,2341720250,MOVE_RENAME_FILE,P5_JS07.ipynb → m07/p05.ipynb
2026-03-04 11:18:28,2341720250,MOVE_RENAME_FILE,P6_JS07.ipynb → m07/p06.ipynb
2026-03-04 11:18:28,2341720250,MOVE_RENAME_FILE,TP_JS07.ipynb → m07/tp01.ipynb
2026-03-04 11:18:28,2341720250,MOVE_RENAME_FILE,TP_JS08.ipynb → m08/tp01.ipynb
2026-03-04 11:18:28,2341720250,MOVE_RENAME_FILE,P1_JS09.ipynb → m09/p01.ipynb
2026-03-04 11:18:28,2341720250,MOVE_RENAME_FILE,P2_JS09.ipynb → m09/p02.ipynb
2026-03-04 11:18:28,2341720250,MOVE_RENAME_FILE,P3_JS09.ipynb → m09/p03.ipynb
2026-03-04 11:18:28,2341720250,MOVE_RENAME_FILE,TP_JS09_1.ipynb → m09/tp01.ipynb
2026-03-04 11:18:28,2341720250,MOVE_RENAME_FILE,TP_JS09_2.ipynb → m09/tp02.ipynb
2026-03-04 11:18:28,2341720250,MOVE_RENAME_FILE,P1_JS11.ipynb → m11/p01.ipynb
2026-03-04 11:18:28,2341720250,MOVE_RENAME_FILE,P2_JS11.ipynb → m11/p02.ipynb
2026-03-04 11:18:28,2341720250,MOVE_RENAME_FILE,P3_JS11.ipynb → m11/p03.ipynb
2026-03-04 11:18:28,2341720250,MOVE_RENAME_FILE,P4_JS11.ipynb → m11/p04.ipynb
2026-03-04 11:18:28,2341720250,MOVE_RENAME_FILE,P5_JS11.ipynb → m11/p05.ipynb
2026-03-04 11:18:28,2341720250,MOVE_RENAME_FILE,TP_JS11.ipynb → m11/tp01.ipynb
2026-03-04 11:18:28,2341720250,MOVE_RENAME_FILE,P1_JS13.ipynb → m13/p01.ipynb
2026-03-04 11:18:28,2341720250,MOVE_RENAME_FILE,P2_JS13.ipynb → m13/p02.ipynb
2026-03-04 11:18:28,2341720250,MOVE_RENAME_FILE,P3_JS13.ipynb → m13/p03.ipynb
2026-03-04 11:18:28,2341720250,MOVE_RENAME_FILE,TP_JS13.ipynb → m13/tp01.ipynb
2026-03-04 11:18:28,2341720250,MOVE_RENAME_FILE,P1_JS14.ipynb → m14/p01.ipynb
2026-03-04 11:18:28,2341720250,MOVE_RENAME_FILE,P2_JS14.ipynb → m14/p02.ipynb
2026-03-04 11:18:28,2341720250,MOVE_RENAME_FILE,TP_JS14.ipynb → m14/tp01.ipynb
2026-03-04 11:18:28,2341720250,MOVE_RENAME_FILE,P1_JS15.ipynb → m15/p01.ipynb
2026-03-04 11:18:28,2341720250,MOVE_RENAME_FILE,app.ipynb → m15/app.ipynb
2026-03-04 11:18:28,2341720251,RENAME_FOLDER,JS01 → m01
2026-03-04 11:18:28,2341720251,RENAME_FOLDER,JS02 → m02
2026-03-04 11:18:28,2341720251,RENAME_FOLDER,JS03 → m03
2026-03-04 11:18:28,2341720251,RENAME_FOLDER,JS04 → m04
2026-03-04 11:18:28,2341720251,RENAME_FOLDER,JS05 → m05
2026-03-04 11:18:28,2341720251,RENAME_FOLDER,JS06 → m06
2026-03-04 11:18:28,2341720251,RENAME_FOLDER,JS07 → m07
2026-03-04 11:18:28,2341720251,RENAME_FOLDER,JS08 → m08
2026-03-04 11:18:28,2341720251,RENAME_FOLDER,JS09 → m09
2026-03-04 11:18:28,2341720251,RENAME_FOLDER,JS11 → m11
2026-03-04 11:18:28,2341720251,RENAME_FOLDER,JS13 → m13
2026-03-04 11:18:28,2341720251,RENAME_FOLDER,JS14 → m14
2026-03-04 11:18:28,2341720251,RENAME_FOLDER,PBL_KELOMPOK3 → pbl
2026-03-04 11:18:28,2341720251,MERGE_FOLDER,UTS → uts
2026-03-04 11:18:28,2341720251,MOVE_RENAME_FILE,P1_JS01.ipynb → m01/p01.ipynb
2026-03-04 11:18:28,2341720251,MOVE_RENAME_FILE,TP_JS01.ipynb → m01/tp01.ipynb
2026-03-04 11:18:28,2341720251,MOVE_RENAME_FILE,P1_JS02.ipynb → m02/p01.ipynb
2026-03-04 11:18:28,2341720251,MOVE_RENAME_FILE,P2_JS02.ipynb → m02/p02.ipynb
2026-03-04 11:18:28,2341720251,MOVE_RENAME_FILE,P3_JS02.ipynb → m02/p03.ipynb
2026-03-04 11:18:28,2341720251,MOVE_RENAME_FILE,P4_JS02.ipynb → m02/p04.ipynb
2026-03-04 11:18:28,2341720251,MOVE_RENAME_FILE,TP_JS02.ipynb → m02/tp01.ipynb
2026-03-04 11:18:28,2341720251,MOVE_RENAME_FILE,P1_JS03.ipynb → m03/p01.ipynb
2026-03-04 11:18:28,2341720251,MOVE_RENAME_FILE,P2_JS03.ipynb → m03/p02.ipynb
2026-03-04 11:18:28,2341720251,MOVE_RENAME_FILE,P3_JS03.ipynb → m03/p03.ipynb
2026-03-04 11:18:28,2341720251,MOVE_RENAME_FILE,P4_JS03.ipynb → m03/p04.ipynb
2026-03-04 11:18:28,2341720251,MOVE_RENAME_FILE,TP_JS03.ipynb → m03/tp01.ipynb
2026-03-04 11:18:28,2341720251,MOVE_RENAME_FILE,P1_JS04.ipynb → m04/p01.ipynb
2026-03-04 11:18:28,2341720251,MOVE_RENAME_FILE,P2_JS04.ipynb → m04/p02.ipynb
2026-03-04 11:18:28,2341720251,MOVE_RENAME_FILE,P3_JS04.ipynb → m04/p03.ipynb
2026-03-04 11:18:28,2341720251,MOVE_RENAME_FILE,TP_JS04.ipynb → m04/tp01.ipynb
2026-03-04 11:18:28,2341720251,MOVE_RENAME_FILE,P1_JS05.ipynb → m05/p01.ipynb
2026-03-04 11:18:28,2341720251,MOVE_RENAME_FILE,P2_JS05.ipynb → m05/p02.ipynb
2026-03-04 11:18:28,2341720251,MOVE_RENAME_FILE,TP_JS05.ipynb → m05/tp01.ipynb
2026-03-04 11:18:28,2341720251,MOVE_RENAME_FILE,P1_JS06.ipynb → m06/p01.ipynb
2026-03-04 11:18:28,2341720251,MOVE_RENAME_FILE,P2_JS06.ipynb → m06/p02.ipynb
2026-03-04 11:18:28,2341720251,MOVE_RENAME_FILE,TP_JS06.ipynb → m06/tp01.ipynb
2026-03-04 11:18:28,2341720251,MOVE_RENAME_FILE,P1_JS07.ipynb → m07/p01.ipynb
2026-03-04 11:18:28,2341720251,MOVE_RENAME_FILE,P2_JS07.ipynb → m07/p02.ipynb
2026-03-04 11:18:28,2341720251,MOVE_RENAME_FILE,P3_JS07.ipynb → m07/p03.ipynb
2026-03-04 11:18:28,2341720251,MOVE_RENAME_FILE,P4_JS07.ipynb → m07/p04.ipynb
2026-03-04 11:18:28,2341720251,MOVE_RENAME_FILE,P5_JS07.ipynb → m07/p05.ipynb
2026-03-04 11:18:28,2341720251,MOVE_RENAME_FILE,P6_JS07.ipynb → m07/p06.ipynb
2026-03-04 11:18:28,2341720251,MOVE_RENAME_FILE,TP_JS07.ipynb → m07/tp01.ipynb
2026-03-04 11:18:28,2341720251,MOVE_RENAME_FILE,TP_JS08.ipynb → m08/tp01.ipynb
2026-03-04 11:18:28,2341720251,MOVE_RENAME_FILE,P1_JS09.ipynb → m09/p01.ipynb
2026-03-04 11:18:28,2341720251,MOVE_RENAME_FILE,P2_JS09.ipynb → m09/p02.ipynb
2026-03-04 11:18:28,2341720251,MOVE_RENAME_FILE,P3_JS09.ipynb → m09/p03.ipynb
2026-03-04 11:18:28,2341720251,MOVE_RENAME_FILE,TP_JS09_1.ipynb → m09/tp01.ipynb
2026-03-04 11:18:28,2341720251,MOVE_RENAME_FILE,TP_JS09_2.ipynb → m09/tp02.ipynb
2026-03-04 11:18:28,2341720251,MOVE_RENAME_FILE,P1_JS11.ipynb → m11/p01.ipynb
2026-03-04 11:18:28,2341720251,MOVE_RENAME_FILE,P2_JS11.ipynb → m11/p02.ipynb
2026-03-04 11:18:28,2341720251,MOVE_RENAME_FILE,P3_JS11.ipynb → m11/p03.ipynb
2026-03-04 11:18:28,2341720251,MOVE_RENAME_FILE,P4_JS11.ipynb → m11/p04.ipynb
2026-03-04 11:18:28,2341720251,MOVE_RENAME_FILE,P5_JS11.ipynb → m11/p05.ipynb
2026-03-04 11:18:28,2341720251,MOVE_RENAME_FILE,TP_JS11.ipynb → m11/tp01.ipynb
2026-03-04 11:18:28,2341720251,MOVE_RENAME_FILE,P1_JS13.ipynb → m13/p01.ipynb
2026-03-04 11:18:28,2341720251,MOVE_RENAME_FILE,P2_JS13.ipynb → m13/p02.ipynb
2026-03-04 11:18:28,2341720251,MOVE_RENAME_FILE,P3_JS13.ipynb → m13/p03.ipynb
2026-03-04 11:18:28,2341720251,MOVE_RENAME_FILE,TP_JS13.ipynb → m13/tp01.ipynb
2026-03-04 11:18:28,2341720251,MOVE_RENAME_FILE,P1_JS14.ipynb → m14/p01.ipynb
2026-03-04 11:18:28,2341720251,MOVE_RENAME_FILE,P2_JS14.ipynb → m14/p02.ipynb
2026-03-04 11:18:28,2341720251,MOVE_RENAME_FILE,TP_JS14.ipynb → m14/tp01.ipynb
2026-03-04 11:18:28,2341720251,MOVE_RENAME_FILE,Final_CM_Group3.ipynb → pbl/pbl.ipynb
2026-03-04 11:18:28,244107023008,RENAME_FOLDER,JS01 → m01
2026-03-04 11:18:28,244107023008,RENAME_FOLDER,JS02 → m02
2026-03-04 11:18:28,244107023008,RENAME_FOLDER,JS03 → m03
2026-03-04 11:18:28,244107023008,RENAME_FOLDER,JS04 → m04
2026-03-04 11:18:28,244107023008,RENAME_FOLDER,JS05 → m05
2026-03-04 11:18:28,244107023008,RENAME_FOLDER,JS06 → m06
2026-03-04 11:18:28,244107023008,RENAME_FOLDER,JS07 → m07
2026-03-04 11:18:28,244107023008,RENAME_FOLDER,JS08 → m08
2026-03-04 11:18:28,244107023008,RENAME_FOLDER,JS09 → m09
2026-03-04 11:18:28,244107023008,RENAME_FOLDER,JS11 → m11
2026-03-04 11:18:28,244107023008,RENAME_FOLDER,JS13 → m13
2026-03-04 11:18:28,244107023008,RENAME_FOLDER,JS14 → m14
2026-03-04 11:18:28,244107023008,RENAME_FOLDER,JS15 → m15
2026-03-04 11:18:28,244107023008,MERGE_FOLDER,PBL → pbl
2026-03-04 11:18:28,244107023008,MOVE_RENAME_FILE,TP_JS01.ipynb → m01/tp01.ipynb
2026-03-04 11:18:28,244107023008,MOVE_RENAME_FILE,P1_JS02.ipynb → m02/p01.ipynb
2026-03-04 11:18:28,244107023008,MOVE_RENAME_FILE,P2_JS02.ipynb → m02/p02.ipynb
2026-03-04 11:18:28,244107023008,MOVE_RENAME_FILE,P3_JS02.ipynb → m02/p03.ipynb
2026-03-04 11:18:28,244107023008,MOVE_RENAME_FILE,P4_JS02.ipynb → m02/p04.ipynb
2026-03-04 11:18:28,244107023008,MOVE_RENAME_FILE,TP_JS02.ipynb → m02/tp01.ipynb
2026-03-04 11:18:28,244107023008,MOVE_RENAME_FILE,P1_JS03.ipynb → m03/p01.ipynb
2026-03-04 11:18:28,244107023008,MOVE_RENAME_FILE,P2_JS03.ipynb → m03/p02.ipynb
2026-03-04 11:18:28,244107023008,MOVE_RENAME_FILE,P3_JS03.ipynb → m03/p03.ipynb
2026-03-04 11:18:28,244107023008,MOVE_RENAME_FILE,P4_JS03.ipynb → m03/p04.ipynb
2026-03-04 11:18:28,244107023008,MOVE_RENAME_FILE,TP_JS03.ipynb → m03/tp01.ipynb
2026-03-04 11:18:28,244107023008,MOVE_RENAME_FILE,P1_JS04.ipynb → m04/p01.ipynb
2026-03-04 11:18:28,244107023008,MOVE_RENAME_FILE,P2_JS04.ipynb → m04/p02.ipynb
2026-03-04 11:18:28,244107023008,MOVE_RENAME_FILE,P3_JS04.ipynb → m04/p03.ipynb
2026-03-04 11:18:28,244107023008,MOVE_RENAME_FILE,TP_JS04.ipynb → m04/tp01.ipynb
2026-03-04 11:18:28,244107023008,MOVE_RENAME_FILE,P1_JS05.ipynb → m05/p01.ipynb
2026-03-04 11:18:28,244107023008,MOVE_RENAME_FILE,P2_JS05.ipynb → m05/p02.ipynb
2026-03-04 11:18:28,244107023008,MOVE_RENAME_FILE,TP_JS05.ipynb → m05/tp01.ipynb
2026-03-04 11:18:28,244107023008,MOVE_RENAME_FILE,P1_JS06.ipynb → m06/p01.ipynb
2026-03-04 11:18:28,244107023008,MOVE_RENAME_FILE,P2_JS06.ipynb → m06/p02.ipynb
2026-03-04 11:18:28,244107023008,MOVE_RENAME_FILE,TP_JS06.ipynb → m06/tp01.ipynb
2026-03-04 11:18:28,244107023008,MOVE_RENAME_FILE,P1_JS07.ipynb → m07/p01.ipynb
2026-03-04 11:18:28,244107023008,MOVE_RENAME_FILE,P2_JS07.ipynb → m07/p02.ipynb
2026-03-04 11:18:28,244107023008,MOVE_RENAME_FILE,P3_JS07.ipynb → m07/p03.ipynb
2026-03-04 11:18:28,244107023008,MOVE_RENAME_FILE,P4_JS07.ipynb → m07/p04.ipynb
2026-03-04 11:18:28,244107023008,MOVE_RENAME_FILE,P5_JS07.ipynb → m07/p05.ipynb
2026-03-04 11:18:28,244107023008,MOVE_RENAME_FILE,P6_JS07.ipynb → m07/p06.ipynb
2026-03-04 11:18:28,244107023008,MOVE_RENAME_FILE,TP_JS07.ipynb → m07/tp01.ipynb
2026-03-04 11:18:28,244107023008,MOVE_RENAME_FILE,TP_JS08.ipynb → m08/tp01.ipynb
2026-03-04 11:18:28,244107023008,MOVE_RENAME_FILE,P1_JS09.ipynb → m09/p01.ipynb
2026-03-04 11:18:28,244107023008,MOVE_RENAME_FILE,P2_JS09.ipynb → m09/p02.ipynb
2026-03-04 11:18:28,244107023008,MOVE_RENAME_FILE,P3_JS09.ipynb → m09/p03.ipynb
2026-03-04 11:18:28,244107023008,MOVE_RENAME_FILE,TP_JS09_1.ipynb → m09/tp01.ipynb
2026-03-04 11:18:28,244107023008,MOVE_RENAME_FILE,TP_JS09_2.ipynb → m09/tp02.ipynb
2026-03-04 11:18:28,244107023008,MOVE_RENAME_FILE,P1_JS11.ipynb → m11/p01.ipynb
2026-03-04 11:18:28,244107023008,MOVE_RENAME_FILE,P2_JS11.ipynb → m11/p02.ipynb
2026-03-04 11:18:28,244107023008,MOVE_RENAME_FILE,P3_JS11.ipynb → m11/p03.ipynb
2026-03-04 11:18:28,244107023008,MOVE_RENAME_FILE,P4_JS11.ipynb → m11/p04.ipynb
2026-03-04 11:18:28,244107023008,MOVE_RENAME_FILE,P5_JS11.ipynb → m11/p05.ipynb
2026-03-04 11:18:28,244107023008,MOVE_RENAME_FILE,TP_JS11.ipynb → m11/tp01.ipynb
2026-03-04 11:18:29,244107023008,MOVE_RENAME_FILE,P1_JS04.ipynb → m04/p01.ipynb
2026-03-04 11:18:29,244107023008,MOVE_RENAME_FILE,P2_JS04.ipynb → m04/p02.ipynb
2026-03-04 11:18:29,244107023008,MOVE_RENAME_FILE,P3_JS04.ipynb → m04/p03.ipynb
2026-03-04 11:18:29,244107023008,MOVE_RENAME_FILE,TP_JS13.ipynb → m13/tp01.ipynb
2026-03-04 11:18:29,244107023008,MOVE_RENAME_FILE,P1_JS14.ipynb → m14/p01.ipynb
2026-03-04 11:18:29,244107023008,MOVE_RENAME_FILE,P2_JS14.ipynb → m14/p02.ipynb
2026-03-04 11:18:29,244107023008,MOVE_RENAME_FILE,TP_JS14.ipynb → m14/tp01.ipynb
2026-03-04 11:18:29,244107023008,MOVE_RENAME_FILE,P1_JS15.ipynb → m15/p01.ipynb
2026-03-04 11:18:29,244107023008,MOVE_RENAME_FILE,P2_JS15.ipynb → m15/p02.ipynb
2026-03-04 14:00:55,2241720132,MOVE_RENAME_FILE,JS01_hitung.py → m01/JS01_hitung.py
2026-03-04 14:00:55,2241720132,MOVE_RENAME_FILE,JS02_persegi.py → m02/JS02_persegi.py
2026-03-04 14:00:55,2241720132,MOVE_RENAME_FILE,JS03_hitungg.py → m03/JS03_hitungg.py
2026-03-09 13:33:51,2341720017,MOVE_RENAME_FILE,p01.ipynb → None/p01.ipynb
2026-03-09 13:33:51,2341720017,MOVE_RENAME_FILE,p02.ipynb → None/p02.ipynb
2026-03-09 13:33:51,2341720017,MOVE_RENAME_FILE,p03.ipynb → None/p03.ipynb
2026-03-09 13:33:51,2341720017,MOVE_RENAME_FILE,tp01.ipynb → None/tp01.ipynb
2026-03-09 13:33:51,2341720017,MOVE_RENAME_FILE,tp02.ipynb → None/tp02.ipynb
2026-03-09 13:33:51,2341720017,MOVE_RENAME_FILE,p01.ipynb → None/p01.ipynb
2026-03-09 13:33:51,2341720017,MOVE_RENAME_FILE,p02.ipynb → None/p02.ipynb
2026-03-09 13:33:51,2341720017,MOVE_RENAME_FILE,p03.ipynb → None/p03.ipynb
2026-03-09 13:33:51,2341720017,MOVE_RENAME_FILE,p04.ipynb → None/p04.ipynb
2026-03-09 13:33:51,2341720017,MOVE_RENAME_FILE,p05.ipynb → None/p05.ipynb
2026-03-09 13:33:51,2341720017,MOVE_RENAME_FILE,tp01.ipynb → None/tp03.ipynb
2026-03-09 13:33:51,2341720017,MOVE_RENAME_FILE,p01.ipynb → None/p01.ipynb
2026-03-09 13:33:51,2341720017,MOVE_RENAME_FILE,p02.ipynb → None/p02.ipynb
2026-03-09 13:33:51,2341720017,MOVE_RENAME_FILE,p03.ipynb → None/p03.ipynb
2026-03-09 13:33:51,2341720017,MOVE_RENAME_FILE,tp01.ipynb → None/tp04.ipynb
2026-03-09 13:33:51,2341720017,MOVE_RENAME_FILE,p01.ipynb → None/p01.ipynb
2026-03-09 13:33:51,2341720017,MOVE_RENAME_FILE,p02.ipynb → None/p02.ipynb
2026-03-09 13:33:51,2341720017,MOVE_RENAME_FILE,tp01.ipynb → None/tp05.ipynb
2026-03-09 13:33:51,2341720017,MOVE_RENAME_FILE,p01.ipynb → None/p01.ipynb
2026-03-09 13:33:51,2341720017,MOVE_RENAME_FILE,tp01.ipynb → None/tp06.ipynb
2026-03-09 13:33:51,2341720017,MOVE_RENAME_FILE,tp02.ipynb → None/tp07.ipynb
2026-03-09 13:33:51,2341720017,MOVE_RENAME_FILE,tp03.ipynb → None/tp08.ipynb
2026-03-09 13:33:51,2341720017,MOVE_RENAME_FILE,tp04.ipynb → None/tp09.ipynb
2026-03-09 13:33:51,2341720017,MOVE_RENAME_FILE,tp05.ipynb → None/tp10.ipynb
2026-03-09 13:33:51,2341720028,MOVE_RENAME_FILE,p02.ipynb → None/p02.ipynb
2026-03-09 13:33:51,2341720028,MOVE_RENAME_FILE,tp01.ipynb → None/tp01.ipynb
2026-03-09 13:33:51,2341720028,MOVE_RENAME_FILE,p01.ipynb → None/p01.ipynb
2026-03-09 13:33:51,2341720028,MOVE_RENAME_FILE,p02.ipynb → None/p02.ipynb
2026-03-09 13:33:51,2341720028,MOVE_RENAME_FILE,p03.ipynb → None/p03.ipynb
2026-03-09 13:33:51,2341720028,MOVE_RENAME_FILE,p04.ipynb → None/p04.ipynb
2026-03-09 13:33:51,2341720028,MOVE_RENAME_FILE,tp01.ipynb → None/tp02.ipynb
2026-03-09 13:33:51,2341720028,MOVE_RENAME_FILE,p01.ipynb → None/p01.ipynb
2026-03-09 13:33:51,2341720028,MOVE_RENAME_FILE,p02.ipynb → None/p02.ipynb
2026-03-09 13:33:51,2341720028,MOVE_RENAME_FILE,p03.ipynb → None/p03.ipynb
2026-03-09 13:33:51,2341720028,MOVE_RENAME_FILE,p04.ipynb → None/p04.ipynb
2026-03-09 13:33:51,2341720028,MOVE_RENAME_FILE,tp01.ipynb → None/tp03.ipynb
2026-03-09 13:33:51,2341720028,MOVE_RENAME_FILE,p01.ipynb → None/p01.ipynb
2026-03-09 13:33:51,2341720028,MOVE_RENAME_FILE,p02.ipynb → None/p02.ipynb
2026-03-09 13:33:51,2341720028,MOVE_RENAME_FILE,p03.ipynb → None/p03.ipynb
2026-03-09 13:33:51,2341720028,MOVE_RENAME_FILE,tp01.ipynb → None/tp04.ipynb
2026-03-09 13:33:51,2341720028,MOVE_RENAME_FILE,tp02.ipynb → None/tp05.ipynb
2026-03-09 13:33:52,2341720028,MOVE_RENAME_FILE,p01.ipynb → None/p01.ipynb
2026-03-09 13:33:52,2341720028,MOVE_RENAME_FILE,p02.ipynb → None/p02.ipynb
2026-03-09 13:33:52,2341720028,MOVE_RENAME_FILE,tp01.ipynb → None/tp06.ipynb
2026-03-09 13:33:52,2341720028,MOVE_RENAME_FILE,p01.ipynb → None/p01.ipynb
2026-03-09 13:33:52,2341720028,MOVE_RENAME_FILE,p02.ipynb → None/p02.ipynb
2026-03-09 13:33:52,2341720028,MOVE_RENAME_FILE,p01.ipynb → None/p01.ipynb
2026-03-09 13:33:52,2341720028,MOVE_RENAME_FILE,p02.ipynb → None/p02.ipynb
2026-03-09 13:33:52,2341720028,MOVE_RENAME_FILE,p03.ipynb → None/p03.ipynb
2026-03-09 13:33:52,2341720028,MOVE_RENAME_FILE,p04.ipynb → None/p04.ipynb
2026-03-09 13:33:52,2341720028,MOVE_RENAME_FILE,p05.ipynb → None/p05.ipynb
2026-03-09 13:33:52,2341720028,MOVE_RENAME_FILE,p06.ipynb → None/p06.ipynb
2026-03-09 13:33:52,2341720028,MOVE_RENAME_FILE,tp01.ipynb → None/tp07.ipynb
2026-03-09 13:33:52,2341720028,MOVE_RENAME_FILE,p01.ipynb → None/p01.ipynb
2026-03-09 13:33:52,2341720028,MOVE_RENAME_FILE,p02.ipynb → None/p02.ipynb
2026-03-09 13:33:52,2341720028,MOVE_RENAME_FILE,p03.ipynb → None/p03.ipynb
2026-03-09 13:33:52,2341720028,MOVE_RENAME_FILE,tp01.ipynb → None/tp08.ipynb
2026-03-09 13:33:52,2341720028,MOVE_RENAME_FILE,tp02.ipynb → None/tp09.ipynb
2026-03-09 13:33:52,2341720028,MOVE_RENAME_FILE,p01.ipynb → None/p01.ipynb
2026-03-09 13:33:52,2341720028,MOVE_RENAME_FILE,p02.ipynb → None/p02.ipynb
2026-03-09 13:33:52,2341720028,MOVE_RENAME_FILE,p03.ipynb → None/p03.ipynb
2026-03-09 13:33:52,2341720028,MOVE_RENAME_FILE,p04.ipynb → None/p04.ipynb
2026-03-09 13:33:52,2341720028,MOVE_RENAME_FILE,p05.ipynb → None/p05.ipynb
2026-03-09 13:33:52,2341720028,MOVE_RENAME_FILE,tp01.ipynb → None/tp10.ipynb
2026-03-09 13:33:52,2341720028,MOVE_RENAME_FILE,p01.ipynb → None/p01.ipynb
2026-03-09 13:33:52,2341720028,MOVE_RENAME_FILE,p02.ipynb → None/p02.ipynb
2026-03-09 13:33:52,2341720028,MOVE_RENAME_FILE,p03.ipynb → None/p03.ipynb
2026-03-09 13:33:52,2341720028,MOVE_RENAME_FILE,tp01.ipynb → None/tp11.ipynb
2026-03-09 13:33:52,2341720028,MOVE_RENAME_FILE,p01.ipynb → None/p01.ipynb
2026-03-09 13:33:52,2341720028,MOVE_RENAME_FILE,p02.ipynb → None/p02.ipynb
2026-03-09 13:33:52,2341720028,MOVE_RENAME_FILE,tp01.ipynb → None/tp12.ipynb
2026-03-09 13:33:52,2341720028,MOVE_RENAME_FILE,app.py → None/app.py
2026-03-09 13:33:52,2341720028,MOVE_RENAME_FILE,p01.ipynb → None/p01.ipynb
2026-03-09 13:33:52,2341720028,MOVE_RENAME_FILE,tp01.ipynb → None/tp13.ipynb
2026-03-09 13:33:52,2341720028,MOVE_RENAME_FILE,tp02.ipynb → None/tp14.ipynb
2026-03-09 13:33:52,2341720028,MOVE_RENAME_FILE,tp03.ipynb → None/tp15.ipynb
2026-03-09 13:33:52,2341720028,MOVE_RENAME_FILE,tp04.ipynb → None/tp16.ipynb
2026-03-09 13:33:52,2341720028,MOVE_RENAME_FILE,tp05.ipynb → None/tp17.ipynb
2026-03-09 13:33:52,2341720028,MOVE_RENAME_FILE,tp06.ipynb → None/tp18.ipynb
2026-03-09 13:33:52,2341720028,MOVE_RENAME_FILE,tp07.ipynb → None/tp19.ipynb
2026-03-09 13:33:52,2341720028,MOVE_RENAME_FILE,tp08.ipynb → None/tp20.ipynb
2026-03-09 13:33:52,2341720028,MOVE_RENAME_FILE,tp09.ipynb → None/tp21.ipynb
2026-03-09 13:33:52,2341720028,MOVE_RENAME_FILE,tp10.ipynb → None/tp22.ipynb
2026-03-09 13:33:52,2341720028,MOVE_RENAME_FILE,tp11.ipynb → None/tp23.ipynb
2026-03-09 13:33:52,2341720028,MOVE_RENAME_FILE,tp12.ipynb → None/tp24.ipynb
2026-03-09 13:33:53,2341720032,MOVE_RENAME_FILE,p01.ipynb → None/p01.ipynb
2026-03-09 13:33:53,2341720032,MOVE_RENAME_FILE,p01.ipynb → None/p01.ipynb
2026-03-09 13:33:53,2341720032,MOVE_RENAME_FILE,p02.ipynb → None/p02.ipynb
2026-03-09 13:33:53,2341720032,MOVE_RENAME_FILE,p03.ipynb → None/p03.ipynb
2026-03-09 13:33:53,2341720032,MOVE_RENAME_FILE,p04.ipynb → None/p04.ipynb
2026-03-09 13:33:53,2341720032,MOVE_RENAME_FILE,p01.ipynb → None/p01.ipynb
2026-03-09 13:33:53,2341720032,MOVE_RENAME_FILE,p02.ipynb → None/p02.ipynb
2026-03-09 13:33:53,2341720032,MOVE_RENAME_FILE,p03.ipynb → None/p03.ipynb
2026-03-09 13:33:53,2341720032,MOVE_RENAME_FILE,p04.ipynb → None/p04.ipynb
2026-03-09 13:33:53,2341720032,MOVE_RENAME_FILE,p01.ipynb → None/p01.ipynb
2026-03-09 13:33:53,2341720032,MOVE_RENAME_FILE,p02.ipynb → None/p02.ipynb
2026-03-09 13:33:53,2341720032,MOVE_RENAME_FILE,p03.ipynb → None/p03.ipynb
2026-03-09 13:33:53,2341720032,MOVE_RENAME_FILE,p01.ipynb → None/p01.ipynb
2026-03-09 13:33:53,2341720032,MOVE_RENAME_FILE,tp01.ipynb → None/tp01.ipynb
2026-03-09 13:33:53,2341720032,MOVE_RENAME_FILE,p01.ipynb → None/p01.ipynb
2026-03-09 13:33:53,2341720032,MOVE_RENAME_FILE,p02.ipynb → None/p02.ipynb
2026-03-09 13:33:53,2341720032,MOVE_RENAME_FILE,tp01.ipynb → None/tp02.ipynb
2026-03-09 13:33:53,2341720032,MOVE_RENAME_FILE,p01.ipynb → None/p01.ipynb
2026-03-09 13:33:53,2341720032,MOVE_RENAME_FILE,p02.ipynb → None/p02.ipynb
2026-03-09 13:33:53,2341720032,MOVE_RENAME_FILE,p03.ipynb → None/p03.ipynb
2026-03-09 13:33:53,2341720032,MOVE_RENAME_FILE,p04.ipynb → None/p04.ipynb
2026-03-09 13:33:53,2341720032,MOVE_RENAME_FILE,p05.ipynb → None/p05.ipynb
2026-03-09 13:33:53,2341720032,MOVE_RENAME_FILE,p06.ipynb → None/p06.ipynb
2026-03-09 13:33:53,2341720032,MOVE_RENAME_FILE,tp01.ipynb → None/tp03.ipynb
2026-03-09 13:33:53,2341720032,MOVE_RENAME_FILE,tp01.ipynb → None/tp04.ipynb
2026-03-09 13:33:53,2341720032,MOVE_RENAME_FILE,p01.ipynb → None/p01.ipynb
2026-03-09 13:33:54,2341720032,MOVE_RENAME_FILE,p02.ipynb → None/p02.ipynb
2026-03-09 13:33:54,2341720032,MOVE_RENAME_FILE,p03.ipynb → None/p03.ipynb
2026-03-09 13:33:54,2341720032,MOVE_RENAME_FILE,tp01.ipynb → None/tp05.ipynb
2026-03-09 13:33:54,2341720032,MOVE_RENAME_FILE,tp02.ipynb → None/tp06.ipynb
2026-03-09 13:33:54,2341720032,MOVE_RENAME_FILE,p01.ipynb → None/p01.ipynb
2026-03-09 13:33:54,2341720032,MOVE_RENAME_FILE,p02.ipynb → None/p02.ipynb
2026-03-09 13:33:54,2341720032,MOVE_RENAME_FILE,p03.ipynb → None/p03.ipynb
2026-03-09 13:33:54,2341720032,MOVE_RENAME_FILE,p04.ipynb → None/p04.ipynb
2026-03-09 13:33:54,2341720032,MOVE_RENAME_FILE,p05.ipynb → None/p05.ipynb
2026-03-09 13:33:54,2341720032,MOVE_RENAME_FILE,tp01.ipynb → None/tp07.ipynb
2026-03-09 13:33:54,2341720032,MOVE_RENAME_FILE,tp01.ipynb → None/tp08.ipynb
2026-03-09 13:33:54,2341720032,MOVE_RENAME_FILE,p01.ipynb → None/p01.ipynb
2026-03-09 13:33:54,2341720032,MOVE_RENAME_FILE,p02.ipynb → None/p02.ipynb
2026-03-09 13:33:54,2341720032,MOVE_RENAME_FILE,tp01.ipynb → None/tp09.ipynb
2026-03-09 13:33:54,2341720032,MOVE_RENAME_FILE,p01.ipynb → None/p01.ipynb
2026-03-09 13:33:54,2341720032,MOVE_RENAME_FILE,p02.ipynb → None/p02.ipynb
2026-03-09 13:33:54,2341720032,MOVE_RENAME_FILE,tp01.ipynb → None/tp10.ipynb
2026-03-09 13:33:54,2341720032,MOVE_RENAME_FILE,tp01.ipynb → None/tp11.ipynb
2026-03-09 13:33:54,2341720032,MOVE_RENAME_FILE,tp02.ipynb → None/tp12.ipynb
2026-03-09 13:33:54,2341720032,MOVE_RENAME_FILE,tp03.ipynb → None/tp13.ipynb
2026-03-09 13:33:54,2341720032,MOVE_RENAME_FILE,tp04.ipynb → None/tp14.ipynb
2026-03-09 13:33:54,2341720032,MOVE_RENAME_FILE,tp05.ipynb → None/tp15.ipynb
2026-03-09 13:33:54,2341720032,MOVE_RENAME_FILE,tp06.ipynb → None/tp16.ipynb
2026-03-09 13:33:54,2341720032,MOVE_RENAME_FILE,tp07.ipynb → None/tp17.ipynb
2026-03-09 13:33:54,2341720032,MOVE_RENAME_FILE,tp08.ipynb → None/tp18.ipynb
2026-03-09 13:33:54,2341720032,MOVE_RENAME_FILE,tp09.ipynb → None/tp19.ipynb
2026-03-09 13:33:54,2341720032,MOVE_RENAME_FILE,tp10.ipynb → None/tp20.ipynb
2026-03-09 13:33:54,2341720035,MOVE_RENAME_FILE,p01.ipynb → None/p01.ipynb
2026-03-09 13:33:54,2341720035,MOVE_RENAME_FILE,p02.ipynb → None/p02.ipynb
2026-03-09 13:33:55,2341720035,MOVE_RENAME_FILE,p03.ipynb → None/p03.ipynb
2026-03-09 13:33:55,2341720035,MOVE_RENAME_FILE,p04.ipynb → None/p04.ipynb
2026-03-09 13:33:55,2341720035,MOVE_RENAME_FILE,tp01.ipynb → None/tp01.ipynb
2026-03-09 13:33:55,2341720035,MOVE_RENAME_FILE,p01.ipynb → None/p01.ipynb
2026-03-09 13:33:55,2341720035,MOVE_RENAME_FILE,p02.ipynb → None/p02.ipynb
2026-03-09 13:33:55,2341720035,MOVE_RENAME_FILE,p03.ipynb → None/p03.ipynb
2026-03-09 13:33:55,2341720035,MOVE_RENAME_FILE,p04.ipynb → None/p04.ipynb
2026-03-09 13:33:55,2341720035,MOVE_RENAME_FILE,tp01.ipynb → None/tp02.ipynb
2026-03-09 13:33:55,2341720035,MOVE_RENAME_FILE,p01.ipynb → None/p01.ipynb
2026-03-09 13:33:55,2341720035,MOVE_RENAME_FILE,p02.ipynb → None/p02.ipynb
2026-03-09 13:33:55,2341720035,MOVE_RENAME_FILE,p03.ipynb → None/p03.ipynb
2026-03-09 13:33:55,2341720035,MOVE_RENAME_FILE,tp01.ipynb → None/tp03.ipynb
2026-03-09 13:33:55,2341720035,MOVE_RENAME_FILE,p01.ipynb → None/p01.ipynb
2026-03-09 13:33:55,2341720035,MOVE_RENAME_FILE,p02.ipynb → None/p02.ipynb
2026-03-09 13:33:55,2341720035,MOVE_RENAME_FILE,tp01.ipynb → None/tp04.ipynb
2026-03-09 13:33:56,2341720035,MOVE_RENAME_FILE,p01.ipynb → None/p01.ipynb
2026-03-09 13:33:56,2341720035,MOVE_RENAME_FILE,p02.ipynb → None/p02.ipynb
2026-03-09 13:33:56,2341720035,MOVE_RENAME_FILE,tp01.ipynb → None/tp05.ipynb
2026-03-09 13:33:56,2341720035,MOVE_RENAME_FILE,p01.ipynb → None/p01.ipynb
2026-03-09 13:33:56,2341720035,MOVE_RENAME_FILE,p02.ipynb → None/p02.ipynb
2026-03-09 13:33:56,2341720035,MOVE_RENAME_FILE,p03.ipynb → None/p03.ipynb
2026-03-09 13:33:56,2341720035,MOVE_RENAME_FILE,p04.ipynb → None/p04.ipynb
2026-03-09 13:33:56,2341720035,MOVE_RENAME_FILE,p05.ipynb → None/p05.ipynb
2026-03-09 13:33:56,2341720035,MOVE_RENAME_FILE,p06.ipynb → None/p06.ipynb
2026-03-09 13:33:56,2341720035,MOVE_RENAME_FILE,tp01.ipynb → None/tp06.ipynb
2026-03-09 13:33:56,2341720035,MOVE_RENAME_FILE,tp01.ipynb → None/tp07.ipynb
2026-03-09 13:33:56,2341720035,MOVE_RENAME_FILE,p01.ipynb → None/p01.ipynb
2026-03-09 13:33:56,2341720035,MOVE_RENAME_FILE,p02.ipynb → None/p02.ipynb
2026-03-09 13:33:56,2341720035,MOVE_RENAME_FILE,p03.ipynb → None/p03.ipynb
2026-03-09 13:33:56,2341720035,MOVE_RENAME_FILE,tp01.ipynb → None/tp08.ipynb
2026-03-09 13:33:56,2341720035,MOVE_RENAME_FILE,tp02.ipynb → None/tp09.ipynb
2026-03-09 13:33:56,2341720035,MOVE_RENAME_FILE,p01.ipynb → None/p01.ipynb
2026-03-09 13:33:56,2341720035,MOVE_RENAME_FILE,p02.ipynb → None/p02.ipynb
2026-03-09 13:33:56,2341720035,MOVE_RENAME_FILE,p03.ipynb → None/p03.ipynb
2026-03-09 13:33:56,2341720035,MOVE_RENAME_FILE,p04.ipynb → None/p04.ipynb
2026-03-09 13:33:56,2341720035,MOVE_RENAME_FILE,p05.ipynb → None/p05.ipynb
2026-03-09 13:33:56,2341720035,MOVE_RENAME_FILE,tp01.ipynb → None/tp10.ipynb
2026-03-09 13:33:56,2341720035,MOVE_RENAME_FILE,p01.ipynb → None/p01.ipynb
2026-03-09 13:33:56,2341720035,MOVE_RENAME_FILE,p02.ipynb → None/p02.ipynb
2026-03-09 13:33:56,2341720035,MOVE_RENAME_FILE,p03.ipynb → None/p03.ipynb
2026-03-09 13:33:56,2341720035,MOVE_RENAME_FILE,tp01.ipynb → None/tp11.ipynb
2026-03-09 13:33:56,2341720035,MOVE_RENAME_FILE,p01.ipynb → None/p01.ipynb
2026-03-09 13:33:56,2341720035,MOVE_RENAME_FILE,p02.ipynb → None/p02.ipynb
2026-03-09 13:33:56,2341720035,MOVE_RENAME_FILE,tp01.ipynb → None/tp12.ipynb
2026-03-09 13:33:56,2341720035,MOVE_RENAME_FILE,p01.ipynb → None/p01.ipynb
2026-03-09 13:33:56,2341720035,MOVE_RENAME_FILE,tp01.ipynb → None/tp13.ipynb
2026-03-09 13:33:56,2341720035,MOVE_RENAME_FILE,tp02.ipynb → None/tp14.ipynb
2026-03-09 13:33:56,2341720035,MOVE_RENAME_FILE,tp03.ipynb → None/tp15.ipynb
2026-03-09 13:33:56,2341720035,MOVE_RENAME_FILE,tp04.ipynb → None/tp16.ipynb
2026-03-09 13:33:56,2341720035,MOVE_RENAME_FILE,tp05.ipynb → None/tp17.ipynb
2026-03-09 13:33:56,2341720035,MOVE_RENAME_FILE,tp06.ipynb → None/tp18.ipynb
2026-03-09 13:33:56,2341720035,MOVE_RENAME_FILE,tp07.ipynb → None/tp19.ipynb
2026-03-09 13:33:56,2341720035,MOVE_RENAME_FILE,tp08.ipynb → None/tp20.ipynb
2026-03-09 13:33:56,2341720035,MOVE_RENAME_FILE,tp09.ipynb → None/tp21.ipynb
2026-03-09 13:33:56,2341720035,MOVE_RENAME_FILE,tp10.ipynb → None/tp22.ipynb
2026-03-09 13:33:56,2341720035,MOVE_RENAME_FILE,tp11.ipynb → None/tp23.ipynb
2026-03-09 13:33:56,2341720035,MOVE_RENAME_FILE,tp12.ipynb → None/tp24.ipynb
2026-03-09 13:33:57,2341720040,MOVE_RENAME_FILE,p01.ipynb → None/p01.ipynb
2026-03-09 13:33:57,2341720040,MOVE_RENAME_FILE,p01.ipynb → None/p01.ipynb
2026-03-09 13:33:57,2341720040,MOVE_RENAME_FILE,p02.ipynb → None/p02.ipynb
2026-03-09 13:33:57,2341720040,MOVE_RENAME_FILE,p03.ipynb → None/p03.ipynb
2026-03-09 13:33:57,2341720040,MOVE_RENAME_FILE,p04.ipynb → None/p04.ipynb
2026-03-09 13:33:57,2341720040,MOVE_RENAME_FILE,p01.ipynb → None/p01.ipynb
2026-03-09 13:33:57,2341720040,MOVE_RENAME_FILE,p02.ipynb → None/p02.ipynb
2026-03-09 13:33:57,2341720040,MOVE_RENAME_FILE,p03.ipynb → None/p03.ipynb
2026-03-09 13:33:57,2341720040,MOVE_RENAME_FILE,tp01.ipynb → None/tp01.ipynb
2026-03-09 13:33:57,2341720040,MOVE_RENAME_FILE,p01.ipynb → None/p01.ipynb
2026-03-09 13:33:57,2341720040,MOVE_RENAME_FILE,p02.ipynb → None/p02.ipynb
2026-03-09 13:33:57,2341720040,MOVE_RENAME_FILE,p03.ipynb → None/p03.ipynb
2026-03-09 13:33:57,2341720040,MOVE_RENAME_FILE,tp01.ipynb → None/tp02.ipynb
2026-03-09 13:33:57,2341720040,MOVE_RENAME_FILE,p01.ipynb → None/p01.ipynb
2026-03-09 13:33:57,2341720040,MOVE_RENAME_FILE,p02.ipynb → None/p02.ipynb
2026-03-09 13:33:57,2341720040,MOVE_RENAME_FILE,p03.ipynb → None/p03.ipynb
2026-03-09 13:33:57,2341720040,MOVE_RENAME_FILE,p04.ipynb → None/p04.ipynb
2026-03-09 13:33:57,2341720040,MOVE_RENAME_FILE,p05.ipynb → None/p05.ipynb
2026-03-09 13:33:57,2341720040,MOVE_RENAME_FILE,p06.ipynb → None/p06.ipynb
2026-03-09 13:33:57,2341720040,MOVE_RENAME_FILE,tp01.ipynb → None/tp03.ipynb
2026-03-09 13:33:57,2341720040,MOVE_RENAME_FILE,tp01.ipynb → None/tp04.ipynb
2026-03-09 13:33:57,2341720040,MOVE_RENAME_FILE,p01.ipynb → None/p01.ipynb
2026-03-09 13:33:57,2341720040,MOVE_RENAME_FILE,p02.ipynb → None/p02.ipynb
2026-03-09 13:33:57,2341720040,MOVE_RENAME_FILE,tp01.ipynb → None/tp05.ipynb
2026-03-09 13:33:57,2341720040,MOVE_RENAME_FILE,p01.ipynb → None/p01.ipynb
2026-03-09 13:33:57,2341720040,MOVE_RENAME_FILE,p02.ipynb → None/p02.ipynb
2026-03-09 13:33:57,2341720040,MOVE_RENAME_FILE,p03.ipynb → None/p03.ipynb
2026-03-09 13:33:57,2341720040,MOVE_RENAME_FILE,tp01.ipynb → None/tp06.ipynb
2026-03-09 13:33:57,2341720040,MOVE_RENAME_FILE,tp02.ipynb → None/tp07.ipynb
2026-03-09 13:33:57,2341720040,MOVE_RENAME_FILE,p01.ipynb → None/p01.ipynb
2026-03-09 13:33:57,2341720040,MOVE_RENAME_FILE,p02.ipynb → None/p02.ipynb
2026-03-09 13:33:57,2341720040,MOVE_RENAME_FILE,p03.ipynb → None/p03.ipynb
2026-03-09 13:33:57,2341720040,MOVE_RENAME_FILE,p04.ipynb → None/p04.ipynb
2026-03-09 13:33:57,2341720040,MOVE_RENAME_FILE,p05.ipynb → None/p05.ipynb
2026-03-09 13:33:57,2341720040,MOVE_RENAME_FILE,tp01.ipynb → None/tp08.ipynb
2026-03-09 13:33:57,2341720040,MOVE_RENAME_FILE,p01.ipynb → None/p01.ipynb
2026-03-09 13:33:57,2341720040,MOVE_RENAME_FILE,p02.ipynb → None/p02.ipynb
2026-03-09 13:33:58,2341720040,MOVE_RENAME_FILE,p03.ipynb → None/p03.ipynb
2026-03-09 13:33:58,2341720040,MOVE_RENAME_FILE,tp01.ipynb → None/tp09.ipynb
2026-03-09 13:33:58,2341720040,MOVE_RENAME_FILE,p01.ipynb → None/p01.ipynb
2026-03-09 13:33:58,2341720040,MOVE_RENAME_FILE,p02.ipynb → None/p02.ipynb
2026-03-09 13:33:58,2341720040,MOVE_RENAME_FILE,tp01.ipynb → None/tp10.ipynb
2026-03-09 13:33:58,2341720040,MOVE_RENAME_FILE,tp01.ipynb → None/tp11.ipynb
2026-03-09 13:33:58,2341720040,MOVE_RENAME_FILE,tp02.ipynb → None/tp12.ipynb
2026-03-09 13:33:58,2341720040,MOVE_RENAME_FILE,tp03.ipynb → None/tp13.ipynb
2026-03-09 13:33:58,2341720040,MOVE_RENAME_FILE,tp04.ipynb → None/tp14.ipynb
2026-03-09 13:33:58,2341720040,MOVE_RENAME_FILE,tp05.ipynb → None/tp15.ipynb
2026-03-09 13:33:58,2341720040,MOVE_RENAME_FILE,tp06.ipynb → None/tp16.ipynb
2026-03-09 13:33:58,2341720040,MOVE_RENAME_FILE,tp07.ipynb → None/tp17.ipynb
2026-03-09 13:33:58,2341720040,MOVE_RENAME_FILE,tp08.ipynb → None/tp18.ipynb
2026-03-09 13:33:58,2341720040,MOVE_RENAME_FILE,tp09.ipynb → None/tp19.ipynb
2026-03-09 13:33:58,2341720040,MOVE_RENAME_FILE,tp10.ipynb → None/tp20.ipynb
2026-03-09 13:33:58,2341720041,MOVE_RENAME_FILE,p01.ipynb → None/p01.ipynb
2026-03-09 13:33:58,2341720041,MOVE_RENAME_FILE,p01.ipynb → None/p01.ipynb
2026-03-09 13:33:58,2341720041,MOVE_RENAME_FILE,p02.ipynb → None/p02.ipynb
2026-03-09 13:33:58,2341720041,MOVE_RENAME_FILE,p03.ipynb → None/p03.ipynb
2026-03-09 13:33:58,2341720041,MOVE_RENAME_FILE,p04.ipynb → None/p04.ipynb
2026-03-09 13:33:58,2341720041,MOVE_RENAME_FILE,tp01.ipynb → None/tp01.ipynb
2026-03-09 13:33:58,2341720041,MOVE_RENAME_FILE,p01.ipynb → None/p01.ipynb
2026-03-09 13:33:58,2341720041,MOVE_RENAME_FILE,p02.ipynb → None/p02.ipynb
2026-03-09 13:33:58,2341720041,MOVE_RENAME_FILE,p03.ipynb → None/p03.ipynb
2026-03-09 13:33:58,2341720041,MOVE_RENAME_FILE,p04.ipynb → None/p04.ipynb
2026-03-09 13:33:58,2341720041,MOVE_RENAME_FILE,tp01.ipynb → None/tp02.ipynb
2026-03-09 13:33:58,2341720041,MOVE_RENAME_FILE,p01.ipynb → None/p01.ipynb
2026-03-09 13:33:58,2341720041,MOVE_RENAME_FILE,p02.ipynb → None/p02.ipynb
2026-03-09 13:33:58,2341720041,MOVE_RENAME_FILE,p03.ipynb → None/p03.ipynb
2026-03-09 13:33:58,2341720041,MOVE_RENAME_FILE,tp01.ipynb → None/tp03.ipynb
2026-03-09 13:33:58,2341720041,MOVE_RENAME_FILE,p01.ipynb → None/p01.ipynb
2026-03-09 13:33:58,2341720041,MOVE_RENAME_FILE,p02.ipynb → None/p02.ipynb
2026-03-09 13:33:58,2341720041,MOVE_RENAME_FILE,tp01.ipynb → None/tp04.ipynb
2026-03-09 13:33:58,2341720041,MOVE_RENAME_FILE,p01.ipynb → None/p01.ipynb
2026-03-09 13:33:58,2341720041,MOVE_RENAME_FILE,p02.ipynb → None/p02.ipynb
2026-03-09 13:33:58,2341720041,MOVE_RENAME_FILE,p01.ipynb → None/p01.ipynb
2026-03-09 13:33:58,2341720041,MOVE_RENAME_FILE,p02.ipynb → None/p02.ipynb
2026-03-09 13:33:58,2341720041,MOVE_RENAME_FILE,p03.ipynb → None/p03.ipynb
2026-03-09 13:33:58,2341720041,MOVE_RENAME_FILE,p04.ipynb → None/p04.ipynb
2026-03-09 13:33:58,2341720041,MOVE_RENAME_FILE,p05.ipynb → None/p05.ipynb
2026-03-09 13:33:58,2341720041,MOVE_RENAME_FILE,p06.ipynb → None/p06.ipynb
2026-03-09 13:33:58,2341720041,MOVE_RENAME_FILE,tp01.ipynb → None/tp05.ipynb
2026-03-09 13:33:58,2341720041,MOVE_RENAME_FILE,p01.ipynb → None/p01.ipynb
2026-03-09 13:33:59,2341720041,MOVE_RENAME_FILE,p02.ipynb → None/p02.ipynb
2026-03-09 13:33:59,2341720041,MOVE_RENAME_FILE,p03.ipynb → None/p03.ipynb
2026-03-09 13:33:59,2341720041,MOVE_RENAME_FILE,tp01.ipynb → None/tp06.ipynb
2026-03-09 13:33:59,2341720041,MOVE_RENAME_FILE,tp02.ipynb → None/tp07.ipynb
2026-03-09 13:33:59,2341720041,MOVE_RENAME_FILE,p01.ipynb → None/p01.ipynb
2026-03-09 13:33:59,2341720041,MOVE_RENAME_FILE,p02.ipynb → None/p02.ipynb
2026-03-09 13:33:59,2341720041,MOVE_RENAME_FILE,p03.ipynb → None/p03.ipynb
2026-03-09 13:33:59,2341720041,MOVE_RENAME_FILE,p04.ipynb → None/p04.ipynb
2026-03-09 13:33:59,2341720041,MOVE_RENAME_FILE,p05.ipynb → None/p05.ipynb
2026-03-09 13:33:59,2341720041,MOVE_RENAME_FILE,tp01.ipynb → None/tp08.ipynb
2026-03-09 13:33:59,2341720041,MOVE_RENAME_FILE,p02.ipynb → None/p02.ipynb
2026-03-09 13:33:59,2341720041,MOVE_RENAME_FILE,p03.ipynb → None/p03.ipynb
2026-03-09 13:33:59,2341720041,MOVE_RENAME_FILE,tp01.ipynb → None/tp09.ipynb
2026-03-09 13:33:59,2341720041,MOVE_RENAME_FILE,p01.ipynb → None/p01.ipynb
2026-03-09 13:33:59,2341720041,MOVE_RENAME_FILE,p02.ipynb → None/p02.ipynb
2026-03-09 13:33:59,2341720041,MOVE_RENAME_FILE,tp01.ipynb → None/tp10.ipynb
2026-03-09 13:33:59,2341720041,MOVE_RENAME_FILE,p01.ipynb → None/p01.ipynb
2026-03-09 13:33:59,2341720041,MOVE_RENAME_FILE,p02.ipynb → None/p02.ipynb
2026-03-09 13:33:59,2341720041,MOVE_RENAME_FILE,tp01.ipynb → None/tp11.ipynb
2026-03-09 13:33:59,2341720041,MOVE_RENAME_FILE,tp02.ipynb → None/tp12.ipynb
2026-03-09 13:33:59,2341720041,MOVE_RENAME_FILE,tp03.ipynb → None/tp13.ipynb
2026-03-09 13:33:59,2341720041,MOVE_RENAME_FILE,tp04.ipynb → None/tp14.ipynb
2026-03-09 13:33:59,2341720041,MOVE_RENAME_FILE,tp05.ipynb → None/tp15.ipynb
2026-03-09 13:33:59,2341720041,MOVE_RENAME_FILE,tp06.ipynb → None/tp16.ipynb
2026-03-09 13:33:59,2341720041,MOVE_RENAME_FILE,tp07.ipynb → None/tp17.ipynb
2026-03-09 13:33:59,2341720041,MOVE_RENAME_FILE,tp08.ipynb → None/tp18.ipynb
2026-03-09 13:33:59,2341720041,MOVE_RENAME_FILE,tp09.ipynb → None/tp19.ipynb
2026-03-09 13:33:59,2341720041,MOVE_RENAME_FILE,tp10.ipynb → None/tp20.ipynb
2026-03-09 13:33:59,2341720047,MOVE_RENAME_FILE,p01.ipynb → None/p01.ipynb
2026-03-09 13:33:59,2341720047,MOVE_RENAME_FILE,tp01.ipynb → None/tp01.ipynb
2026-03-09 13:33:59,2341720047,MOVE_RENAME_FILE,p01.ipynb → None/p01.ipynb
2026-03-09 13:33:59,2341720047,MOVE_RENAME_FILE,p02.ipynb → None/p02.ipynb
2026-03-09 13:33:59,2341720047,MOVE_RENAME_FILE,p03.ipynb → None/p03.ipynb
2026-03-09 13:33:59,2341720047,MOVE_RENAME_FILE,p04.ipynb → None/p04.ipynb
2026-03-09 13:33:59,2341720047,MOVE_RENAME_FILE,tp01.ipynb → None/tp02.ipynb
2026-03-09 13:33:59,2341720047,MOVE_RENAME_FILE,p01.ipynb → None/p01.ipynb
2026-03-09 13:34:00,2341720047,MOVE_RENAME_FILE,p02.ipynb → None/p02.ipynb
2026-03-09 13:34:00,2341720047,MOVE_RENAME_FILE,p03.ipynb → None/p03.ipynb
2026-03-09 13:34:00,2341720047,MOVE_RENAME_FILE,p04.ipynb → None/p04.ipynb
2026-03-09 13:34:00,2341720047,MOVE_RENAME_FILE,tp01.ipynb → None/tp03.ipynb
2026-03-09 13:34:00,2341720047,MOVE_RENAME_FILE,p01.ipynb → None/p01.ipynb
2026-03-09 13:34:00,2341720047,MOVE_RENAME_FILE,p02.ipynb → None/p02.ipynb
2026-03-09 13:34:00,2341720047,MOVE_RENAME_FILE,p03.ipynb → None/p03.ipynb
2026-03-09 13:34:00,2341720047,MOVE_RENAME_FILE,tp01.ipynb → None/tp04.ipynb
2026-03-09 13:34:00,2341720047,MOVE_RENAME_FILE,p01.ipynb → None/p01.ipynb
2026-03-09 13:34:00,2341720047,MOVE_RENAME_FILE,p02.ipynb → None/p02.ipynb
2026-03-09 13:34:00,2341720047,MOVE_RENAME_FILE,tp01.ipynb → None/tp05.ipynb
2026-03-09 13:34:00,2341720047,MOVE_RENAME_FILE,p01.ipynb → None/p01.ipynb
2026-03-09 13:34:00,2341720047,MOVE_RENAME_FILE,p02.ipynb → None/p02.ipynb
2026-03-09 13:34:00,2341720047,MOVE_RENAME_FILE,tp01.ipynb → None/tp06.ipynb
2026-03-09 13:34:00,2341720047,MOVE_RENAME_FILE,p01.ipynb → None/p01.ipynb
2026-03-09 13:34:00,2341720047,MOVE_RENAME_FILE,p02.ipynb → None/p02.ipynb
2026-03-09 13:34:00,2341720047,MOVE_RENAME_FILE,p03.ipynb → None/p03.ipynb
2026-03-09 13:34:00,2341720047,MOVE_RENAME_FILE,p04.ipynb → None/p04.ipynb
2026-03-09 13:34:00,2341720047,MOVE_RENAME_FILE,p05.ipynb → None/p05.ipynb
2026-03-09 13:34:00,2341720047,MOVE_RENAME_FILE,p06.ipynb → None/p06.ipynb
2026-03-09 13:34:00,2341720047,MOVE_RENAME_FILE,tp01.ipynb → None/tp07.ipynb
2026-03-09 13:34:00,2341720047,MOVE_RENAME_FILE,tp01.ipynb → None/tp08.ipynb
2026-03-09 13:34:00,2341720047,MOVE_RENAME_FILE,p01.ipynb → None/p01.ipynb
2026-03-09 13:34:00,2341720047,MOVE_RENAME_FILE,p02.ipynb → None/p02.ipynb
2026-03-09 13:34:00,2341720047,MOVE_RENAME_FILE,p03.ipynb → None/p03.ipynb
2026-03-09 13:34:00,2341720047,MOVE_RENAME_FILE,tp01.ipynb → None/tp09.ipynb
2026-03-09 13:34:00,2341720047,MOVE_RENAME_FILE,tp02.ipynb → None/tp10.ipynb
2026-03-09 13:34:00,2341720047,MOVE_RENAME_FILE,p01.ipynb → None/p01.ipynb
2026-03-09 13:34:00,2341720047,MOVE_RENAME_FILE,p02.ipynb → None/p02.ipynb
2026-03-09 13:34:00,2341720047,MOVE_RENAME_FILE,p03.ipynb → None/p03.ipynb
2026-03-09 13:34:00,2341720047,MOVE_RENAME_FILE,p04.ipynb → None/p04.ipynb
2026-03-09 13:34:00,2341720047,MOVE_RENAME_FILE,p05.ipynb → None/p05.ipynb
2026-03-09 13:34:00,2341720047,MOVE_RENAME_FILE,tp01.ipynb → None/tp11.ipynb
2026-03-09 13:34:00,2341720047,MOVE_RENAME_FILE,p01.ipynb → None/p01.ipynb
2026-03-09 13:34:00,2341720047,MOVE_RENAME_FILE,p02.ipynb → None/p02.ipynb
2026-03-09 13:34:00,2341720047,MOVE_RENAME_FILE,p03.ipynb → None/p03.ipynb
2026-03-09 13:34:00,2341720047,MOVE_RENAME_FILE,tp01.ipynb → None/tp12.ipynb
2026-03-09 13:34:01,2341720047,MOVE_RENAME_FILE,p01.ipynb → None/p01.ipynb
2026-03-09 13:34:01,2341720047,MOVE_RENAME_FILE,p02.ipynb → None/p02.ipynb
2026-03-09 13:34:01,2341720047,MOVE_RENAME_FILE,tp01.ipynb → None/tp13.ipynb
2026-03-09 13:34:01,2341720047,MOVE_RENAME_FILE,app.py → None/app.py
2026-03-09 13:34:01,2341720047,MOVE_RENAME_FILE,p01.ipynb → None/p01.ipynb
2026-03-09 13:34:01,2341720047,MOVE_RENAME_FILE,tp01.ipynb → None/tp14.ipynb
2026-03-09 13:34:01,2341720047,MOVE_RENAME_FILE,tp02.ipynb → None/tp15.ipynb
2026-03-09 13:34:01,2341720047,MOVE_RENAME_FILE,tp03.ipynb → None/tp16.ipynb
2026-03-09 13:34:01,2341720047,MOVE_RENAME_FILE,tp04.ipynb → None/tp17.ipynb
2026-03-09 13:34:01,2341720047,MOVE_RENAME_FILE,tp05.ipynb → None/tp18.ipynb
2026-03-09 13:34:01,2341720047,MOVE_RENAME_FILE,tp06.ipynb → None/tp19.ipynb
2026-03-09 13:34:01,2341720047,MOVE_RENAME_FILE,tp07.ipynb → None/tp20.ipynb
2026-03-09 13:34:01,2341720047,MOVE_RENAME_FILE,tp08.ipynb → None/tp21.ipynb
2026-03-09 13:34:01,2341720047,MOVE_RENAME_FILE,tp09.ipynb → None/tp22.ipynb
2026-03-09 13:34:01,2341720047,MOVE_RENAME_FILE,tp10.ipynb → None/tp23.ipynb
2026-03-09 13:34:01,2341720047,MOVE_RENAME_FILE,tp11.ipynb → None/tp24.ipynb
2026-03-09 13:34:01,2341720047,MOVE_RENAME_FILE,tp12.ipynb → None/tp25.ipynb
2026-03-09 13:34:01,2341720047,MOVE_RENAME_FILE,tp13.ipynb → None/tp26.ipynb
2026-03-09 13:34:01,2341720057,MOVE_RENAME_FILE,p01.ipynb → None/p01.ipynb
2026-03-09 13:34:01,2341720057,MOVE_RENAME_FILE,p02.ipynb → None/p02.ipynb
2026-03-09 13:34:01,2341720057,MOVE_RENAME_FILE,p03.ipynb → None/p03.ipynb
2026-03-09 13:34:01,2341720057,MOVE_RENAME_FILE,p04.ipynb → None/p04.ipynb
2026-03-09 13:34:01,2341720057,MOVE_RENAME_FILE,tp01.ipynb → None/tp01.ipynb
2026-03-09 13:34:01,2341720057,MOVE_RENAME_FILE,p01.ipynb → None/p01.ipynb
2026-03-09 13:34:01,2341720057,MOVE_RENAME_FILE,p02.ipynb → None/p02.ipynb
2026-03-09 13:34:01,2341720057,MOVE_RENAME_FILE,p03.ipynb → None/p03.ipynb
2026-03-09 13:34:02,2341720057,MOVE_RENAME_FILE,p04.ipynb → None/p04.ipynb
2026-03-09 13:34:02,2341720057,MOVE_RENAME_FILE,tp01.ipynb → None/tp02.ipynb
2026-03-09 13:34:02,2341720057,MOVE_RENAME_FILE,p01.ipynb → None/p01.ipynb
2026-03-09 13:34:02,2341720057,MOVE_RENAME_FILE,p02.ipynb → None/p02.ipynb
2026-03-09 13:34:02,2341720057,MOVE_RENAME_FILE,p03.ipynb → None/p03.ipynb
2026-03-09 13:34:02,2341720057,MOVE_RENAME_FILE,tp01.ipynb → None/tp03.ipynb
2026-03-09 13:34:02,2341720057,MOVE_RENAME_FILE,p01.ipynb → None/p01.ipynb
2026-03-09 13:34:02,2341720057,MOVE_RENAME_FILE,p02.ipynb → None/p02.ipynb
2026-03-09 13:34:02,2341720057,MOVE_RENAME_FILE,tp01.ipynb → None/tp04.ipynb
2026-03-09 13:34:02,2341720057,MOVE_RENAME_FILE,p01.ipynb → None/p01.ipynb
2026-03-09 13:34:02,2341720057,MOVE_RENAME_FILE,p02.ipynb → None/p02.ipynb
2026-03-09 13:34:02,2341720057,MOVE_RENAME_FILE,tp01.ipynb → None/tp05.ipynb
2026-03-09 13:34:02,2341720057,MOVE_RENAME_FILE,p01.ipynb → None/p01.ipynb
2026-03-09 13:34:02,2341720057,MOVE_RENAME_FILE,p02.ipynb → None/p02.ipynb
2026-03-09 13:34:02,2341720057,MOVE_RENAME_FILE,p03.ipynb → None/p03.ipynb
2026-03-09 13:34:02,2341720057,MOVE_RENAME_FILE,p04.ipynb → None/p04.ipynb
2026-03-09 13:34:02,2341720057,MOVE_RENAME_FILE,p05.ipynb → None/p05.ipynb
2026-03-09 13:34:02,2341720057,MOVE_RENAME_FILE,p06.ipynb → None/p06.ipynb
2026-03-09 13:34:02,2341720057,MOVE_RENAME_FILE,tp01.ipynb → None/tp06.ipynb
2026-03-09 13:34:02,2341720057,MOVE_RENAME_FILE,tp01.ipynb → None/tp07.ipynb
2026-03-09 13:34:03,2341720057,MOVE_RENAME_FILE,p01.ipynb → None/p01.ipynb
2026-03-09 13:34:03,2341720057,MOVE_RENAME_FILE,p02.ipynb → None/p02.ipynb
2026-03-09 13:34:03,2341720057,MOVE_RENAME_FILE,p03.ipynb → None/p03.ipynb
2026-03-09 13:34:03,2341720057,MOVE_RENAME_FILE,tp01.ipynb → None/tp08.ipynb
2026-03-09 13:34:03,2341720057,MOVE_RENAME_FILE,tp02.ipynb → None/tp09.ipynb
2026-03-09 13:34:03,2341720057,MOVE_RENAME_FILE,p01.ipynb → None/p01.ipynb
2026-03-09 13:34:03,2341720057,MOVE_RENAME_FILE,p02.ipynb → None/p02.ipynb
2026-03-09 13:34:03,2341720057,MOVE_RENAME_FILE,p03.ipynb → None/p03.ipynb
2026-03-09 13:34:03,2341720057,MOVE_RENAME_FILE,p04.ipynb → None/p04.ipynb
2026-03-09 13:34:03,2341720057,MOVE_RENAME_FILE,p05.ipynb → None/p05.ipynb
2026-03-09 13:34:03,2341720057,MOVE_RENAME_FILE,tp01.ipynb → None/tp10.ipynb
2026-03-09 13:34:03,2341720057,MOVE_RENAME_FILE,p01.ipynb → None/p01.ipynb
2026-03-09 13:34:03,2341720057,MOVE_RENAME_FILE,p02.ipynb → None/p02.ipynb
2026-03-09 13:34:03,2341720057,MOVE_RENAME_FILE,p03.ipynb → None/p03.ipynb
2026-03-09 13:34:03,2341720057,MOVE_RENAME_FILE,tp01.ipynb → None/tp11.ipynb
2026-03-09 13:34:03,2341720057,MOVE_RENAME_FILE,p01.ipynb → None/p01.ipynb
2026-03-09 13:34:03,2341720057,MOVE_RENAME_FILE,p02.ipynb → None/p02.ipynb
2026-03-09 13:34:03,2341720057,MOVE_RENAME_FILE,tp01.ipynb → None/tp12.ipynb
2026-03-09 13:34:03,2341720057,MOVE_RENAME_FILE,p01.ipynb → None/p01.ipynb
2026-03-09 13:34:03,2341720057,MOVE_RENAME_FILE,tp01.ipynb → None/tp13.ipynb
2026-03-09 13:34:03,2341720057,MOVE_RENAME_FILE,tp02.ipynb → None/tp14.ipynb
2026-03-09 13:34:03,2341720057,MOVE_RENAME_FILE,tp03.ipynb → None/tp15.ipynb
2026-03-09 13:34:03,2341720057,MOVE_RENAME_FILE,tp04.ipynb → None/tp16.ipynb
2026-03-09 13:34:03,2341720057,MOVE_RENAME_FILE,tp05.ipynb → None/tp17.ipynb
2026-03-09 13:34:03,2341720057,MOVE_RENAME_FILE,tp06.ipynb → None/tp18.ipynb
2026-03-09 13:34:03,2341720057,MOVE_RENAME_FILE,tp07.ipynb → None/tp19.ipynb
2026-03-09 13:34:03,2341720057,MOVE_RENAME_FILE,tp08.ipynb → None/tp20.ipynb
2026-03-09 13:34:03,2341720057,MOVE_RENAME_FILE,tp09.ipynb → None/tp21.ipynb
2026-03-09 13:34:03,2341720057,MOVE_RENAME_FILE,tp10.ipynb → None/tp22.ipynb
2026-03-09 13:34:03,2341720057,MOVE_RENAME_FILE,tp11.ipynb → None/tp23.ipynb
2026-03-09 13:34:03,2341720057,MOVE_RENAME_FILE,tp12.ipynb → None/tp24.ipynb
2026-03-09 13:34:03,2341720062,MOVE_RENAME_FILE,p01.ipynb → None/p01.ipynb
2026-03-09 13:34:03,2341720062,MOVE_RENAME_FILE,tp01.ipynb → None/tp01.ipynb
2026-03-09 13:34:03,2341720062,MOVE_RENAME_FILE,tp02.ipynb → None/tp02.ipynb
2026-03-09 13:34:03,2341720062,MOVE_RENAME_FILE,p01.ipynb → None/p01.ipynb
2026-03-09 13:34:03,2341720062,MOVE_RENAME_FILE,p02.ipynb → None/p02.ipynb
2026-03-09 13:34:03,2341720062,MOVE_RENAME_FILE,tp01.ipynb → None/tp03.ipynb
2026-03-09 13:34:03,2341720062,MOVE_RENAME_FILE,p01.ipynb → None/p01.ipynb
2026-03-09 13:34:03,2341720062,MOVE_RENAME_FILE,p02.ipynb → None/p02.ipynb
2026-03-09 13:34:03,2341720062,MOVE_RENAME_FILE,p03.ipynb → None/p03.ipynb
2026-03-09 13:34:03,2341720062,MOVE_RENAME_FILE,p01.ipynb → None/p01.ipynb
2026-03-09 13:34:04,2341720062,MOVE_RENAME_FILE,p02.ipynb → None/p02.ipynb
2026-03-09 13:34:04,2341720062,MOVE_RENAME_FILE,p03.ipynb → None/p03.ipynb
2026-03-09 13:34:04,2341720062,MOVE_RENAME_FILE,tp01.ipynb → None/tp04.ipynb
2026-03-09 13:34:04,2341720062,MOVE_RENAME_FILE,p01.ipynb → None/p01.ipynb
2026-03-09 13:34:04,2341720062,MOVE_RENAME_FILE,p02.ipynb → None/p02.ipynb
2026-03-09 13:34:04,2341720062,MOVE_RENAME_FILE,tp01.ipynb → None/tp05.ipynb
2026-03-09 13:34:04,2341720062,MOVE_RENAME_FILE,p01.ipynb → None/p01.ipynb
2026-03-09 13:34:04,2341720062,MOVE_RENAME_FILE,p02.ipynb → None/p02.ipynb
2026-03-09 13:34:04,2341720062,MOVE_RENAME_FILE,tp01.ipynb → None/tp06.ipynb
2026-03-09 13:34:04,2341720062,MOVE_RENAME_FILE,p01.ipynb → None/p01.ipynb
2026-03-09 13:34:04,2341720062,MOVE_RENAME_FILE,p02.ipynb → None/p02.ipynb
2026-03-09 13:34:04,2341720062,MOVE_RENAME_FILE,p03.ipynb → None/p03.ipynb
2026-03-09 13:34:04,2341720062,MOVE_RENAME_FILE,p04.ipynb → None/p04.ipynb
2026-03-09 13:34:04,2341720062,MOVE_RENAME_FILE,p05.ipynb → None/p05.ipynb
2026-03-09 13:34:04,2341720062,MOVE_RENAME_FILE,p06.ipynb → None/p06.ipynb
2026-03-09 13:34:04,2341720062,MOVE_RENAME_FILE,tp01.ipynb → None/tp07.ipynb
2026-03-09 13:34:04,2341720062,MOVE_RENAME_FILE,tp01.ipynb → None/tp08.ipynb
2026-03-09 13:34:04,2341720062,MOVE_RENAME_FILE,p01.ipynb → None/p01.ipynb
2026-03-09 13:34:04,2341720062,MOVE_RENAME_FILE,p02.ipynb → None/p02.ipynb
2026-03-09 13:34:05,2341720062,MOVE_RENAME_FILE,p03.ipynb → None/p03.ipynb
2026-03-09 13:34:05,2341720062,MOVE_RENAME_FILE,tp01.ipynb → None/tp09.ipynb
2026-03-09 13:34:05,2341720062,MOVE_RENAME_FILE,tp02.ipynb → None/tp10.ipynb
2026-03-09 13:34:05,2341720062,MOVE_RENAME_FILE,p01.ipynb → None/p01.ipynb
2026-03-09 13:34:05,2341720062,MOVE_RENAME_FILE,p02.ipynb → None/p02.ipynb
2026-03-09 13:34:05,2341720062,MOVE_RENAME_FILE,p03.ipynb → None/p03.ipynb
2026-03-09 13:34:05,2341720062,MOVE_RENAME_FILE,p04.ipynb → None/p04.ipynb
2026-03-09 13:34:05,2341720062,MOVE_RENAME_FILE,p05.ipynb → None/p05.ipynb
2026-03-09 13:34:05,2341720062,MOVE_RENAME_FILE,tp01.ipynb → None/tp11.ipynb
2026-03-09 13:34:05,2341720062,MOVE_RENAME_FILE,p01.ipynb → None/p01.ipynb
2026-03-09 13:34:05,2341720062,MOVE_RENAME_FILE,p02.ipynb → None/p02.ipynb
2026-03-09 13:34:05,2341720062,MOVE_RENAME_FILE,p03.ipynb → None/p03.ipynb
2026-03-09 13:34:05,2341720062,MOVE_RENAME_FILE,tp01.ipynb → None/tp12.ipynb
2026-03-09 13:34:05,2341720062,MOVE_RENAME_FILE,p01.ipynb → None/p01.ipynb
2026-03-09 13:34:05,2341720062,MOVE_RENAME_FILE,p02.ipynb → None/p02.ipynb
2026-03-09 13:34:05,2341720062,MOVE_RENAME_FILE,tp01.ipynb → None/tp13.ipynb
2026-03-09 13:34:05,2341720062,MOVE_RENAME_FILE,p01.ipynb → None/p01.ipynb
2026-03-09 13:34:05,2341720062,MOVE_RENAME_FILE,tp01.ipynb → None/tp14.ipynb
2026-03-09 13:34:05,2341720062,MOVE_RENAME_FILE,tp02.ipynb → None/tp15.ipynb
2026-03-09 13:34:05,2341720062,MOVE_RENAME_FILE,tp03.ipynb → None/tp16.ipynb
2026-03-09 13:34:05,2341720062,MOVE_RENAME_FILE,tp04.ipynb → None/tp17.ipynb
2026-03-09 13:34:05,2341720062,MOVE_RENAME_FILE,tp05.ipynb → None/tp18.ipynb
2026-03-09 13:34:05,2341720062,MOVE_RENAME_FILE,tp06.ipynb → None/tp19.ipynb
2026-03-09 13:34:05,2341720062,MOVE_RENAME_FILE,tp07.ipynb → None/tp20.ipynb
2026-03-09 13:34:05,2341720062,MOVE_RENAME_FILE,tp08.ipynb → None/tp21.ipynb
2026-03-09 13:34:05,2341720062,MOVE_RENAME_FILE,tp09.ipynb → None/tp22.ipynb
2026-03-09 13:34:05,2341720062,MOVE_RENAME_FILE,tp10.ipynb → None/tp23.ipynb
2026-03-09 13:34:05,2341720062,MOVE_RENAME_FILE,tp11.ipynb → None/tp24.ipynb
2026-03-09 13:34:05,2341720062,MOVE_RENAME_FILE,tp12.ipynb → None/tp25.ipynb
2026-03-09 13:34:05,2341720062,MOVE_RENAME_FILE,tp13.ipynb → None/tp26.ipynb
2026-03-09 13:34:05,2341720070,MOVE_RENAME_FILE,p01.ipynb → None/p01.ipynb
2026-03-09 13:34:05,2341720070,MOVE_RENAME_FILE,p01.ipynb → None/p01.ipynb
2026-03-09 13:34:05,2341720070,MOVE_RENAME_FILE,p02.ipynb → None/p02.ipynb
2026-03-09 13:34:05,2341720070,MOVE_RENAME_FILE,p03.ipynb → None/p03.ipynb
2026-03-09 13:34:05,2341720070,MOVE_RENAME_FILE,p04.ipynb → None/p04.ipynb
2026-03-09 13:34:05,2341720070,MOVE_RENAME_FILE,tp01.ipynb → None/tp01.ipynb
2026-03-09 13:34:06,2341720070,MOVE_RENAME_FILE,p01.ipynb → None/p01.ipynb
2026-03-09 13:34:06,2341720070,MOVE_RENAME_FILE,p02.ipynb → None/p02.ipynb
2026-03-09 13:34:06,2341720070,MOVE_RENAME_FILE,p03.ipynb → None/p03.ipynb
2026-03-09 13:34:06,2341720070,MOVE_RENAME_FILE,p04.ipynb → None/p04.ipynb
2026-03-09 13:34:06,2341720070,MOVE_RENAME_FILE,tp01.ipynb → None/tp02.ipynb
2026-03-09 13:34:06,2341720070,MOVE_RENAME_FILE,p01.ipynb → None/p01.ipynb
2026-03-09 13:34:06,2341720070,MOVE_RENAME_FILE,p02.ipynb → None/p02.ipynb
2026-03-09 13:34:06,2341720070,MOVE_RENAME_FILE,p03.ipynb → None/p03.ipynb
2026-03-09 13:34:06,2341720070,MOVE_RENAME_FILE,tp01.ipynb → None/tp03.ipynb
2026-03-09 13:34:06,2341720070,MOVE_RENAME_FILE,p01.ipynb → None/p01.ipynb
2026-03-09 13:34:06,2341720070,MOVE_RENAME_FILE,p02.ipynb → None/p02.ipynb
2026-03-09 13:34:07,2341720070,MOVE_RENAME_FILE,tp01.ipynb → None/tp04.ipynb
2026-03-09 13:34:07,2341720070,MOVE_RENAME_FILE,p01.ipynb → None/p01.ipynb
2026-03-09 13:34:07,2341720070,MOVE_RENAME_FILE,p02.ipynb → None/p02.ipynb
2026-03-09 13:34:07,2341720070,MOVE_RENAME_FILE,tp01.ipynb → None/tp05.ipynb
2026-03-09 13:34:07,2341720070,MOVE_RENAME_FILE,p01.ipynb → None/p01.ipynb
2026-03-09 13:34:07,2341720070,MOVE_RENAME_FILE,p02.ipynb → None/p02.ipynb
2026-03-09 13:34:07,2341720070,MOVE_RENAME_FILE,p03.ipynb → None/p03.ipynb
2026-03-09 13:34:07,2341720070,MOVE_RENAME_FILE,p04.ipynb → None/p04.ipynb
2026-03-09 13:34:07,2341720070,MOVE_RENAME_FILE,p05.ipynb → None/p05.ipynb
2026-03-09 13:34:07,2341720070,MOVE_RENAME_FILE,p06.ipynb → None/p06.ipynb
2026-03-09 13:34:07,2341720070,MOVE_RENAME_FILE,tp01.ipynb → None/tp06.ipynb
2026-03-09 13:34:07,2341720070,MOVE_RENAME_FILE,tp01.ipynb → None/tp07.ipynb
2026-03-09 13:34:07,2341720070,MOVE_RENAME_FILE,p01.ipynb → None/p01.ipynb
2026-03-09 13:34:07,2341720070,MOVE_RENAME_FILE,p02.ipynb → None/p02.ipynb
2026-03-09 13:34:07,2341720070,MOVE_RENAME_FILE,p03.ipynb → None/p03.ipynb
2026-03-09 13:34:07,2341720070,MOVE_RENAME_FILE,tp01.ipynb → None/tp08.ipynb
2026-03-09 13:34:07,2341720070,MOVE_RENAME_FILE,tp02.ipynb → None/tp09.ipynb
2026-03-09 13:34:07,2341720070,MOVE_RENAME_FILE,p01.ipynb → None/p01.ipynb
2026-03-09 13:34:07,2341720070,MOVE_RENAME_FILE,p03.ipynb → None/p03.ipynb
2026-03-09 13:34:07,2341720070,MOVE_RENAME_FILE,p04.ipynb → None/p04.ipynb
2026-03-09 13:34:07,2341720070,MOVE_RENAME_FILE,p05.ipynb → None/p05.ipynb
2026-03-09 13:34:07,2341720070,MOVE_RENAME_FILE,tp01.ipynb → None/tp10.ipynb
2026-03-09 13:34:07,2341720070,MOVE_RENAME_FILE,p01.ipynb → None/p01.ipynb
2026-03-09 13:34:07,2341720070,MOVE_RENAME_FILE,p02.ipynb → None/p02.ipynb
2026-03-09 13:34:07,2341720070,MOVE_RENAME_FILE,p03.ipynb → None/p03.ipynb
2026-03-09 13:34:07,2341720070,MOVE_RENAME_FILE,tp01.ipynb → None/tp11.ipynb
2026-03-09 13:34:07,2341720070,MOVE_RENAME_FILE,p01.ipynb → None/p01.ipynb
2026-03-09 13:34:07,2341720070,MOVE_RENAME_FILE,p02.ipynb → None/p02.ipynb
2026-03-09 13:34:07,2341720070,MOVE_RENAME_FILE,tp01.ipynb → None/tp12.ipynb
2026-03-09 13:34:07,2341720070,MOVE_RENAME_FILE,p01.ipynb → None/p01.ipynb
2026-03-09 13:34:07,2341720070,MOVE_RENAME_FILE,p02.ipynb → None/p02.ipynb
2026-03-09 13:34:07,2341720070,MOVE_RENAME_FILE,p03.ipynb → None/p03.ipynb
2026-03-09 13:34:07,2341720070,MOVE_RENAME_FILE,tp01.ipynb → None/tp13.ipynb
2026-03-09 13:34:07,2341720070,MOVE_RENAME_FILE,tp02.ipynb → None/tp14.ipynb
2026-03-09 13:34:07,2341720070,MOVE_RENAME_FILE,tp01.ipynb → None/tp15.ipynb
2026-03-09 13:34:07,2341720070,MOVE_RENAME_FILE,tp02.ipynb → None/tp16.ipynb
2026-03-09 13:34:07,2341720070,MOVE_RENAME_FILE,tp03.ipynb → None/tp17.ipynb
2026-03-09 13:34:07,2341720070,MOVE_RENAME_FILE,tp04.ipynb → None/tp18.ipynb
2026-03-09 13:34:07,2341720070,MOVE_RENAME_FILE,tp05.ipynb → None/tp19.ipynb
2026-03-09 13:34:07,2341720070,MOVE_RENAME_FILE,tp06.ipynb → None/tp20.ipynb
2026-03-09 13:34:07,2341720070,MOVE_RENAME_FILE,tp07.ipynb → None/tp21.ipynb
2026-03-09 13:34:07,2341720070,MOVE_RENAME_FILE,tp08.ipynb → None/tp22.ipynb
2026-03-09 13:34:07,2341720070,MOVE_RENAME_FILE,tp09.ipynb → None/tp23.ipynb
2026-03-09 13:34:07,2341720070,MOVE_RENAME_FILE,tp10.ipynb → None/tp24.ipynb
2026-03-09 13:34:07,2341720070,MOVE_RENAME_FILE,tp11.ipynb → None/tp25.ipynb
2026-03-09 13:34:07,2341720070,MOVE_RENAME_FILE,tp12.ipynb → None/tp26.ipynb
2026-03-09 13:34:07,2341720070,MOVE_RENAME_FILE,tp13.ipynb → None/tp27.ipynb
2026-03-09 13:34:07,2341720070,MOVE_RENAME_FILE,tp14.ipynb → None/tp28.ipynb
2026-03-09 13:34:07,2341720072,MOVE_RENAME_FILE,p01.ipynb → None/p01.ipynb
2026-03-09 13:34:07,2341720072,MOVE_RENAME_FILE,p02.ipynb → None/p02.ipynb
2026-03-09 13:34:07,2341720072,MOVE_RENAME_FILE,p03.ipynb → None/p03.ipynb
2026-03-09 13:34:07,2341720072,MOVE_RENAME_FILE,p04.ipynb → None/p04.ipynb
2026-03-09 13:34:08,2341720072,MOVE_RENAME_FILE,tp01.ipynb → None/tp01.ipynb
2026-03-09 13:34:08,2341720072,MOVE_RENAME_FILE,p01.ipynb → None/p01.ipynb
2026-03-09 13:34:08,2341720072,MOVE_RENAME_FILE,p02.ipynb → None/p02.ipynb
2026-03-09 13:34:08,2341720072,MOVE_RENAME_FILE,p03.ipynb → None/p03.ipynb
2026-03-09 13:34:08,2341720072,MOVE_RENAME_FILE,p04.ipynb → None/p04.ipynb
2026-03-09 13:34:08,2341720072,MOVE_RENAME_FILE,tp01.ipynb → None/tp02.ipynb
2026-03-09 13:34:08,2341720072,MOVE_RENAME_FILE,p01.ipynb → None/p01.ipynb
2026-03-09 13:34:08,2341720072,MOVE_RENAME_FILE,p02.ipynb → None/p02.ipynb
2026-03-09 13:34:08,2341720072,MOVE_RENAME_FILE,p03.ipynb → None/p03.ipynb
2026-03-09 13:34:08,2341720072,MOVE_RENAME_FILE,tp01.ipynb → None/tp03.ipynb
2026-03-09 13:34:08,2341720072,MOVE_RENAME_FILE,p01.ipynb → None/p01.ipynb
2026-03-09 13:34:08,2341720072,MOVE_RENAME_FILE,p02.ipynb → None/p02.ipynb
2026-03-09 13:34:08,2341720072,MOVE_RENAME_FILE,tp01.ipynb → None/tp04.ipynb
2026-03-09 13:34:08,2341720072,MOVE_RENAME_FILE,p01.ipynb → None/p01.ipynb
2026-03-09 13:34:08,2341720072,MOVE_RENAME_FILE,p02.ipynb → None/p02.ipynb
2026-03-09 13:34:08,2341720072,MOVE_RENAME_FILE,tp01.ipynb → None/tp05.ipynb
2026-03-09 13:34:08,2341720072,MOVE_RENAME_FILE,p01.ipynb → None/p01.ipynb
2026-03-09 13:34:08,2341720072,MOVE_RENAME_FILE,p02.ipynb → None/p02.ipynb
2026-03-09 13:34:08,2341720072,MOVE_RENAME_FILE,p03.ipynb → None/p03.ipynb
2026-03-09 13:34:08,2341720072,MOVE_RENAME_FILE,p04.ipynb → None/p04.ipynb
2026-03-09 13:34:08,2341720072,MOVE_RENAME_FILE,p05.ipynb → None/p05.ipynb
2026-03-09 13:34:08,2341720072,MOVE_RENAME_FILE,p06.ipynb → None/p06.ipynb
2026-03-09 13:34:08,2341720072,MOVE_RENAME_FILE,tp01.ipynb → None/tp06.ipynb
2026-03-09 13:34:08,2341720072,MOVE_RENAME_FILE,tp01.ipynb → None/tp07.ipynb
2026-03-09 13:34:08,2341720072,MOVE_RENAME_FILE,p01.ipynb → None/p01.ipynb
2026-03-09 13:34:08,2341720072,MOVE_RENAME_FILE,p02.ipynb → None/p02.ipynb
2026-03-09 13:34:08,2341720072,MOVE_RENAME_FILE,p03.ipynb → None/p03.ipynb
2026-03-09 13:34:08,2341720072,MOVE_RENAME_FILE,tp01.ipynb → None/tp08.ipynb
2026-03-09 13:34:08,2341720072,MOVE_RENAME_FILE,tp02.ipynb → None/tp09.ipynb
2026-03-09 13:34:08,2341720072,MOVE_RENAME_FILE,p01.ipynb → None/p01.ipynb
2026-03-09 13:34:08,2341720072,MOVE_RENAME_FILE,p02.ipynb → None/p02.ipynb
2026-03-09 13:34:08,2341720072,MOVE_RENAME_FILE,p03.ipynb → None/p03.ipynb
2026-03-09 13:34:09,2341720072,MOVE_RENAME_FILE,p04.ipynb → None/p04.ipynb
2026-03-09 13:34:09,2341720072,MOVE_RENAME_FILE,p05.ipynb → None/p05.ipynb
2026-03-09 13:34:09,2341720072,MOVE_RENAME_FILE,tp01.ipynb → None/tp10.ipynb
2026-03-09 13:34:09,2341720072,MOVE_RENAME_FILE,p01.ipynb → None/p01.ipynb
2026-03-09 13:34:09,2341720072,MOVE_RENAME_FILE,p02.ipynb → None/p02.ipynb
2026-03-09 13:34:09,2341720072,MOVE_RENAME_FILE,p03.ipynb → None/p03.ipynb
2026-03-09 13:34:09,2341720072,MOVE_RENAME_FILE,tp01.ipynb → None/tp11.ipynb
2026-03-09 13:34:09,2341720072,MOVE_RENAME_FILE,p01.ipynb → None/p01.ipynb
2026-03-09 13:34:09,2341720072,MOVE_RENAME_FILE,p02.ipynb → None/p02.ipynb
2026-03-09 13:34:09,2341720072,MOVE_RENAME_FILE,tp01.ipynb → None/tp12.ipynb
2026-03-09 13:34:09,2341720072,MOVE_RENAME_FILE,app.ipynb → None/app.ipynb
2026-03-09 13:34:09,2341720072,MOVE_RENAME_FILE,p01.ipynb → None/p01.ipynb
2026-03-09 13:34:09,2341720072,MOVE_RENAME_FILE,tp01.ipynb → None/tp13.ipynb
2026-03-09 13:34:09,2341720072,MOVE_RENAME_FILE,tp02.ipynb → None/tp14.ipynb
2026-03-09 13:34:09,2341720072,MOVE_RENAME_FILE,tp03.ipynb → None/tp15.ipynb
2026-03-09 13:34:09,2341720072,MOVE_RENAME_FILE,tp04.ipynb → None/tp16.ipynb
2026-03-09 13:34:09,2341720072,MOVE_RENAME_FILE,tp05.ipynb → None/tp17.ipynb
2026-03-09 13:34:09,2341720072,MOVE_RENAME_FILE,tp06.ipynb → None/tp18.ipynb
2026-03-09 13:34:09,2341720072,MOVE_RENAME_FILE,tp07.ipynb → None/tp19.ipynb
2026-03-09 13:34:09,2341720072,MOVE_RENAME_FILE,tp08.ipynb → None/tp20.ipynb
2026-03-09 13:34:09,2341720072,MOVE_RENAME_FILE,tp09.ipynb → None/tp21.ipynb
2026-03-09 13:34:09,2341720072,MOVE_RENAME_FILE,tp10.ipynb → None/tp22.ipynb
2026-03-09 13:34:09,2341720072,MOVE_RENAME_FILE,tp11.ipynb → None/tp23.ipynb
2026-03-09 13:34:09,2341720072,MOVE_RENAME_FILE,tp12.ipynb → None/tp24.ipynb
2026-03-09 13:34:09,2341720081,MOVE_RENAME_FILE,p01.ipynb → None/p01.ipynb
2026-03-09 13:34:09,2341720081,MOVE_RENAME_FILE,p02.ipynb → None/p02.ipynb
2026-03-09 13:34:09,2341720081,MOVE_RENAME_FILE,p03.ipynb → None/p03.ipynb
2026-03-09 13:34:09,2341720081,MOVE_RENAME_FILE,p04.ipynb → None/p04.ipynb
2026-03-09 13:34:09,2341720081,MOVE_RENAME_FILE,tp01.ipynb → None/tp01.ipynb
2026-03-09 13:34:09,2341720081,MOVE_RENAME_FILE,p01.ipynb → None/p01.ipynb
2026-03-09 13:34:09,2341720081,MOVE_RENAME_FILE,p02.ipynb → None/p02.ipynb
2026-03-09 13:34:09,2341720081,MOVE_RENAME_FILE,p03.ipynb → None/p03.ipynb
2026-03-09 13:34:09,2341720081,MOVE_RENAME_FILE,p04.ipynb → None/p04.ipynb
2026-03-09 13:34:09,2341720081,MOVE_RENAME_FILE,tp01.ipynb → None/tp02.ipynb
2026-03-09 13:34:09,2341720081,MOVE_RENAME_FILE,p01.ipynb → None/p01.ipynb
2026-03-09 13:34:09,2341720081,MOVE_RENAME_FILE,p02.ipynb → None/p02.ipynb
2026-03-09 13:34:09,2341720081,MOVE_RENAME_FILE,p03.ipynb → None/p03.ipynb
2026-03-09 13:34:09,2341720081,MOVE_RENAME_FILE,tp01.ipynb → None/tp03.ipynb
2026-03-09 13:34:09,2341720081,MOVE_RENAME_FILE,p01.ipynb → None/p01.ipynb
2026-03-09 13:34:09,2341720081,MOVE_RENAME_FILE,p02.ipynb → None/p02.ipynb
2026-03-09 13:34:09,2341720081,MOVE_RENAME_FILE,tp01.ipynb → None/tp04.ipynb
2026-03-09 13:34:09,2341720081,MOVE_RENAME_FILE,p01.ipynb → None/p01.ipynb
2026-03-09 13:34:09,2341720081,MOVE_RENAME_FILE,p02.ipynb → None/p02.ipynb
2026-03-09 13:34:09,2341720081,MOVE_RENAME_FILE,tp01.ipynb → None/tp05.ipynb
2026-03-09 13:34:09,2341720081,MOVE_RENAME_FILE,p01.ipynb → None/p01.ipynb
2026-03-09 13:34:09,2341720081,MOVE_RENAME_FILE,p02.ipynb → None/p02.ipynb
2026-03-09 13:34:09,2341720081,MOVE_RENAME_FILE,p03.ipynb → None/p03.ipynb
2026-03-09 13:34:09,2341720081,MOVE_RENAME_FILE,p04.ipynb → None/p04.ipynb
2026-03-09 13:34:09,2341720081,MOVE_RENAME_FILE,p05.ipynb → None/p05.ipynb
2026-03-09 13:34:09,2341720081,MOVE_RENAME_FILE,p06.ipynb → None/p06.ipynb
2026-03-09 13:34:09,2341720081,MOVE_RENAME_FILE,tp01.ipynb → None/tp06.ipynb
2026-03-09 13:34:09,2341720081,MOVE_RENAME_FILE,tp01.ipynb → None/tp07.ipynb
2026-03-09 13:34:10,2341720081,MOVE_RENAME_FILE,p01.ipynb → None/p01.ipynb
2026-03-09 13:34:10,2341720081,MOVE_RENAME_FILE,p02.ipynb → None/p02.ipynb
2026-03-09 13:34:10,2341720081,MOVE_RENAME_FILE,p03.ipynb → None/p03.ipynb
2026-03-09 13:34:10,2341720081,MOVE_RENAME_FILE,tp01.ipynb → None/tp08.ipynb
2026-03-09 13:34:10,2341720081,MOVE_RENAME_FILE,tp02.ipynb → None/tp09.ipynb
2026-03-09 13:34:10,2341720081,MOVE_RENAME_FILE,p01.ipynb → None/p01.ipynb
2026-03-09 13:34:10,2341720081,MOVE_RENAME_FILE,p02.ipynb → None/p02.ipynb
2026-03-09 13:34:10,2341720081,MOVE_RENAME_FILE,p03.ipynb → None/p03.ipynb
2026-03-09 13:34:10,2341720081,MOVE_RENAME_FILE,p04.ipynb → None/p04.ipynb
2026-03-09 13:34:10,2341720081,MOVE_RENAME_FILE,p05.ipynb → None/p05.ipynb
2026-03-09 13:34:10,2341720081,MOVE_RENAME_FILE,tp01.ipynb → None/tp10.ipynb
2026-03-09 13:34:10,2341720081,MOVE_RENAME_FILE,p01.ipynb → None/p01.ipynb
2026-03-09 13:34:10,2341720081,MOVE_RENAME_FILE,p02.ipynb → None/p02.ipynb
2026-03-09 13:34:10,2341720081,MOVE_RENAME_FILE,p03.ipynb → None/p03.ipynb
2026-03-09 13:34:10,2341720081,MOVE_RENAME_FILE,tp01.ipynb → None/tp11.ipynb
2026-03-09 13:34:10,2341720081,MOVE_RENAME_FILE,p01.ipynb → None/p01.ipynb
2026-03-09 13:34:10,2341720081,MOVE_RENAME_FILE,p02.ipynb → None/p02.ipynb
2026-03-09 13:34:10,2341720081,MOVE_RENAME_FILE,tp01.ipynb → None/tp12.ipynb
2026-03-09 13:34:10,2341720081,MOVE_RENAME_FILE,p01.ipynb → None/p01.ipynb
2026-03-09 13:34:10,2341720081,MOVE_RENAME_FILE,p02.ipynb → None/p02.ipynb
2026-03-09 13:34:10,2341720081,MOVE_RENAME_FILE,tp01.ipynb → None/tp13.ipynb
2026-03-09 13:34:10,2341720081,MOVE_RENAME_FILE,tp02.ipynb → None/tp14.ipynb
2026-03-09 13:34:10,2341720081,MOVE_RENAME_FILE,tp03.ipynb → None/tp15.ipynb
2026-03-09 13:34:10,2341720081,MOVE_RENAME_FILE,tp04.ipynb → None/tp16.ipynb
2026-03-09 13:34:10,2341720081,MOVE_RENAME_FILE,tp05.ipynb → None/tp17.ipynb
2026-03-09 13:34:10,2341720081,MOVE_RENAME_FILE,tp06.ipynb → None/tp18.ipynb
2026-03-09 13:34:10,2341720081,MOVE_RENAME_FILE,tp07.ipynb → None/tp19.ipynb
2026-03-09 13:34:10,2341720081,MOVE_RENAME_FILE,tp08.ipynb → None/tp20.ipynb
2026-03-09 13:34:10,2341720081,MOVE_RENAME_FILE,tp09.ipynb → None/tp21.ipynb
2026-03-09 13:34:10,2341720081,MOVE_RENAME_FILE,tp10.ipynb → None/tp22.ipynb
2026-03-09 13:34:10,2341720081,MOVE_RENAME_FILE,tp11.ipynb → None/tp23.ipynb
2026-03-09 13:34:10,2341720081,MOVE_RENAME_FILE,tp12.ipynb → None/tp24.ipynb
2026-03-09 13:34:10,2341720083,MOVE_RENAME_FILE,tp01.ipynb → None/tp01.ipynb
2026-03-09 13:34:10,2341720083,MOVE_RENAME_FILE,p01.ipynb → None/p01.ipynb
2026-03-09 13:34:10,2341720083,MOVE_RENAME_FILE,p02.ipynb → None/p02.ipynb
2026-03-09 13:34:10,2341720083,MOVE_RENAME_FILE,p03.ipynb → None/p03.ipynb
2026-03-09 13:34:10,2341720083,MOVE_RENAME_FILE,p04.ipynb → None/p04.ipynb
2026-03-09 13:34:10,2341720083,MOVE_RENAME_FILE,tp01.ipynb → None/tp02.ipynb
2026-03-09 13:34:10,2341720083,MOVE_RENAME_FILE,p01.ipynb → None/p01.ipynb
2026-03-09 13:34:10,2341720083,MOVE_RENAME_FILE,p02.ipynb → None/p02.ipynb
2026-03-09 13:34:11,2341720083,MOVE_RENAME_FILE,p03.ipynb → None/p03.ipynb
2026-03-09 13:34:11,2341720083,MOVE_RENAME_FILE,p04.ipynb → None/p04.ipynb
2026-03-09 13:34:11,2341720083,MOVE_RENAME_FILE,tp01.ipynb → None/tp03.ipynb
2026-03-09 13:34:11,2341720083,MOVE_RENAME_FILE,p01.ipynb → None/p01.ipynb
2026-03-09 13:34:11,2341720083,MOVE_RENAME_FILE,p02.ipynb → None/p02.ipynb
2026-03-09 13:34:11,2341720083,MOVE_RENAME_FILE,p03.ipynb → None/p03.ipynb
2026-03-09 13:34:11,2341720083,MOVE_RENAME_FILE,tp01.ipynb → None/tp04.ipynb
2026-03-09 13:34:11,2341720083,MOVE_RENAME_FILE,p01.ipynb → None/p01.ipynb
2026-03-09 13:34:11,2341720083,MOVE_RENAME_FILE,p02.ipynb → None/p02.ipynb
2026-03-09 13:34:11,2341720083,MOVE_RENAME_FILE,tp01.ipynb → None/tp05.ipynb
2026-03-09 13:34:11,2341720083,MOVE_RENAME_FILE,p01.ipynb → None/p01.ipynb
2026-03-09 13:34:11,2341720083,MOVE_RENAME_FILE,p02.ipynb → None/p02.ipynb
2026-03-09 13:34:11,2341720083,MOVE_RENAME_FILE,tp01.ipynb → None/tp06.ipynb
2026-03-09 13:34:11,2341720083,MOVE_RENAME_FILE,p01.ipynb → None/p01.ipynb
2026-03-09 13:34:11,2341720083,MOVE_RENAME_FILE,p02.ipynb → None/p02.ipynb
2026-03-09 13:34:11,2341720083,MOVE_RENAME_FILE,p03.ipynb → None/p03.ipynb
2026-03-09 13:34:11,2341720083,MOVE_RENAME_FILE,p04.ipynb → None/p04.ipynb
2026-03-09 13:34:11,2341720083,MOVE_RENAME_FILE,p05.ipynb → None/p05.ipynb
2026-03-09 13:34:11,2341720083,MOVE_RENAME_FILE,p06.ipynb → None/p06.ipynb
2026-03-09 13:34:11,2341720083,MOVE_RENAME_FILE,tp01.ipynb → None/tp07.ipynb
2026-03-09 13:34:11,2341720083,MOVE_RENAME_FILE,tp01.ipynb → None/tp08.ipynb
2026-03-09 13:34:11,2341720083,MOVE_RENAME_FILE,p01.ipynb → None/p01.ipynb
2026-03-09 13:34:11,2341720083,MOVE_RENAME_FILE,p02.ipynb → None/p02.ipynb
2026-03-09 13:34:11,2341720083,MOVE_RENAME_FILE,p03.ipynb → None/p03.ipynb
2026-03-09 13:34:11,2341720083,MOVE_RENAME_FILE,tp01.ipynb → None/tp09.ipynb
2026-03-09 13:34:11,2341720083,MOVE_RENAME_FILE,tp02.ipynb → None/tp10.ipynb
2026-03-09 13:34:11,2341720083,MOVE_RENAME_FILE,p01.ipynb → None/p01.ipynb
2026-03-09 13:34:11,2341720083,MOVE_RENAME_FILE,p02.ipynb → None/p02.ipynb
2026-03-09 13:34:11,2341720083,MOVE_RENAME_FILE,p03.ipynb → None/p03.ipynb
2026-03-09 13:34:11,2341720083,MOVE_RENAME_FILE,p04.ipynb → None/p04.ipynb
2026-03-09 13:34:11,2341720083,MOVE_RENAME_FILE,p05.ipynb → None/p05.ipynb
2026-03-09 13:34:11,2341720083,MOVE_RENAME_FILE,tp01.ipynb → None/tp11.ipynb
2026-03-09 13:34:11,2341720083,MOVE_RENAME_FILE,p01.ipynb → None/p01.ipynb
2026-03-09 13:34:11,2341720083,MOVE_RENAME_FILE,p02.ipynb → None/p02.ipynb
2026-03-09 13:34:11,2341720083,MOVE_RENAME_FILE,p03.ipynb → None/p03.ipynb
2026-03-09 13:34:11,2341720083,MOVE_RENAME_FILE,tp01.ipynb → None/tp12.ipynb
2026-03-09 13:34:11,2341720083,MOVE_RENAME_FILE,tp01.ipynb → None/tp13.ipynb
2026-03-09 13:34:11,2341720083,MOVE_RENAME_FILE,tp02.ipynb → None/tp14.ipynb
2026-03-09 13:34:11,2341720083,MOVE_RENAME_FILE,tp03.ipynb → None/tp15.ipynb
2026-03-09 13:34:11,2341720083,MOVE_RENAME_FILE,tp04.ipynb → None/tp16.ipynb
2026-03-09 13:34:11,2341720083,MOVE_RENAME_FILE,tp05.ipynb → None/tp17.ipynb
2026-03-09 13:34:11,2341720083,MOVE_RENAME_FILE,tp06.ipynb → None/tp18.ipynb
2026-03-09 13:34:11,2341720083,MOVE_RENAME_FILE,tp07.ipynb → None/tp19.ipynb
2026-03-09 13:34:11,2341720083,MOVE_RENAME_FILE,tp08.ipynb → None/tp20.ipynb
2026-03-09 13:34:11,2341720083,MOVE_RENAME_FILE,tp09.ipynb → None/tp21.ipynb
2026-03-09 13:34:11,2341720083,MOVE_RENAME_FILE,tp10.ipynb → None/tp22.ipynb
2026-03-09 13:34:11,2341720083,MOVE_RENAME_FILE,tp11.ipynb → None/tp23.ipynb
2026-03-09 13:34:11,2341720083,MOVE_RENAME_FILE,tp12.ipynb → None/tp24.ipynb
2026-03-09 13:34:11,2341720084,MOVE_RENAME_FILE,p01.ipynb → None/p01.ipynb
2026-03-09 13:34:11,2341720084,MOVE_RENAME_FILE,p02.ipynb → None/p02.ipynb
2026-03-09 13:34:11,2341720084,MOVE_RENAME_FILE,p03.ipynb → None/p03.ipynb
2026-03-09 13:34:11,2341720084,MOVE_RENAME_FILE,p04.ipynb → None/p04.ipynb
2026-03-09 13:34:11,2341720084,MOVE_RENAME_FILE,tp01.ipynb → None/tp01.ipynb
2026-03-09 13:34:12,2341720084,MOVE_RENAME_FILE,p01.ipynb → None/p01.ipynb
2026-03-09 13:34:12,2341720084,MOVE_RENAME_FILE,p02.ipynb → None/p02.ipynb
2026-03-09 13:34:12,2341720084,MOVE_RENAME_FILE,p03.ipynb → None/p03.ipynb
2026-03-09 13:34:12,2341720084,MOVE_RENAME_FILE,p04.ipynb → None/p04.ipynb
2026-03-09 13:34:12,2341720084,MOVE_RENAME_FILE,tp01.ipynb → None/tp02.ipynb
2026-03-09 13:34:12,2341720084,MOVE_RENAME_FILE,p01.ipynb → None/p01.ipynb
2026-03-09 13:34:12,2341720084,MOVE_RENAME_FILE,p02.ipynb → None/p02.ipynb
2026-03-09 13:34:12,2341720084,MOVE_RENAME_FILE,p03.ipynb → None/p03.ipynb
2026-03-09 13:34:12,2341720084,MOVE_RENAME_FILE,tp01.ipynb → None/tp03.ipynb
2026-03-09 13:34:12,2341720084,MOVE_RENAME_FILE,p01.ipynb → None/p01.ipynb
2026-03-09 13:34:12,2341720084,MOVE_RENAME_FILE,p02.ipynb → None/p02.ipynb
2026-03-09 13:34:12,2341720084,MOVE_RENAME_FILE,tp01.ipynb → None/tp04.ipynb
2026-03-09 13:34:12,2341720084,MOVE_RENAME_FILE,p01.ipynb → None/p01.ipynb
2026-03-09 13:34:12,2341720084,MOVE_RENAME_FILE,p02.ipynb → None/p02.ipynb
2026-03-09 13:34:12,2341720084,MOVE_RENAME_FILE,tp01.ipynb → None/tp05.ipynb
2026-03-09 13:34:12,2341720084,MOVE_RENAME_FILE,p01.ipynb → None/p01.ipynb
2026-03-09 13:34:12,2341720084,MOVE_RENAME_FILE,p02.ipynb → None/p02.ipynb
2026-03-09 13:34:12,2341720084,MOVE_RENAME_FILE,p03.ipynb → None/p03.ipynb
2026-03-09 13:34:12,2341720084,MOVE_RENAME_FILE,p04.ipynb → None/p04.ipynb
2026-03-09 13:34:12,2341720084,MOVE_RENAME_FILE,p05.ipynb → None/p05.ipynb
2026-03-09 13:34:12,2341720084,MOVE_RENAME_FILE,p06.ipynb → None/p06.ipynb
2026-03-09 13:34:12,2341720084,MOVE_RENAME_FILE,tp01.ipynb → None/tp06.ipynb
2026-03-09 13:34:12,2341720084,MOVE_RENAME_FILE,tp01.ipynb → None/tp07.ipynb
2026-03-09 13:34:12,2341720084,MOVE_RENAME_FILE,p01.ipynb → None/p01.ipynb
2026-03-09 13:34:12,2341720084,MOVE_RENAME_FILE,p02.ipynb → None/p02.ipynb
2026-03-09 13:34:12,2341720084,MOVE_RENAME_FILE,p03.ipynb → None/p03.ipynb
2026-03-09 13:34:12,2341720084,MOVE_RENAME_FILE,tp01.ipynb → None/tp08.ipynb
2026-03-09 13:34:12,2341720084,MOVE_RENAME_FILE,tp02.ipynb → None/tp09.ipynb
2026-03-09 13:34:12,2341720084,MOVE_RENAME_FILE,p01.ipynb → None/p01.ipynb
2026-03-09 13:34:12,2341720084,MOVE_RENAME_FILE,p02.ipynb → None/p02.ipynb
2026-03-09 13:34:12,2341720084,MOVE_RENAME_FILE,p03.ipynb → None/p03.ipynb
2026-03-09 13:34:12,2341720084,MOVE_RENAME_FILE,p04.ipynb → None/p04.ipynb
2026-03-09 13:34:12,2341720084,MOVE_RENAME_FILE,p05.ipynb → None/p05.ipynb
2026-03-09 13:34:12,2341720084,MOVE_RENAME_FILE,tp01.ipynb → None/tp10.ipynb
2026-03-09 13:34:12,2341720084,MOVE_RENAME_FILE,p01.ipynb → None/p01.ipynb
2026-03-09 13:34:12,2341720084,MOVE_RENAME_FILE,p02.ipynb → None/p02.ipynb
2026-03-09 13:34:12,2341720084,MOVE_RENAME_FILE,p03.ipynb → None/p03.ipynb
2026-03-09 13:34:12,2341720084,MOVE_RENAME_FILE,tp01.ipynb → None/tp11.ipynb
2026-03-09 13:34:12,2341720084,MOVE_RENAME_FILE,p01.ipynb → None/p01.ipynb
2026-03-09 13:34:12,2341720084,MOVE_RENAME_FILE,p02.ipynb → None/p02.ipynb
2026-03-09 13:34:12,2341720084,MOVE_RENAME_FILE,tp01.ipynb → None/tp12.ipynb
2026-03-09 13:34:12,2341720084,MOVE_RENAME_FILE,p01.ipynb → None/p01.ipynb
2026-03-09 13:34:12,2341720084,MOVE_RENAME_FILE,tp01.ipynb → None/tp13.ipynb
2026-03-09 13:34:12,2341720084,MOVE_RENAME_FILE,tp01.ipynb → None/tp14.ipynb
2026-03-09 13:34:12,2341720084,MOVE_RENAME_FILE,tp02.ipynb → None/tp15.ipynb
2026-03-09 13:34:12,2341720084,MOVE_RENAME_FILE,tp03.ipynb → None/tp16.ipynb
2026-03-09 13:34:12,2341720084,MOVE_RENAME_FILE,tp04.ipynb → None/tp17.ipynb
2026-03-09 13:34:12,2341720084,MOVE_RENAME_FILE,tp05.ipynb → None/tp18.ipynb
2026-03-09 13:34:12,2341720084,MOVE_RENAME_FILE,tp06.ipynb → None/tp19.ipynb
2026-03-09 13:34:12,2341720084,MOVE_RENAME_FILE,tp07.ipynb → None/tp20.ipynb
2026-03-09 13:34:12,2341720084,MOVE_RENAME_FILE,tp08.ipynb → None/tp21.ipynb
2026-03-09 13:34:12,2341720084,MOVE_RENAME_FILE,tp09.ipynb → None/tp22.ipynb
2026-03-09 13:34:12,2341720084,MOVE_RENAME_FILE,tp10.ipynb → None/tp23.ipynb
2026-03-09 13:34:12,2341720084,MOVE_RENAME_FILE,tp11.ipynb → None/tp24.ipynb
2026-03-09 13:34:12,2341720084,MOVE_RENAME_FILE,tp12.ipynb → None/tp25.ipynb
2026-03-09 13:34:12,2341720084,MOVE_RENAME_FILE,tp13.ipynb → None/tp26.ipynb
2026-03-09 13:34:12,2341720088,MOVE_RENAME_FILE,p01.ipynb → None/p01.ipynb
2026-03-09 13:34:13,2341720088,MOVE_RENAME_FILE,p01.ipynb → None/p01.ipynb
2026-03-09 13:34:13,2341720088,MOVE_RENAME_FILE,p02.ipynb → None/p02.ipynb
2026-03-09 13:34:13,2341720088,MOVE_RENAME_FILE,p03.ipynb → None/p03.ipynb
2026-03-09 13:34:13,2341720088,MOVE_RENAME_FILE,p04.ipynb → None/p04.ipynb
2026-03-09 13:34:13,2341720088,MOVE_RENAME_FILE,tp01.ipynb → None/tp01.ipynb
2026-03-09 13:34:13,2341720088,MOVE_RENAME_FILE,p01.ipynb → None/p01.ipynb
2026-03-09 13:34:13,2341720088,MOVE_RENAME_FILE,p02.ipynb → None/p02.ipynb
2026-03-09 13:34:13,2341720088,MOVE_RENAME_FILE,p03.ipynb → None/p03.ipynb
2026-03-09 13:34:13,2341720088,MOVE_RENAME_FILE,p04.ipynb → None/p04.ipynb
2026-03-09 13:34:13,2341720088,MOVE_RENAME_FILE,tp01.ipynb → None/tp02.ipynb
2026-03-09 13:34:13,2341720088,MOVE_RENAME_FILE,p01.ipynb → None/p01.ipynb
2026-03-09 13:34:13,2341720088,MOVE_RENAME_FILE,p02.ipynb → None/p02.ipynb
2026-03-09 13:34:13,2341720088,MOVE_RENAME_FILE,p03.ipynb → None/p03.ipynb
2026-03-09 13:34:13,2341720088,MOVE_RENAME_FILE,tp01.ipynb → None/tp03.ipynb
2026-03-09 13:34:13,2341720088,MOVE_RENAME_FILE,p01.ipynb → None/p01.ipynb
2026-03-09 13:34:13,2341720088,MOVE_RENAME_FILE,p02.ipynb → None/p02.ipynb
2026-03-09 13:34:13,2341720088,MOVE_RENAME_FILE,tp01.ipynb → None/tp04.ipynb
2026-03-09 13:34:13,2341720088,MOVE_RENAME_FILE,p01.ipynb → None/p01.ipynb
2026-03-09 13:34:13,2341720088,MOVE_RENAME_FILE,p02.ipynb → None/p02.ipynb
2026-03-09 13:34:13,2341720088,MOVE_RENAME_FILE,tp01.ipynb → None/tp05.ipynb
2026-03-09 13:34:13,2341720088,MOVE_RENAME_FILE,p01.ipynb → None/p01.ipynb
2026-03-09 13:34:13,2341720088,MOVE_RENAME_FILE,p02.ipynb → None/p02.ipynb
2026-03-09 13:34:13,2341720088,MOVE_RENAME_FILE,p03.ipynb → None/p03.ipynb
2026-03-09 13:34:13,2341720088,MOVE_RENAME_FILE,p04.ipynb → None/p04.ipynb
2026-03-09 13:34:14,2341720088,MOVE_RENAME_FILE,p05.ipynb → None/p05.ipynb
2026-03-09 13:34:14,2341720088,MOVE_RENAME_FILE,p06.ipynb → None/p06.ipynb
2026-03-09 13:34:14,2341720088,MOVE_RENAME_FILE,tp01.ipynb → None/tp06.ipynb
2026-03-09 13:34:14,2341720088,MOVE_RENAME_FILE,p01.ipynb → None/p01.ipynb
2026-03-09 13:34:14,2341720088,MOVE_RENAME_FILE,p02.ipynb → None/p02.ipynb
2026-03-09 13:34:14,2341720088,MOVE_RENAME_FILE,p03.ipynb → None/p03.ipynb
2026-03-09 13:34:14,2341720088,MOVE_RENAME_FILE,tp01.ipynb → None/tp07.ipynb
2026-03-09 13:34:14,2341720088,MOVE_RENAME_FILE,tp02.ipynb → None/tp08.ipynb
2026-03-09 13:34:14,2341720088,MOVE_RENAME_FILE,p01.ipynb → None/p01.ipynb
2026-03-09 13:34:14,2341720088,MOVE_RENAME_FILE,p02.ipynb → None/p02.ipynb
2026-03-09 13:34:14,2341720088,MOVE_RENAME_FILE,p03.ipynb → None/p03.ipynb
2026-03-09 13:34:14,2341720088,MOVE_RENAME_FILE,p04.ipynb → None/p04.ipynb
2026-03-09 13:34:14,2341720088,MOVE_RENAME_FILE,p05.ipynb → None/p05.ipynb
2026-03-09 13:34:14,2341720088,MOVE_RENAME_FILE,tp01.ipynb → None/tp09.ipynb
2026-03-09 13:34:14,2341720088,MOVE_RENAME_FILE,p01.ipynb → None/p01.ipynb
2026-03-09 13:34:14,2341720088,MOVE_RENAME_FILE,p02.ipynb → None/p02.ipynb
2026-03-09 13:34:14,2341720088,MOVE_RENAME_FILE,p03.ipynb → None/p03.ipynb
2026-03-09 13:34:14,2341720088,MOVE_RENAME_FILE,tp01.ipynb → None/tp10.ipynb
2026-03-09 13:34:14,2341720088,MOVE_RENAME_FILE,p01.ipynb → None/p01.ipynb
2026-03-09 13:34:14,2341720088,MOVE_RENAME_FILE,p02.ipynb → None/p02.ipynb
2026-03-09 13:34:14,2341720088,MOVE_RENAME_FILE,tp01.ipynb → None/tp11.ipynb
2026-03-09 13:34:14,2341720088,MOVE_RENAME_FILE,app.py → None/app.py
2026-03-09 13:34:14,2341720088,MOVE_RENAME_FILE,feature_builder.py → None/feature_builder.py
2026-03-09 13:34:14,2341720088,MOVE_RENAME_FILE,model_loader.py → None/model_loader.py
2026-03-09 13:34:14,2341720088,MOVE_RENAME_FILE,p01.ipynb → None/p01.ipynb
2026-03-09 13:34:14,2341720088,MOVE_RENAME_FILE,predictor.py → None/predictor.py
2026-03-09 13:34:14,2341720088,MOVE_RENAME_FILE,tp01.ipynb → None/tp12.ipynb
2026-03-09 13:34:14,2341720088,MOVE_RENAME_FILE,tp01.ipynb → None/tp13.ipynb
2026-03-09 13:34:14,2341720088,MOVE_RENAME_FILE,tp02.ipynb → None/tp14.ipynb
2026-03-09 13:34:14,2341720088,MOVE_RENAME_FILE,tp03.ipynb → None/tp15.ipynb
2026-03-09 13:34:14,2341720088,MOVE_RENAME_FILE,tp04.ipynb → None/tp16.ipynb
2026-03-09 13:34:14,2341720088,MOVE_RENAME_FILE,tp05.ipynb → None/tp17.ipynb
2026-03-09 13:34:14,2341720088,MOVE_RENAME_FILE,tp06.ipynb → None/tp18.ipynb
2026-03-09 13:34:14,2341720088,MOVE_RENAME_FILE,tp07.ipynb → None/tp19.ipynb
2026-03-09 13:34:14,2341720088,MOVE_RENAME_FILE,tp08.ipynb → None/tp20.ipynb
2026-03-09 13:34:14,2341720088,MOVE_RENAME_FILE,tp09.ipynb → None/tp21.ipynb
2026-03-09 13:34:14,2341720088,MOVE_RENAME_FILE,tp10.ipynb → None/tp22.ipynb
2026-03-09 13:34:14,2341720088,MOVE_RENAME_FILE,tp11.ipynb → None/tp23.ipynb
2026-03-09 13:34:14,2341720088,MOVE_RENAME_FILE,tp12.ipynb → None/tp24.ipynb
2026-03-09 13:34:15,2341720093,MOVE_RENAME_FILE,p01.ipynb → None/p01.ipynb
2026-03-09 13:34:15,2341720093,MOVE_RENAME_FILE,p02.ipynb → None/p02.ipynb
2026-03-09 13:34:15,2341720093,MOVE_RENAME_FILE,p03.ipynb → None/p03.ipynb
2026-03-09 13:34:15,2341720093,MOVE_RENAME_FILE,p04.ipynb → None/p04.ipynb
2026-03-09 13:34:15,2341720093,MOVE_RENAME_FILE,p05.ipynb → None/p05.ipynb
2026-03-09 13:34:15,2341720093,MOVE_RENAME_FILE,p06.ipynb → None/p06.ipynb
2026-03-09 13:34:15,2341720093,MOVE_RENAME_FILE,tp01.ipynb → None/tp01.ipynb
2026-03-09 13:34:15,2341720093,MOVE_RENAME_FILE,tp01.ipynb → None/tp02.ipynb
2026-03-09 13:34:15,2341720093,MOVE_RENAME_FILE,p01.ipynb → None/p01.ipynb
2026-03-09 13:34:15,2341720093,MOVE_RENAME_FILE,p02.ipynb → None/p02.ipynb
2026-03-09 13:34:15,2341720093,MOVE_RENAME_FILE,p03.ipynb → None/p03.ipynb
2026-03-09 13:34:15,2341720093,MOVE_RENAME_FILE,tp01.ipynb → None/tp03.ipynb
2026-03-09 13:34:15,2341720093,MOVE_RENAME_FILE,tp02.ipynb → None/tp04.ipynb
2026-03-09 13:34:15,2341720093,MOVE_RENAME_FILE,p01.ipynb → None/p01.ipynb
2026-03-09 13:34:15,2341720093,MOVE_RENAME_FILE,p02.ipynb → None/p02.ipynb
2026-03-09 13:34:15,2341720093,MOVE_RENAME_FILE,p03.ipynb → None/p03.ipynb
2026-03-09 13:34:15,2341720093,MOVE_RENAME_FILE,p04.ipynb → None/p04.ipynb
2026-03-09 13:34:15,2341720093,MOVE_RENAME_FILE,p05.ipynb → None/p05.ipynb
2026-03-09 13:34:15,2341720093,MOVE_RENAME_FILE,tp01.ipynb → None/tp05.ipynb
2026-03-09 13:34:15,2341720093,MOVE_RENAME_FILE,p01.ipynb → None/p01.ipynb
2026-03-09 13:34:15,2341720093,MOVE_RENAME_FILE,p02.ipynb → None/p02.ipynb
2026-03-09 13:34:15,2341720093,MOVE_RENAME_FILE,p03.ipynb → None/p03.ipynb
2026-03-09 13:34:15,2341720093,MOVE_RENAME_FILE,tp01.ipynb → None/tp06.ipynb
2026-03-09 13:34:15,2341720093,MOVE_RENAME_FILE,tp01.ipynb → None/tp07.ipynb
2026-03-09 13:34:15,2341720093,MOVE_RENAME_FILE,tp02.ipynb → None/tp08.ipynb
2026-03-09 13:34:15,2341720093,MOVE_RENAME_FILE,tp03.ipynb → None/tp09.ipynb
2026-03-09 13:34:15,2341720093,MOVE_RENAME_FILE,tp04.ipynb → None/tp10.ipynb
2026-03-09 13:34:15,2341720093,MOVE_RENAME_FILE,tp05.ipynb → None/tp11.ipynb
2026-03-09 13:34:15,2341720093,MOVE_RENAME_FILE,tp06.ipynb → None/tp12.ipynb
2026-03-09 13:34:15,2341720095,MOVE_RENAME_FILE,p01.ipynb → None/p01.ipynb
2026-03-09 13:34:15,2341720095,MOVE_RENAME_FILE,p02.ipynb → None/p02.ipynb
2026-03-09 13:34:15,2341720095,MOVE_RENAME_FILE,p03.ipynb → None/p03.ipynb
2026-03-09 13:34:15,2341720095,MOVE_RENAME_FILE,p04.ipynb → None/p04.ipynb
2026-03-09 13:34:15,2341720095,MOVE_RENAME_FILE,tp01.ipynb → None/tp01.ipynb
2026-03-09 13:34:15,2341720095,MOVE_RENAME_FILE,p01.ipynb → None/p01.ipynb
2026-03-09 13:34:15,2341720095,MOVE_RENAME_FILE,p02.ipynb → None/p02.ipynb
2026-03-09 13:34:15,2341720095,MOVE_RENAME_FILE,p03.ipynb → None/p03.ipynb
2026-03-09 13:34:15,2341720095,MOVE_RENAME_FILE,p04.ipynb → None/p04.ipynb
2026-03-09 13:34:15,2341720095,MOVE_RENAME_FILE,tp01.ipynb → None/tp02.ipynb
2026-03-09 13:34:15,2341720095,MOVE_RENAME_FILE,p01.ipynb → None/p01.ipynb
2026-03-09 13:34:15,2341720095,MOVE_RENAME_FILE,p02.ipynb → None/p02.ipynb
2026-03-09 13:34:15,2341720095,MOVE_RENAME_FILE,p03.ipynb → None/p03.ipynb
2026-03-09 13:34:15,2341720095,MOVE_RENAME_FILE,tp01.ipynb → None/tp03.ipynb
2026-03-09 13:34:15,2341720095,MOVE_RENAME_FILE,p01.ipynb → None/p01.ipynb
2026-03-09 13:34:15,2341720095,MOVE_RENAME_FILE,p02.ipynb → None/p02.ipynb
2026-03-09 13:34:15,2341720095,MOVE_RENAME_FILE,tp01.ipynb → None/tp04.ipynb
2026-03-09 13:34:16,2341720095,MOVE_RENAME_FILE,p01.ipynb → None/p01.ipynb
2026-03-09 13:34:16,2341720095,MOVE_RENAME_FILE,p02.ipynb → None/p02.ipynb
2026-03-09 13:34:16,2341720095,MOVE_RENAME_FILE,tp01.ipynb → None/tp05.ipynb
2026-03-09 13:34:16,2341720095,MOVE_RENAME_FILE,p01.ipynb → None/p01.ipynb
2026-03-09 13:34:16,2341720095,MOVE_RENAME_FILE,p02.ipynb → None/p02.ipynb
2026-03-09 13:34:16,2341720095,MOVE_RENAME_FILE,p03.ipynb → None/p03.ipynb
2026-03-09 13:34:16,2341720095,MOVE_RENAME_FILE,p04.ipynb → None/p04.ipynb
2026-03-09 13:34:16,2341720095,MOVE_RENAME_FILE,p05.ipynb → None/p05.ipynb
2026-03-09 13:34:16,2341720095,MOVE_RENAME_FILE,p06.ipynb → None/p06.ipynb
2026-03-09 13:34:16,2341720095,MOVE_RENAME_FILE,tp01.ipynb → None/tp06.ipynb
2026-03-09 13:34:16,2341720095,MOVE_RENAME_FILE,p01.ipynb → None/p01.ipynb
2026-03-09 13:34:16,2341720095,MOVE_RENAME_FILE,p02.ipynb → None/p02.ipynb
2026-03-09 13:34:16,2341720095,MOVE_RENAME_FILE,p03.ipynb → None/p03.ipynb
2026-03-09 13:34:16,2341720095,MOVE_RENAME_FILE,tp01.ipynb → None/tp07.ipynb
2026-03-09 13:34:16,2341720095,MOVE_RENAME_FILE,tp02.ipynb → None/tp08.ipynb
2026-03-09 13:34:16,2341720095,MOVE_RENAME_FILE,p01.ipynb → None/p01.ipynb
2026-03-09 13:34:16,2341720095,MOVE_RENAME_FILE,p02.ipynb → None/p02.ipynb
2026-03-09 13:34:16,2341720095,MOVE_RENAME_FILE,p03.ipynb → None/p03.ipynb
2026-03-09 13:34:16,2341720095,MOVE_RENAME_FILE,p04.ipynb → None/p04.ipynb
2026-03-09 13:34:16,2341720095,MOVE_RENAME_FILE,p05.ipynb → None/p05.ipynb
2026-03-09 13:34:16,2341720095,MOVE_RENAME_FILE,tp01.ipynb → None/tp09.ipynb
2026-03-09 13:34:17,2341720095,MOVE_RENAME_FILE,p01.ipynb → None/p01.ipynb
2026-03-09 13:34:17,2341720095,MOVE_RENAME_FILE,p02.ipynb → None/p02.ipynb
2026-03-09 13:34:17,2341720095,MOVE_RENAME_FILE,p03.ipynb → None/p03.ipynb
2026-03-09 13:34:17,2341720095,MOVE_RENAME_FILE,tp01.ipynb → None/tp10.ipynb
2026-03-09 13:34:17,2341720095,MOVE_RENAME_FILE,tp01.ipynb → None/tp11.ipynb
2026-03-09 13:34:17,2341720095,MOVE_RENAME_FILE,tp01.ipynb → None/tp12.ipynb
2026-03-09 13:34:17,2341720095,MOVE_RENAME_FILE,tp02.ipynb → None/tp13.ipynb
2026-03-09 13:34:17,2341720095,MOVE_RENAME_FILE,tp03.ipynb → None/tp14.ipynb
2026-03-09 13:34:17,2341720095,MOVE_RENAME_FILE,tp04.ipynb → None/tp15.ipynb
2026-03-09 13:34:17,2341720095,MOVE_RENAME_FILE,tp05.ipynb → None/tp16.ipynb
2026-03-09 13:34:17,2341720095,MOVE_RENAME_FILE,tp06.ipynb → None/tp17.ipynb
2026-03-09 13:34:17,2341720095,MOVE_RENAME_FILE,tp07.ipynb → None/tp18.ipynb
2026-03-09 13:34:17,2341720095,MOVE_RENAME_FILE,tp08.ipynb → None/tp19.ipynb
2026-03-09 13:34:17,2341720095,MOVE_RENAME_FILE,tp09.ipynb → None/tp20.ipynb
2026-03-09 13:34:17,2341720095,MOVE_RENAME_FILE,tp10.ipynb → None/tp21.ipynb
2026-03-09 13:34:17,2341720095,MOVE_RENAME_FILE,tp11.ipynb → None/tp22.ipynb
2026-03-09 13:34:17,2341720096,MOVE_RENAME_FILE,p01.ipynb → None/p01.ipynb
2026-03-09 13:34:17,2341720096,MOVE_RENAME_FILE,p01.ipynb → None/p01.ipynb
2026-03-09 13:34:17,2341720096,MOVE_RENAME_FILE,p02.ipynb → None/p02.ipynb
2026-03-09 13:34:17,2341720096,MOVE_RENAME_FILE,p03.ipynb → None/p03.ipynb
2026-03-09 13:34:17,2341720096,MOVE_RENAME_FILE,p04.ipynb → None/p04.ipynb
2026-03-09 13:34:17,2341720096,MOVE_RENAME_FILE,tp01.ipynb → None/tp01.ipynb
2026-03-09 13:34:17,2341720096,MOVE_RENAME_FILE,p01.ipynb → None/p01.ipynb
2026-03-09 13:34:17,2341720096,MOVE_RENAME_FILE,p02.ipynb → None/p02.ipynb
2026-03-09 13:34:17,2341720096,MOVE_RENAME_FILE,p03.ipynb → None/p03.ipynb
2026-03-09 13:34:17,2341720096,MOVE_RENAME_FILE,p04.ipynb → None/p04.ipynb
2026-03-09 13:34:17,2341720096,MOVE_RENAME_FILE,tp01.ipynb → None/tp02.ipynb
2026-03-09 13:34:17,2341720096,MOVE_RENAME_FILE,p01.ipynb → None/p01.ipynb
2026-03-09 13:34:17,2341720096,MOVE_RENAME_FILE,p02.ipynb → None/p02.ipynb
2026-03-09 13:34:17,2341720096,MOVE_RENAME_FILE,p03.ipynb → None/p03.ipynb
2026-03-09 13:34:17,2341720096,MOVE_RENAME_FILE,tp01.ipynb → None/tp03.ipynb
2026-03-09 13:34:17,2341720096,MOVE_RENAME_FILE,p01.ipynb → None/p01.ipynb
2026-03-09 13:34:17,2341720096,MOVE_RENAME_FILE,p02.ipynb → None/p02.ipynb
2026-03-09 13:34:17,2341720096,MOVE_RENAME_FILE,tp01.ipynb → None/tp04.ipynb
2026-03-09 13:34:17,2341720096,MOVE_RENAME_FILE,p01.ipynb → None/p01.ipynb
2026-03-09 13:34:17,2341720096,MOVE_RENAME_FILE,p02.ipynb → None/p02.ipynb
2026-03-09 13:34:17,2341720096,MOVE_RENAME_FILE,p01.ipynb → None/p01.ipynb
2026-03-09 13:34:17,2341720096,MOVE_RENAME_FILE,p02.ipynb → None/p02.ipynb
2026-03-09 13:34:17,2341720096,MOVE_RENAME_FILE,p03.ipynb → None/p03.ipynb
2026-03-09 13:34:17,2341720096,MOVE_RENAME_FILE,p04.ipynb → None/p04.ipynb
2026-03-09 13:34:17,2341720096,MOVE_RENAME_FILE,p05.ipynb → None/p05.ipynb
2026-03-09 13:34:17,2341720096,MOVE_RENAME_FILE,p06.ipynb → None/p06.ipynb
2026-03-09 13:34:17,2341720096,MOVE_RENAME_FILE,tp01.ipynb → None/tp05.ipynb
2026-03-09 13:34:17,2341720096,MOVE_RENAME_FILE,tp01.ipynb → None/tp06.ipynb
2026-03-09 13:34:17,2341720096,MOVE_RENAME_FILE,p01.ipynb → None/p01.ipynb
2026-03-09 13:34:17,2341720096,MOVE_RENAME_FILE,p02.ipynb → None/p02.ipynb
2026-03-09 13:34:17,2341720096,MOVE_RENAME_FILE,p03.ipynb → None/p03.ipynb
2026-03-09 13:34:17,2341720096,MOVE_RENAME_FILE,tp01.ipynb → None/tp07.ipynb
2026-03-09 13:34:17,2341720096,MOVE_RENAME_FILE,tp02.ipynb → None/tp08.ipynb
2026-03-09 13:34:17,2341720096,MOVE_RENAME_FILE,p01.ipynb → None/p01.ipynb
2026-03-09 13:34:17,2341720096,MOVE_RENAME_FILE,p02.ipynb → None/p02.ipynb
2026-03-09 13:34:17,2341720096,MOVE_RENAME_FILE,p03.ipynb → None/p03.ipynb
2026-03-09 13:34:17,2341720096,MOVE_RENAME_FILE,p04.ipynb → None/p04.ipynb
2026-03-09 13:34:17,2341720096,MOVE_RENAME_FILE,p05.ipynb → None/p05.ipynb
2026-03-09 13:34:17,2341720096,MOVE_RENAME_FILE,tp01.ipynb → None/tp09.ipynb
2026-03-09 13:34:17,2341720096,MOVE_RENAME_FILE,p01.ipynb → None/p01.ipynb
2026-03-09 13:34:18,2341720096,MOVE_RENAME_FILE,p02.ipynb → None/p02.ipynb
2026-03-09 13:34:18,2341720096,MOVE_RENAME_FILE,p03.ipynb → None/p03.ipynb
2026-03-09 13:34:18,2341720096,MOVE_RENAME_FILE,tp01.ipynb → None/tp10.ipynb
2026-03-09 13:34:18,2341720096,MOVE_RENAME_FILE,p01.ipynb → None/p01.ipynb
2026-03-09 13:34:18,2341720096,MOVE_RENAME_FILE,p02.ipynb → None/p02.ipynb
2026-03-09 13:34:18,2341720096,MOVE_RENAME_FILE,tp01.ipynb → None/tp11.ipynb
2026-03-09 13:34:18,2341720096,MOVE_RENAME_FILE,p01.ipynb → None/p01.ipynb
2026-03-09 13:34:18,2341720096,MOVE_RENAME_FILE,p02.ipynb → None/p02.ipynb
2026-03-09 13:34:18,2341720096,MOVE_RENAME_FILE,tp01.ipynb → None/tp12.ipynb
2026-03-09 13:34:18,2341720096,MOVE_RENAME_FILE,tp02.ipynb → None/tp13.ipynb
2026-03-09 13:34:18,2341720096,MOVE_RENAME_FILE,tp03.ipynb → None/tp14.ipynb
2026-03-09 13:34:18,2341720096,MOVE_RENAME_FILE,tp04.ipynb → None/tp15.ipynb
2026-03-09 13:34:18,2341720096,MOVE_RENAME_FILE,tp05.ipynb → None/tp16.ipynb
2026-03-09 13:34:18,2341720096,MOVE_RENAME_FILE,tp06.ipynb → None/tp17.ipynb
2026-03-09 13:34:18,2341720096,MOVE_RENAME_FILE,tp07.ipynb → None/tp18.ipynb
2026-03-09 13:34:18,2341720096,MOVE_RENAME_FILE,tp08.ipynb → None/tp19.ipynb
2026-03-09 13:34:18,2341720096,MOVE_RENAME_FILE,tp09.ipynb → None/tp20.ipynb
2026-03-09 13:34:18,2341720096,MOVE_RENAME_FILE,tp10.ipynb → None/tp21.ipynb
2026-03-09 13:34:18,2341720096,MOVE_RENAME_FILE,tp11.ipynb → None/tp22.ipynb
2026-03-09 13:34:18,2341720108,MOVE_RENAME_FILE,p01.ipynb → None/p01.ipynb
2026-03-09 13:34:18,2341720108,MOVE_RENAME_FILE,p02.ipynb → None/p02.ipynb
2026-03-09 13:34:18,2341720108,MOVE_RENAME_FILE,p03.ipynb → None/p03.ipynb
2026-03-09 13:34:18,2341720108,MOVE_RENAME_FILE,p04.ipynb → None/p04.ipynb
2026-03-09 13:34:18,2341720108,MOVE_RENAME_FILE,tp01.ipynb → None/tp01.ipynb
2026-03-09 13:34:18,2341720108,MOVE_RENAME_FILE,p01.ipynb → None/p01.ipynb
2026-03-09 13:34:18,2341720108,MOVE_RENAME_FILE,p02.ipynb → None/p02.ipynb
2026-03-09 13:34:18,2341720108,MOVE_RENAME_FILE,p03.ipynb → None/p03.ipynb
2026-03-09 13:34:18,2341720108,MOVE_RENAME_FILE,p04.ipynb → None/p04.ipynb
2026-03-09 13:34:18,2341720108,MOVE_RENAME_FILE,tp01.ipynb → None/tp02.ipynb
2026-03-09 13:34:18,2341720108,MOVE_RENAME_FILE,p01.ipynb → None/p01.ipynb
2026-03-09 13:34:18,2341720108,MOVE_RENAME_FILE,p02.ipynb → None/p02.ipynb
2026-03-09 13:34:18,2341720108,MOVE_RENAME_FILE,p03.ipynb → None/p03.ipynb
2026-03-09 13:34:18,2341720108,MOVE_RENAME_FILE,tp01.ipynb → None/tp03.ipynb
2026-03-09 13:34:18,2341720108,MOVE_RENAME_FILE,p01.ipynb → None/p01.ipynb
2026-03-09 13:34:18,2341720108,MOVE_RENAME_FILE,p02.ipynb → None/p02.ipynb
2026-03-09 13:34:18,2341720108,MOVE_RENAME_FILE,tp01.ipynb → None/tp04.ipynb
2026-03-09 13:34:18,2341720108,MOVE_RENAME_FILE,p01.ipynb → None/p01.ipynb
2026-03-09 13:34:18,2341720108,MOVE_RENAME_FILE,p02.ipynb → None/p02.ipynb
2026-03-09 13:34:18,2341720108,MOVE_RENAME_FILE,tp01.ipynb → None/tp05.ipynb
2026-03-09 13:34:18,2341720108,MOVE_RENAME_FILE,p01.ipynb → None/p01.ipynb
2026-03-09 13:34:18,2341720108,MOVE_RENAME_FILE,p02.ipynb → None/p02.ipynb
2026-03-09 13:34:18,2341720108,MOVE_RENAME_FILE,p03.ipynb → None/p03.ipynb
2026-03-09 13:34:18,2341720108,MOVE_RENAME_FILE,p04.ipynb → None/p04.ipynb
2026-03-09 13:34:18,2341720108,MOVE_RENAME_FILE,p05.ipynb → None/p05.ipynb
2026-03-09 13:34:18,2341720108,MOVE_RENAME_FILE,p06.ipynb → None/p06.ipynb
2026-03-09 13:34:18,2341720108,MOVE_RENAME_FILE,tp01.ipynb → None/tp06.ipynb
2026-03-09 13:34:18,2341720108,MOVE_RENAME_FILE,tp01.ipynb → None/tp07.ipynb
2026-03-09 13:34:18,2341720108,MOVE_RENAME_FILE,p01.ipynb → None/p01.ipynb
2026-03-09 13:34:18,2341720108,MOVE_RENAME_FILE,p02.ipynb → None/p02.ipynb
2026-03-09 13:34:19,2341720108,MOVE_RENAME_FILE,p03.ipynb → None/p03.ipynb
2026-03-09 13:34:19,2341720108,MOVE_RENAME_FILE,tp01.ipynb → None/tp08.ipynb
2026-03-09 13:34:19,2341720108,MOVE_RENAME_FILE,tp02.ipynb → None/tp09.ipynb
2026-03-09 13:34:19,2341720108,MOVE_RENAME_FILE,p01.ipynb → None/p01.ipynb
2026-03-09 13:34:19,2341720108,MOVE_RENAME_FILE,p02.ipynb → None/p02.ipynb
2026-03-09 13:34:19,2341720108,MOVE_RENAME_FILE,p03.ipynb → None/p03.ipynb
2026-03-09 13:34:19,2341720108,MOVE_RENAME_FILE,p04.ipynb → None/p04.ipynb
2026-03-09 13:34:19,2341720108,MOVE_RENAME_FILE,p05.ipynb → None/p05.ipynb
2026-03-09 13:34:19,2341720108,MOVE_RENAME_FILE,tp01.ipynb → None/tp10.ipynb
2026-03-09 13:34:19,2341720108,MOVE_RENAME_FILE,p01.ipynb → None/p01.ipynb
2026-03-09 13:34:19,2341720108,MOVE_RENAME_FILE,p02.ipynb → None/p02.ipynb
2026-03-09 13:34:19,2341720108,MOVE_RENAME_FILE,p03.ipynb → None/p03.ipynb
2026-03-09 13:34:19,2341720108,MOVE_RENAME_FILE,tp01.ipynb → None/tp11.ipynb
2026-03-09 13:34:19,2341720108,MOVE_RENAME_FILE,p01.ipynb → None/p01.ipynb
2026-03-09 13:34:19,2341720108,MOVE_RENAME_FILE,p02.ipynb → None/p02.ipynb
2026-03-09 13:34:19,2341720108,MOVE_RENAME_FILE,tp01.ipynb → None/tp12.ipynb
2026-03-09 13:34:19,2341720108,MOVE_RENAME_FILE,p01.ipynb → None/p01.ipynb
2026-03-09 13:34:19,2341720108,MOVE_RENAME_FILE,tp01.ipynb → None/tp13.ipynb
2026-03-09 13:34:19,2341720108,MOVE_RENAME_FILE,tp02.ipynb → None/tp14.ipynb
2026-03-09 13:34:19,2341720108,MOVE_RENAME_FILE,tp03.ipynb → None/tp15.ipynb
2026-03-09 13:34:19,2341720108,MOVE_RENAME_FILE,tp04.ipynb → None/tp16.ipynb
2026-03-09 13:34:19,2341720108,MOVE_RENAME_FILE,tp05.ipynb → None/tp17.ipynb
2026-03-09 13:34:19,2341720108,MOVE_RENAME_FILE,tp06.ipynb → None/tp18.ipynb
2026-03-09 13:34:19,2341720108,MOVE_RENAME_FILE,tp07.ipynb → None/tp19.ipynb
2026-03-09 13:34:19,2341720108,MOVE_RENAME_FILE,tp08.ipynb → None/tp20.ipynb
2026-03-09 13:34:19,2341720108,MOVE_RENAME_FILE,tp09.ipynb → None/tp21.ipynb
2026-03-09 13:34:19,2341720108,MOVE_RENAME_FILE,tp10.ipynb → None/tp22.ipynb
2026-03-09 13:34:19,2341720108,MOVE_RENAME_FILE,tp11.ipynb → None/tp23.ipynb
2026-03-09 13:34:19,2341720108,MOVE_RENAME_FILE,tp12.ipynb → None/tp24.ipynb
2026-03-09 13:34:19,2341720111,MOVE_RENAME_FILE,p01.ipynb → None/p01.ipynb
2026-03-09 13:34:19,2341720111,MOVE_RENAME_FILE,p02.ipynb → None/p02.ipynb
2026-03-09 13:34:19,2341720111,MOVE_RENAME_FILE,p03.ipynb → None/p03.ipynb
2026-03-09 13:34:19,2341720111,MOVE_RENAME_FILE,p04.ipynb → None/p04.ipynb
2026-03-09 13:34:19,2341720111,MOVE_RENAME_FILE,tp01.ipynb → None/tp01.ipynb
2026-03-09 13:34:19,2341720111,MOVE_RENAME_FILE,p01.ipynb → None/p01.ipynb
2026-03-09 13:34:19,2341720111,MOVE_RENAME_FILE,p02.ipynb → None/p02.ipynb
2026-03-09 13:34:19,2341720111,MOVE_RENAME_FILE,p03.ipynb → None/p03.ipynb
2026-03-09 13:34:19,2341720111,MOVE_RENAME_FILE,p04.ipynb → None/p04.ipynb
2026-03-09 13:34:19,2341720111,MOVE_RENAME_FILE,tp01.ipynb → None/tp02.ipynb
2026-03-09 13:34:19,2341720111,MOVE_RENAME_FILE,p01.ipynb → None/p01.ipynb
2026-03-09 13:34:20,2341720111,MOVE_RENAME_FILE,p02.ipynb → None/p02.ipynb
2026-03-09 13:34:20,2341720111,MOVE_RENAME_FILE,p03.ipynb → None/p03.ipynb
2026-03-09 13:34:20,2341720111,MOVE_RENAME_FILE,tp01.ipynb → None/tp03.ipynb
2026-03-09 13:34:20,2341720111,MOVE_RENAME_FILE,p01.ipynb → None/p01.ipynb
2026-03-09 13:34:20,2341720111,MOVE_RENAME_FILE,p02.ipynb → None/p02.ipynb
2026-03-09 13:34:20,2341720111,MOVE_RENAME_FILE,tp01.ipynb → None/tp04.ipynb
2026-03-09 13:34:20,2341720111,MOVE_RENAME_FILE,p01.ipynb → None/p01.ipynb
2026-03-09 13:34:20,2341720111,MOVE_RENAME_FILE,p02.ipynb → None/p02.ipynb
2026-03-09 13:34:20,2341720111,MOVE_RENAME_FILE,p03.ipynb → None/p03.ipynb
2026-03-09 13:34:20,2341720111,MOVE_RENAME_FILE,p04.ipynb → None/p04.ipynb
2026-03-09 13:34:20,2341720111,MOVE_RENAME_FILE,p05.ipynb → None/p05.ipynb
2026-03-09 13:34:20,2341720111,MOVE_RENAME_FILE,p06.ipynb → None/p06.ipynb
2026-03-09 13:34:20,2341720111,MOVE_RENAME_FILE,tp01.ipynb → None/tp05.ipynb
2026-03-09 13:34:20,2341720111,MOVE_RENAME_FILE,p01.ipynb → None/p01.ipynb
2026-03-09 13:34:20,2341720111,MOVE_RENAME_FILE,p02.ipynb → None/p02.ipynb
2026-03-09 13:34:20,2341720111,MOVE_RENAME_FILE,tp01.ipynb → None/tp06.ipynb
2026-03-09 13:34:20,2341720111,MOVE_RENAME_FILE,tp01.ipynb → None/tp07.ipynb
2026-03-09 13:34:20,2341720111,MOVE_RENAME_FILE,p01.ipynb → None/p01.ipynb
2026-03-09 13:34:20,2341720111,MOVE_RENAME_FILE,p02.ipynb → None/p02.ipynb
2026-03-09 13:34:20,2341720111,MOVE_RENAME_FILE,p03.ipynb → None/p03.ipynb
2026-03-09 13:34:20,2341720111,MOVE_RENAME_FILE,tp01.ipynb → None/tp08.ipynb
2026-03-09 13:34:20,2341720111,MOVE_RENAME_FILE,tp02.ipynb → None/tp09.ipynb
2026-03-09 13:34:20,2341720111,MOVE_RENAME_FILE,p01.ipynb → None/p01.ipynb
2026-03-09 13:34:20,2341720111,MOVE_RENAME_FILE,p02.ipynb → None/p02.ipynb
2026-03-09 13:34:20,2341720111,MOVE_RENAME_FILE,p03.ipynb → None/p03.ipynb
2026-03-09 13:34:20,2341720111,MOVE_RENAME_FILE,p04.ipynb → None/p04.ipynb
2026-03-09 13:34:20,2341720111,MOVE_RENAME_FILE,p05.ipynb → None/p05.ipynb
2026-03-09 13:34:20,2341720111,MOVE_RENAME_FILE,tp02.ipynb → None/tp10.ipynb
2026-03-09 13:34:20,2341720111,MOVE_RENAME_FILE,p01.ipynb → None/p01.ipynb
2026-03-09 13:34:20,2341720111,MOVE_RENAME_FILE,p02.ipynb → None/p02.ipynb
2026-03-09 13:34:20,2341720111,MOVE_RENAME_FILE,p03.ipynb → None/p03.ipynb
2026-03-09 13:34:20,2341720111,MOVE_RENAME_FILE,tp01.ipynb → None/tp11.ipynb
2026-03-09 13:34:20,2341720111,MOVE_RENAME_FILE,p01.ipynb → None/p01.ipynb
2026-03-09 13:34:21,2341720111,MOVE_RENAME_FILE,p02.ipynb → None/p02.ipynb
2026-03-09 13:34:21,2341720111,MOVE_RENAME_FILE,tp01.ipynb → None/tp12.ipynb
2026-03-09 13:34:21,2341720111,MOVE_RENAME_FILE,p01.ipynb → None/p01.ipynb
2026-03-09 13:34:21,2341720111,MOVE_RENAME_FILE,p02.ipynb → None/p02.ipynb
2026-03-09 13:34:21,2341720111,MOVE_RENAME_FILE,tp01.ipynb → None/tp13.ipynb
2026-03-09 13:34:21,2341720111,MOVE_RENAME_FILE,tp01.ipynb → None/tp14.ipynb
2026-03-09 13:34:21,2341720111,MOVE_RENAME_FILE,tp02.ipynb → None/tp15.ipynb
2026-03-09 13:34:21,2341720111,MOVE_RENAME_FILE,tp03.ipynb → None/tp16.ipynb
2026-03-09 13:34:21,2341720111,MOVE_RENAME_FILE,tp04.ipynb → None/tp17.ipynb
2026-03-09 13:34:21,2341720111,MOVE_RENAME_FILE,tp05.ipynb → None/tp18.ipynb
2026-03-09 13:34:21,2341720111,MOVE_RENAME_FILE,tp06.ipynb → None/tp19.ipynb
2026-03-09 13:34:21,2341720111,MOVE_RENAME_FILE,tp07.ipynb → None/tp20.ipynb
2026-03-09 13:34:21,2341720111,MOVE_RENAME_FILE,tp08.ipynb → None/tp21.ipynb
2026-03-09 13:34:21,2341720111,MOVE_RENAME_FILE,tp09.ipynb → None/tp22.ipynb
2026-03-09 13:34:21,2341720111,MOVE_RENAME_FILE,tp10.ipynb → None/tp23.ipynb
2026-03-09 13:34:21,2341720111,MOVE_RENAME_FILE,tp11.ipynb → None/tp24.ipynb
2026-03-09 13:34:21,2341720111,MOVE_RENAME_FILE,tp12.ipynb → None/tp25.ipynb
2026-03-09 13:34:21,2341720111,MOVE_RENAME_FILE,tp13.ipynb → None/tp26.ipynb
2026-03-09 13:34:21,2341720112,MOVE_RENAME_FILE,p01.ipynb → None/p01.ipynb
2026-03-09 13:34:21,2341720112,MOVE_RENAME_FILE,p01.ipynb → None/p01.ipynb
2026-03-09 13:34:21,2341720112,MOVE_RENAME_FILE,p02.ipynb → None/p02.ipynb
2026-03-09 13:34:21,2341720112,MOVE_RENAME_FILE,p03.ipynb → None/p03.ipynb
2026-03-09 13:34:21,2341720112,MOVE_RENAME_FILE,p04.ipynb → None/p04.ipynb
2026-03-09 13:34:21,2341720112,MOVE_RENAME_FILE,tp01.ipynb → None/tp01.ipynb
2026-03-09 13:34:21,2341720112,MOVE_RENAME_FILE,p01.ipynb → None/p01.ipynb
2026-03-09 13:34:21,2341720112,MOVE_RENAME_FILE,p02.ipynb → None/p02.ipynb
2026-03-09 13:34:21,2341720112,MOVE_RENAME_FILE,p03.ipynb → None/p03.ipynb
2026-03-09 13:34:21,2341720112,MOVE_RENAME_FILE,p04.ipynb → None/p04.ipynb
2026-03-09 13:34:21,2341720112,MOVE_RENAME_FILE,tp01.ipynb → None/tp02.ipynb
2026-03-09 13:34:21,2341720112,MOVE_RENAME_FILE,p01.ipynb → None/p01.ipynb
2026-03-09 13:34:21,2341720112,MOVE_RENAME_FILE,p02.ipynb → None/p02.ipynb
2026-03-09 13:34:21,2341720112,MOVE_RENAME_FILE,p03.ipynb → None/p03.ipynb
2026-03-09 13:34:21,2341720112,MOVE_RENAME_FILE,tp01.ipynb → None/tp03.ipynb
2026-03-09 13:34:21,2341720112,MOVE_RENAME_FILE,p01.ipynb → None/p01.ipynb
2026-03-09 13:34:21,2341720112,MOVE_RENAME_FILE,p02.ipynb → None/p02.ipynb
2026-03-09 13:34:21,2341720112,MOVE_RENAME_FILE,tp01.ipynb → None/tp04.ipynb
2026-03-09 13:34:21,2341720112,MOVE_RENAME_FILE,p01.ipynb → None/p01.ipynb
2026-03-09 13:34:21,2341720112,MOVE_RENAME_FILE,p02.ipynb → None/p02.ipynb
2026-03-09 13:34:21,2341720112,MOVE_RENAME_FILE,tp01.ipynb → None/tp05.ipynb
2026-03-09 13:34:21,2341720112,MOVE_RENAME_FILE,p01.ipynb → None/p01.ipynb
2026-03-09 13:34:21,2341720112,MOVE_RENAME_FILE,p02.ipynb → None/p02.ipynb
2026-03-09 13:34:21,2341720112,MOVE_RENAME_FILE,p03.ipynb → None/p03.ipynb
2026-03-09 13:34:21,2341720112,MOVE_RENAME_FILE,p04.ipynb → None/p04.ipynb
2026-03-09 13:34:21,2341720112,MOVE_RENAME_FILE,p05.ipynb → None/p05.ipynb
2026-03-09 13:34:21,2341720112,MOVE_RENAME_FILE,p06.ipynb → None/p06.ipynb
2026-03-09 13:34:21,2341720112,MOVE_RENAME_FILE,tp01.ipynb → None/tp06.ipynb
2026-03-09 13:34:21,2341720112,MOVE_RENAME_FILE,tp01.ipynb → None/tp07.ipynb
2026-03-09 13:34:21,2341720112,MOVE_RENAME_FILE,p01.ipynb → None/p01.ipynb
2026-03-09 13:34:21,2341720112,MOVE_RENAME_FILE,p02.ipynb → None/p02.ipynb
2026-03-09 13:34:21,2341720112,MOVE_RENAME_FILE,p03.ipynb → None/p03.ipynb
2026-03-09 13:34:21,2341720112,MOVE_RENAME_FILE,tp01.ipynb → None/tp08.ipynb
2026-03-09 13:34:21,2341720112,MOVE_RENAME_FILE,tp02.ipynb → None/tp09.ipynb
2026-03-09 13:34:21,2341720112,MOVE_RENAME_FILE,p01.ipynb → None/p01.ipynb
2026-03-09 13:34:21,2341720112,MOVE_RENAME_FILE,p02.ipynb → None/p02.ipynb
2026-03-09 13:34:22,2341720112,MOVE_RENAME_FILE,p03.ipynb → None/p03.ipynb
2026-03-09 13:34:22,2341720112,MOVE_RENAME_FILE,p04.ipynb → None/p04.ipynb
2026-03-09 13:34:22,2341720112,MOVE_RENAME_FILE,p05.ipynb → None/p05.ipynb
2026-03-09 13:34:22,2341720112,MOVE_RENAME_FILE,tp01.ipynb → None/tp10.ipynb
2026-03-09 13:34:22,2341720112,MOVE_RENAME_FILE,p01.ipynb → None/p01.ipynb
2026-03-09 13:34:22,2341720112,MOVE_RENAME_FILE,p02.ipynb → None/p02.ipynb
2026-03-09 13:34:22,2341720112,MOVE_RENAME_FILE,p03.ipynb → None/p03.ipynb
2026-03-09 13:34:22,2341720112,MOVE_RENAME_FILE,tp01.ipynb → None/tp11.ipynb
2026-03-09 13:34:22,2341720112,MOVE_RENAME_FILE,p01.ipynb → None/p01.ipynb
2026-03-09 13:34:22,2341720112,MOVE_RENAME_FILE,p02.ipynb → None/p02.ipynb
2026-03-09 13:34:22,2341720112,MOVE_RENAME_FILE,tp01.ipynb → None/tp12.ipynb
2026-03-09 13:34:22,2341720112,MOVE_RENAME_FILE,p01.ipynb → None/p01.ipynb
2026-03-09 13:34:22,2341720112,MOVE_RENAME_FILE,tp01.ipynb → None/tp13.ipynb
2026-03-09 13:34:22,2341720112,MOVE_RENAME_FILE,tp01.ipynb → None/tp14.ipynb
2026-03-09 13:34:22,2341720112,MOVE_RENAME_FILE,tp02.ipynb → None/tp15.ipynb
2026-03-09 13:34:22,2341720112,MOVE_RENAME_FILE,tp03.ipynb → None/tp16.ipynb
2026-03-09 13:34:22,2341720112,MOVE_RENAME_FILE,tp04.ipynb → None/tp17.ipynb
2026-03-09 13:34:22,2341720112,MOVE_RENAME_FILE,tp05.ipynb → None/tp18.ipynb
2026-03-09 13:34:22,2341720112,MOVE_RENAME_FILE,tp06.ipynb → None/tp19.ipynb
2026-03-09 13:34:22,2341720112,MOVE_RENAME_FILE,tp07.ipynb → None/tp20.ipynb
2026-03-09 13:34:22,2341720112,MOVE_RENAME_FILE,tp08.ipynb → None/tp21.ipynb
2026-03-09 13:34:22,2341720112,MOVE_RENAME_FILE,tp09.ipynb → None/tp22.ipynb
2026-03-09 13:34:22,2341720112,MOVE_RENAME_FILE,tp10.ipynb → None/tp23.ipynb
2026-03-09 13:34:22,2341720112,MOVE_RENAME_FILE,tp11.ipynb → None/tp24.ipynb
2026-03-09 13:34:22,2341720112,MOVE_RENAME_FILE,tp12.ipynb → None/tp25.ipynb
2026-03-09 13:34:22,2341720112,MOVE_RENAME_FILE,tp13.ipynb → None/tp26.ipynb
2026-03-09 13:34:22,2341720117,MOVE_RENAME_FILE,p01.ipynb → None/p01.ipynb
2026-03-09 13:34:22,2341720117,MOVE_RENAME_FILE,p02.ipynb → None/p02.ipynb
2026-03-09 13:34:22,2341720117,MOVE_RENAME_FILE,p03.ipynb → None/p03.ipynb
2026-03-09 13:34:22,2341720117,MOVE_RENAME_FILE,p04.ipynb → None/p04.ipynb
2026-03-09 13:34:22,2341720117,MOVE_RENAME_FILE,tp01.ipynb → None/tp01.ipynb
2026-03-09 13:34:22,2341720117,MOVE_RENAME_FILE,p01.ipynb → None/p01.ipynb
2026-03-09 13:34:22,2341720117,MOVE_RENAME_FILE,p02.ipynb → None/p02.ipynb
2026-03-09 13:34:22,2341720117,MOVE_RENAME_FILE,p03.ipynb → None/p03.ipynb
2026-03-09 13:34:23,2341720117,MOVE_RENAME_FILE,p04.ipynb → None/p04.ipynb
2026-03-09 13:34:23,2341720117,MOVE_RENAME_FILE,tp01.ipynb → None/tp02.ipynb
2026-03-09 13:34:23,2341720117,MOVE_RENAME_FILE,p01.ipynb → None/p01.ipynb
2026-03-09 13:34:23,2341720117,MOVE_RENAME_FILE,p02.ipynb → None/p02.ipynb
2026-03-09 13:34:23,2341720117,MOVE_RENAME_FILE,p03.ipynb → None/p03.ipynb
2026-03-09 13:34:23,2341720117,MOVE_RENAME_FILE,tp01.ipynb → None/tp03.ipynb
2026-03-09 13:34:23,2341720117,MOVE_RENAME_FILE,p01.ipynb → None/p01.ipynb
2026-03-09 13:34:23,2341720117,MOVE_RENAME_FILE,p02.ipynb → None/p02.ipynb
2026-03-09 13:34:23,2341720117,MOVE_RENAME_FILE,tp01.ipynb → None/tp04.ipynb
2026-03-09 13:34:23,2341720117,MOVE_RENAME_FILE,p01.ipynb → None/p01.ipynb
2026-03-09 13:34:23,2341720117,MOVE_RENAME_FILE,p02.ipynb → None/p02.ipynb
2026-03-09 13:34:23,2341720117,MOVE_RENAME_FILE,tp01.ipynb → None/tp05.ipynb
2026-03-09 13:34:23,2341720117,MOVE_RENAME_FILE,p01.ipynb → None/p01.ipynb
2026-03-09 13:34:23,2341720117,MOVE_RENAME_FILE,p02.ipynb → None/p02.ipynb
2026-03-09 13:34:23,2341720117,MOVE_RENAME_FILE,p03.ipynb → None/p03.ipynb
2026-03-09 13:34:23,2341720117,MOVE_RENAME_FILE,p04.ipynb → None/p04.ipynb
2026-03-09 13:34:23,2341720117,MOVE_RENAME_FILE,p05.ipynb → None/p05.ipynb
2026-03-09 13:34:23,2341720117,MOVE_RENAME_FILE,p06.ipynb → None/p06.ipynb
2026-03-09 13:34:23,2341720117,MOVE_RENAME_FILE,tp01.ipynb → None/tp06.ipynb
2026-03-09 13:34:23,2341720117,MOVE_RENAME_FILE,p01.ipynb → None/p01.ipynb
2026-03-09 13:34:23,2341720117,MOVE_RENAME_FILE,p02.ipynb → None/p02.ipynb
2026-03-09 13:34:24,2341720117,MOVE_RENAME_FILE,p03.ipynb → None/p03.ipynb
2026-03-09 13:34:24,2341720117,MOVE_RENAME_FILE,tp01.ipynb → None/tp07.ipynb
2026-03-09 13:34:24,2341720117,MOVE_RENAME_FILE,tp02.ipynb → None/tp08.ipynb
2026-03-09 13:34:24,2341720117,MOVE_RENAME_FILE,p01.ipynb → None/p01.ipynb
2026-03-09 13:34:24,2341720117,MOVE_RENAME_FILE,p02.ipynb → None/p02.ipynb
2026-03-09 13:34:24,2341720117,MOVE_RENAME_FILE,p03.ipynb → None/p03.ipynb
2026-03-09 13:34:24,2341720117,MOVE_RENAME_FILE,p04.ipynb → None/p04.ipynb
2026-03-09 13:34:24,2341720117,MOVE_RENAME_FILE,p05.ipynb → None/p05.ipynb
2026-03-09 13:34:24,2341720117,MOVE_RENAME_FILE,tp01.ipynb → None/tp09.ipynb
2026-03-09 13:34:24,2341720117,MOVE_RENAME_FILE,p01.ipynb → None/p01.ipynb
2026-03-09 13:34:24,2341720117,MOVE_RENAME_FILE,p02.ipynb → None/p02.ipynb
2026-03-09 13:34:24,2341720117,MOVE_RENAME_FILE,p03.ipynb → None/p03.ipynb
2026-03-09 13:34:24,2341720117,MOVE_RENAME_FILE,tp01.ipynb → None/tp10.ipynb
2026-03-09 13:34:24,2341720117,MOVE_RENAME_FILE,p01.ipynb → None/p01.ipynb
2026-03-09 13:34:24,2341720117,MOVE_RENAME_FILE,p02.ipynb → None/p02.ipynb
2026-03-09 13:34:24,2341720117,MOVE_RENAME_FILE,tp01.ipynb → None/tp11.ipynb
2026-03-09 13:34:24,2341720117,MOVE_RENAME_FILE,app.py → None/app.py
2026-03-09 13:34:24,2341720117,MOVE_RENAME_FILE,p01.ipynb → None/p01.ipynb
2026-03-09 13:34:24,2341720117,MOVE_RENAME_FILE,tp01.ipynb → None/tp12.ipynb
2026-03-09 13:34:24,2341720117,MOVE_RENAME_FILE,tp02.ipynb → None/tp13.ipynb
2026-03-09 13:34:24,2341720117,MOVE_RENAME_FILE,tp03.ipynb → None/tp14.ipynb
2026-03-09 13:34:24,2341720117,MOVE_RENAME_FILE,tp04.ipynb → None/tp15.ipynb
2026-03-09 13:34:24,2341720117,MOVE_RENAME_FILE,tp05.ipynb → None/tp16.ipynb
2026-03-09 13:34:24,2341720117,MOVE_RENAME_FILE,tp06.ipynb → None/tp17.ipynb
2026-03-09 13:34:24,2341720117,MOVE_RENAME_FILE,tp07.ipynb → None/tp18.ipynb
2026-03-09 13:34:24,2341720117,MOVE_RENAME_FILE,tp08.ipynb → None/tp19.ipynb
2026-03-09 13:34:24,2341720117,MOVE_RENAME_FILE,tp09.ipynb → None/tp20.ipynb
2026-03-09 13:34:24,2341720117,MOVE_RENAME_FILE,tp10.ipynb → None/tp21.ipynb
2026-03-09 13:34:24,2341720117,MOVE_RENAME_FILE,tp11.ipynb → None/tp22.ipynb
2026-03-09 13:34:24,2341720131,MOVE_RENAME_FILE,p01.ipynb → None/p01.ipynb
2026-03-09 13:34:24,2341720131,MOVE_RENAME_FILE,p02.ipynb → None/p02.ipynb
2026-03-09 13:34:24,2341720131,MOVE_RENAME_FILE,p03.ipynb → None/p03.ipynb
2026-03-09 13:34:24,2341720131,MOVE_RENAME_FILE,p04.ipynb → None/p04.ipynb
2026-03-09 13:34:24,2341720131,MOVE_RENAME_FILE,tp01.ipynb → None/tp01.ipynb
2026-03-09 13:34:24,2341720131,MOVE_RENAME_FILE,p01.ipynb → None/p01.ipynb
2026-03-09 13:34:25,2341720131,MOVE_RENAME_FILE,p02.ipynb → None/p02.ipynb
2026-03-09 13:34:25,2341720131,MOVE_RENAME_FILE,p03.ipynb → None/p03.ipynb
2026-03-09 13:34:25,2341720131,MOVE_RENAME_FILE,p04.ipynb → None/p04.ipynb
2026-03-09 13:34:25,2341720131,MOVE_RENAME_FILE,tp01.ipynb → None/tp02.ipynb
2026-03-09 13:34:25,2341720131,MOVE_RENAME_FILE,p01.ipynb → None/p01.ipynb
2026-03-09 13:34:25,2341720131,MOVE_RENAME_FILE,p02.ipynb → None/p02.ipynb
2026-03-09 13:34:25,2341720131,MOVE_RENAME_FILE,p03.ipynb → None/p03.ipynb
2026-03-09 13:34:25,2341720131,MOVE_RENAME_FILE,tp01.ipynb → None/tp03.ipynb
2026-03-09 13:34:25,2341720131,MOVE_RENAME_FILE,p01.ipynb → None/p01.ipynb
2026-03-09 13:34:25,2341720131,MOVE_RENAME_FILE,p02.ipynb → None/p02.ipynb
2026-03-09 13:34:25,2341720131,MOVE_RENAME_FILE,tp01.ipynb → None/tp04.ipynb
2026-03-09 13:34:25,2341720131,MOVE_RENAME_FILE,p01.ipynb → None/p01.ipynb
2026-03-09 13:34:25,2341720131,MOVE_RENAME_FILE,p02.ipynb → None/p02.ipynb
2026-03-09 13:34:25,2341720131,MOVE_RENAME_FILE,tp01.ipynb → None/tp05.ipynb
2026-03-09 13:34:25,2341720131,MOVE_RENAME_FILE,p01.ipynb → None/p01.ipynb
2026-03-09 13:34:25,2341720131,MOVE_RENAME_FILE,p02.ipynb → None/p02.ipynb
2026-03-09 13:34:26,2341720131,MOVE_RENAME_FILE,p03.ipynb → None/p03.ipynb
2026-03-09 13:34:26,2341720131,MOVE_RENAME_FILE,p04.ipynb → None/p04.ipynb
2026-03-09 13:34:26,2341720131,MOVE_RENAME_FILE,p05.ipynb → None/p05.ipynb
2026-03-09 13:34:26,2341720131,MOVE_RENAME_FILE,p06.ipynb → None/p06.ipynb
2026-03-09 13:34:26,2341720131,MOVE_RENAME_FILE,tp01.ipynb → None/tp06.ipynb
2026-03-09 13:34:26,2341720131,MOVE_RENAME_FILE,tp01.ipynb → None/tp07.ipynb
2026-03-09 13:34:26,2341720131,MOVE_RENAME_FILE,p01.ipynb → None/p01.ipynb
2026-03-09 13:34:26,2341720131,MOVE_RENAME_FILE,p02.ipynb → None/p02.ipynb
2026-03-09 13:34:26,2341720131,MOVE_RENAME_FILE,p03.ipynb → None/p03.ipynb
2026-03-09 13:34:26,2341720131,MOVE_RENAME_FILE,tp01.ipynb → None/tp08.ipynb
2026-03-09 13:34:26,2341720131,MOVE_RENAME_FILE,tp02.ipynb → None/tp09.ipynb
2026-03-09 13:34:26,2341720131,MOVE_RENAME_FILE,p01.ipynb → None/p01.ipynb
2026-03-09 13:34:26,2341720131,MOVE_RENAME_FILE,p02.ipynb → None/p02.ipynb
2026-03-09 13:34:26,2341720131,MOVE_RENAME_FILE,p03.ipynb → None/p03.ipynb
2026-03-09 13:34:26,2341720131,MOVE_RENAME_FILE,p04.ipynb → None/p04.ipynb
2026-03-09 13:34:26,2341720131,MOVE_RENAME_FILE,p05.ipynb → None/p05.ipynb
2026-03-09 13:34:26,2341720131,MOVE_RENAME_FILE,tp01.ipynb → None/tp10.ipynb
2026-03-09 13:34:26,2341720131,MOVE_RENAME_FILE,p01.ipynb → None/p01.ipynb
2026-03-09 13:34:26,2341720131,MOVE_RENAME_FILE,p02.ipynb → None/p02.ipynb
2026-03-09 13:34:26,2341720131,MOVE_RENAME_FILE,p03.ipynb → None/p03.ipynb
2026-03-09 13:34:26,2341720131,MOVE_RENAME_FILE,tp01.ipynb → None/tp11.ipynb
2026-03-09 13:34:26,2341720131,MOVE_RENAME_FILE,p01.ipynb → None/p01.ipynb
2026-03-09 13:34:26,2341720131,MOVE_RENAME_FILE,p02.ipynb → None/p02.ipynb
2026-03-09 13:34:26,2341720131,MOVE_RENAME_FILE,tp01.ipynb → None/tp12.ipynb
2026-03-09 13:34:26,2341720131,MOVE_RENAME_FILE,app.py → None/app.py
2026-03-09 13:34:26,2341720131,MOVE_RENAME_FILE,p01.ipynb → None/p01.ipynb
2026-03-09 13:34:26,2341720131,MOVE_RENAME_FILE,tp01.ipynb → None/tp13.ipynb
2026-03-09 13:34:26,2341720131,MOVE_RENAME_FILE,tp02.ipynb → None/tp14.ipynb
2026-03-09 13:34:26,2341720131,MOVE_RENAME_FILE,tp03.ipynb → None/tp15.ipynb
2026-03-09 13:34:26,2341720131,MOVE_RENAME_FILE,tp04.ipynb → None/tp16.ipynb
2026-03-09 13:34:26,2341720131,MOVE_RENAME_FILE,tp05.ipynb → None/tp17.ipynb
2026-03-09 13:34:26,2341720131,MOVE_RENAME_FILE,tp06.ipynb → None/tp18.ipynb
2026-03-09 13:34:26,2341720131,MOVE_RENAME_FILE,tp07.ipynb → None/tp19.ipynb
2026-03-09 13:34:26,2341720131,MOVE_RENAME_FILE,tp08.ipynb → None/tp20.ipynb
2026-03-09 13:34:26,2341720131,MOVE_RENAME_FILE,tp09.ipynb → None/tp21.ipynb
2026-03-09 13:34:26,2341720131,MOVE_RENAME_FILE,tp10.ipynb → None/tp22.ipynb
2026-03-09 13:34:26,2341720131,MOVE_RENAME_FILE,tp11.ipynb → None/tp23.ipynb
2026-03-09 13:34:26,2341720131,MOVE_RENAME_FILE,tp12.ipynb → None/tp24.ipynb
2026-03-09 13:34:26,2341720135,MOVE_RENAME_FILE,p01.ipynb → None/p01.ipynb
2026-03-09 13:34:26,2341720135,MOVE_RENAME_FILE,p02.ipynb → None/p02.ipynb
2026-03-09 13:34:26,2341720135,MOVE_RENAME_FILE,p03.ipynb → None/p03.ipynb
2026-03-09 13:34:26,2341720135,MOVE_RENAME_FILE,p04.ipynb → None/p04.ipynb
2026-03-09 13:34:26,2341720135,MOVE_RENAME_FILE,tp01.ipynb → None/tp01.ipynb
2026-03-09 13:34:27,2341720135,MOVE_RENAME_FILE,p01.ipynb → None/p01.ipynb
2026-03-09 13:34:27,2341720135,MOVE_RENAME_FILE,p02.ipynb → None/p02.ipynb
2026-03-09 13:34:27,2341720135,MOVE_RENAME_FILE,p03.ipynb → None/p03.ipynb
2026-03-09 13:34:27,2341720135,MOVE_RENAME_FILE,p04.ipynb → None/p04.ipynb
2026-03-09 13:34:27,2341720135,MOVE_RENAME_FILE,tp01.ipynb → None/tp02.ipynb
2026-03-09 13:34:27,2341720135,MOVE_RENAME_FILE,p01.ipynb → None/p01.ipynb
2026-03-09 13:34:27,2341720135,MOVE_RENAME_FILE,p02.ipynb → None/p02.ipynb
2026-03-09 13:34:27,2341720135,MOVE_RENAME_FILE,p03.ipynb → None/p03.ipynb
2026-03-09 13:34:27,2341720135,MOVE_RENAME_FILE,tp01.ipynb → None/tp03.ipynb
2026-03-09 13:34:27,2341720135,MOVE_RENAME_FILE,p01.ipynb → None/p01.ipynb
2026-03-09 13:34:27,2341720135,MOVE_RENAME_FILE,p02.ipynb → None/p02.ipynb
2026-03-09 13:34:27,2341720135,MOVE_RENAME_FILE,tp01.ipynb → None/tp04.ipynb
2026-03-09 13:34:27,2341720135,MOVE_RENAME_FILE,p01.ipynb → None/p01.ipynb
2026-03-09 13:34:27,2341720135,MOVE_RENAME_FILE,p02.ipynb → None/p02.ipynb
2026-03-09 13:34:27,2341720135,MOVE_RENAME_FILE,tp01.ipynb → None/tp05.ipynb
2026-03-09 13:34:27,2341720135,MOVE_RENAME_FILE,p01.ipynb → None/p01.ipynb
2026-03-09 13:34:27,2341720135,MOVE_RENAME_FILE,p02.ipynb → None/p02.ipynb
2026-03-09 13:34:27,2341720135,MOVE_RENAME_FILE,p03.ipynb → None/p03.ipynb
2026-03-09 13:34:27,2341720135,MOVE_RENAME_FILE,p04.ipynb → None/p04.ipynb
2026-03-09 13:34:27,2341720135,MOVE_RENAME_FILE,p05.ipynb → None/p05.ipynb
2026-03-09 13:34:27,2341720135,MOVE_RENAME_FILE,p06.ipynb → None/p06.ipynb
2026-03-09 13:34:27,2341720135,MOVE_RENAME_FILE,tp01.ipynb → None/tp06.ipynb
2026-03-09 13:34:27,2341720135,MOVE_RENAME_FILE,tp01.ipynb → None/tp07.ipynb
2026-03-09 13:34:27,2341720135,MOVE_RENAME_FILE,p01.ipynb → None/p01.ipynb
2026-03-09 13:34:27,2341720135,MOVE_RENAME_FILE,p02.ipynb → None/p02.ipynb
2026-03-09 13:34:27,2341720135,MOVE_RENAME_FILE,p03.ipynb → None/p03.ipynb
2026-03-09 13:34:27,2341720135,MOVE_RENAME_FILE,tp01.ipynb → None/tp08.ipynb
2026-03-09 13:34:27,2341720135,MOVE_RENAME_FILE,tp02.ipynb → None/tp09.ipynb
2026-03-09 13:34:27,2341720135,MOVE_RENAME_FILE,p01.ipynb → None/p01.ipynb
2026-03-09 13:34:27,2341720135,MOVE_RENAME_FILE,p02.ipynb → None/p02.ipynb
2026-03-09 13:34:27,2341720135,MOVE_RENAME_FILE,p03.ipynb → None/p03.ipynb
2026-03-09 13:34:27,2341720135,MOVE_RENAME_FILE,p04.ipynb → None/p04.ipynb
2026-03-09 13:34:27,2341720135,MOVE_RENAME_FILE,p05.ipynb → None/p05.ipynb
2026-03-09 13:34:27,2341720135,MOVE_RENAME_FILE,tp01.ipynb → None/tp10.ipynb
2026-03-09 13:34:27,2341720135,MOVE_RENAME_FILE,tp01.ipynb → None/tp11.ipynb
2026-03-09 13:34:27,2341720135,MOVE_RENAME_FILE,tp02.ipynb → None/tp12.ipynb
2026-03-09 13:34:27,2341720135,MOVE_RENAME_FILE,tp03.ipynb → None/tp13.ipynb
2026-03-09 13:34:27,2341720135,MOVE_RENAME_FILE,tp04.ipynb → None/tp14.ipynb
2026-03-09 13:34:27,2341720135,MOVE_RENAME_FILE,tp05.ipynb → None/tp15.ipynb
2026-03-09 13:34:27,2341720135,MOVE_RENAME_FILE,tp06.ipynb → None/tp16.ipynb
2026-03-09 13:34:27,2341720135,MOVE_RENAME_FILE,tp07.ipynb → None/tp17.ipynb
2026-03-09 13:34:27,2341720135,MOVE_RENAME_FILE,tp08.ipynb → None/tp18.ipynb
2026-03-09 13:34:27,2341720135,MOVE_RENAME_FILE,tp09.ipynb → None/tp19.ipynb
2026-03-09 13:34:27,2341720135,MOVE_RENAME_FILE,tp10.ipynb → None/tp20.ipynb
2026-03-09 13:34:27,2341720143,MOVE_RENAME_FILE,p01.ipynb → None/p01.ipynb
2026-03-09 13:34:27,2341720143,MOVE_RENAME_FILE,p02.ipynb → None/p02.ipynb
2026-03-09 13:34:27,2341720143,MOVE_RENAME_FILE,p03.ipynb → None/p03.ipynb
2026-03-09 13:34:27,2341720143,MOVE_RENAME_FILE,p04.ipynb → None/p04.ipynb
2026-03-09 13:34:27,2341720143,MOVE_RENAME_FILE,tp01.ipynb → None/tp01.ipynb
2026-03-09 13:34:27,2341720143,MOVE_RENAME_FILE,p01.ipynb → None/p01.ipynb
2026-03-09 13:34:27,2341720143,MOVE_RENAME_FILE,p02.ipynb → None/p02.ipynb
2026-03-09 13:34:28,2341720143,MOVE_RENAME_FILE,p03.ipynb → None/p03.ipynb
2026-03-09 13:34:28,2341720143,MOVE_RENAME_FILE,p04.ipynb → None/p04.ipynb
2026-03-09 13:34:28,2341720143,MOVE_RENAME_FILE,tp01.ipynb → None/tp02.ipynb
2026-03-09 13:34:28,2341720143,MOVE_RENAME_FILE,p01.ipynb → None/p01.ipynb
2026-03-09 13:34:28,2341720143,MOVE_RENAME_FILE,p02.ipynb → None/p02.ipynb
2026-03-09 13:34:28,2341720143,MOVE_RENAME_FILE,p03.ipynb → None/p03.ipynb
2026-03-09 13:34:28,2341720143,MOVE_RENAME_FILE,tp01.ipynb → None/tp03.ipynb
2026-03-09 13:34:28,2341720143,MOVE_RENAME_FILE,p01.ipynb → None/p01.ipynb
2026-03-09 13:34:28,2341720143,MOVE_RENAME_FILE,p02.ipynb → None/p02.ipynb
2026-03-09 13:34:28,2341720143,MOVE_RENAME_FILE,tp01.ipynb → None/tp04.ipynb
2026-03-09 13:34:28,2341720143,MOVE_RENAME_FILE,p01.ipynb → None/p01.ipynb
2026-03-09 13:34:28,2341720143,MOVE_RENAME_FILE,p02.ipynb → None/p02.ipynb
2026-03-09 13:34:28,2341720143,MOVE_RENAME_FILE,p03.ipynb → None/p03.ipynb
2026-03-09 13:34:28,2341720143,MOVE_RENAME_FILE,p04.ipynb → None/p04.ipynb
2026-03-09 13:34:28,2341720143,MOVE_RENAME_FILE,p05.ipynb → None/p05.ipynb
2026-03-09 13:34:28,2341720143,MOVE_RENAME_FILE,p06.ipynb → None/p06.ipynb
2026-03-09 13:34:28,2341720143,MOVE_RENAME_FILE,tp01.ipynb → None/tp05.ipynb
2026-03-09 13:34:28,2341720143,MOVE_RENAME_FILE,p01.ipynb → None/p01.ipynb
2026-03-09 13:34:28,2341720143,MOVE_RENAME_FILE,p02.ipynb → None/p02.ipynb
2026-03-09 13:34:28,2341720143,MOVE_RENAME_FILE,tp01.ipynb → None/tp06.ipynb
2026-03-09 13:34:28,2341720143,MOVE_RENAME_FILE,tp01.ipynb → None/tp07.ipynb
2026-03-09 13:34:28,2341720143,MOVE_RENAME_FILE,p01.ipynb → None/p01.ipynb
2026-03-09 13:34:28,2341720143,MOVE_RENAME_FILE,p02.ipynb → None/p02.ipynb
2026-03-09 13:34:28,2341720143,MOVE_RENAME_FILE,p03.ipynb → None/p03.ipynb
2026-03-09 13:34:28,2341720143,MOVE_RENAME_FILE,tp01.ipynb → None/tp08.ipynb
2026-03-09 13:34:28,2341720143,MOVE_RENAME_FILE,tp02.ipynb → None/tp09.ipynb
2026-03-09 13:34:28,2341720143,MOVE_RENAME_FILE,p01.ipynb → None/p01.ipynb
2026-03-09 13:34:28,2341720143,MOVE_RENAME_FILE,p02.ipynb → None/p02.ipynb
2026-03-09 13:34:28,2341720143,MOVE_RENAME_FILE,p03.ipynb → None/p03.ipynb
2026-03-09 13:34:28,2341720143,MOVE_RENAME_FILE,p04.ipynb → None/p04.ipynb
2026-03-09 13:34:28,2341720143,MOVE_RENAME_FILE,p05.ipynb → None/p05.ipynb
2026-03-09 13:34:28,2341720143,MOVE_RENAME_FILE,tp01.ipynb → None/tp10.ipynb
2026-03-09 13:34:28,2341720143,MOVE_RENAME_FILE,p01.ipynb → None/p01.ipynb
2026-03-09 13:34:28,2341720143,MOVE_RENAME_FILE,p02.ipynb → None/p02.ipynb
2026-03-09 13:34:28,2341720143,MOVE_RENAME_FILE,p03.ipynb → None/p03.ipynb
2026-03-09 13:34:28,2341720143,MOVE_RENAME_FILE,tp01.ipynb → None/tp11.ipynb
2026-03-09 13:34:28,2341720143,MOVE_RENAME_FILE,p01.ipynb → None/p01.ipynb
2026-03-09 13:34:28,2341720143,MOVE_RENAME_FILE,p02.ipynb → None/p02.ipynb
2026-03-09 13:34:28,2341720143,MOVE_RENAME_FILE,tp01.ipynb → None/tp12.ipynb
2026-03-09 13:34:28,2341720143,MOVE_RENAME_FILE,p01.ipynb → None/p01.ipynb
2026-03-09 13:34:28,2341720143,MOVE_RENAME_FILE,p02.ipynb → None/p02.ipynb
2026-03-09 13:34:28,2341720143,MOVE_RENAME_FILE,tp01.ipynb → None/tp13.ipynb
2026-03-09 13:34:28,2341720143,MOVE_RENAME_FILE,tp02.ipynb → None/tp14.ipynb
2026-03-09 13:34:28,2341720143,MOVE_RENAME_FILE,tp03.ipynb → None/tp15.ipynb
2026-03-09 13:34:28,2341720143,MOVE_RENAME_FILE,tp04.ipynb → None/tp16.ipynb
2026-03-09 13:34:28,2341720143,MOVE_RENAME_FILE,tp05.ipynb → None/tp17.ipynb
2026-03-09 13:34:28,2341720143,MOVE_RENAME_FILE,tp06.ipynb → None/tp18.ipynb
2026-03-09 13:34:28,2341720143,MOVE_RENAME_FILE,tp07.ipynb → None/tp19.ipynb
2026-03-09 13:34:28,2341720143,MOVE_RENAME_FILE,tp08.ipynb → None/tp20.ipynb
2026-03-09 13:34:28,2341720143,MOVE_RENAME_FILE,tp09.ipynb → None/tp21.ipynb
2026-03-09 13:34:28,2341720143,MOVE_RENAME_FILE,tp10.ipynb → None/tp22.ipynb
2026-03-09 13:34:28,2341720143,MOVE_RENAME_FILE,tp11.ipynb → None/tp23.ipynb
2026-03-09 13:34:28,2341720143,MOVE_RENAME_FILE,tp12.ipynb → None/tp24.ipynb
2026-03-09 13:34:28,2341720144,MOVE_RENAME_FILE,p01.ipynb → None/p01.ipynb
2026-03-09 13:34:28,2341720144,MOVE_RENAME_FILE,tp01.ipynb → None/tp01.ipynb
2026-03-09 13:34:28,2341720144,MOVE_RENAME_FILE,p01.ipynb → None/p01.ipynb
2026-03-09 13:34:28,2341720144,MOVE_RENAME_FILE,p02.ipynb → None/p02.ipynb
2026-03-09 13:34:28,2341720144,MOVE_RENAME_FILE,p03.ipynb → None/p03.ipynb
2026-03-09 13:34:28,2341720144,MOVE_RENAME_FILE,p04.ipynb → None/p04.ipynb
2026-03-09 13:34:28,2341720144,MOVE_RENAME_FILE,tp01.ipynb → None/tp02.ipynb
2026-03-09 13:34:28,2341720144,MOVE_RENAME_FILE,p01.ipynb → None/p01.ipynb
2026-03-09 13:34:29,2341720144,MOVE_RENAME_FILE,p02.ipynb → None/p02.ipynb
2026-03-09 13:34:29,2341720144,MOVE_RENAME_FILE,p03.ipynb → None/p03.ipynb
2026-03-09 13:34:29,2341720144,MOVE_RENAME_FILE,p04.ipynb → None/p04.ipynb
2026-03-09 13:34:29,2341720144,MOVE_RENAME_FILE,tp01.ipynb → None/tp03.ipynb
2026-03-09 13:34:29,2341720144,MOVE_RENAME_FILE,p01.ipynb → None/p01.ipynb
2026-03-09 13:34:29,2341720144,MOVE_RENAME_FILE,p02.ipynb → None/p02.ipynb
2026-03-09 13:34:29,2341720144,MOVE_RENAME_FILE,p03.ipynb → None/p03.ipynb
2026-03-09 13:34:29,2341720144,MOVE_RENAME_FILE,tp01.ipynb → None/tp04.ipynb
2026-03-09 13:34:29,2341720144,MOVE_RENAME_FILE,p01.ipynb → None/p01.ipynb
2026-03-09 13:34:29,2341720144,MOVE_RENAME_FILE,p02.ipynb → None/p02.ipynb
2026-03-09 13:34:29,2341720144,MOVE_RENAME_FILE,tp01.ipynb → None/tp05.ipynb
2026-03-09 13:34:29,2341720144,MOVE_RENAME_FILE,p01.ipynb → None/p01.ipynb
2026-03-09 13:34:29,2341720144,MOVE_RENAME_FILE,p02.ipynb → None/p02.ipynb
2026-03-09 13:34:29,2341720144,MOVE_RENAME_FILE,tp01.ipynb → None/tp06.ipynb
2026-03-09 13:34:29,2341720144,MOVE_RENAME_FILE,p01.ipynb → None/p01.ipynb
2026-03-09 13:34:29,2341720144,MOVE_RENAME_FILE,p02.ipynb → None/p02.ipynb
2026-03-09 13:34:29,2341720144,MOVE_RENAME_FILE,p03.ipynb → None/p03.ipynb
2026-03-09 13:34:29,2341720144,MOVE_RENAME_FILE,p04.ipynb → None/p04.ipynb
2026-03-09 13:34:29,2341720144,MOVE_RENAME_FILE,p05.ipynb → None/p05.ipynb
2026-03-09 13:34:29,2341720144,MOVE_RENAME_FILE,p06.ipynb → None/p06.ipynb
2026-03-09 13:34:29,2341720144,MOVE_RENAME_FILE,tp01.ipynb → None/tp07.ipynb
2026-03-09 13:34:29,2341720144,MOVE_RENAME_FILE,tp01.ipynb → None/tp08.ipynb
2026-03-09 13:34:29,2341720144,MOVE_RENAME_FILE,p01.ipynb → None/p01.ipynb
2026-03-09 13:34:29,2341720144,MOVE_RENAME_FILE,p02.ipynb → None/p02.ipynb
2026-03-09 13:34:29,2341720144,MOVE_RENAME_FILE,p03.ipynb → None/p03.ipynb
2026-03-09 13:34:29,2341720144,MOVE_RENAME_FILE,tp01.ipynb → None/tp09.ipynb
2026-03-09 13:34:29,2341720144,MOVE_RENAME_FILE,tp02.ipynb → None/tp10.ipynb
2026-03-09 13:34:29,2341720144,MOVE_RENAME_FILE,p01.ipynb → None/p01.ipynb
2026-03-09 13:34:29,2341720144,MOVE_RENAME_FILE,p02.ipynb → None/p02.ipynb
2026-03-09 13:34:29,2341720144,MOVE_RENAME_FILE,p03.ipynb → None/p03.ipynb
2026-03-09 13:34:29,2341720144,MOVE_RENAME_FILE,p04.ipynb → None/p04.ipynb
2026-03-09 13:34:29,2341720144,MOVE_RENAME_FILE,p05.ipynb → None/p05.ipynb
2026-03-09 13:34:29,2341720144,MOVE_RENAME_FILE,tp01.ipynb → None/tp11.ipynb
2026-03-09 13:34:29,2341720144,MOVE_RENAME_FILE,p01.ipynb → None/p01.ipynb
2026-03-09 13:34:29,2341720144,MOVE_RENAME_FILE,p02.ipynb → None/p02.ipynb
2026-03-09 13:34:29,2341720144,MOVE_RENAME_FILE,p03.ipynb → None/p03.ipynb
2026-03-09 13:34:29,2341720144,MOVE_RENAME_FILE,tp01.ipynb → None/tp12.ipynb
2026-03-09 13:34:29,2341720144,MOVE_RENAME_FILE,p01.ipynb → None/p01.ipynb
2026-03-09 13:34:29,2341720144,MOVE_RENAME_FILE,p02.ipynb → None/p02.ipynb
2026-03-09 13:34:29,2341720144,MOVE_RENAME_FILE,tp01.ipynb → None/tp13.ipynb
2026-03-09 13:34:29,2341720144,MOVE_RENAME_FILE,p01.ipynb → None/p01.ipynb
2026-03-09 13:34:29,2341720144,MOVE_RENAME_FILE,p02.ipynb → None/p02.ipynb
2026-03-09 13:34:29,2341720144,MOVE_RENAME_FILE,tp01.ipynb → None/tp14.ipynb
2026-03-09 13:34:29,2341720144,MOVE_RENAME_FILE,tp01.ipynb → None/tp15.ipynb
2026-03-09 13:34:29,2341720144,MOVE_RENAME_FILE,tp02.ipynb → None/tp16.ipynb
2026-03-09 13:34:29,2341720144,MOVE_RENAME_FILE,tp03.ipynb → None/tp17.ipynb
2026-03-09 13:34:29,2341720144,MOVE_RENAME_FILE,tp04.ipynb → None/tp18.ipynb
2026-03-09 13:34:29,2341720144,MOVE_RENAME_FILE,tp05.ipynb → None/tp19.ipynb
2026-03-09 13:34:29,2341720144,MOVE_RENAME_FILE,tp06.ipynb → None/tp20.ipynb
2026-03-09 13:34:29,2341720144,MOVE_RENAME_FILE,tp07.ipynb → None/tp21.ipynb
2026-03-09 13:34:29,2341720144,MOVE_RENAME_FILE,tp08.ipynb → None/tp22.ipynb
2026-03-09 13:34:29,2341720144,MOVE_RENAME_FILE,tp09.ipynb → None/tp23.ipynb
2026-03-09 13:34:29,2341720144,MOVE_RENAME_FILE,tp10.ipynb → None/tp24.ipynb
2026-03-09 13:34:29,2341720144,MOVE_RENAME_FILE,tp11.ipynb → None/tp25.ipynb
2026-03-09 13:34:29,2341720144,MOVE_RENAME_FILE,tp12.ipynb → None/tp26.ipynb
2026-03-09 13:34:29,2341720144,MOVE_RENAME_FILE,tp13.ipynb → None/tp27.ipynb
2026-03-09 13:34:29,2341720144,MOVE_RENAME_FILE,tp14.ipynb → None/tp28.ipynb
2026-03-09 13:34:30,2341720147,MOVE_RENAME_FILE,p01.ipynb → None/p01.ipynb
2026-03-09 13:34:30,2341720147,MOVE_RENAME_FILE,tp01.ipynb → None/tp01.ipynb
2026-03-09 13:34:30,2341720147,MOVE_RENAME_FILE,p01.ipynb → None/p01.ipynb
2026-03-09 13:34:30,2341720147,MOVE_RENAME_FILE,p02.ipynb → None/p02.ipynb
2026-03-09 13:34:30,2341720147,MOVE_RENAME_FILE,p03.ipynb → None/p03.ipynb
2026-03-09 13:34:30,2341720147,MOVE_RENAME_FILE,p04.ipynb → None/p04.ipynb
2026-03-09 13:34:30,2341720147,MOVE_RENAME_FILE,tp01.ipynb → None/tp02.ipynb
2026-03-09 13:34:30,2341720147,MOVE_RENAME_FILE,p01.ipynb → None/p01.ipynb
2026-03-09 13:34:30,2341720147,MOVE_RENAME_FILE,p02.ipynb → None/p02.ipynb
2026-03-09 13:34:30,2341720147,MOVE_RENAME_FILE,p03.ipynb → None/p03.ipynb
2026-03-09 13:34:30,2341720147,MOVE_RENAME_FILE,p04.ipynb → None/p04.ipynb
2026-03-09 13:34:30,2341720147,MOVE_RENAME_FILE,tp01.ipynb → None/tp03.ipynb
2026-03-09 13:34:30,2341720147,MOVE_RENAME_FILE,p01.ipynb → None/p01.ipynb
2026-03-09 13:34:30,2341720147,MOVE_RENAME_FILE,p02.ipynb → None/p02.ipynb
2026-03-09 13:34:30,2341720147,MOVE_RENAME_FILE,p03.ipynb → None/p03.ipynb
2026-03-09 13:34:30,2341720147,MOVE_RENAME_FILE,tp01.ipynb → None/tp04.ipynb
2026-03-09 13:34:30,2341720147,MOVE_RENAME_FILE,p01.ipynb → None/p01.ipynb
2026-03-09 13:34:30,2341720147,MOVE_RENAME_FILE,p02.ipynb → None/p02.ipynb
2026-03-09 13:34:30,2341720147,MOVE_RENAME_FILE,tp01.ipynb → None/tp05.ipynb
2026-03-09 13:34:30,2341720147,MOVE_RENAME_FILE,p01.ipynb → None/p01.ipynb
2026-03-09 13:34:30,2341720147,MOVE_RENAME_FILE,p02.ipynb → None/p02.ipynb
2026-03-09 13:34:30,2341720147,MOVE_RENAME_FILE,tp01.ipynb → None/tp06.ipynb
2026-03-09 13:34:30,2341720147,MOVE_RENAME_FILE,p01.ipynb → None/p01.ipynb
2026-03-09 13:34:30,2341720147,MOVE_RENAME_FILE,p02.ipynb → None/p02.ipynb
2026-03-09 13:34:30,2341720147,MOVE_RENAME_FILE,p03.ipynb → None/p03.ipynb
2026-03-09 13:34:30,2341720147,MOVE_RENAME_FILE,p04.ipynb → None/p04.ipynb
2026-03-09 13:34:30,2341720147,MOVE_RENAME_FILE,p05.ipynb → None/p05.ipynb
2026-03-09 13:34:30,2341720147,MOVE_RENAME_FILE,p06.ipynb → None/p06.ipynb
2026-03-09 13:34:30,2341720147,MOVE_RENAME_FILE,tp01.ipynb → None/tp07.ipynb
2026-03-09 13:34:30,2341720147,MOVE_RENAME_FILE,tp01.ipynb → None/tp08.ipynb
2026-03-09 13:34:30,2341720147,MOVE_RENAME_FILE,p01.ipynb → None/p01.ipynb
2026-03-09 13:34:30,2341720147,MOVE_RENAME_FILE,p02.ipynb → None/p02.ipynb
2026-03-09 13:34:30,2341720147,MOVE_RENAME_FILE,p03.ipynb → None/p03.ipynb
2026-03-09 13:34:30,2341720147,MOVE_RENAME_FILE,tp01.ipynb → None/tp09.ipynb
2026-03-09 13:34:30,2341720147,MOVE_RENAME_FILE,tp02.ipynb → None/tp10.ipynb
2026-03-09 13:34:30,2341720147,MOVE_RENAME_FILE,p01.ipynb → None/p01.ipynb
2026-03-09 13:34:30,2341720147,MOVE_RENAME_FILE,p02.ipynb → None/p02.ipynb
2026-03-09 13:34:30,2341720147,MOVE_RENAME_FILE,p03.ipynb → None/p03.ipynb
2026-03-09 13:34:30,2341720147,MOVE_RENAME_FILE,p04.ipynb → None/p04.ipynb
2026-03-09 13:34:30,2341720147,MOVE_RENAME_FILE,p05.ipynb → None/p05.ipynb
2026-03-09 13:34:30,2341720147,MOVE_RENAME_FILE,tp01.ipynb → None/tp11.ipynb
2026-03-09 13:34:30,2341720147,MOVE_RENAME_FILE,p01.ipynb → None/p01.ipynb
2026-03-09 13:34:30,2341720147,MOVE_RENAME_FILE,p02.ipynb → None/p02.ipynb
2026-03-09 13:34:30,2341720147,MOVE_RENAME_FILE,p03.ipynb → None/p03.ipynb
2026-03-09 13:34:30,2341720147,MOVE_RENAME_FILE,p01.ipynb → None/p01.ipynb
2026-03-09 13:34:30,2341720147,MOVE_RENAME_FILE,p02.ipynb → None/p02.ipynb
2026-03-09 13:34:30,2341720147,MOVE_RENAME_FILE,tp01.ipynb → None/tp12.ipynb
2026-03-09 13:34:30,2341720147,MOVE_RENAME_FILE,p01.ipynb → None/p01.ipynb
2026-03-09 13:34:30,2341720147,MOVE_RENAME_FILE,tp01.ipynb → None/tp13.ipynb
2026-03-09 13:34:30,2341720147,MOVE_RENAME_FILE,tp02.ipynb → None/tp14.ipynb
2026-03-09 13:34:30,2341720147,MOVE_RENAME_FILE,tp03.ipynb → None/tp15.ipynb
2026-03-09 13:34:30,2341720147,MOVE_RENAME_FILE,tp04.ipynb → None/tp16.ipynb
2026-03-09 13:34:30,2341720147,MOVE_RENAME_FILE,tp05.ipynb → None/tp17.ipynb
2026-03-09 13:34:30,2341720147,MOVE_RENAME_FILE,tp06.ipynb → None/tp18.ipynb
2026-03-09 13:34:31,2341720147,MOVE_RENAME_FILE,tp07.ipynb → None/tp19.ipynb
2026-03-09 13:34:31,2341720147,MOVE_RENAME_FILE,tp08.ipynb → None/tp20.ipynb
2026-03-09 13:34:31,2341720147,MOVE_RENAME_FILE,tp09.ipynb → None/tp21.ipynb
2026-03-09 13:34:31,2341720147,MOVE_RENAME_FILE,tp10.ipynb → None/tp22.ipynb
2026-03-09 13:34:31,2341720147,MOVE_RENAME_FILE,tp11.ipynb → None/tp23.ipynb
2026-03-09 13:34:31,2341720147,MOVE_RENAME_FILE,tp12.ipynb → None/tp24.ipynb
2026-03-09 13:34:31,2341720153,MOVE_RENAME_FILE,p01.ipynb → None/p01.ipynb
2026-03-09 13:34:31,2341720153,MOVE_RENAME_FILE,p02.ipynb → None/p02.ipynb
2026-03-09 13:34:31,2341720153,MOVE_RENAME_FILE,p03.ipynb → None/p03.ipynb
2026-03-09 13:34:31,2341720153,MOVE_RENAME_FILE,p04.ipynb → None/p04.ipynb
2026-03-09 13:34:31,2341720153,MOVE_RENAME_FILE,tp01.ipynb → None/tp01.ipynb
2026-03-09 13:34:31,2341720153,MOVE_RENAME_FILE,p01.ipynb → None/p01.ipynb
2026-03-09 13:34:31,2341720153,MOVE_RENAME_FILE,p02.ipynb → None/p02.ipynb
2026-03-09 13:34:31,2341720153,MOVE_RENAME_FILE,p03.ipynb → None/p03.ipynb
2026-03-09 13:34:31,2341720153,MOVE_RENAME_FILE,p04.ipynb → None/p04.ipynb
2026-03-09 13:34:31,2341720153,MOVE_RENAME_FILE,tp01.ipynb → None/tp02.ipynb
2026-03-09 13:34:31,2341720153,MOVE_RENAME_FILE,p01.ipynb → None/p01.ipynb
2026-03-09 13:34:31,2341720153,MOVE_RENAME_FILE,p02.ipynb → None/p02.ipynb
2026-03-09 13:34:31,2341720153,MOVE_RENAME_FILE,p03.ipynb → None/p03.ipynb
2026-03-09 13:34:31,2341720153,MOVE_RENAME_FILE,tp01.ipynb → None/tp03.ipynb
2026-03-09 13:34:31,2341720153,MOVE_RENAME_FILE,p01.ipynb → None/p01.ipynb
2026-03-09 13:34:31,2341720153,MOVE_RENAME_FILE,p02.ipynb → None/p02.ipynb
2026-03-09 13:34:31,2341720153,MOVE_RENAME_FILE,tp01.ipynb → None/tp04.ipynb
2026-03-09 13:34:31,2341720153,MOVE_RENAME_FILE,p01.ipynb → None/p01.ipynb
2026-03-09 13:34:31,2341720153,MOVE_RENAME_FILE,p02.ipynb → None/p02.ipynb
2026-03-09 13:34:31,2341720153,MOVE_RENAME_FILE,p03.ipynb → None/p03.ipynb
2026-03-09 13:34:31,2341720153,MOVE_RENAME_FILE,p04.ipynb → None/p04.ipynb
2026-03-09 13:34:31,2341720153,MOVE_RENAME_FILE,p05.ipynb → None/p05.ipynb
2026-03-09 13:34:31,2341720153,MOVE_RENAME_FILE,p06.ipynb → None/p06.ipynb
2026-03-09 13:34:31,2341720153,MOVE_RENAME_FILE,tp01.ipynb → None/tp05.ipynb
2026-03-09 13:34:31,2341720153,MOVE_RENAME_FILE,p01.ipynb → None/p01.ipynb
2026-03-09 13:34:31,2341720153,MOVE_RENAME_FILE,p02.ipynb → None/p02.ipynb
2026-03-09 13:34:31,2341720153,MOVE_RENAME_FILE,tp01.ipynb → None/tp06.ipynb
2026-03-09 13:34:31,2341720153,MOVE_RENAME_FILE,tp01.ipynb → None/tp07.ipynb
2026-03-09 13:34:31,2341720153,MOVE_RENAME_FILE,p01.ipynb → None/p01.ipynb
2026-03-09 13:34:31,2341720153,MOVE_RENAME_FILE,p02.ipynb → None/p02.ipynb
2026-03-09 13:34:31,2341720153,MOVE_RENAME_FILE,p03.ipynb → None/p03.ipynb
2026-03-09 13:34:31,2341720153,MOVE_RENAME_FILE,tp01.ipynb → None/tp08.ipynb
2026-03-09 13:34:31,2341720153,MOVE_RENAME_FILE,tp02.ipynb → None/tp09.ipynb
2026-03-09 13:34:31,2341720153,MOVE_RENAME_FILE,p01.ipynb → None/p01.ipynb
2026-03-09 13:34:31,2341720153,MOVE_RENAME_FILE,p02.ipynb → None/p02.ipynb
2026-03-09 13:34:31,2341720153,MOVE_RENAME_FILE,p03.ipynb → None/p03.ipynb
2026-03-09 13:34:31,2341720153,MOVE_RENAME_FILE,p04.ipynb → None/p04.ipynb
2026-03-09 13:34:31,2341720153,MOVE_RENAME_FILE,p05.ipynb → None/p05.ipynb
2026-03-09 13:34:31,2341720153,MOVE_RENAME_FILE,tp01.ipynb → None/tp10.ipynb
2026-03-09 13:34:31,2341720153,MOVE_RENAME_FILE,p01.ipynb → None/p01.ipynb
2026-03-09 13:34:31,2341720153,MOVE_RENAME_FILE,p02.ipynb → None/p02.ipynb
2026-03-09 13:34:31,2341720153,MOVE_RENAME_FILE,p03.ipynb → None/p03.ipynb
2026-03-09 13:34:31,2341720153,MOVE_RENAME_FILE,tp01.ipynb → None/tp11.ipynb
2026-03-09 13:34:31,2341720153,MOVE_RENAME_FILE,p01.ipynb → None/p01.ipynb
2026-03-09 13:34:31,2341720153,MOVE_RENAME_FILE,p02.ipynb → None/p02.ipynb
2026-03-09 13:34:31,2341720153,MOVE_RENAME_FILE,tp01.ipynb → None/tp12.ipynb
2026-03-09 13:34:31,2341720153,MOVE_RENAME_FILE,p01.ipynb → None/p01.ipynb
2026-03-09 13:34:31,2341720153,MOVE_RENAME_FILE,p02.ipynb → None/p02.ipynb
2026-03-09 13:34:32,2341720153,MOVE_RENAME_FILE,tp01.ipynb → None/tp13.ipynb
2026-03-09 13:34:32,2341720153,MOVE_RENAME_FILE,tp02.ipynb → None/tp14.ipynb
2026-03-09 13:34:32,2341720153,MOVE_RENAME_FILE,tp03.ipynb → None/tp15.ipynb
2026-03-09 13:34:32,2341720153,MOVE_RENAME_FILE,tp04.ipynb → None/tp16.ipynb
2026-03-09 13:34:32,2341720153,MOVE_RENAME_FILE,tp05.ipynb → None/tp17.ipynb
2026-03-09 13:34:32,2341720153,MOVE_RENAME_FILE,tp06.ipynb → None/tp18.ipynb
2026-03-09 13:34:32,2341720153,MOVE_RENAME_FILE,tp07.ipynb → None/tp19.ipynb
2026-03-09 13:34:32,2341720153,MOVE_RENAME_FILE,tp08.ipynb → None/tp20.ipynb
2026-03-09 13:34:32,2341720153,MOVE_RENAME_FILE,tp09.ipynb → None/tp21.ipynb
2026-03-09 13:34:32,2341720153,MOVE_RENAME_FILE,tp10.ipynb → None/tp22.ipynb
2026-03-09 13:34:32,2341720153,MOVE_RENAME_FILE,tp11.ipynb → None/tp23.ipynb
2026-03-09 13:34:32,2341720153,MOVE_RENAME_FILE,tp12.ipynb → None/tp24.ipynb
2026-03-09 13:34:32,2341720157,MOVE_RENAME_FILE,p01.ipynb → None/p01.ipynb
2026-03-09 13:34:32,2341720157,MOVE_RENAME_FILE,p02.ipynb → None/p02.ipynb
2026-03-09 13:34:32,2341720157,MOVE_RENAME_FILE,p03.ipynb → None/p03.ipynb
2026-03-09 13:34:32,2341720157,MOVE_RENAME_FILE,p04.ipynb → None/p04.ipynb
2026-03-09 13:34:32,2341720157,MOVE_RENAME_FILE,tp01.ipynb → None/tp01.ipynb
2026-03-09 13:34:32,2341720157,MOVE_RENAME_FILE,p01.ipynb → None/p01.ipynb
2026-03-09 13:34:32,2341720157,MOVE_RENAME_FILE,p02.ipynb → None/p02.ipynb
2026-03-09 13:34:32,2341720157,MOVE_RENAME_FILE,p03.ipynb → None/p03.ipynb
2026-03-09 13:34:32,2341720157,MOVE_RENAME_FILE,p04.ipynb → None/p04.ipynb
2026-03-09 13:34:32,2341720157,MOVE_RENAME_FILE,tp01.ipynb → None/tp02.ipynb
2026-03-09 13:34:32,2341720157,MOVE_RENAME_FILE,p01.ipynb → None/p01.ipynb
2026-03-09 13:34:32,2341720157,MOVE_RENAME_FILE,p02.ipynb → None/p02.ipynb
2026-03-09 13:34:32,2341720157,MOVE_RENAME_FILE,p03.ipynb → None/p03.ipynb
2026-03-09 13:34:32,2341720157,MOVE_RENAME_FILE,tp01.ipynb → None/tp03.ipynb
2026-03-09 13:34:32,2341720157,MOVE_RENAME_FILE,p01.ipynb → None/p01.ipynb
2026-03-09 13:34:32,2341720157,MOVE_RENAME_FILE,p02.ipynb → None/p02.ipynb
2026-03-09 13:34:32,2341720157,MOVE_RENAME_FILE,tp01.ipynb → None/tp04.ipynb
2026-03-09 13:34:32,2341720157,MOVE_RENAME_FILE,p01.ipynb → None/p01.ipynb
2026-03-09 13:34:32,2341720157,MOVE_RENAME_FILE,p02.ipynb → None/p02.ipynb
2026-03-09 13:34:32,2341720157,MOVE_RENAME_FILE,tp01.ipynb → None/tp05.ipynb
2026-03-09 13:34:32,2341720157,MOVE_RENAME_FILE,p01.ipynb → None/p01.ipynb
2026-03-09 13:34:32,2341720157,MOVE_RENAME_FILE,p02.ipynb → None/p02.ipynb
2026-03-09 13:34:32,2341720157,MOVE_RENAME_FILE,p03.ipynb → None/p03.ipynb
2026-03-09 13:34:32,2341720157,MOVE_RENAME_FILE,p04.ipynb → None/p04.ipynb
2026-03-09 13:34:32,2341720157,MOVE_RENAME_FILE,p05.ipynb → None/p05.ipynb
2026-03-09 13:34:32,2341720157,MOVE_RENAME_FILE,p06.ipynb → None/p06.ipynb
2026-03-09 13:34:32,2341720157,MOVE_RENAME_FILE,tp01.ipynb → None/tp06.ipynb
2026-03-09 13:34:32,2341720157,MOVE_RENAME_FILE,tp01.ipynb → None/tp07.ipynb
2026-03-09 13:34:32,2341720157,MOVE_RENAME_FILE,p01.ipynb → None/p01.ipynb
2026-03-09 13:34:32,2341720157,MOVE_RENAME_FILE,p02.ipynb → None/p02.ipynb
2026-03-09 13:34:32,2341720157,MOVE_RENAME_FILE,p03.ipynb → None/p03.ipynb
2026-03-09 13:34:32,2341720157,MOVE_RENAME_FILE,tp01.ipynb → None/tp08.ipynb
2026-03-09 13:34:32,2341720157,MOVE_RENAME_FILE,tp02.ipynb → None/tp09.ipynb
2026-03-09 13:34:32,2341720157,MOVE_RENAME_FILE,p01.ipynb → None/p01.ipynb
2026-03-09 13:34:32,2341720157,MOVE_RENAME_FILE,p02.ipynb → None/p02.ipynb
2026-03-09 13:34:32,2341720157,MOVE_RENAME_FILE,p03.ipynb → None/p03.ipynb
2026-03-09 13:34:33,2341720157,MOVE_RENAME_FILE,p04.ipynb → None/p04.ipynb
2026-03-09 13:34:33,2341720157,MOVE_RENAME_FILE,p05.ipynb → None/p05.ipynb
2026-03-09 13:34:33,2341720157,MOVE_RENAME_FILE,tp01.ipynb → None/tp10.ipynb
2026-03-09 13:34:33,2341720157,MOVE_RENAME_FILE,p01.ipynb → None/p01.ipynb
2026-03-09 13:34:33,2341720157,MOVE_RENAME_FILE,p02.ipynb → None/p02.ipynb
2026-03-09 13:34:33,2341720157,MOVE_RENAME_FILE,p03.ipynb → None/p03.ipynb
2026-03-09 13:34:33,2341720157,MOVE_RENAME_FILE,tp01.ipynb → None/tp11.ipynb
2026-03-09 13:34:33,2341720157,MOVE_RENAME_FILE,p01.ipynb → None/p01.ipynb
2026-03-09 13:34:33,2341720157,MOVE_RENAME_FILE,p02.ipynb → None/p02.ipynb
2026-03-09 13:34:33,2341720157,MOVE_RENAME_FILE,tp01.ipynb → None/tp12.ipynb
2026-03-09 13:34:33,2341720157,MOVE_RENAME_FILE,p01.ipynb → None/p01.ipynb
2026-03-09 13:34:33,2341720157,MOVE_RENAME_FILE,p02.ipynb → None/p02.ipynb
2026-03-09 13:34:33,2341720157,MOVE_RENAME_FILE,tp01.ipynb → None/tp13.ipynb
2026-03-09 13:34:33,2341720157,MOVE_RENAME_FILE,tp01.ipynb → None/tp14.ipynb
2026-03-09 13:34:33,2341720157,MOVE_RENAME_FILE,tp02.ipynb → None/tp15.ipynb
2026-03-09 13:34:33,2341720157,MOVE_RENAME_FILE,tp03.ipynb → None/tp16.ipynb
2026-03-09 13:34:33,2341720157,MOVE_RENAME_FILE,tp04.ipynb → None/tp17.ipynb
2026-03-09 13:34:33,2341720157,MOVE_RENAME_FILE,tp05.ipynb → None/tp18.ipynb
2026-03-09 13:34:33,2341720157,MOVE_RENAME_FILE,tp06.ipynb → None/tp19.ipynb
2026-03-09 13:34:33,2341720157,MOVE_RENAME_FILE,tp07.ipynb → None/tp20.ipynb
2026-03-09 13:34:33,2341720157,MOVE_RENAME_FILE,tp08.ipynb → None/tp21.ipynb
2026-03-09 13:34:33,2341720157,MOVE_RENAME_FILE,tp09.ipynb → None/tp22.ipynb
2026-03-09 13:34:33,2341720157,MOVE_RENAME_FILE,tp10.ipynb → None/tp23.ipynb
2026-03-09 13:34:33,2341720157,MOVE_RENAME_FILE,tp11.ipynb → None/tp24.ipynb
2026-03-09 13:34:33,2341720157,MOVE_RENAME_FILE,tp12.ipynb → None/tp25.ipynb
2026-03-09 13:34:33,2341720157,MOVE_RENAME_FILE,tp13.ipynb → None/tp26.ipynb
2026-03-09 13:34:33,2341720158,MOVE_RENAME_FILE,p01.ipynb → None/p01.ipynb
2026-03-09 13:34:33,2341720158,MOVE_RENAME_FILE,p01.ipynb → None/p01.ipynb
2026-03-09 13:34:33,2341720158,MOVE_RENAME_FILE,p02.ipynb → None/p02.ipynb
2026-03-09 13:34:33,2341720158,MOVE_RENAME_FILE,p03.ipynb → None/p03.ipynb
2026-03-09 13:34:33,2341720158,MOVE_RENAME_FILE,p04.ipynb → None/p04.ipynb
2026-03-09 13:34:33,2341720158,MOVE_RENAME_FILE,tp01.ipynb → None/tp01.ipynb
2026-03-09 13:34:33,2341720158,MOVE_RENAME_FILE,p01.ipynb → None/p01.ipynb
2026-03-09 13:34:33,2341720158,MOVE_RENAME_FILE,p02.ipynb → None/p02.ipynb
2026-03-09 13:34:33,2341720158,MOVE_RENAME_FILE,p03.ipynb → None/p03.ipynb
2026-03-09 13:34:33,2341720158,MOVE_RENAME_FILE,p04.ipynb → None/p04.ipynb
2026-03-09 13:34:33,2341720158,MOVE_RENAME_FILE,tp01.ipynb → None/tp02.ipynb
2026-03-09 13:34:33,2341720158,MOVE_RENAME_FILE,p01.ipynb → None/p01.ipynb
2026-03-09 13:34:33,2341720158,MOVE_RENAME_FILE,p02.ipynb → None/p02.ipynb
2026-03-09 13:34:33,2341720158,MOVE_RENAME_FILE,p03.ipynb → None/p03.ipynb
2026-03-09 13:34:33,2341720158,MOVE_RENAME_FILE,tp01.ipynb → None/tp03.ipynb
2026-03-09 13:34:33,2341720158,MOVE_RENAME_FILE,p01.ipynb → None/p01.ipynb
2026-03-09 13:34:33,2341720158,MOVE_RENAME_FILE,p02.ipynb → None/p02.ipynb
2026-03-09 13:34:33,2341720158,MOVE_RENAME_FILE,tp01.ipynb → None/tp04.ipynb
2026-03-09 13:34:33,2341720158,MOVE_RENAME_FILE,p01.ipynb → None/p01.ipynb
2026-03-09 13:34:33,2341720158,MOVE_RENAME_FILE,p02.ipynb → None/p02.ipynb
2026-03-09 13:34:33,2341720158,MOVE_RENAME_FILE,tp01.ipynb → None/tp05.ipynb
2026-03-09 13:34:33,2341720158,MOVE_RENAME_FILE,p01.ipynb → None/p01.ipynb
2026-03-09 13:34:33,2341720158,MOVE_RENAME_FILE,p02.ipynb → None/p02.ipynb
2026-03-09 13:34:33,2341720158,MOVE_RENAME_FILE,p03.ipynb → None/p03.ipynb
2026-03-09 13:34:33,2341720158,MOVE_RENAME_FILE,p04.ipynb → None/p04.ipynb
2026-03-09 13:34:33,2341720158,MOVE_RENAME_FILE,p05.ipynb → None/p05.ipynb
2026-03-09 13:34:33,2341720158,MOVE_RENAME_FILE,p06.ipynb → None/p06.ipynb
2026-03-09 13:34:33,2341720158,MOVE_RENAME_FILE,tp01.ipynb → None/tp06.ipynb
2026-03-09 13:34:33,2341720158,MOVE_RENAME_FILE,tp01.ipynb → None/tp07.ipynb
2026-03-09 13:34:33,2341720158,MOVE_RENAME_FILE,p01.ipynb → None/p01.ipynb
2026-03-09 13:34:33,2341720158,MOVE_RENAME_FILE,p02.ipynb → None/p02.ipynb
2026-03-09 13:34:33,2341720158,MOVE_RENAME_FILE,p03.ipynb → None/p03.ipynb
2026-03-09 13:34:33,2341720158,MOVE_RENAME_FILE,tp01.ipynb → None/tp08.ipynb
2026-03-09 13:34:33,2341720158,MOVE_RENAME_FILE,tp02.ipynb → None/tp09.ipynb
2026-03-09 13:34:34,2341720158,MOVE_RENAME_FILE,p01.ipynb → None/p01.ipynb
2026-03-09 13:34:34,2341720158,MOVE_RENAME_FILE,p02.ipynb → None/p02.ipynb
2026-03-09 13:34:34,2341720158,MOVE_RENAME_FILE,p03.ipynb → None/p03.ipynb
2026-03-09 13:34:34,2341720158,MOVE_RENAME_FILE,p04.ipynb → None/p04.ipynb
2026-03-09 13:34:34,2341720158,MOVE_RENAME_FILE,p05.ipynb → None/p05.ipynb
2026-03-09 13:34:34,2341720158,MOVE_RENAME_FILE,tp01.ipynb → None/tp10.ipynb
2026-03-09 13:34:34,2341720158,MOVE_RENAME_FILE,p01.ipynb → None/p01.ipynb
2026-03-09 13:34:34,2341720158,MOVE_RENAME_FILE,p02.ipynb → None/p02.ipynb
2026-03-09 13:34:34,2341720158,MOVE_RENAME_FILE,p03.ipynb → None/p03.ipynb
2026-03-09 13:34:34,2341720158,MOVE_RENAME_FILE,tp01.ipynb → None/tp11.ipynb
2026-03-09 13:34:34,2341720158,MOVE_RENAME_FILE,p01.ipynb → None/p01.ipynb
2026-03-09 13:34:34,2341720158,MOVE_RENAME_FILE,p02.ipynb → None/p02.ipynb
2026-03-09 13:34:34,2341720158,MOVE_RENAME_FILE,tp01.ipynb → None/tp12.ipynb
2026-03-09 13:34:34,2341720158,MOVE_RENAME_FILE,p01.ipynb → None/p01.ipynb
2026-03-09 13:34:34,2341720158,MOVE_RENAME_FILE,tp01.ipynb → None/tp13.ipynb
2026-03-09 13:34:34,2341720158,MOVE_RENAME_FILE,tp02.ipynb → None/tp14.ipynb
2026-03-09 13:34:34,2341720158,MOVE_RENAME_FILE,tp03.ipynb → None/tp15.ipynb
2026-03-09 13:34:34,2341720158,MOVE_RENAME_FILE,tp04.ipynb → None/tp16.ipynb
2026-03-09 13:34:34,2341720158,MOVE_RENAME_FILE,tp05.ipynb → None/tp17.ipynb
2026-03-09 13:34:34,2341720158,MOVE_RENAME_FILE,tp06.ipynb → None/tp18.ipynb
2026-03-09 13:34:34,2341720158,MOVE_RENAME_FILE,tp07.ipynb → None/tp19.ipynb
2026-03-09 13:34:34,2341720158,MOVE_RENAME_FILE,tp08.ipynb → None/tp20.ipynb
2026-03-09 13:34:34,2341720158,MOVE_RENAME_FILE,tp09.ipynb → None/tp21.ipynb
2026-03-09 13:34:34,2341720158,MOVE_RENAME_FILE,tp10.ipynb → None/tp22.ipynb
2026-03-09 13:34:34,2341720158,MOVE_RENAME_FILE,tp11.ipynb → None/tp23.ipynb
2026-03-09 13:34:34,2341720158,MOVE_RENAME_FILE,tp12.ipynb → None/tp24.ipynb
2026-03-09 13:34:34,2341720160,MOVE_RENAME_FILE,tp01.ipynb → None/tp01.ipynb
2026-03-09 13:34:34,2341720160,MOVE_RENAME_FILE,p01.ipynb → None/p01.ipynb
2026-03-09 13:34:34,2341720160,MOVE_RENAME_FILE,p02.ipynb → None/p02.ipynb
2026-03-09 13:34:34,2341720160,MOVE_RENAME_FILE,p03.ipynb → None/p03.ipynb
2026-03-09 13:34:34,2341720160,MOVE_RENAME_FILE,p04.ipynb → None/p04.ipynb
2026-03-09 13:34:34,2341720160,MOVE_RENAME_FILE,tp01.ipynb → None/tp02.ipynb
2026-03-09 13:34:34,2341720160,MOVE_RENAME_FILE,p01.ipynb → None/p01.ipynb
2026-03-09 13:34:34,2341720160,MOVE_RENAME_FILE,p02.ipynb → None/p02.ipynb
2026-03-09 13:34:34,2341720160,MOVE_RENAME_FILE,p03.ipynb → None/p03.ipynb
2026-03-09 13:34:34,2341720160,MOVE_RENAME_FILE,p04.ipynb → None/p04.ipynb
2026-03-09 13:34:34,2341720160,MOVE_RENAME_FILE,tp01.ipynb → None/tp03.ipynb
2026-03-09 13:34:34,2341720160,MOVE_RENAME_FILE,p01.ipynb → None/p01.ipynb
2026-03-09 13:34:34,2341720160,MOVE_RENAME_FILE,p02.ipynb → None/p02.ipynb
2026-03-09 13:34:34,2341720160,MOVE_RENAME_FILE,p03.ipynb → None/p03.ipynb
2026-03-09 13:34:34,2341720160,MOVE_RENAME_FILE,tp01.ipynb → None/tp04.ipynb
2026-03-09 13:34:34,2341720160,MOVE_RENAME_FILE,p01.ipynb → None/p01.ipynb
2026-03-09 13:34:34,2341720160,MOVE_RENAME_FILE,p02.ipynb → None/p02.ipynb
2026-03-09 13:34:34,2341720160,MOVE_RENAME_FILE,tp01.ipynb → None/tp05.ipynb
2026-03-09 13:34:35,2341720160,MOVE_RENAME_FILE,p01.ipynb → None/p01.ipynb
2026-03-09 13:34:35,2341720160,MOVE_RENAME_FILE,p02.ipynb → None/p02.ipynb
2026-03-09 13:34:35,2341720160,MOVE_RENAME_FILE,tp01.ipynb → None/tp06.ipynb
2026-03-09 13:34:35,2341720160,MOVE_RENAME_FILE,p01.ipynb → None/p01.ipynb
2026-03-09 13:34:35,2341720160,MOVE_RENAME_FILE,p02.ipynb → None/p02.ipynb
2026-03-09 13:34:35,2341720160,MOVE_RENAME_FILE,p03.ipynb → None/p03.ipynb
2026-03-09 13:34:35,2341720160,MOVE_RENAME_FILE,p04.ipynb → None/p04.ipynb
2026-03-09 13:34:35,2341720160,MOVE_RENAME_FILE,p05.ipynb → None/p05.ipynb
2026-03-09 13:34:35,2341720160,MOVE_RENAME_FILE,p06.ipynb → None/p06.ipynb
2026-03-09 13:34:35,2341720160,MOVE_RENAME_FILE,tp01.ipynb → None/tp07.ipynb
2026-03-09 13:34:35,2341720160,MOVE_RENAME_FILE,tp01.ipynb → None/tp08.ipynb
2026-03-09 13:34:35,2341720160,MOVE_RENAME_FILE,p01.ipynb → None/p01.ipynb
2026-03-09 13:34:35,2341720160,MOVE_RENAME_FILE,p02.ipynb → None/p02.ipynb
2026-03-09 13:34:35,2341720160,MOVE_RENAME_FILE,p03.ipynb → None/p03.ipynb
2026-03-09 13:34:35,2341720160,MOVE_RENAME_FILE,tp01.ipynb → None/tp09.ipynb
2026-03-09 13:34:35,2341720160,MOVE_RENAME_FILE,tp02.ipynb → None/tp10.ipynb
2026-03-09 13:34:35,2341720160,MOVE_RENAME_FILE,p01.ipynb → None/p01.ipynb
2026-03-09 13:34:35,2341720160,MOVE_RENAME_FILE,p02.ipynb → None/p02.ipynb
2026-03-09 13:34:35,2341720160,MOVE_RENAME_FILE,p03.ipynb → None/p03.ipynb
2026-03-09 13:34:35,2341720160,MOVE_RENAME_FILE,p04.ipynb → None/p04.ipynb
2026-03-09 13:34:35,2341720160,MOVE_RENAME_FILE,p05.ipynb → None/p05.ipynb
2026-03-09 13:34:35,2341720160,MOVE_RENAME_FILE,tp01.ipynb → None/tp11.ipynb
2026-03-09 13:34:35,2341720160,MOVE_RENAME_FILE,p01.ipynb → None/p01.ipynb
2026-03-09 13:34:35,2341720160,MOVE_RENAME_FILE,p02.ipynb → None/p02.ipynb
2026-03-09 13:34:35,2341720160,MOVE_RENAME_FILE,p03.ipynb → None/p03.ipynb
2026-03-09 13:34:35,2341720160,MOVE_RENAME_FILE,tp01.ipynb → None/tp12.ipynb
2026-03-09 13:34:35,2341720160,MOVE_RENAME_FILE,p01.ipynb → None/p01.ipynb
2026-03-09 13:34:35,2341720160,MOVE_RENAME_FILE,p02.ipynb → None/p02.ipynb
2026-03-09 13:34:35,2341720160,MOVE_RENAME_FILE,tp01.ipynb → None/tp13.ipynb
2026-03-09 13:34:35,2341720160,MOVE_RENAME_FILE,app.py → None/app.py
2026-03-09 13:34:35,2341720160,MOVE_RENAME_FILE,tp01.ipynb → None/tp14.ipynb
2026-03-09 13:34:35,2341720160,MOVE_RENAME_FILE,tp02.ipynb → None/tp15.ipynb
2026-03-09 13:34:35,2341720160,MOVE_RENAME_FILE,tp03.ipynb → None/tp16.ipynb
2026-03-09 13:34:35,2341720160,MOVE_RENAME_FILE,tp04.ipynb → None/tp17.ipynb
2026-03-09 13:34:35,2341720160,MOVE_RENAME_FILE,tp05.ipynb → None/tp18.ipynb
2026-03-09 13:34:35,2341720160,MOVE_RENAME_FILE,tp06.ipynb → None/tp19.ipynb
2026-03-09 13:34:35,2341720160,MOVE_RENAME_FILE,tp07.ipynb → None/tp20.ipynb
2026-03-09 13:34:35,2341720160,MOVE_RENAME_FILE,tp08.ipynb → None/tp21.ipynb
2026-03-09 13:34:35,2341720160,MOVE_RENAME_FILE,tp09.ipynb → None/tp22.ipynb
2026-03-09 13:34:35,2341720160,MOVE_RENAME_FILE,tp10.ipynb → None/tp23.ipynb
2026-03-09 13:34:35,2341720160,MOVE_RENAME_FILE,tp11.ipynb → None/tp24.ipynb
2026-03-09 13:34:35,2341720160,MOVE_RENAME_FILE,tp12.ipynb → None/tp25.ipynb
2026-03-09 13:34:35,2341720160,MOVE_RENAME_FILE,tp13.ipynb → None/tp26.ipynb
2026-03-09 13:34:35,2341720162,MOVE_RENAME_FILE,p01.ipynb → None/p01.ipynb
2026-03-09 13:34:35,2341720162,MOVE_RENAME_FILE,p02.ipynb → None/p02.ipynb
2026-03-09 13:34:35,2341720162,MOVE_RENAME_FILE,p03.ipynb → None/p03.ipynb
2026-03-09 13:34:35,2341720162,MOVE_RENAME_FILE,p04.ipynb → None/p04.ipynb
2026-03-09 13:34:35,2341720162,MOVE_RENAME_FILE,tp01.ipynb → None/tp01.ipynb
2026-03-09 13:34:36,2341720162,MOVE_RENAME_FILE,p01.ipynb → None/p01.ipynb
2026-03-09 13:34:36,2341720162,MOVE_RENAME_FILE,p02.ipynb → None/p02.ipynb
2026-03-09 13:34:36,2341720162,MOVE_RENAME_FILE,p03.ipynb → None/p03.ipynb
2026-03-09 13:34:36,2341720162,MOVE_RENAME_FILE,p04.ipynb → None/p04.ipynb
2026-03-09 13:34:36,2341720162,MOVE_RENAME_FILE,tp01.ipynb → None/tp02.ipynb
2026-03-09 13:34:36,2341720162,MOVE_RENAME_FILE,p01.ipynb → None/p01.ipynb
2026-03-09 13:34:36,2341720162,MOVE_RENAME_FILE,p02.ipynb → None/p02.ipynb
2026-03-09 13:34:36,2341720162,MOVE_RENAME_FILE,p03.ipynb → None/p03.ipynb
2026-03-09 13:34:36,2341720162,MOVE_RENAME_FILE,tp01.ipynb → None/tp03.ipynb
2026-03-09 13:34:36,2341720162,MOVE_RENAME_FILE,p01.ipynb → None/p01.ipynb
2026-03-09 13:34:36,2341720162,MOVE_RENAME_FILE,p02.ipynb → None/p02.ipynb
2026-03-09 13:34:36,2341720162,MOVE_RENAME_FILE,tp01.ipynb → None/tp04.ipynb
2026-03-09 13:34:37,2341720162,MOVE_RENAME_FILE,p01.ipynb → None/p01.ipynb
2026-03-09 13:34:37,2341720162,MOVE_RENAME_FILE,p02.ipynb → None/p02.ipynb
2026-03-09 13:34:37,2341720162,MOVE_RENAME_FILE,tp01.ipynb → None/tp05.ipynb
2026-03-09 13:34:37,2341720162,MOVE_RENAME_FILE,p01.ipynb → None/p01.ipynb
2026-03-09 13:34:37,2341720162,MOVE_RENAME_FILE,p02.ipynb → None/p02.ipynb
2026-03-09 13:34:37,2341720162,MOVE_RENAME_FILE,p03.ipynb → None/p03.ipynb
2026-03-09 13:34:37,2341720162,MOVE_RENAME_FILE,p04.ipynb → None/p04.ipynb
2026-03-09 13:34:37,2341720162,MOVE_RENAME_FILE,p05.ipynb → None/p05.ipynb
2026-03-09 13:34:37,2341720162,MOVE_RENAME_FILE,p06.ipynb → None/p06.ipynb
2026-03-09 13:34:37,2341720162,MOVE_RENAME_FILE,tp01.ipynb → None/tp06.ipynb
2026-03-09 13:34:37,2341720162,MOVE_RENAME_FILE,tp01.ipynb → None/tp07.ipynb
2026-03-09 13:34:37,2341720162,MOVE_RENAME_FILE,p01.ipynb → None/p01.ipynb
2026-03-09 13:34:37,2341720162,MOVE_RENAME_FILE,p02.ipynb → None/p02.ipynb
2026-03-09 13:34:37,2341720162,MOVE_RENAME_FILE,p03.ipynb → None/p03.ipynb
2026-03-09 13:34:37,2341720162,MOVE_RENAME_FILE,tp01.ipynb → None/tp08.ipynb
2026-03-09 13:34:37,2341720162,MOVE_RENAME_FILE,tp02.ipynb → None/tp09.ipynb
2026-03-09 13:34:37,2341720162,MOVE_RENAME_FILE,p01.ipynb → None/p01.ipynb
2026-03-09 13:34:37,2341720162,MOVE_RENAME_FILE,p02.ipynb → None/p02.ipynb
2026-03-09 13:34:37,2341720162,MOVE_RENAME_FILE,p03.ipynb → None/p03.ipynb
2026-03-09 13:34:37,2341720162,MOVE_RENAME_FILE,p04.ipynb → None/p04.ipynb
2026-03-09 13:34:38,2341720162,MOVE_RENAME_FILE,p05.ipynb → None/p05.ipynb
2026-03-09 13:34:38,2341720162,MOVE_RENAME_FILE,tp01.ipynb → None/tp10.ipynb
2026-03-09 13:34:38,2341720162,MOVE_RENAME_FILE,p01.ipynb → None/p01.ipynb
2026-03-09 13:34:38,2341720162,MOVE_RENAME_FILE,p02.ipynb → None/p02.ipynb
2026-03-09 13:34:38,2341720162,MOVE_RENAME_FILE,p03.ipynb → None/p03.ipynb
2026-03-09 13:34:38,2341720162,MOVE_RENAME_FILE,tp01.ipynb → None/tp11.ipynb
2026-03-09 13:34:38,2341720162,MOVE_RENAME_FILE,p01.ipynb → None/p01.ipynb
2026-03-09 13:34:38,2341720162,MOVE_RENAME_FILE,p02.ipynb → None/p02.ipynb
2026-03-09 13:34:38,2341720162,MOVE_RENAME_FILE,tp01.ipynb → None/tp12.ipynb
2026-03-09 13:34:38,2341720162,MOVE_RENAME_FILE,p01.ipynb → None/p01.ipynb
2026-03-09 13:34:38,2341720162,MOVE_RENAME_FILE,p02.ipynb → None/p02.ipynb
2026-03-09 13:34:38,2341720162,MOVE_RENAME_FILE,tp01.ipynb → None/tp13.ipynb
2026-03-09 13:34:38,2341720162,MOVE_RENAME_FILE,tp01.ipynb → None/tp14.ipynb
2026-03-09 13:34:38,2341720162,MOVE_RENAME_FILE,tp02.ipynb → None/tp15.ipynb
2026-03-09 13:34:38,2341720162,MOVE_RENAME_FILE,tp03.ipynb → None/tp16.ipynb
2026-03-09 13:34:38,2341720162,MOVE_RENAME_FILE,tp04.ipynb → None/tp17.ipynb
2026-03-09 13:34:38,2341720162,MOVE_RENAME_FILE,tp05.ipynb → None/tp18.ipynb
2026-03-09 13:34:38,2341720162,MOVE_RENAME_FILE,tp06.ipynb → None/tp19.ipynb
2026-03-09 13:34:38,2341720162,MOVE_RENAME_FILE,tp07.ipynb → None/tp20.ipynb
2026-03-09 13:34:38,2341720162,MOVE_RENAME_FILE,tp08.ipynb → None/tp21.ipynb
2026-03-09 13:34:38,2341720162,MOVE_RENAME_FILE,tp09.ipynb → None/tp22.ipynb
2026-03-09 13:34:38,2341720162,MOVE_RENAME_FILE,tp10.ipynb → None/tp23.ipynb
2026-03-09 13:34:38,2341720162,MOVE_RENAME_FILE,tp11.ipynb → None/tp24.ipynb
2026-03-09 13:34:38,2341720162,MOVE_RENAME_FILE,tp12.ipynb → None/tp25.ipynb
2026-03-09 13:34:38,2341720162,MOVE_RENAME_FILE,tp13.ipynb → None/tp26.ipynb
2026-03-09 13:34:38,2341720164,MOVE_RENAME_FILE,tp01.ipynb → None/tp01.ipynb
2026-03-09 13:34:38,2341720164,MOVE_RENAME_FILE,p01.ipynb → None/p01.ipynb
2026-03-09 13:34:38,2341720164,MOVE_RENAME_FILE,p02.ipynb → None/p02.ipynb
2026-03-09 13:34:38,2341720164,MOVE_RENAME_FILE,p03.ipynb → None/p03.ipynb
2026-03-09 13:34:38,2341720164,MOVE_RENAME_FILE,p04.ipynb → None/p04.ipynb
2026-03-09 13:34:38,2341720164,MOVE_RENAME_FILE,tp01.ipynb → None/tp02.ipynb
2026-03-09 13:34:38,2341720164,MOVE_RENAME_FILE,p01.ipynb → None/p01.ipynb
2026-03-09 13:34:38,2341720164,MOVE_RENAME_FILE,p02.ipynb → None/p02.ipynb
2026-03-09 13:34:38,2341720164,MOVE_RENAME_FILE,p03.ipynb → None/p03.ipynb
2026-03-09 13:34:38,2341720164,MOVE_RENAME_FILE,p04.ipynb → None/p04.ipynb
2026-03-09 13:34:38,2341720164,MOVE_RENAME_FILE,tp01.ipynb → None/tp03.ipynb
2026-03-09 13:34:38,2341720164,MOVE_RENAME_FILE,p01.ipynb → None/p01.ipynb
2026-03-09 13:34:39,2341720164,MOVE_RENAME_FILE,p02.ipynb → None/p02.ipynb
2026-03-09 13:34:39,2341720164,MOVE_RENAME_FILE,p03.ipynb → None/p03.ipynb
2026-03-09 13:34:39,2341720164,MOVE_RENAME_FILE,tp01.ipynb → None/tp04.ipynb
2026-03-09 13:34:39,2341720164,MOVE_RENAME_FILE,p01.ipynb → None/p01.ipynb
2026-03-09 13:34:39,2341720164,MOVE_RENAME_FILE,p02.ipynb → None/p02.ipynb
2026-03-09 13:34:39,2341720164,MOVE_RENAME_FILE,tp01.ipynb → None/tp05.ipynb
2026-03-09 13:34:39,2341720164,MOVE_RENAME_FILE,p01.ipynb → None/p01.ipynb
2026-03-09 13:34:39,2341720164,MOVE_RENAME_FILE,p02.ipynb → None/p02.ipynb
2026-03-09 13:34:39,2341720164,MOVE_RENAME_FILE,p03.ipynb → None/p03.ipynb
2026-03-09 13:34:39,2341720164,MOVE_RENAME_FILE,p04.ipynb → None/p04.ipynb
2026-03-09 13:34:39,2341720164,MOVE_RENAME_FILE,p05.ipynb → None/p05.ipynb
2026-03-09 13:34:39,2341720164,MOVE_RENAME_FILE,p06.ipynb → None/p06.ipynb
2026-03-09 13:34:39,2341720164,MOVE_RENAME_FILE,tp01.ipynb → None/tp06.ipynb
2026-03-09 13:34:39,2341720164,MOVE_RENAME_FILE,tp02.ipynb → None/tp07.ipynb
2026-03-09 13:34:39,2341720164,MOVE_RENAME_FILE,tp01.ipynb → None/tp08.ipynb
2026-03-09 13:34:39,2341720164,MOVE_RENAME_FILE,p01.ipynb → None/p01.ipynb
2026-03-09 13:34:39,2341720164,MOVE_RENAME_FILE,p02.ipynb → None/p02.ipynb
2026-03-09 13:34:39,2341720164,MOVE_RENAME_FILE,p03.ipynb → None/p03.ipynb
2026-03-09 13:34:39,2341720164,MOVE_RENAME_FILE,tp01.ipynb → None/tp09.ipynb
2026-03-09 13:34:39,2341720164,MOVE_RENAME_FILE,tp02.ipynb → None/tp10.ipynb
2026-03-09 13:34:39,2341720164,MOVE_RENAME_FILE,p01.ipynb → None/p01.ipynb
2026-03-09 13:34:39,2341720164,MOVE_RENAME_FILE,p02.ipynb → None/p02.ipynb
2026-03-09 13:34:39,2341720164,MOVE_RENAME_FILE,p03.ipynb → None/p03.ipynb
2026-03-09 13:34:39,2341720164,MOVE_RENAME_FILE,p04.ipynb → None/p04.ipynb
2026-03-09 13:34:39,2341720164,MOVE_RENAME_FILE,p05.ipynb → None/p05.ipynb
2026-03-09 13:34:39,2341720164,MOVE_RENAME_FILE,tp01.ipynb → None/tp11.ipynb
2026-03-09 13:34:39,2341720164,MOVE_RENAME_FILE,p01.ipynb → None/p01.ipynb
2026-03-09 13:34:39,2341720164,MOVE_RENAME_FILE,p02.ipynb → None/p02.ipynb
2026-03-09 13:34:39,2341720164,MOVE_RENAME_FILE,p03.ipynb → None/p03.ipynb
2026-03-09 13:34:39,2341720164,MOVE_RENAME_FILE,tp01.ipynb → None/tp12.ipynb
2026-03-09 13:34:39,2341720164,MOVE_RENAME_FILE,p01.ipynb → None/p01.ipynb
2026-03-09 13:34:40,2341720164,MOVE_RENAME_FILE,p02.ipynb → None/p02.ipynb
2026-03-09 13:34:40,2341720164,MOVE_RENAME_FILE,tp01.ipynb → None/tp13.ipynb
2026-03-09 13:34:40,2341720164,MOVE_RENAME_FILE,p01.ipynb → None/p01.ipynb
2026-03-09 13:34:40,2341720164,MOVE_RENAME_FILE,tp01.ipynb → None/tp14.ipynb
2026-03-09 13:34:40,2341720164,MOVE_RENAME_FILE,tp02.ipynb → None/tp15.ipynb
2026-03-09 13:34:40,2341720164,MOVE_RENAME_FILE,tp03.ipynb → None/tp16.ipynb
2026-03-09 13:34:40,2341720164,MOVE_RENAME_FILE,tp04.ipynb → None/tp17.ipynb
2026-03-09 13:34:40,2341720164,MOVE_RENAME_FILE,tp05.ipynb → None/tp18.ipynb
2026-03-09 13:34:40,2341720164,MOVE_RENAME_FILE,tp06.ipynb → None/tp19.ipynb
2026-03-09 13:34:40,2341720164,MOVE_RENAME_FILE,tp07.ipynb → None/tp20.ipynb
2026-03-09 13:34:40,2341720164,MOVE_RENAME_FILE,tp08.ipynb → None/tp21.ipynb
2026-03-09 13:34:40,2341720164,MOVE_RENAME_FILE,tp09.ipynb → None/tp22.ipynb
2026-03-09 13:34:40,2341720164,MOVE_RENAME_FILE,tp10.ipynb → None/tp23.ipynb
2026-03-09 13:34:40,2341720164,MOVE_RENAME_FILE,tp11.ipynb → None/tp24.ipynb
2026-03-09 13:34:40,2341720164,MOVE_RENAME_FILE,tp12.ipynb → None/tp25.ipynb
2026-03-09 13:34:40,2341720164,MOVE_RENAME_FILE,tp13.ipynb → None/tp26.ipynb
2026-03-09 13:34:40,2341720168,MOVE_RENAME_FILE,p01.ipynb → None/p01.ipynb
2026-03-09 13:34:40,2341720168,MOVE_RENAME_FILE,p02.ipynb → None/p02.ipynb
2026-03-09 13:34:40,2341720168,MOVE_RENAME_FILE,p03.ipynb → None/p03.ipynb
2026-03-09 13:34:40,2341720168,MOVE_RENAME_FILE,p04.ipynb → None/p04.ipynb
2026-03-09 13:34:40,2341720168,MOVE_RENAME_FILE,tp01.ipynb → None/tp01.ipynb
2026-03-09 13:34:40,2341720168,MOVE_RENAME_FILE,p01.ipynb → None/p01.ipynb
2026-03-09 13:34:40,2341720168,MOVE_RENAME_FILE,p02.ipynb → None/p02.ipynb
2026-03-09 13:34:40,2341720168,MOVE_RENAME_FILE,p03.ipynb → None/p03.ipynb
2026-03-09 13:34:40,2341720168,MOVE_RENAME_FILE,p04.ipynb → None/p04.ipynb
2026-03-09 13:34:40,2341720168,MOVE_RENAME_FILE,tp01.ipynb → None/tp02.ipynb
2026-03-09 13:34:40,2341720168,MOVE_RENAME_FILE,p01.ipynb → None/p01.ipynb
2026-03-09 13:34:40,2341720168,MOVE_RENAME_FILE,p02.ipynb → None/p02.ipynb
2026-03-09 13:34:40,2341720168,MOVE_RENAME_FILE,p03.ipynb → None/p03.ipynb
2026-03-09 13:34:40,2341720168,MOVE_RENAME_FILE,tp01.ipynb → None/tp03.ipynb
2026-03-09 13:34:40,2341720168,MOVE_RENAME_FILE,p01.ipynb → None/p01.ipynb
2026-03-09 13:34:40,2341720168,MOVE_RENAME_FILE,p02.ipynb → None/p02.ipynb
2026-03-09 13:34:40,2341720168,MOVE_RENAME_FILE,tp01.ipynb → None/tp04.ipynb
2026-03-09 13:34:41,2341720168,MOVE_RENAME_FILE,p01.ipynb → None/p01.ipynb
2026-03-09 13:34:41,2341720168,MOVE_RENAME_FILE,p02.ipynb → None/p02.ipynb
2026-03-09 13:34:41,2341720168,MOVE_RENAME_FILE,tp01.ipynb → None/tp05.ipynb
2026-03-09 13:34:41,2341720168,MOVE_RENAME_FILE,p01.ipynb → None/p01.ipynb
2026-03-09 13:34:41,2341720168,MOVE_RENAME_FILE,p02.ipynb → None/p02.ipynb
2026-03-09 13:34:41,2341720168,MOVE_RENAME_FILE,p03.ipynb → None/p03.ipynb
2026-03-09 13:34:41,2341720168,MOVE_RENAME_FILE,p04.ipynb → None/p04.ipynb
2026-03-09 13:34:41,2341720168,MOVE_RENAME_FILE,p05.ipynb → None/p05.ipynb
2026-03-09 13:34:41,2341720168,MOVE_RENAME_FILE,p06.ipynb → None/p06.ipynb
2026-03-09 13:34:41,2341720168,MOVE_RENAME_FILE,tp01.ipynb → None/tp06.ipynb
2026-03-09 13:34:41,2341720168,MOVE_RENAME_FILE,tp01.ipynb → None/tp07.ipynb
2026-03-09 13:34:41,2341720168,MOVE_RENAME_FILE,p01.ipynb → None/p01.ipynb
2026-03-09 13:34:41,2341720168,MOVE_RENAME_FILE,p02.ipynb → None/p02.ipynb
2026-03-09 13:34:41,2341720168,MOVE_RENAME_FILE,p03.ipynb → None/p03.ipynb
2026-03-09 13:34:41,2341720168,MOVE_RENAME_FILE,tp01.ipynb → None/tp08.ipynb
2026-03-09 13:34:41,2341720168,MOVE_RENAME_FILE,tp02.ipynb → None/tp09.ipynb
2026-03-09 13:34:41,2341720168,MOVE_RENAME_FILE,p01.ipynb → None/p01.ipynb
2026-03-09 13:34:41,2341720168,MOVE_RENAME_FILE,p02.ipynb → None/p02.ipynb
2026-03-09 13:34:41,2341720168,MOVE_RENAME_FILE,p03.ipynb → None/p03.ipynb
2026-03-09 13:34:41,2341720168,MOVE_RENAME_FILE,p04.ipynb → None/p04.ipynb
2026-03-09 13:34:41,2341720168,MOVE_RENAME_FILE,p05.ipynb → None/p05.ipynb
2026-03-09 13:34:41,2341720168,MOVE_RENAME_FILE,tp01.ipynb → None/tp10.ipynb
2026-03-09 13:34:41,2341720168,MOVE_RENAME_FILE,p01.ipynb → None/p01.ipynb
2026-03-09 13:34:41,2341720168,MOVE_RENAME_FILE,p02.ipynb → None/p02.ipynb
2026-03-09 13:34:41,2341720168,MOVE_RENAME_FILE,p03.ipynb → None/p03.ipynb
2026-03-09 13:34:41,2341720168,MOVE_RENAME_FILE,tp01.ipynb → None/tp11.ipynb
2026-03-09 13:34:41,2341720168,MOVE_RENAME_FILE,p01.ipynb → None/p01.ipynb
2026-03-09 13:34:41,2341720168,MOVE_RENAME_FILE,p02.ipynb → None/p02.ipynb
2026-03-09 13:34:41,2341720168,MOVE_RENAME_FILE,tp01.ipynb → None/tp12.ipynb
2026-03-09 13:34:41,2341720168,MOVE_RENAME_FILE,p01.ipynb → None/p01.ipynb
2026-03-09 13:34:41,2341720168,MOVE_RENAME_FILE,tp01.ipynb → None/tp13.ipynb
2026-03-09 13:34:41,2341720168,MOVE_RENAME_FILE,tp02.ipynb → None/tp14.ipynb
2026-03-09 13:34:41,2341720168,MOVE_RENAME_FILE,tp03.ipynb → None/tp15.ipynb
2026-03-09 13:34:41,2341720168,MOVE_RENAME_FILE,tp04.ipynb → None/tp16.ipynb
2026-03-09 13:34:41,2341720168,MOVE_RENAME_FILE,tp05.ipynb → None/tp17.ipynb
2026-03-09 13:34:41,2341720168,MOVE_RENAME_FILE,tp06.ipynb → None/tp18.ipynb
2026-03-09 13:34:41,2341720168,MOVE_RENAME_FILE,tp07.ipynb → None/tp19.ipynb
2026-03-09 13:34:41,2341720168,MOVE_RENAME_FILE,tp08.ipynb → None/tp20.ipynb
2026-03-09 13:34:41,2341720168,MOVE_RENAME_FILE,tp09.ipynb → None/tp21.ipynb
2026-03-09 13:34:41,2341720168,MOVE_RENAME_FILE,tp10.ipynb → None/tp22.ipynb
2026-03-09 13:34:41,2341720168,MOVE_RENAME_FILE,tp11.ipynb → None/tp23.ipynb
2026-03-09 13:34:41,2341720168,MOVE_RENAME_FILE,tp12.ipynb → None/tp24.ipynb
2026-03-09 13:34:41,2341720174,MOVE_RENAME_FILE,tp01.ipynb → None/tp01.ipynb
2026-03-09 13:34:41,2341720174,MOVE_RENAME_FILE,tp02.ipynb → None/tp02.ipynb
2026-03-09 13:34:41,2341720174,MOVE_RENAME_FILE,p01.ipynb → None/p01.ipynb
2026-03-09 13:34:41,2341720174,MOVE_RENAME_FILE,p02.ipynb → None/p02.ipynb
2026-03-09 13:34:41,2341720174,MOVE_RENAME_FILE,p03.ipynb → None/p03.ipynb
2026-03-09 13:34:41,2341720174,MOVE_RENAME_FILE,p04.ipynb → None/p04.ipynb
2026-03-09 13:34:41,2341720174,MOVE_RENAME_FILE,tp01.ipynb → None/tp03.ipynb
2026-03-09 13:34:41,2341720174,MOVE_RENAME_FILE,p01.ipynb → None/p01.ipynb
2026-03-09 13:34:41,2341720174,MOVE_RENAME_FILE,p02.ipynb → None/p02.ipynb
2026-03-09 13:34:41,2341720174,MOVE_RENAME_FILE,p03.ipynb → None/p03.ipynb
2026-03-09 13:34:41,2341720174,MOVE_RENAME_FILE,p04.ipynb → None/p04.ipynb
2026-03-09 13:34:41,2341720174,MOVE_RENAME_FILE,tp01.ipynb → None/tp04.ipynb
2026-03-09 13:34:41,2341720174,MOVE_RENAME_FILE,p01.ipynb → None/p01.ipynb
2026-03-09 13:34:42,2341720174,MOVE_RENAME_FILE,p02.ipynb → None/p02.ipynb
2026-03-09 13:34:42,2341720174,MOVE_RENAME_FILE,p03.ipynb → None/p03.ipynb
2026-03-09 13:34:42,2341720174,MOVE_RENAME_FILE,tp01.ipynb → None/tp05.ipynb
2026-03-09 13:34:42,2341720174,MOVE_RENAME_FILE,p01.ipynb → None/p01.ipynb
2026-03-09 13:34:42,2341720174,MOVE_RENAME_FILE,p02.ipynb → None/p02.ipynb
2026-03-09 13:34:42,2341720174,MOVE_RENAME_FILE,tp01.ipynb → None/tp06.ipynb
2026-03-09 13:34:42,2341720174,MOVE_RENAME_FILE,p01.ipynb → None/p01.ipynb
2026-03-09 13:34:42,2341720174,MOVE_RENAME_FILE,p02.ipynb → None/p02.ipynb
2026-03-09 13:34:42,2341720174,MOVE_RENAME_FILE,tp01.ipynb → None/tp07.ipynb
2026-03-09 13:34:42,2341720174,MOVE_RENAME_FILE,p01.ipynb → None/p01.ipynb
2026-03-09 13:34:42,2341720174,MOVE_RENAME_FILE,p02.ipynb → None/p02.ipynb
2026-03-09 13:34:42,2341720174,MOVE_RENAME_FILE,p03.ipynb → None/p03.ipynb
2026-03-09 13:34:42,2341720174,MOVE_RENAME_FILE,p04.ipynb → None/p04.ipynb
2026-03-09 13:34:42,2341720174,MOVE_RENAME_FILE,p05.ipynb → None/p05.ipynb
2026-03-09 13:34:42,2341720174,MOVE_RENAME_FILE,p06.ipynb → None/p06.ipynb
2026-03-09 13:34:42,2341720174,MOVE_RENAME_FILE,tp01.ipynb → None/tp08.ipynb
2026-03-09 13:34:42,2341720174,MOVE_RENAME_FILE,tp01.ipynb → None/tp09.ipynb
2026-03-09 13:34:42,2341720174,MOVE_RENAME_FILE,p01.ipynb → None/p01.ipynb
2026-03-09 13:34:42,2341720174,MOVE_RENAME_FILE,p02.ipynb → None/p02.ipynb
2026-03-09 13:34:42,2341720174,MOVE_RENAME_FILE,p03.ipynb → None/p03.ipynb
2026-03-09 13:34:42,2341720174,MOVE_RENAME_FILE,tp01.ipynb → None/tp10.ipynb
2026-03-09 13:34:42,2341720174,MOVE_RENAME_FILE,tp02.ipynb → None/tp11.ipynb
2026-03-09 13:34:42,2341720174,MOVE_RENAME_FILE,p01.ipynb → None/p01.ipynb
2026-03-09 13:34:42,2341720174,MOVE_RENAME_FILE,p02.ipynb → None/p02.ipynb
2026-03-09 13:34:42,2341720174,MOVE_RENAME_FILE,p03.ipynb → None/p03.ipynb
2026-03-09 13:34:42,2341720174,MOVE_RENAME_FILE,p04.ipynb → None/p04.ipynb
2026-03-09 13:34:42,2341720174,MOVE_RENAME_FILE,p05.ipynb → None/p05.ipynb
2026-03-09 13:34:42,2341720174,MOVE_RENAME_FILE,tp01.ipynb → None/tp12.ipynb
2026-03-09 13:34:42,2341720174,MOVE_RENAME_FILE,p01.ipynb → None/p01.ipynb
2026-03-09 13:34:42,2341720174,MOVE_RENAME_FILE,p02.ipynb → None/p02.ipynb
2026-03-09 13:34:42,2341720174,MOVE_RENAME_FILE,p03.ipynb → None/p03.ipynb
2026-03-09 13:34:42,2341720174,MOVE_RENAME_FILE,tp01.ipynb → None/tp13.ipynb
2026-03-09 13:34:42,2341720174,MOVE_RENAME_FILE,p01.ipynb → None/p01.ipynb
2026-03-09 13:34:42,2341720174,MOVE_RENAME_FILE,p02.ipynb → None/p02.ipynb
2026-03-09 13:34:42,2341720174,MOVE_RENAME_FILE,tp01.ipynb → None/tp14.ipynb
2026-03-09 13:34:42,2341720174,MOVE_RENAME_FILE,app.py → None/app.py
2026-03-09 13:34:42,2341720174,MOVE_RENAME_FILE,p01.ipynb → None/p01.ipynb
2026-03-09 13:34:42,2341720174,MOVE_RENAME_FILE,tp01.ipynb → None/tp15.ipynb
2026-03-09 13:34:42,2341720174,MOVE_RENAME_FILE,tp02.ipynb → None/tp16.ipynb
2026-03-09 13:34:42,2341720174,MOVE_RENAME_FILE,tp03.ipynb → None/tp17.ipynb
2026-03-09 13:34:42,2341720174,MOVE_RENAME_FILE,tp04.ipynb → None/tp18.ipynb
2026-03-09 13:34:42,2341720174,MOVE_RENAME_FILE,tp05.ipynb → None/tp19.ipynb
2026-03-09 13:34:42,2341720174,MOVE_RENAME_FILE,tp06.ipynb → None/tp20.ipynb
2026-03-09 13:34:42,2341720174,MOVE_RENAME_FILE,tp07.ipynb → None/tp21.ipynb
2026-03-09 13:34:42,2341720174,MOVE_RENAME_FILE,tp08.ipynb → None/tp22.ipynb
2026-03-09 13:34:42,2341720174,MOVE_RENAME_FILE,tp09.ipynb → None/tp23.ipynb
2026-03-09 13:34:42,2341720174,MOVE_RENAME_FILE,tp10.ipynb → None/tp24.ipynb
2026-03-09 13:34:42,2341720174,MOVE_RENAME_FILE,tp11.ipynb → None/tp25.ipynb
2026-03-09 13:34:42,2341720174,MOVE_RENAME_FILE,tp12.ipynb → None/tp26.ipynb
2026-03-09 13:34:42,2341720174,MOVE_RENAME_FILE,tp13.ipynb → None/tp27.ipynb
2026-03-09 13:34:42,2341720174,MOVE_RENAME_FILE,tp14.ipynb → None/tp28.ipynb
2026-03-09 13:34:42,2341720176,MOVE_RENAME_FILE,p01.ipynb → None/p01.ipynb
2026-03-09 13:34:42,2341720176,MOVE_RENAME_FILE,tp01.ipynb → None/tp01.ipynb
2026-03-09 13:34:43,2341720176,MOVE_RENAME_FILE,p01.ipynb → None/p01.ipynb
2026-03-09 13:34:43,2341720176,MOVE_RENAME_FILE,p02.ipynb → None/p02.ipynb
2026-03-09 13:34:43,2341720176,MOVE_RENAME_FILE,p03.ipynb → None/p03.ipynb
2026-03-09 13:34:43,2341720176,MOVE_RENAME_FILE,p04.ipynb → None/p04.ipynb
2026-03-09 13:34:43,2341720176,MOVE_RENAME_FILE,tp01.ipynb → None/tp02.ipynb
2026-03-09 13:34:43,2341720176,MOVE_RENAME_FILE,p01.ipynb → None/p01.ipynb
2026-03-09 13:34:43,2341720176,MOVE_RENAME_FILE,p02.ipynb → None/p02.ipynb
2026-03-09 13:34:43,2341720176,MOVE_RENAME_FILE,p03.ipynb → None/p03.ipynb
2026-03-09 13:34:43,2341720176,MOVE_RENAME_FILE,p04.ipynb → None/p04.ipynb
2026-03-09 13:34:43,2341720176,MOVE_RENAME_FILE,tp01.ipynb → None/tp03.ipynb
2026-03-09 13:34:43,2341720176,MOVE_RENAME_FILE,KUIS_1.ipynb → kuis/kuis.ipynb
2026-03-09 13:34:43,2341720176,MOVE_RENAME_FILE,p01.ipynb → None/p01.ipynb
2026-03-09 13:34:43,2341720176,MOVE_RENAME_FILE,p02.ipynb → None/p02.ipynb
2026-03-09 13:34:43,2341720176,MOVE_RENAME_FILE,p03.ipynb → None/p03.ipynb
2026-03-09 13:34:43,2341720176,MOVE_RENAME_FILE,tp01.ipynb → None/tp04.ipynb
2026-03-09 13:34:43,2341720176,MOVE_RENAME_FILE,p01.ipynb → None/p01.ipynb
2026-03-09 13:34:43,2341720176,MOVE_RENAME_FILE,p02.ipynb → None/p02.ipynb
2026-03-09 13:34:43,2341720176,MOVE_RENAME_FILE,tp01.ipynb → None/tp05.ipynb
2026-03-09 13:34:43,2341720176,MOVE_RENAME_FILE,p01.ipynb → None/p01.ipynb
2026-03-09 13:34:43,2341720176,MOVE_RENAME_FILE,p02.ipynb → None/p02.ipynb
2026-03-09 13:34:43,2341720176,MOVE_RENAME_FILE,tp01.ipynb → None/tp06.ipynb
2026-03-09 13:34:43,2341720176,MOVE_RENAME_FILE,p01.ipynb → None/p01.ipynb
2026-03-09 13:34:43,2341720176,MOVE_RENAME_FILE,p02.ipynb → None/p02.ipynb
2026-03-09 13:34:43,2341720176,MOVE_RENAME_FILE,p03.ipynb → None/p03.ipynb
2026-03-09 13:34:43,2341720176,MOVE_RENAME_FILE,p04.ipynb → None/p04.ipynb
2026-03-09 13:34:43,2341720176,MOVE_RENAME_FILE,p05.ipynb → None/p05.ipynb
2026-03-09 13:34:43,2341720176,MOVE_RENAME_FILE,p06.ipynb → None/p06.ipynb
2026-03-09 13:34:43,2341720176,MOVE_RENAME_FILE,tp01.ipynb → None/tp07.ipynb
2026-03-09 13:34:43,2341720176,MOVE_RENAME_FILE,tp01.ipynb → None/tp08.ipynb
2026-03-09 13:34:43,2341720176,MOVE_RENAME_FILE,p01.ipynb → None/p01.ipynb
2026-03-09 13:34:43,2341720176,MOVE_RENAME_FILE,p02.ipynb → None/p02.ipynb
2026-03-09 13:34:43,2341720176,MOVE_RENAME_FILE,p03.ipynb → None/p03.ipynb
2026-03-09 13:34:43,2341720176,MOVE_RENAME_FILE,tp01.ipynb → None/tp09.ipynb
2026-03-09 13:34:43,2341720176,MOVE_RENAME_FILE,tp02.ipynb → None/tp10.ipynb
2026-03-09 13:34:43,2341720176,MOVE_RENAME_FILE,p01.ipynb → None/p01.ipynb
2026-03-09 13:34:43,2341720176,MOVE_RENAME_FILE,p02.ipynb → None/p02.ipynb
2026-03-09 13:34:44,2341720176,MOVE_RENAME_FILE,p03.ipynb → None/p03.ipynb
2026-03-09 13:34:44,2341720176,MOVE_RENAME_FILE,p04.ipynb → None/p04.ipynb
2026-03-09 13:34:44,2341720176,MOVE_RENAME_FILE,p05.ipynb → None/p05.ipynb
2026-03-09 13:34:44,2341720176,MOVE_RENAME_FILE,tp01.ipynb → None/tp11.ipynb
2026-03-09 13:34:44,2341720176,MOVE_RENAME_FILE,p01.ipynb → None/p01.ipynb
2026-03-09 13:34:44,2341720176,MOVE_RENAME_FILE,p02.ipynb → None/p02.ipynb
2026-03-09 13:34:44,2341720176,MOVE_RENAME_FILE,p03.ipynb → None/p03.ipynb
2026-03-09 13:34:44,2341720176,MOVE_RENAME_FILE,tp01.ipynb → None/tp12.ipynb
2026-03-09 13:34:44,2341720176,MOVE_RENAME_FILE,p01.ipynb → None/p01.ipynb
2026-03-09 13:34:44,2341720176,MOVE_RENAME_FILE,p02.ipynb → None/p02.ipynb
2026-03-09 13:34:44,2341720176,MOVE_RENAME_FILE,tp01.ipynb → None/tp13.ipynb
2026-03-09 13:34:44,2341720176,MOVE_RENAME_FILE,p01.ipynb → None/p01.ipynb
2026-03-09 13:34:44,2341720176,MOVE_RENAME_FILE,p02.ipynb → None/p02.ipynb
2026-03-09 13:34:44,2341720176,MOVE_RENAME_FILE,tp01.ipynb → None/tp14.ipynb
2026-03-09 13:34:44,2341720176,MOVE_RENAME_FILE,tp02.ipynb → None/tp15.ipynb
2026-03-09 13:34:44,2341720176,MOVE_RENAME_FILE,tp03.ipynb → None/tp16.ipynb
2026-03-09 13:34:44,2341720176,MOVE_RENAME_FILE,tp04.ipynb → None/tp17.ipynb
2026-03-09 13:34:44,2341720176,MOVE_RENAME_FILE,tp05.ipynb → None/tp18.ipynb
2026-03-09 13:34:44,2341720176,MOVE_RENAME_FILE,tp06.ipynb → None/tp19.ipynb
2026-03-09 13:34:44,2341720176,MOVE_RENAME_FILE,tp07.ipynb → None/tp20.ipynb
2026-03-09 13:34:44,2341720176,MOVE_RENAME_FILE,tp08.ipynb → None/tp21.ipynb
2026-03-09 13:34:44,2341720176,MOVE_RENAME_FILE,tp09.ipynb → None/tp22.ipynb
2026-03-09 13:34:44,2341720176,MOVE_RENAME_FILE,tp10.ipynb → None/tp23.ipynb
2026-03-09 13:34:44,2341720176,MOVE_RENAME_FILE,tp11.ipynb → None/tp24.ipynb
2026-03-09 13:34:44,2341720176,MOVE_RENAME_FILE,tp12.ipynb → None/tp25.ipynb
2026-03-09 13:34:44,2341720176,MOVE_RENAME_FILE,tp13.ipynb → None/tp26.ipynb
2026-03-09 13:34:44,2341720187,MOVE_RENAME_FILE,tp01.ipynb → None/tp01.ipynb
2026-03-09 13:34:44,2341720187,MOVE_RENAME_FILE,p01.ipynb → None/p01.ipynb
2026-03-09 13:34:44,2341720187,MOVE_RENAME_FILE,p02.ipynb → None/p02.ipynb
2026-03-09 13:34:44,2341720187,MOVE_RENAME_FILE,p03.ipynb → None/p03.ipynb
2026-03-09 13:34:44,2341720187,MOVE_RENAME_FILE,p04.ipynb → None/p04.ipynb
2026-03-09 13:34:44,2341720187,MOVE_RENAME_FILE,tp01.ipynb → None/tp02.ipynb
2026-03-09 13:34:44,2341720187,MOVE_RENAME_FILE,p01.ipynb → None/p01.ipynb
2026-03-09 13:34:44,2341720187,MOVE_RENAME_FILE,p02.ipynb → None/p02.ipynb
2026-03-09 13:34:44,2341720187,MOVE_RENAME_FILE,p03.ipynb → None/p03.ipynb
2026-03-09 13:34:44,2341720187,MOVE_RENAME_FILE,p04.ipynb → None/p04.ipynb
2026-03-09 13:34:44,2341720187,MOVE_RENAME_FILE,tp01.ipynb → None/tp03.ipynb
2026-03-09 13:34:44,2341720187,MOVE_RENAME_FILE,p01.ipynb → None/p01.ipynb
2026-03-09 13:34:44,2341720187,MOVE_RENAME_FILE,p02.ipynb → None/p02.ipynb
2026-03-09 13:34:44,2341720187,MOVE_RENAME_FILE,p03.ipynb → None/p03.ipynb
2026-03-09 13:34:44,2341720187,MOVE_RENAME_FILE,tp01.ipynb → None/tp04.ipynb
2026-03-09 13:34:45,2341720187,MOVE_RENAME_FILE,p01.ipynb → None/p01.ipynb
2026-03-09 13:34:45,2341720187,MOVE_RENAME_FILE,p02.ipynb → None/p02.ipynb
2026-03-09 13:34:45,2341720187,MOVE_RENAME_FILE,tp01.ipynb → None/tp05.ipynb
2026-03-09 13:34:45,2341720187,MOVE_RENAME_FILE,tp01.ipynb → None/tp06.ipynb
2026-03-09 13:34:45,2341720187,MOVE_RENAME_FILE,p01.ipynb → None/p01.ipynb
2026-03-09 13:34:45,2341720187,MOVE_RENAME_FILE,p02.ipynb → None/p02.ipynb
2026-03-09 13:34:45,2341720187,MOVE_RENAME_FILE,p03.ipynb → None/p03.ipynb
2026-03-09 13:34:45,2341720187,MOVE_RENAME_FILE,p04.ipynb → None/p04.ipynb
2026-03-09 13:34:45,2341720187,MOVE_RENAME_FILE,p05.ipynb → None/p05.ipynb
2026-03-09 13:34:45,2341720187,MOVE_RENAME_FILE,p06.ipynb → None/p06.ipynb
2026-03-09 13:34:45,2341720187,MOVE_RENAME_FILE,tp01.ipynb → None/tp07.ipynb
2026-03-09 13:34:45,2341720187,MOVE_RENAME_FILE,tp01.ipynb → None/tp08.ipynb
2026-03-09 13:34:45,2341720187,MOVE_RENAME_FILE,p01.ipynb → None/p01.ipynb
2026-03-09 13:34:45,2341720187,MOVE_RENAME_FILE,p02.ipynb → None/p02.ipynb
2026-03-09 13:34:45,2341720187,MOVE_RENAME_FILE,p03.ipynb → None/p03.ipynb
2026-03-09 13:34:45,2341720187,MOVE_RENAME_FILE,tp01.ipynb → None/tp09.ipynb
2026-03-09 13:34:45,2341720187,MOVE_RENAME_FILE,tp02.ipynb → None/tp10.ipynb
2026-03-09 13:34:45,2341720187,MOVE_RENAME_FILE,p01.ipynb → None/p01.ipynb
2026-03-09 13:34:45,2341720187,MOVE_RENAME_FILE,p02.ipynb → None/p02.ipynb
2026-03-09 13:34:45,2341720187,MOVE_RENAME_FILE,p03.ipynb → None/p03.ipynb
2026-03-09 13:34:45,2341720187,MOVE_RENAME_FILE,p04.ipynb → None/p04.ipynb
2026-03-09 13:34:45,2341720187,MOVE_RENAME_FILE,p05.ipynb → None/p05.ipynb
2026-03-09 13:34:45,2341720187,MOVE_RENAME_FILE,tp01.ipynb → None/tp11.ipynb
2026-03-09 13:34:45,2341720187,MOVE_RENAME_FILE,p01.ipynb → None/p01.ipynb
2026-03-09 13:34:45,2341720187,MOVE_RENAME_FILE,p02.ipynb → None/p02.ipynb
2026-03-09 13:34:45,2341720187,MOVE_RENAME_FILE,p03.ipynb → None/p03.ipynb
2026-03-09 13:34:45,2341720187,MOVE_RENAME_FILE,tp01.ipynb → None/tp12.ipynb
2026-03-09 13:34:45,2341720187,MOVE_RENAME_FILE,p01.ipynb → None/p01.ipynb
2026-03-09 13:34:45,2341720187,MOVE_RENAME_FILE,p02.ipynb → None/p02.ipynb
2026-03-09 13:34:45,2341720187,MOVE_RENAME_FILE,tp01.ipynb → None/tp13.ipynb
2026-03-09 13:34:45,2341720187,MOVE_RENAME_FILE,app.py → None/app.py
2026-03-09 13:34:45,2341720187,MOVE_RENAME_FILE,p01.ipynb → None/p01.ipynb
2026-03-09 13:34:45,2341720187,MOVE_RENAME_FILE,p02.ipynb → None/p02.ipynb
2026-03-09 13:34:45,2341720187,MOVE_RENAME_FILE,tp01.ipynb → None/tp14.ipynb
2026-03-09 13:34:45,2341720187,MOVE_RENAME_FILE,tp02.ipynb → None/tp15.ipynb
2026-03-09 13:34:45,2341720187,MOVE_RENAME_FILE,tp03.ipynb → None/tp16.ipynb
2026-03-09 13:34:45,2341720187,MOVE_RENAME_FILE,tp04.ipynb → None/tp17.ipynb
2026-03-09 13:34:45,2341720187,MOVE_RENAME_FILE,tp05.ipynb → None/tp18.ipynb
2026-03-09 13:34:45,2341720187,MOVE_RENAME_FILE,tp06.ipynb → None/tp19.ipynb
2026-03-09 13:34:45,2341720187,MOVE_RENAME_FILE,tp07.ipynb → None/tp20.ipynb
2026-03-09 13:34:45,2341720187,MOVE_RENAME_FILE,tp08.ipynb → None/tp21.ipynb
2026-03-09 13:34:45,2341720187,MOVE_RENAME_FILE,tp09.ipynb → None/tp22.ipynb
2026-03-09 13:34:45,2341720187,MOVE_RENAME_FILE,tp10.ipynb → None/tp23.ipynb
2026-03-09 13:34:45,2341720187,MOVE_RENAME_FILE,tp11.ipynb → None/tp24.ipynb
2026-03-09 13:34:45,2341720187,MOVE_RENAME_FILE,tp12.ipynb → None/tp25.ipynb
2026-03-09 13:34:45,2341720187,MOVE_RENAME_FILE,tp13.ipynb → None/tp26.ipynb
2026-03-09 13:34:45,2341720191,MOVE_RENAME_FILE,p01.ipynb → None/p01.ipynb
2026-03-09 13:34:45,2341720191,MOVE_RENAME_FILE,p01.ipynb → None/p01.ipynb
2026-03-09 13:34:45,2341720191,MOVE_RENAME_FILE,p02.ipynb → None/p02.ipynb
2026-03-09 13:34:45,2341720191,MOVE_RENAME_FILE,p03.ipynb → None/p03.ipynb
2026-03-09 13:34:45,2341720191,MOVE_RENAME_FILE,p04.ipynb → None/p04.ipynb
2026-03-09 13:34:45,2341720191,MOVE_RENAME_FILE,tp01.ipynb → None/tp01.ipynb
2026-03-09 13:34:45,2341720191,MOVE_RENAME_FILE,p01.ipynb → None/p01.ipynb
2026-03-09 13:34:45,2341720191,MOVE_RENAME_FILE,p02.ipynb → None/p02.ipynb
2026-03-09 13:34:45,2341720191,MOVE_RENAME_FILE,p03.ipynb → None/p03.ipynb
2026-03-09 13:34:45,2341720191,MOVE_RENAME_FILE,p04.ipynb → None/p04.ipynb
2026-03-09 13:34:45,2341720191,MOVE_RENAME_FILE,tp01.ipynb → None/tp02.ipynb
2026-03-09 13:34:45,2341720191,MOVE_RENAME_FILE,p01.ipynb → None/p01.ipynb
2026-03-09 13:34:45,2341720191,MOVE_RENAME_FILE,p02.ipynb → None/p02.ipynb
2026-03-09 13:34:45,2341720191,MOVE_RENAME_FILE,p03.ipynb → None/p03.ipynb
2026-03-09 13:34:45,2341720191,MOVE_RENAME_FILE,tp01.ipynb → None/tp03.ipynb
2026-03-09 13:34:45,2341720191,MOVE_RENAME_FILE,p01.ipynb → None/p01.ipynb
2026-03-09 13:34:45,2341720191,MOVE_RENAME_FILE,p02.ipynb → None/p02.ipynb
2026-03-09 13:34:45,2341720191,MOVE_RENAME_FILE,tp01.ipynb → None/tp04.ipynb
2026-03-09 13:34:45,2341720191,MOVE_RENAME_FILE,p01.ipynb → None/p01.ipynb
2026-03-09 13:34:45,2341720191,MOVE_RENAME_FILE,p02.ipynb → None/p02.ipynb
2026-03-09 13:34:45,2341720191,MOVE_RENAME_FILE,tp01.ipynb → None/tp05.ipynb
2026-03-09 13:34:46,2341720191,MOVE_RENAME_FILE,p01.ipynb → None/p01.ipynb
2026-03-09 13:34:46,2341720191,MOVE_RENAME_FILE,p02.ipynb → None/p02.ipynb
2026-03-09 13:34:46,2341720191,MOVE_RENAME_FILE,p03.ipynb → None/p03.ipynb
2026-03-09 13:34:46,2341720191,MOVE_RENAME_FILE,p04.ipynb → None/p04.ipynb
2026-03-09 13:34:46,2341720191,MOVE_RENAME_FILE,p05.ipynb → None/p05.ipynb
2026-03-09 13:34:46,2341720191,MOVE_RENAME_FILE,p06.ipynb → None/p06.ipynb
2026-03-09 13:34:46,2341720191,MOVE_RENAME_FILE,tp01.ipynb → None/tp06.ipynb
2026-03-09 13:34:46,2341720191,MOVE_RENAME_FILE,tp01.ipynb → None/tp07.ipynb
2026-03-09 13:34:46,2341720191,MOVE_RENAME_FILE,p01.ipynb → None/p01.ipynb
2026-03-09 13:34:46,2341720191,MOVE_RENAME_FILE,p02.ipynb → None/p02.ipynb
2026-03-09 13:34:46,2341720191,MOVE_RENAME_FILE,p03.ipynb → None/p03.ipynb
2026-03-09 13:34:46,2341720191,MOVE_RENAME_FILE,tp01.ipynb → None/tp08.ipynb
2026-03-09 13:34:46,2341720191,MOVE_RENAME_FILE,tp02.ipynb → None/tp09.ipynb
2026-03-09 13:34:46,2341720191,MOVE_RENAME_FILE,p01.ipynb → None/p01.ipynb
2026-03-09 13:34:46,2341720191,MOVE_RENAME_FILE,p02.ipynb → None/p02.ipynb
2026-03-09 13:34:46,2341720191,MOVE_RENAME_FILE,p03.ipynb → None/p03.ipynb
2026-03-09 13:34:46,2341720191,MOVE_RENAME_FILE,p04.ipynb → None/p04.ipynb
2026-03-09 13:34:46,2341720191,MOVE_RENAME_FILE,p05.ipynb → None/p05.ipynb
2026-03-09 13:34:46,2341720191,MOVE_RENAME_FILE,tp01.ipynb → None/tp10.ipynb
2026-03-09 13:34:46,2341720191,MOVE_RENAME_FILE,p01.ipynb → None/p01.ipynb
2026-03-09 13:34:46,2341720191,MOVE_RENAME_FILE,p02.ipynb → None/p02.ipynb
2026-03-09 13:34:46,2341720191,MOVE_RENAME_FILE,p03.ipynb → None/p03.ipynb
2026-03-09 13:34:46,2341720191,MOVE_RENAME_FILE,tp01.ipynb → None/tp11.ipynb
2026-03-09 13:34:46,2341720191,MOVE_RENAME_FILE,p01.ipynb → None/p01.ipynb
2026-03-09 13:34:46,2341720191,MOVE_RENAME_FILE,p02.ipynb → None/p02.ipynb
2026-03-09 13:34:46,2341720191,MOVE_RENAME_FILE,tp01.ipynb → None/tp12.ipynb
2026-03-09 13:34:46,2341720191,MOVE_RENAME_FILE,p01.ipynb → None/p01.ipynb
2026-03-09 13:34:46,2341720191,MOVE_RENAME_FILE,tp01.ipynb → None/tp13.ipynb
2026-03-09 13:34:46,2341720191,MOVE_RENAME_FILE,tp01.ipynb → None/tp14.ipynb
2026-03-09 13:34:46,2341720191,MOVE_RENAME_FILE,tp02.ipynb → None/tp15.ipynb
2026-03-09 13:34:46,2341720191,MOVE_RENAME_FILE,tp03.ipynb → None/tp16.ipynb
2026-03-09 13:34:46,2341720191,MOVE_RENAME_FILE,tp04.ipynb → None/tp17.ipynb
2026-03-09 13:34:46,2341720191,MOVE_RENAME_FILE,tp04.py → None/tp18.py
2026-03-09 13:34:46,2341720191,MOVE_RENAME_FILE,tp05.ipynb → None/tp19.ipynb
2026-03-09 13:34:46,2341720191,MOVE_RENAME_FILE,tp05.py → None/tp20.py
2026-03-09 13:34:46,2341720191,MOVE_RENAME_FILE,tp06.ipynb → None/tp21.ipynb
2026-03-09 13:34:46,2341720191,MOVE_RENAME_FILE,tp06.py → None/tp22.py
2026-03-09 13:34:46,2341720191,MOVE_RENAME_FILE,tp07.ipynb → None/tp23.ipynb
2026-03-09 13:34:46,2341720191,MOVE_RENAME_FILE,tp08.ipynb → None/tp24.ipynb
2026-03-09 13:34:46,2341720191,MOVE_RENAME_FILE,tp09.ipynb → None/tp25.ipynb
2026-03-09 13:34:46,2341720191,MOVE_RENAME_FILE,tp10.ipynb → None/tp26.ipynb
2026-03-09 13:34:46,2341720191,MOVE_RENAME_FILE,tp11.ipynb → None/tp27.ipynb
2026-03-09 13:34:46,2341720191,MOVE_RENAME_FILE,tp12.ipynb → None/tp28.ipynb
2026-03-09 13:34:46,2341720191,MOVE_RENAME_FILE,tp13.ipynb → None/tp29.ipynb
2026-03-09 13:34:46,2341720200,MOVE_RENAME_FILE,p01.ipynb → None/p01.ipynb
2026-03-09 13:34:46,2341720200,MOVE_RENAME_FILE,p02.ipynb → None/p02.ipynb
2026-03-09 13:34:46,2341720200,MOVE_RENAME_FILE,p03.ipynb → None/p03.ipynb
2026-03-09 13:34:46,2341720200,MOVE_RENAME_FILE,p04.ipynb → None/p04.ipynb
2026-03-09 13:34:46,2341720200,MOVE_RENAME_FILE,p01.ipynb → None/p01.ipynb
2026-03-09 13:34:46,2341720200,MOVE_RENAME_FILE,p02.ipynb → None/p02.ipynb
2026-03-09 13:34:46,2341720200,MOVE_RENAME_FILE,p03.ipynb → None/p03.ipynb
2026-03-09 13:34:46,2341720200,MOVE_RENAME_FILE,p04.ipynb → None/p04.ipynb
2026-03-09 13:34:46,2341720200,MOVE_RENAME_FILE,p01.ipynb → None/p01.ipynb
2026-03-09 13:34:46,2341720200,MOVE_RENAME_FILE,p02.ipynb → None/p02.ipynb
2026-03-09 13:34:46,2341720200,MOVE_RENAME_FILE,p03.ipynb → None/p03.ipynb
2026-03-09 13:34:46,2341720200,MOVE_RENAME_FILE,p01.ipynb → None/p01.ipynb
2026-03-09 13:34:46,2341720200,MOVE_RENAME_FILE,p01.ipynb → None/p01.ipynb
2026-03-09 13:34:46,2341720200,MOVE_RENAME_FILE,p02.ipynb → None/p02.ipynb
2026-03-09 13:34:46,2341720200,MOVE_RENAME_FILE,p03.ipynb → None/p03.ipynb
2026-03-09 13:34:47,2341720200,MOVE_RENAME_FILE,p04.ipynb → None/p04.ipynb
2026-03-09 13:34:47,2341720200,MOVE_RENAME_FILE,p05.ipynb → None/p05.ipynb
2026-03-09 13:34:47,2341720200,MOVE_RENAME_FILE,p06.ipynb → None/p06.ipynb
2026-03-09 13:34:47,2341720200,MOVE_RENAME_FILE,p01.ipynb → None/p01.ipynb
2026-03-09 13:34:47,2341720200,MOVE_RENAME_FILE,p02.ipynb → None/p02.ipynb
2026-03-09 13:34:47,2341720200,MOVE_RENAME_FILE,p01.ipynb → None/p01.ipynb
2026-03-09 13:34:47,2341720200,MOVE_RENAME_FILE,p02.ipynb → None/p02.ipynb
2026-03-09 13:34:47,2341720200,MOVE_RENAME_FILE,p03.ipynb → None/p03.ipynb
2026-03-09 13:34:47,2341720200,MOVE_RENAME_FILE,p01.ipynb → None/p01.ipynb
2026-03-09 13:34:47,2341720200,MOVE_RENAME_FILE,p02.ipynb → None/p02.ipynb
2026-03-09 13:34:47,2341720200,MOVE_RENAME_FILE,p03.ipynb → None/p03.ipynb
2026-03-09 13:34:47,2341720200,MOVE_RENAME_FILE,p04.ipynb → None/p04.ipynb
2026-03-09 13:34:47,2341720200,MOVE_RENAME_FILE,p05.ipynb → None/p05.ipynb
2026-03-09 13:34:47,2341720200,MOVE_RENAME_FILE,p01.ipynb → None/p01.ipynb
2026-03-09 13:34:47,2341720200,MOVE_RENAME_FILE,p02.ipynb → None/p02.ipynb
2026-03-09 13:34:47,2341720200,MOVE_RENAME_FILE,p03.ipynb → None/p03.ipynb
2026-03-09 13:34:47,2341720200,MOVE_RENAME_FILE,p01.ipynb → None/p01.ipynb
2026-03-09 13:34:47,2341720200,MOVE_RENAME_FILE,p02.ipynb → None/p02.ipynb
2026-03-09 13:34:47,2341720200,MOVE_RENAME_FILE,tp01.ipynb → None/tp01.ipynb
2026-03-09 13:34:47,2341720200,MOVE_RENAME_FILE,p01.ipynb → None/p01.ipynb
2026-03-09 13:34:47,2341720200,MOVE_RENAME_FILE,tp01.ipynb → None/tp02.ipynb
2026-03-09 13:34:47,2341720217,RENAME_FOLDER,JS01 → m01
2026-03-09 13:34:47,2341720217,RENAME_FOLDER,JS02 → m02
2026-03-09 13:34:47,2341720217,RENAME_FOLDER,JS03 → m03
2026-03-09 13:34:47,2341720217,RENAME_FOLDER,JS04 → m04
2026-03-09 13:34:47,2341720217,RENAME_FOLDER,JS05 → m05
2026-03-09 13:34:47,2341720217,RENAME_FOLDER,JS06 → m06
2026-03-09 13:34:47,2341720217,RENAME_FOLDER,JS07 → m07
2026-03-09 13:34:47,2341720217,RENAME_FOLDER,JS08 → m08
2026-03-09 13:34:47,2341720217,RENAME_FOLDER,JS09 → m09
2026-03-09 13:34:47,2341720217,RENAME_FOLDER,JS11 → m11
2026-03-09 13:34:47,2341720217,RENAME_FOLDER,JS13 → m13
2026-03-09 13:34:47,2341720217,RENAME_FOLDER,JS14 → m14
2026-03-09 13:34:47,2341720217,RENAME_FOLDER,JS15 → m15
2026-03-09 13:34:47,2341720217,RENAME_FOLDER,KUIS1 → kuis
2026-03-09 13:34:47,2341720217,MERGE_FOLDER,PBL → pbl
2026-03-09 13:34:47,2341720217,MOVE_RENAME_FILE,TP_KUIS1.ipynb → kuis/tp01.ipynb
2026-03-09 13:34:47,2341720217,MOVE_RENAME_FILE,DEMO_P1_JS01.ipynb → m01/DEMO_P1_JS01.ipynb
2026-03-09 13:34:47,2341720217,MOVE_RENAME_FILE,P1_JS01.ipynb → m01/p01.ipynb
2026-03-09 13:34:47,2341720217,MOVE_RENAME_FILE,TP_JS01.ipynb → m01/tp01.ipynb
2026-03-09 13:34:47,2341720217,MOVE_RENAME_FILE,P1_JS02.ipynb → m02/p01.ipynb
2026-03-09 13:34:47,2341720217,MOVE_RENAME_FILE,P2_JS02.ipynb → m02/p02.ipynb
2026-03-09 13:34:47,2341720217,MOVE_RENAME_FILE,P3_JS02.ipynb → m02/p03.ipynb
2026-03-09 13:34:47,2341720217,MOVE_RENAME_FILE,P4_JS02.ipynb → m02/p04.ipynb
2026-03-09 13:34:47,2341720217,MOVE_RENAME_FILE,TP_JS02.ipynb → m02/tp01.ipynb
2026-03-09 13:34:47,2341720217,MOVE_RENAME_FILE,P1_JS03.ipynb → m03/p01.ipynb
2026-03-09 13:34:47,2341720217,MOVE_RENAME_FILE,P2_JS03.ipynb → m03/p02.ipynb
2026-03-09 13:34:47,2341720217,MOVE_RENAME_FILE,P3_JS03.ipynb → m03/p03.ipynb
2026-03-09 13:34:47,2341720217,MOVE_RENAME_FILE,P4_JS03.ipynb → m03/p04.ipynb
2026-03-09 13:34:47,2341720217,MOVE_RENAME_FILE,TP_JS03.ipynb → m03/tp01.ipynb
2026-03-09 13:34:47,2341720217,MOVE_RENAME_FILE,P1_JS04.ipynb → m04/p01.ipynb
2026-03-09 13:34:47,2341720217,MOVE_RENAME_FILE,P2_JS04.ipynb → m04/p02.ipynb
2026-03-09 13:34:47,2341720217,MOVE_RENAME_FILE,P3_JS04.ipynb → m04/p03.ipynb
2026-03-09 13:34:47,2341720217,MOVE_RENAME_FILE,TP_JS04.ipynb → m04/tp01.ipynb
2026-03-09 13:34:47,2341720217,MOVE_RENAME_FILE,P1_JS05.ipynb → m05/p01.ipynb
2026-03-09 13:34:47,2341720217,MOVE_RENAME_FILE,P2_JS05.ipynb → m05/p02.ipynb
2026-03-09 13:34:47,2341720217,MOVE_RENAME_FILE,TP_JS05.ipynb → m05/tp01.ipynb
2026-03-09 13:34:47,2341720217,MOVE_RENAME_FILE,P1_JS06.ipynb → m06/p01.ipynb
2026-03-09 13:34:47,2341720217,MOVE_RENAME_FILE,P2_JS06.ipynb → m06/p02.ipynb
2026-03-09 13:34:47,2341720217,MOVE_RENAME_FILE,TP_JS06.ipynb → m06/tp01.ipynb
2026-03-09 13:34:47,2341720217,MOVE_RENAME_FILE,P1_JS07.ipynb → m07/p01.ipynb
2026-03-09 13:34:47,2341720217,MOVE_RENAME_FILE,P2_JS07.ipynb → m07/p02.ipynb
2026-03-09 13:34:47,2341720217,MOVE_RENAME_FILE,P3_JS07.ipynb → m07/p03.ipynb
2026-03-09 13:34:47,2341720217,MOVE_RENAME_FILE,P4_JS07.ipynb → m07/p04.ipynb
2026-03-09 13:34:47,2341720217,MOVE_RENAME_FILE,P5_JS07.ipynb → m07/p05.ipynb
2026-03-09 13:34:47,2341720217,MOVE_RENAME_FILE,P6_JS07.ipynb → m07/p06.ipynb
2026-03-09 13:34:47,2341720217,MOVE_RENAME_FILE,TP_JS07.ipynb → m07/tp01.ipynb
2026-03-09 13:34:47,2341720217,MOVE_RENAME_FILE,TP_JS08.ipynb → m08/tp01.ipynb
2026-03-09 13:34:47,2341720217,MOVE_RENAME_FILE,P1_JS09.ipynb → m09/p01.ipynb
2026-03-09 13:34:47,2341720217,MOVE_RENAME_FILE,P2_JS09.ipynb → m09/p02.ipynb
2026-03-09 13:34:47,2341720217,MOVE_RENAME_FILE,P3_JS09.ipynb → m09/p03.ipynb
2026-03-09 13:34:47,2341720217,MOVE_RENAME_FILE,TP_JS09_1.ipynb → m09/tp01.ipynb
2026-03-09 13:34:47,2341720217,MOVE_RENAME_FILE,TP_JS09_2.ipynb → m09/tp02.ipynb
2026-03-09 13:34:47,2341720217,MOVE_RENAME_FILE,P1_JS11.ipynb → m11/p01.ipynb
2026-03-09 13:34:47,2341720217,MOVE_RENAME_FILE,P2_JS11.ipynb → m11/p02.ipynb
2026-03-09 13:34:47,2341720217,MOVE_RENAME_FILE,P3_JS11.ipynb → m11/p03.ipynb
2026-03-09 13:34:47,2341720217,MOVE_RENAME_FILE,P4_JS11.ipynb → m11/p04.ipynb
2026-03-09 13:34:47,2341720217,MOVE_RENAME_FILE,P5_JS11.ipynb → m11/p05.ipynb
2026-03-09 13:34:47,2341720217,MOVE_RENAME_FILE,TP_JS11.ipynb → m11/tp01.ipynb
2026-03-09 13:34:47,2341720217,MOVE_RENAME_FILE,P1_JS13.ipynb → m13/p01.ipynb
2026-03-09 13:34:47,2341720217,MOVE_RENAME_FILE,P2_JS13.ipynb → m13/p02.ipynb
2026-03-09 13:34:47,2341720217,MOVE_RENAME_FILE,P3_JS13.ipynb → m13/p03.ipynb
2026-03-09 13:34:47,2341720217,MOVE_RENAME_FILE,TP_JS13.ipynb → m13/tp01.ipynb
2026-03-09 13:34:47,2341720217,MOVE_RENAME_FILE,P1_JS14.ipynb → m14/p01.ipynb
2026-03-09 13:34:47,2341720217,MOVE_RENAME_FILE,P2_JS14.ipynb → m14/p02.ipynb
2026-03-09 13:34:47,2341720217,MOVE_RENAME_FILE,TP_JS14.ipynb → m14/tp01.ipynb
2026-03-09 13:34:47,2341720217,MOVE_RENAME_FILE,P1_JS15.ipynb → m15/p01.ipynb
2026-03-09 13:34:47,2341720227,MOVE_RENAME_FILE,tp01.ipynb → None/tp01.ipynb
2026-03-09 13:34:47,2341720227,MOVE_RENAME_FILE,p01.ipynb → None/p01.ipynb
2026-03-09 13:34:47,2341720227,MOVE_RENAME_FILE,p02.ipynb → None/p02.ipynb
2026-03-09 13:34:47,2341720227,MOVE_RENAME_FILE,p03.ipynb → None/p03.ipynb
2026-03-09 13:34:47,2341720227,MOVE_RENAME_FILE,p04.ipynb → None/p04.ipynb
2026-03-09 13:34:47,2341720227,MOVE_RENAME_FILE,tp01.ipynb → None/tp02.ipynb
2026-03-09 13:34:47,2341720227,MOVE_RENAME_FILE,p01.ipynb → None/p01.ipynb
2026-03-09 13:34:47,2341720227,MOVE_RENAME_FILE,p02.ipynb → None/p02.ipynb
2026-03-09 13:34:47,2341720227,MOVE_RENAME_FILE,p03.ipynb → None/p03.ipynb
2026-03-09 13:34:47,2341720227,MOVE_RENAME_FILE,tp01.ipynb → None/tp03.ipynb
2026-03-09 13:34:47,2341720227,MOVE_RENAME_FILE,p01.ipynb → None/p01.ipynb
2026-03-09 13:34:47,2341720227,MOVE_RENAME_FILE,p02.ipynb → None/p02.ipynb
2026-03-09 13:34:47,2341720227,MOVE_RENAME_FILE,p03.ipynb → None/p03.ipynb
2026-03-09 13:34:47,2341720227,MOVE_RENAME_FILE,tp01.ipynb → None/tp04.ipynb
2026-03-09 13:34:47,2341720227,MOVE_RENAME_FILE,tp02.ipynb → None/tp05.ipynb
2026-03-09 13:34:47,2341720227,MOVE_RENAME_FILE,tp03.ipynb → None/tp06.ipynb
2026-03-09 13:34:47,2341720227,MOVE_RENAME_FILE,p01.ipynb → None/p01.ipynb
2026-03-09 13:34:48,2341720227,MOVE_RENAME_FILE,p02.ipynb → None/p02.ipynb
2026-03-09 13:34:48,2341720227,MOVE_RENAME_FILE,tp01.ipynb → None/tp07.ipynb
2026-03-09 13:34:48,2341720227,MOVE_RENAME_FILE,p01.ipynb → None/p01.ipynb
2026-03-09 13:34:48,2341720227,MOVE_RENAME_FILE,p02.ipynb → None/p02.ipynb
2026-03-09 13:34:48,2341720227,MOVE_RENAME_FILE,tp01.ipynb → None/tp08.ipynb
2026-03-09 13:34:48,2341720227,MOVE_RENAME_FILE,p01.ipynb → None/p01.ipynb
2026-03-09 13:34:48,2341720227,MOVE_RENAME_FILE,p02.ipynb → None/p02.ipynb
2026-03-09 13:34:48,2341720227,MOVE_RENAME_FILE,p03.ipynb → None/p03.ipynb
2026-03-09 13:34:48,2341720227,MOVE_RENAME_FILE,p04.ipynb → None/p04.ipynb
2026-03-09 13:34:48,2341720227,MOVE_RENAME_FILE,p05.ipynb → None/p05.ipynb
2026-03-09 13:34:48,2341720227,MOVE_RENAME_FILE,p06.ipynb → None/p06.ipynb
2026-03-09 13:34:48,2341720227,MOVE_RENAME_FILE,tp01.ipynb → None/tp09.ipynb
2026-03-09 13:34:48,2341720227,MOVE_RENAME_FILE,tp01.ipynb → None/tp10.ipynb
2026-03-09 13:34:48,2341720227,MOVE_RENAME_FILE,p01.ipynb → None/p01.ipynb
2026-03-09 13:34:48,2341720227,MOVE_RENAME_FILE,p02.ipynb → None/p02.ipynb
2026-03-09 13:34:48,2341720227,MOVE_RENAME_FILE,p03.ipynb → None/p03.ipynb
2026-03-09 13:34:48,2341720227,MOVE_RENAME_FILE,tp01.ipynb → None/tp11.ipynb
2026-03-09 13:34:48,2341720227,MOVE_RENAME_FILE,tp02.ipynb → None/tp12.ipynb
2026-03-09 13:34:48,2341720227,MOVE_RENAME_FILE,p01.ipynb → None/p01.ipynb
2026-03-09 13:34:48,2341720227,MOVE_RENAME_FILE,p03.ipynb → None/p03.ipynb
2026-03-09 13:34:48,2341720227,MOVE_RENAME_FILE,p04.ipynb → None/p04.ipynb
2026-03-09 13:34:48,2341720227,MOVE_RENAME_FILE,p05.ipynb → None/p05.ipynb
2026-03-09 13:34:48,2341720227,MOVE_RENAME_FILE,tp01.ipynb → None/tp13.ipynb
2026-03-09 13:34:48,2341720227,MOVE_RENAME_FILE,p01.ipynb → None/p01.ipynb
2026-03-09 13:34:48,2341720227,MOVE_RENAME_FILE,p02.ipynb → None/p02.ipynb
2026-03-09 13:34:48,2341720227,MOVE_RENAME_FILE,tp01.ipynb → None/tp14.ipynb
2026-03-09 13:34:48,2341720227,MOVE_RENAME_FILE,tp02.ipynb → None/tp15.ipynb
2026-03-09 13:34:48,2341720227,MOVE_RENAME_FILE,tp03.ipynb → None/tp16.ipynb
2026-03-09 13:34:48,2341720227,MOVE_RENAME_FILE,tp04.ipynb → None/tp17.ipynb
2026-03-09 13:34:48,2341720227,MOVE_RENAME_FILE,p01.ipynb → None/p01.ipynb
2026-03-09 13:34:48,2341720227,MOVE_RENAME_FILE,p02.ipynb → None/p02.ipynb
2026-03-09 13:34:48,2341720227,MOVE_RENAME_FILE,p01.ipynb → None/p01.ipynb
2026-03-09 13:34:48,2341720227,MOVE_RENAME_FILE,tp01.ipynb → None/tp18.ipynb
2026-03-09 13:34:48,2341720227,MOVE_RENAME_FILE,tp02.ipynb → None/tp19.ipynb
2026-03-09 13:34:48,2341720227,MOVE_RENAME_FILE,tp03.ipynb → None/tp20.ipynb
2026-03-09 13:34:48,2341720227,MOVE_RENAME_FILE,tp04.ipynb → None/tp21.ipynb
2026-03-09 13:34:48,2341720227,MOVE_RENAME_FILE,tp05.ipynb → None/tp22.ipynb
2026-03-09 13:34:48,2341720227,MOVE_RENAME_FILE,tp06.ipynb → None/tp23.ipynb
2026-03-09 13:34:48,2341720227,MOVE_RENAME_FILE,tp07.ipynb → None/tp24.ipynb
2026-03-09 13:34:48,2341720227,MOVE_RENAME_FILE,tp08.ipynb → None/tp25.ipynb
2026-03-09 13:34:48,2341720227,MOVE_RENAME_FILE,tp09.ipynb → None/tp26.ipynb
2026-03-09 13:34:48,2341720227,MOVE_RENAME_FILE,tp10.ipynb → None/tp27.ipynb
2026-03-09 13:34:48,2341720227,MOVE_RENAME_FILE,tp11.ipynb → None/tp28.ipynb
2026-03-09 13:34:48,2341720227,MOVE_RENAME_FILE,tp12.ipynb → None/tp29.ipynb
2026-03-09 13:34:48,2341720227,MOVE_RENAME_FILE,tp13.ipynb → None/tp30.ipynb
2026-03-09 13:34:48,2341720227,MOVE_RENAME_FILE,tp14.ipynb → None/tp31.ipynb
2026-03-09 13:34:48,2341720227,MOVE_RENAME_FILE,tp15.ipynb → None/tp32.ipynb
2026-03-09 13:34:48,2341720227,MOVE_RENAME_FILE,tp16.ipynb → None/tp33.ipynb
2026-03-09 13:34:48,2341720227,MOVE_RENAME_FILE,tp17.ipynb → None/tp34.ipynb
2026-03-09 13:34:48,2341720234,MOVE_RENAME_FILE,p01.ipynb → None/p01.ipynb
2026-03-09 13:34:48,2341720234,MOVE_RENAME_FILE,p02.ipynb → None/p02.ipynb
2026-03-09 13:34:48,2341720234,MOVE_RENAME_FILE,p03.ipynb → None/p03.ipynb
2026-03-09 13:34:48,2341720234,MOVE_RENAME_FILE,p04.ipynb → None/p04.ipynb
2026-03-09 13:34:48,2341720234,MOVE_RENAME_FILE,tp01.ipynb → None/tp01.ipynb
2026-03-09 13:34:48,2341720234,MOVE_RENAME_FILE,p01.ipynb → None/p01.ipynb
2026-03-09 13:34:48,2341720234,MOVE_RENAME_FILE,p02.ipynb → None/p02.ipynb
2026-03-09 13:34:48,2341720234,MOVE_RENAME_FILE,p03.ipynb → None/p03.ipynb
2026-03-09 13:34:48,2341720234,MOVE_RENAME_FILE,p04.ipynb → None/p04.ipynb
2026-03-09 13:34:48,2341720234,MOVE_RENAME_FILE,tp01.ipynb → None/tp02.ipynb
2026-03-09 13:34:48,2341720234,MOVE_RENAME_FILE,p01.ipynb → None/p01.ipynb
2026-03-09 13:34:48,2341720234,MOVE_RENAME_FILE,p02.ipynb → None/p02.ipynb
2026-03-09 13:34:48,2341720234,MOVE_RENAME_FILE,p03.ipynb → None/p03.ipynb
2026-03-09 13:34:48,2341720234,MOVE_RENAME_FILE,tp01.ipynb → None/tp03.ipynb
2026-03-09 13:34:48,2341720234,MOVE_RENAME_FILE,p01.ipynb → None/p01.ipynb
2026-03-09 13:34:48,2341720234,MOVE_RENAME_FILE,p02.ipynb → None/p02.ipynb
2026-03-09 13:34:48,2341720234,MOVE_RENAME_FILE,tp01.ipynb → None/tp04.ipynb
2026-03-09 13:34:48,2341720234,MOVE_RENAME_FILE,p01.ipynb → None/p01.ipynb
2026-03-09 13:34:48,2341720234,MOVE_RENAME_FILE,p02.ipynb → None/p02.ipynb
2026-03-09 13:34:48,2341720234,MOVE_RENAME_FILE,tp01.ipynb → None/tp05.ipynb
2026-03-09 13:34:48,2341720234,MOVE_RENAME_FILE,p01.ipynb → None/p01.ipynb
2026-03-09 13:34:48,2341720234,MOVE_RENAME_FILE,p02.ipynb → None/p02.ipynb
2026-03-09 13:34:48,2341720234,MOVE_RENAME_FILE,p03.ipynb → None/p03.ipynb
2026-03-09 13:34:49,2341720234,MOVE_RENAME_FILE,p04.ipynb → None/p04.ipynb
2026-03-09 13:34:49,2341720234,MOVE_RENAME_FILE,p05.ipynb → None/p05.ipynb
2026-03-09 13:34:49,2341720234,MOVE_RENAME_FILE,p06.ipynb → None/p06.ipynb
2026-03-09 13:34:49,2341720234,MOVE_RENAME_FILE,tp01.ipynb → None/tp06.ipynb
2026-03-09 13:34:49,2341720234,MOVE_RENAME_FILE,tp01.ipynb → None/tp07.ipynb
2026-03-09 13:34:49,2341720234,MOVE_RENAME_FILE,p01.ipynb → None/p01.ipynb
2026-03-09 13:34:49,2341720234,MOVE_RENAME_FILE,p02.ipynb → None/p02.ipynb
2026-03-09 13:34:49,2341720234,MOVE_RENAME_FILE,p03.ipynb → None/p03.ipynb
2026-03-09 13:34:49,2341720234,MOVE_RENAME_FILE,tp01.ipynb → None/tp08.ipynb
2026-03-09 13:34:49,2341720234,MOVE_RENAME_FILE,tp02.ipynb → None/tp09.ipynb
2026-03-09 13:34:49,2341720234,MOVE_RENAME_FILE,p01.ipynb → None/p01.ipynb
2026-03-09 13:34:49,2341720234,MOVE_RENAME_FILE,p02.ipynb → None/p02.ipynb
2026-03-09 13:34:49,2341720234,MOVE_RENAME_FILE,p03.ipynb → None/p03.ipynb
2026-03-09 13:34:49,2341720234,MOVE_RENAME_FILE,p04.ipynb → None/p04.ipynb
2026-03-09 13:34:49,2341720234,MOVE_RENAME_FILE,p05.ipynb → None/p05.ipynb
2026-03-09 13:34:49,2341720234,MOVE_RENAME_FILE,tp01.ipynb → None/tp10.ipynb
2026-03-09 13:34:49,2341720234,MOVE_RENAME_FILE,p01.ipynb → None/p01.ipynb
2026-03-09 13:34:49,2341720234,MOVE_RENAME_FILE,p02.ipynb → None/p02.ipynb
2026-03-09 13:34:49,2341720234,MOVE_RENAME_FILE,p03.ipynb → None/p03.ipynb
2026-03-09 13:34:49,2341720234,MOVE_RENAME_FILE,tp01.ipynb → None/tp11.ipynb
2026-03-09 13:34:49,2341720234,MOVE_RENAME_FILE,p01.ipynb → None/p01.ipynb
2026-03-09 13:34:49,2341720234,MOVE_RENAME_FILE,p02.ipynb → None/p02.ipynb
2026-03-09 13:34:49,2341720234,MOVE_RENAME_FILE,tp01.ipynb → None/tp12.ipynb
2026-03-09 13:34:49,2341720234,MOVE_RENAME_FILE,p01.ipynb → None/p01.ipynb
2026-03-09 13:34:49,2341720234,MOVE_RENAME_FILE,tp01.ipynb → None/tp13.ipynb
2026-03-09 13:34:49,2341720234,MOVE_RENAME_FILE,tp02.ipynb → None/tp14.ipynb
2026-03-09 13:34:49,2341720234,MOVE_RENAME_FILE,tp03.ipynb → None/tp15.ipynb
2026-03-09 13:34:49,2341720234,MOVE_RENAME_FILE,tp04.ipynb → None/tp16.ipynb
2026-03-09 13:34:49,2341720234,MOVE_RENAME_FILE,tp05.ipynb → None/tp17.ipynb
2026-03-09 13:34:49,2341720234,MOVE_RENAME_FILE,tp06.ipynb → None/tp18.ipynb
2026-03-09 13:34:49,2341720234,MOVE_RENAME_FILE,tp07.ipynb → None/tp19.ipynb
2026-03-09 13:34:49,2341720234,MOVE_RENAME_FILE,tp08.ipynb → None/tp20.ipynb
2026-03-09 13:34:49,2341720234,MOVE_RENAME_FILE,tp09.ipynb → None/tp21.ipynb
2026-03-09 13:34:49,2341720234,MOVE_RENAME_FILE,tp10.ipynb → None/tp22.ipynb
2026-03-09 13:34:49,2341720234,MOVE_RENAME_FILE,tp11.ipynb → None/tp23.ipynb
2026-03-09 13:34:49,2341720234,MOVE_RENAME_FILE,tp12.ipynb → None/tp24.ipynb
2026-03-09 13:34:49,2341720248,MOVE_RENAME_FILE,p01.ipynb → None/p01.ipynb
2026-03-09 13:34:49,2341720248,MOVE_RENAME_FILE,p02.ipynb → None/p02.ipynb
2026-03-09 13:34:49,2341720248,MOVE_RENAME_FILE,p03.ipynb → None/p03.ipynb
2026-03-09 13:34:49,2341720248,MOVE_RENAME_FILE,p04.ipynb → None/p04.ipynb
2026-03-09 13:34:49,2341720248,MOVE_RENAME_FILE,tp01.ipynb → None/tp01.ipynb
2026-03-09 13:34:49,2341720248,MOVE_RENAME_FILE,p01.ipynb → None/p01.ipynb
2026-03-09 13:34:49,2341720248,MOVE_RENAME_FILE,p02.ipynb → None/p02.ipynb
2026-03-09 13:34:49,2341720248,MOVE_RENAME_FILE,p03.ipynb → None/p03.ipynb
2026-03-09 13:34:49,2341720248,MOVE_RENAME_FILE,p04.ipynb → None/p04.ipynb
2026-03-09 13:34:49,2341720248,MOVE_RENAME_FILE,tp01.ipynb → None/tp02.ipynb
2026-03-09 13:34:49,2341720248,MOVE_RENAME_FILE,p01.ipynb → None/p01.ipynb
2026-03-09 13:34:50,2341720248,MOVE_RENAME_FILE,p02.ipynb → None/p02.ipynb
2026-03-09 13:34:50,2341720248,MOVE_RENAME_FILE,p03.ipynb → None/p03.ipynb
2026-03-09 13:34:50,2341720248,MOVE_RENAME_FILE,tp01.ipynb → None/tp03.ipynb
2026-03-09 13:34:50,2341720248,MOVE_RENAME_FILE,p01.ipynb → None/p01.ipynb
2026-03-09 13:34:50,2341720248,MOVE_RENAME_FILE,tp01.ipynb → None/tp04.ipynb
2026-03-09 13:34:50,2341720248,MOVE_RENAME_FILE,p01.ipynb → None/p01.ipynb
2026-03-09 13:34:50,2341720248,MOVE_RENAME_FILE,p02.ipynb → None/p02.ipynb
2026-03-09 13:34:50,2341720248,MOVE_RENAME_FILE,tp01.ipynb → None/tp05.ipynb
2026-03-09 13:34:50,2341720248,MOVE_RENAME_FILE,p01.ipynb → None/p01.ipynb
2026-03-09 13:34:50,2341720248,MOVE_RENAME_FILE,p02.ipynb → None/p02.ipynb
2026-03-09 13:34:50,2341720248,MOVE_RENAME_FILE,p03.ipynb → None/p03.ipynb
2026-03-09 13:34:50,2341720248,MOVE_RENAME_FILE,p04.ipynb → None/p04.ipynb
2026-03-09 13:34:50,2341720248,MOVE_RENAME_FILE,p05.ipynb → None/p05.ipynb
2026-03-09 13:34:50,2341720248,MOVE_RENAME_FILE,p06.ipynb → None/p06.ipynb
2026-03-09 13:34:50,2341720248,MOVE_RENAME_FILE,tp01.ipynb → None/tp06.ipynb
2026-03-09 13:34:50,2341720248,MOVE_RENAME_FILE,tp01.ipynb → None/tp07.ipynb
2026-03-09 13:34:50,2341720248,MOVE_RENAME_FILE,p01.ipynb → None/p01.ipynb
2026-03-09 13:34:50,2341720248,MOVE_RENAME_FILE,p02.ipynb → None/p02.ipynb
2026-03-09 13:34:50,2341720248,MOVE_RENAME_FILE,p03.ipynb → None/p03.ipynb
2026-03-09 13:34:50,2341720248,MOVE_RENAME_FILE,tp01.ipynb → None/tp08.ipynb
2026-03-09 13:34:50,2341720248,MOVE_RENAME_FILE,tp02.ipynb → None/tp09.ipynb
2026-03-09 13:34:50,2341720248,MOVE_RENAME_FILE,p01.ipynb → None/p01.ipynb
2026-03-09 13:34:51,2341720248,MOVE_RENAME_FILE,p02.ipynb → None/p02.ipynb
2026-03-09 13:34:51,2341720248,MOVE_RENAME_FILE,p03.ipynb → None/p03.ipynb
2026-03-09 13:34:51,2341720248,MOVE_RENAME_FILE,p04.ipynb → None/p04.ipynb
2026-03-09 13:34:51,2341720248,MOVE_RENAME_FILE,p05.ipynb → None/p05.ipynb
2026-03-09 13:34:51,2341720248,MOVE_RENAME_FILE,tp01.ipynb → None/tp10.ipynb
2026-03-09 13:34:51,2341720248,MOVE_RENAME_FILE,p01.ipynb → None/p01.ipynb
2026-03-09 13:34:51,2341720248,MOVE_RENAME_FILE,p02.ipynb → None/p02.ipynb
2026-03-09 13:34:51,2341720248,MOVE_RENAME_FILE,p03.ipynb → None/p03.ipynb
2026-03-09 13:34:51,2341720248,MOVE_RENAME_FILE,tp01.ipynb → None/tp11.ipynb
2026-03-09 13:34:51,2341720248,MOVE_RENAME_FILE,p01.ipynb → None/p01.ipynb
2026-03-09 13:34:51,2341720248,MOVE_RENAME_FILE,p02.ipynb → None/p02.ipynb
2026-03-09 13:34:51,2341720248,MOVE_RENAME_FILE,tp01.ipynb → None/tp12.ipynb
2026-03-09 13:34:51,2341720248,MOVE_RENAME_FILE,app.py → None/app.py
2026-03-09 13:34:51,2341720248,MOVE_RENAME_FILE,p01.ipynb → None/p01.ipynb
2026-03-09 13:34:51,2341720248,MOVE_RENAME_FILE,tp01.ipynb → None/tp13.ipynb
2026-03-09 13:34:51,2341720248,MOVE_RENAME_FILE,tp02.ipynb → None/tp14.ipynb
2026-03-09 13:34:51,2341720248,MOVE_RENAME_FILE,tp03.ipynb → None/tp15.ipynb
2026-03-09 13:34:51,2341720248,MOVE_RENAME_FILE,tp04.ipynb → None/tp16.ipynb
2026-03-09 13:34:51,2341720248,MOVE_RENAME_FILE,tp05.ipynb → None/tp17.ipynb
2026-03-09 13:34:51,2341720248,MOVE_RENAME_FILE,tp06.ipynb → None/tp18.ipynb
2026-03-09 13:34:51,2341720248,MOVE_RENAME_FILE,tp07.ipynb → None/tp19.ipynb
2026-03-09 13:34:51,2341720248,MOVE_RENAME_FILE,tp08.ipynb → None/tp20.ipynb
2026-03-09 13:34:51,2341720248,MOVE_RENAME_FILE,tp09.ipynb → None/tp21.ipynb
2026-03-09 13:34:51,2341720248,MOVE_RENAME_FILE,tp10.ipynb → None/tp22.ipynb
2026-03-09 13:34:51,2341720248,MOVE_RENAME_FILE,tp11.ipynb → None/tp23.ipynb
2026-03-09 13:34:51,2341720248,MOVE_RENAME_FILE,tp12.ipynb → None/tp24.ipynb
2026-03-09 13:34:51,2341720250,MOVE_RENAME_FILE,p01.ipynb → None/p01.ipynb
2026-03-09 13:34:51,2341720250,MOVE_RENAME_FILE,p02.ipynb → None/p02.ipynb
2026-03-09 13:34:51,2341720250,MOVE_RENAME_FILE,p03.ipynb → None/p03.ipynb
2026-03-09 13:34:51,2341720250,MOVE_RENAME_FILE,p04.ipynb → None/p04.ipynb
2026-03-09 13:34:51,2341720250,MOVE_RENAME_FILE,tp01.ipynb → None/tp01.ipynb
2026-03-09 13:34:51,2341720250,MOVE_RENAME_FILE,p01.ipynb → None/p01.ipynb
2026-03-09 13:34:51,2341720250,MOVE_RENAME_FILE,p02.ipynb → None/p02.ipynb
2026-03-09 13:34:51,2341720250,MOVE_RENAME_FILE,p03.ipynb → None/p03.ipynb
2026-03-09 13:34:51,2341720250,MOVE_RENAME_FILE,p04.ipynb → None/p04.ipynb
2026-03-09 13:34:51,2341720250,MOVE_RENAME_FILE,tp01.ipynb → None/tp02.ipynb
2026-03-09 13:34:51,2341720250,MOVE_RENAME_FILE,p01.ipynb → None/p01.ipynb
2026-03-09 13:34:51,2341720250,MOVE_RENAME_FILE,p02.ipynb → None/p02.ipynb
2026-03-09 13:34:51,2341720250,MOVE_RENAME_FILE,p03.ipynb → None/p03.ipynb
2026-03-09 13:34:51,2341720250,MOVE_RENAME_FILE,tp01.ipynb → None/tp03.ipynb
2026-03-09 13:34:51,2341720250,MOVE_RENAME_FILE,p01.ipynb → None/p01.ipynb
2026-03-09 13:34:51,2341720250,MOVE_RENAME_FILE,p02.ipynb → None/p02.ipynb
2026-03-09 13:34:51,2341720250,MOVE_RENAME_FILE,tp01.ipynb → None/tp04.ipynb
2026-03-09 13:34:51,2341720250,MOVE_RENAME_FILE,p01.ipynb → None/p01.ipynb
2026-03-09 13:34:51,2341720250,MOVE_RENAME_FILE,p02.ipynb → None/p02.ipynb
2026-03-09 13:34:51,2341720250,MOVE_RENAME_FILE,tp01.ipynb → None/tp05.ipynb
2026-03-09 13:34:51,2341720250,MOVE_RENAME_FILE,p01.ipynb → None/p01.ipynb
2026-03-09 13:34:51,2341720250,MOVE_RENAME_FILE,p02.ipynb → None/p02.ipynb
2026-03-09 13:34:51,2341720250,MOVE_RENAME_FILE,p03.ipynb → None/p03.ipynb
2026-03-09 13:34:51,2341720250,MOVE_RENAME_FILE,p04.ipynb → None/p04.ipynb
2026-03-09 13:34:51,2341720250,MOVE_RENAME_FILE,p05.ipynb → None/p05.ipynb
2026-03-09 13:34:51,2341720250,MOVE_RENAME_FILE,p06.ipynb → None/p06.ipynb
2026-03-09 13:34:51,2341720250,MOVE_RENAME_FILE,tp01.ipynb → None/tp06.ipynb
2026-03-09 13:34:51,2341720250,MOVE_RENAME_FILE,tp01.ipynb → None/tp07.ipynb
2026-03-09 13:34:51,2341720250,MOVE_RENAME_FILE,p01.ipynb → None/p01.ipynb
2026-03-09 13:34:51,2341720250,MOVE_RENAME_FILE,p02.ipynb → None/p02.ipynb
2026-03-09 13:34:51,2341720250,MOVE_RENAME_FILE,p03.ipynb → None/p03.ipynb
2026-03-09 13:34:51,2341720250,MOVE_RENAME_FILE,tp01.ipynb → None/tp08.ipynb
2026-03-09 13:34:51,2341720250,MOVE_RENAME_FILE,tp02.ipynb → None/tp09.ipynb
2026-03-09 13:34:52,2341720250,MOVE_RENAME_FILE,p01.ipynb → None/p01.ipynb
2026-03-09 13:34:52,2341720250,MOVE_RENAME_FILE,p02.ipynb → None/p02.ipynb
2026-03-09 13:34:52,2341720250,MOVE_RENAME_FILE,p03.ipynb → None/p03.ipynb
2026-03-09 13:34:52,2341720250,MOVE_RENAME_FILE,p04.ipynb → None/p04.ipynb
2026-03-09 13:34:52,2341720250,MOVE_RENAME_FILE,p05.ipynb → None/p05.ipynb
2026-03-09 13:34:52,2341720250,MOVE_RENAME_FILE,tp01.ipynb → None/tp10.ipynb
2026-03-09 13:34:52,2341720250,MOVE_RENAME_FILE,p01.ipynb → None/p01.ipynb
2026-03-09 13:34:52,2341720250,MOVE_RENAME_FILE,p02.ipynb → None/p02.ipynb
2026-03-09 13:34:52,2341720250,MOVE_RENAME_FILE,p03.ipynb → None/p03.ipynb
2026-03-09 13:34:52,2341720250,MOVE_RENAME_FILE,tp01.ipynb → None/tp11.ipynb
2026-03-09 13:34:52,2341720250,MOVE_RENAME_FILE,p01.ipynb → None/p01.ipynb
2026-03-09 13:34:52,2341720250,MOVE_RENAME_FILE,p02.ipynb → None/p02.ipynb
2026-03-09 13:34:52,2341720250,MOVE_RENAME_FILE,tp01.ipynb → None/tp12.ipynb
2026-03-09 13:34:52,2341720250,MOVE_RENAME_FILE,app.ipynb → None/app.ipynb
2026-03-09 13:34:52,2341720250,MOVE_RENAME_FILE,p01.ipynb → None/p01.ipynb
2026-03-09 13:34:52,2341720250,MOVE_RENAME_FILE,tp01.ipynb → None/tp13.ipynb
2026-03-09 13:34:52,2341720250,MOVE_RENAME_FILE,tp02.ipynb → None/tp14.ipynb
2026-03-09 13:34:52,2341720250,MOVE_RENAME_FILE,tp03.ipynb → None/tp15.ipynb
2026-03-09 13:34:52,2341720250,MOVE_RENAME_FILE,tp04.ipynb → None/tp16.ipynb
2026-03-09 13:34:52,2341720250,MOVE_RENAME_FILE,tp05.ipynb → None/tp17.ipynb
2026-03-09 13:34:52,2341720250,MOVE_RENAME_FILE,tp06.ipynb → None/tp18.ipynb
2026-03-09 13:34:52,2341720250,MOVE_RENAME_FILE,tp07.ipynb → None/tp19.ipynb
2026-03-09 13:34:52,2341720250,MOVE_RENAME_FILE,tp08.ipynb → None/tp20.ipynb
2026-03-09 13:34:52,2341720250,MOVE_RENAME_FILE,tp09.ipynb → None/tp21.ipynb
2026-03-09 13:34:52,2341720250,MOVE_RENAME_FILE,tp10.ipynb → None/tp22.ipynb
2026-03-09 13:34:52,2341720250,MOVE_RENAME_FILE,tp11.ipynb → None/tp23.ipynb
2026-03-09 13:34:52,2341720250,MOVE_RENAME_FILE,tp12.ipynb → None/tp24.ipynb
2026-03-09 13:34:52,2341720251,MOVE_RENAME_FILE,p01.ipynb → None/p01.ipynb
2026-03-09 13:34:52,2341720251,MOVE_RENAME_FILE,tp01.ipynb → None/tp01.ipynb
2026-03-09 13:34:52,2341720251,MOVE_RENAME_FILE,p01.ipynb → None/p01.ipynb
2026-03-09 13:34:52,2341720251,MOVE_RENAME_FILE,p02.ipynb → None/p02.ipynb
2026-03-09 13:34:52,2341720251,MOVE_RENAME_FILE,p03.ipynb → None/p03.ipynb
2026-03-09 13:34:52,2341720251,MOVE_RENAME_FILE,p04.ipynb → None/p04.ipynb
2026-03-09 13:34:52,2341720251,MOVE_RENAME_FILE,tp01.ipynb → None/tp02.ipynb
2026-03-09 13:34:52,2341720251,MOVE_RENAME_FILE,p01.ipynb → None/p01.ipynb
2026-03-09 13:34:52,2341720251,MOVE_RENAME_FILE,p02.ipynb → None/p02.ipynb
2026-03-09 13:34:52,2341720251,MOVE_RENAME_FILE,p03.ipynb → None/p03.ipynb
2026-03-09 13:34:52,2341720251,MOVE_RENAME_FILE,p04.ipynb → None/p04.ipynb
2026-03-09 13:34:52,2341720251,MOVE_RENAME_FILE,tp01.ipynb → None/tp03.ipynb
2026-03-09 13:34:52,2341720251,MOVE_RENAME_FILE,p01.ipynb → None/p01.ipynb
2026-03-09 13:34:52,2341720251,MOVE_RENAME_FILE,p02.ipynb → None/p02.ipynb
2026-03-09 13:34:52,2341720251,MOVE_RENAME_FILE,p03.ipynb → None/p03.ipynb
2026-03-09 13:34:52,2341720251,MOVE_RENAME_FILE,tp01.ipynb → None/tp04.ipynb
2026-03-09 13:34:52,2341720251,MOVE_RENAME_FILE,p01.ipynb → None/p01.ipynb
2026-03-09 13:34:52,2341720251,MOVE_RENAME_FILE,p02.ipynb → None/p02.ipynb
2026-03-09 13:34:52,2341720251,MOVE_RENAME_FILE,tp01.ipynb → None/tp05.ipynb
2026-03-09 13:34:52,2341720251,MOVE_RENAME_FILE,p01.ipynb → None/p01.ipynb
2026-03-09 13:34:52,2341720251,MOVE_RENAME_FILE,p02.ipynb → None/p02.ipynb
2026-03-09 13:34:52,2341720251,MOVE_RENAME_FILE,tp01.ipynb → None/tp06.ipynb
2026-03-09 13:34:52,2341720251,MOVE_RENAME_FILE,p01.ipynb → None/p01.ipynb
2026-03-09 13:34:52,2341720251,MOVE_RENAME_FILE,p02.ipynb → None/p02.ipynb
2026-03-09 13:34:52,2341720251,MOVE_RENAME_FILE,p03.ipynb → None/p03.ipynb
2026-03-09 13:34:52,2341720251,MOVE_RENAME_FILE,p04.ipynb → None/p04.ipynb
2026-03-09 13:34:52,2341720251,MOVE_RENAME_FILE,p05.ipynb → None/p05.ipynb
2026-03-09 13:34:52,2341720251,MOVE_RENAME_FILE,p06.ipynb → None/p06.ipynb
2026-03-09 13:34:52,2341720251,MOVE_RENAME_FILE,tp01.ipynb → None/tp07.ipynb
2026-03-09 13:34:52,2341720251,MOVE_RENAME_FILE,tp01.ipynb → None/tp08.ipynb
2026-03-09 13:34:52,2341720251,MOVE_RENAME_FILE,p01.ipynb → None/p01.ipynb
2026-03-09 13:34:52,2341720251,MOVE_RENAME_FILE,p02.ipynb → None/p02.ipynb
2026-03-09 13:34:53,2341720251,MOVE_RENAME_FILE,p03.ipynb → None/p03.ipynb
2026-03-09 13:34:53,2341720251,MOVE_RENAME_FILE,tp01.ipynb → None/tp09.ipynb
2026-03-09 13:34:53,2341720251,MOVE_RENAME_FILE,tp02.ipynb → None/tp10.ipynb
2026-03-09 13:34:53,2341720251,MOVE_RENAME_FILE,p01.ipynb → None/p01.ipynb
2026-03-09 13:34:53,2341720251,MOVE_RENAME_FILE,p02.ipynb → None/p02.ipynb
2026-03-09 13:34:53,2341720251,MOVE_RENAME_FILE,p03.ipynb → None/p03.ipynb
2026-03-09 13:34:53,2341720251,MOVE_RENAME_FILE,p04.ipynb → None/p04.ipynb
2026-03-09 13:34:53,2341720251,MOVE_RENAME_FILE,p05.ipynb → None/p05.ipynb
2026-03-09 13:34:53,2341720251,MOVE_RENAME_FILE,tp01.ipynb → None/tp11.ipynb
2026-03-09 13:34:53,2341720251,MOVE_RENAME_FILE,p01.ipynb → None/p01.ipynb
2026-03-09 13:34:53,2341720251,MOVE_RENAME_FILE,p02.ipynb → None/p02.ipynb
2026-03-09 13:34:53,2341720251,MOVE_RENAME_FILE,p03.ipynb → None/p03.ipynb
2026-03-09 13:34:53,2341720251,MOVE_RENAME_FILE,tp01.ipynb → None/tp12.ipynb
2026-03-09 13:34:53,2341720251,MOVE_RENAME_FILE,p01.ipynb → None/p01.ipynb
2026-03-09 13:34:53,2341720251,MOVE_RENAME_FILE,p02.ipynb → None/p02.ipynb
2026-03-09 13:34:53,2341720251,MOVE_RENAME_FILE,tp01.ipynb → None/tp13.ipynb
2026-03-09 13:34:53,2341720251,MOVE_RENAME_FILE,tp01.ipynb → None/tp14.ipynb
2026-03-09 13:34:53,2341720251,MOVE_RENAME_FILE,tp02.ipynb → None/tp15.ipynb
2026-03-09 13:34:53,2341720251,MOVE_RENAME_FILE,tp03.ipynb → None/tp16.ipynb
2026-03-09 13:34:53,2341720251,MOVE_RENAME_FILE,tp04.ipynb → None/tp17.ipynb
2026-03-09 13:34:53,2341720251,MOVE_RENAME_FILE,tp05.ipynb → None/tp18.ipynb
2026-03-09 13:34:53,2341720251,MOVE_RENAME_FILE,tp06.ipynb → None/tp19.ipynb
2026-03-09 13:34:53,2341720251,MOVE_RENAME_FILE,tp07.ipynb → None/tp20.ipynb
2026-03-09 13:34:53,2341720251,MOVE_RENAME_FILE,tp08.ipynb → None/tp21.ipynb
2026-03-09 13:34:53,2341720251,MOVE_RENAME_FILE,tp09.ipynb → None/tp22.ipynb
2026-03-09 13:34:53,2341720251,MOVE_RENAME_FILE,tp10.ipynb → None/tp23.ipynb
2026-03-09 13:34:53,2341720251,MOVE_RENAME_FILE,tp11.ipynb → None/tp24.ipynb
2026-03-09 13:34:53,2341720251,MOVE_RENAME_FILE,tp12.ipynb → None/tp25.ipynb
2026-03-09 13:34:53,2341720251,MOVE_RENAME_FILE,tp13.ipynb → None/tp26.ipynb
2026-03-09 13:34:53,244107023008,MOVE_RENAME_FILE,tp01.ipynb → None/tp01.ipynb
2026-03-09 13:34:53,244107023008,MOVE_RENAME_FILE,p01.ipynb → None/p01.ipynb
2026-03-09 13:34:53,244107023008,MOVE_RENAME_FILE,p02.ipynb → None/p02.ipynb
2026-03-09 13:34:53,244107023008,MOVE_RENAME_FILE,p03.ipynb → None/p03.ipynb
2026-03-09 13:34:53,244107023008,MOVE_RENAME_FILE,p04.ipynb → None/p04.ipynb
2026-03-09 13:34:53,244107023008,MOVE_RENAME_FILE,tp01.ipynb → None/tp02.ipynb
2026-03-09 13:34:53,244107023008,MOVE_RENAME_FILE,p01.ipynb → None/p01.ipynb
2026-03-09 13:34:53,244107023008,MOVE_RENAME_FILE,p02.ipynb → None/p02.ipynb
2026-03-09 13:34:54,244107023008,MOVE_RENAME_FILE,p03.ipynb → None/p03.ipynb
2026-03-09 13:34:54,244107023008,MOVE_RENAME_FILE,p04.ipynb → None/p04.ipynb
2026-03-09 13:34:54,244107023008,MOVE_RENAME_FILE,tp01.ipynb → None/tp03.ipynb
2026-03-09 13:34:54,244107023008,MOVE_RENAME_FILE,p01.ipynb → None/p01.ipynb
2026-03-09 13:34:54,244107023008,MOVE_RENAME_FILE,p02.ipynb → None/p02.ipynb
2026-03-09 13:34:54,244107023008,MOVE_RENAME_FILE,p03.ipynb → None/p03.ipynb
2026-03-09 13:34:54,244107023008,MOVE_RENAME_FILE,tp01.ipynb → None/tp04.ipynb
2026-03-09 13:34:54,244107023008,MOVE_RENAME_FILE,p01.ipynb → None/p01.ipynb
2026-03-09 13:34:54,244107023008,MOVE_RENAME_FILE,p02.ipynb → None/p02.ipynb
2026-03-09 13:34:54,244107023008,MOVE_RENAME_FILE,tp01.ipynb → None/tp05.ipynb
2026-03-09 13:34:54,244107023008,MOVE_RENAME_FILE,p01.ipynb → None/p01.ipynb
2026-03-09 13:34:54,244107023008,MOVE_RENAME_FILE,p02.ipynb → None/p02.ipynb
2026-03-09 13:34:54,244107023008,MOVE_RENAME_FILE,tp01.ipynb → None/tp06.ipynb
2026-03-09 13:34:54,244107023008,MOVE_RENAME_FILE,p01.ipynb → None/p01.ipynb
2026-03-09 13:34:54,244107023008,MOVE_RENAME_FILE,p02.ipynb → None/p02.ipynb
2026-03-09 13:34:54,244107023008,MOVE_RENAME_FILE,p03.ipynb → None/p03.ipynb
2026-03-09 13:34:54,244107023008,MOVE_RENAME_FILE,p04.ipynb → None/p04.ipynb
2026-03-09 13:34:54,244107023008,MOVE_RENAME_FILE,p05.ipynb → None/p05.ipynb
2026-03-09 13:34:54,244107023008,MOVE_RENAME_FILE,p06.ipynb → None/p06.ipynb
2026-03-09 13:34:54,244107023008,MOVE_RENAME_FILE,tp01.ipynb → None/tp07.ipynb
2026-03-09 13:34:54,244107023008,MOVE_RENAME_FILE,tp01.ipynb → None/tp08.ipynb
2026-03-09 13:34:54,244107023008,MOVE_RENAME_FILE,p01.ipynb → None/p01.ipynb
2026-03-09 13:34:54,244107023008,MOVE_RENAME_FILE,p02.ipynb → None/p02.ipynb
2026-03-09 13:34:54,244107023008,MOVE_RENAME_FILE,p03.ipynb → None/p03.ipynb
2026-03-09 13:34:54,244107023008,MOVE_RENAME_FILE,tp01.ipynb → None/tp09.ipynb
2026-03-09 13:34:54,244107023008,MOVE_RENAME_FILE,tp02.ipynb → None/tp10.ipynb
2026-03-09 13:34:54,244107023008,MOVE_RENAME_FILE,p01.ipynb → None/p01.ipynb
2026-03-09 13:34:54,244107023008,MOVE_RENAME_FILE,p02.ipynb → None/p02.ipynb
2026-03-09 13:34:54,244107023008,MOVE_RENAME_FILE,p03.ipynb → None/p03.ipynb
2026-03-09 13:34:54,244107023008,MOVE_RENAME_FILE,p04.ipynb → None/p04.ipynb
2026-03-09 13:34:54,244107023008,MOVE_RENAME_FILE,p05.ipynb → None/p05.ipynb
2026-03-09 13:34:54,244107023008,MOVE_RENAME_FILE,tp01.ipynb → None/tp11.ipynb
2026-03-09 13:34:54,244107023008,MOVE_RENAME_FILE,tp01.ipynb → None/tp12.ipynb
2026-03-09 13:34:54,244107023008,MOVE_RENAME_FILE,p01.ipynb → None/p01.ipynb
2026-03-09 13:34:54,244107023008,MOVE_RENAME_FILE,p02.ipynb → None/p02.ipynb
2026-03-09 13:34:54,244107023008,MOVE_RENAME_FILE,tp01.ipynb → None/tp13.ipynb
2026-03-09 13:34:54,244107023008,MOVE_RENAME_FILE,p01.ipynb → None/p01.ipynb
2026-03-09 13:34:54,244107023008,MOVE_RENAME_FILE,p02.ipynb → None/p02.ipynb
2026-03-09 13:34:54,244107023008,MOVE_RENAME_FILE,tp01.ipynb → None/tp14.ipynb
2026-03-09 13:34:54,244107023008,MOVE_RENAME_FILE,tp02.ipynb → None/tp15.ipynb
2026-03-09 13:34:54,244107023008,MOVE_RENAME_FILE,tp03.ipynb → None/tp16.ipynb
2026-03-09 13:34:54,244107023008,MOVE_RENAME_FILE,tp04.ipynb → None/tp17.ipynb
2026-03-09 13:34:54,244107023008,MOVE_RENAME_FILE,tp05.ipynb → None/tp18.ipynb
2026-03-09 13:34:54,244107023008,MOVE_RENAME_FILE,tp06.ipynb → None/tp19.ipynb
2026-03-09 13:34:54,244107023008,MOVE_RENAME_FILE,tp07.ipynb → None/tp20.ipynb
2026-03-09 13:34:54,244107023008,MOVE_RENAME_FILE,tp08.ipynb → None/tp21.ipynb
2026-03-09 13:34:54,244107023008,MOVE_RENAME_FILE,tp09.ipynb → None/tp22.ipynb
2026-03-09 13:34:54,244107023008,MOVE_RENAME_FILE,tp10.ipynb → None/tp23.ipynb
2026-03-09 13:34:54,244107023008,MOVE_RENAME_FILE,tp11.ipynb → None/tp24.ipynb
2026-03-09 13:34:54,244107023008,MOVE_RENAME_FILE,tp12.ipynb → None/tp25.ipynb
2026-03-09 13:34:54,244107023008,MOVE_RENAME_FILE,tp13.ipynb → None/tp26.ipynb
