timestamp,file_path,status,message
2026-03-04 07:45:25,D:\PUTRI\D4\SEMESTER 8 (4C)\skripsi\code\code_mhs\2241720092\m02\p01.ipynb,SUCCESS,Preprocessing berhasil
2026-03-04 07:45:25,D:\PUTRI\D4\SEMESTER 8 (4C)\skripsi\code\code_mhs\2241720092\m02\p02.ipynb,SUCCESS,Preprocessing berhasil
2026-03-04 07:45:25,D:\PUTRI\D4\SEMESTER 8 (4C)\skripsi\code\code_mhs\2241720092\m02\p03.ipynb,SUCCESS,Preprocessing berhasil
2026-03-04 07:45:25,D:\PUTRI\D4\SEMESTER 8 (4C)\skripsi\code\code_mhs\2241720092\m02\p04.ipynb,SUCCESS,Preprocessing berhasil
2026-03-04 07:45:25,D:\PUTRI\D4\SEMESTER 8 (4C)\skripsi\code\code_mhs\2241720092\m02\tp01.ipynb,SUCCESS,Preprocessing berhasil
2026-03-04 07:45:25,D:\PUTRI\D4\SEMESTER 8 (4C)\skripsi\code\code_mhs\2241720092\m03\p01.ipynb,SUCCESS,Preprocessing berhasil
2026-03-04 07:45:25,D:\PUTRI\D4\SEMESTER 8 (4C)\skripsi\code\code_mhs\2241720092\m03\p02.ipynb,SUCCESS,Preprocessing berhasil
2026-03-04 07:45:25,D:\PUTRI\D4\SEMESTER 8 (4C)\skripsi\code\code_mhs\2241720092\m03\p03.ipynb,SUCCESS,Preprocessing berhasil
2026-03-04 07:45:26,D:\PUTRI\D4\SEMESTER 8 (4C)\skripsi\code\code_mhs\2241720092\m03\p04.ipynb,SUCCESS,Preprocessing berhasil
2026-03-04 07:45:26,D:\PUTRI\D4\SEMESTER 8 (4C)\skripsi\code\code_mhs\2241720092\m03\tp01.ipynb,SUCCESS,Preprocessing berhasil
2026-03-04 07:45:26,D:\PUTRI\D4\SEMESTER 8 (4C)\skripsi\code\code_mhs\2241720092\m04\p01.ipynb,SUCCESS,Preprocessing berhasil
2026-03-04 07:45:26,D:\PUTRI\D4\SEMESTER 8 (4C)\skripsi\code\code_mhs\2241720092\m04\p02.ipynb,SUCCESS,Preprocessing berhasil
2026-03-04 07:45:26,D:\PUTRI\D4\SEMESTER 8 (4C)\skripsi\code\code_mhs\2241720092\m04\p03.ipynb,SUCCESS,Preprocessing berhasil
2026-03-04 07:45:26,D:\PUTRI\D4\SEMESTER 8 (4C)\skripsi\code\code_mhs\2241720092\m04\tp01.ipynb,SUCCESS,Preprocessing berhasil
2026-03-04 07:45:26,D:\PUTRI\D4\SEMESTER 8 (4C)\skripsi\code\code_mhs\2241720092\m13\p01.ipynb,SUCCESS,Preprocessing berhasil
2026-03-04 07:45:26,D:\PUTRI\D4\SEMESTER 8 (4C)\skripsi\code\code_mhs\2241720092\m13\p02.ipynb,SUCCESS,Preprocessing berhasil
2026-03-04 07:45:26,D:\PUTRI\D4\SEMESTER 8 (4C)\skripsi\code\code_mhs\2241720092\m13\p03.ipynb,SUCCESS,Preprocessing berhasil
2026-03-04 07:45:26,D:\PUTRI\D4\SEMESTER 8 (4C)\skripsi\code\code_mhs\2241720092\m13\tp01.ipynb,SUCCESS,Preprocessing berhasil
2026-03-04 07:45:26,D:\PUTRI\D4\SEMESTER 8 (4C)\skripsi\code\code_mhs\2241720092\m14\p01.ipynb,SUCCESS,Preprocessing berhasil
2026-03-04 07:45:26,D:\PUTRI\D4\SEMESTER 8 (4C)\skripsi\code\code_mhs\2241720092\m14\p02.ipynb,SUCCESS,Preprocessing berhasil
2026-03-04 07:45:26,D:\PUTRI\D4\SEMESTER 8 (4C)\skripsi\code\code_mhs\2241720092\m14\tp01.ipynb,SUCCESS,Preprocessing berhasil
2026-03-04 07:45:26,D:\PUTRI\D4\SEMESTER 8 (4C)\skripsi\code\code_mhs\2241720092\uts\uts.ipynb,SUCCESS,Preprocessing berhasil
2026-03-04 07:45:26,D:\PUTRI\D4\SEMESTER 8 (4C)\skripsi\code\code_mhs\2341720081\m02\p01.ipynb,SUCCESS,Preprocessing berhasil
2026-03-04 07:45:26,D:\PUTRI\D4\SEMESTER 8 (4C)\skripsi\code\code_mhs\2341720081\m02\p02.ipynb,SUCCESS,Preprocessing berhasil
2026-03-04 07:45:26,D:\PUTRI\D4\SEMESTER 8 (4C)\skripsi\code\code_mhs\2341720081\m02\p03.ipynb,SUCCESS,Preprocessing berhasil
2026-03-04 07:45:26,D:\PUTRI\D4\SEMESTER 8 (4C)\skripsi\code\code_mhs\2341720081\m02\p04.ipynb,SUCCESS,Preprocessing berhasil
2026-03-04 07:45:26,D:\PUTRI\D4\SEMESTER 8 (4C)\skripsi\code\code_mhs\2341720081\m02\tp01.ipynb,SUCCESS,Preprocessing berhasil
2026-03-04 07:45:26,D:\PUTRI\D4\SEMESTER 8 (4C)\skripsi\code\code_mhs\2341720081\m03\p01.ipynb,SUCCESS,Preprocessing berhasil
2026-03-04 07:45:26,D:\PUTRI\D4\SEMESTER 8 (4C)\skripsi\code\code_mhs\2341720081\m03\p02.ipynb,SUCCESS,Preprocessing berhasil
2026-03-04 07:45:26,D:\PUTRI\D4\SEMESTER 8 (4C)\skripsi\code\code_mhs\2341720081\m03\p03.ipynb,SUCCESS,Preprocessing berhasil
2026-03-04 07:45:26,D:\PUTRI\D4\SEMESTER 8 (4C)\skripsi\code\code_mhs\2341720081\m03\p04.ipynb,SUCCESS,Preprocessing berhasil
2026-03-04 07:45:26,D:\PUTRI\D4\SEMESTER 8 (4C)\skripsi\code\code_mhs\2341720081\m03\tp01.ipynb,SUCCESS,Preprocessing berhasil
2026-03-04 07:45:26,D:\PUTRI\D4\SEMESTER 8 (4C)\skripsi\code\code_mhs\2341720081\m04\p01.ipynb,SUCCESS,Preprocessing berhasil
2026-03-04 07:45:26,D:\PUTRI\D4\SEMESTER 8 (4C)\skripsi\code\code_mhs\2341720081\m04\p02.ipynb,SUCCESS,Preprocessing berhasil
2026-03-04 07:45:26,D:\PUTRI\D4\SEMESTER 8 (4C)\skripsi\code\code_mhs\2341720081\m04\p03.ipynb,SUCCESS,Preprocessing berhasil
2026-03-04 07:45:27,D:\PUTRI\D4\SEMESTER 8 (4C)\skripsi\code\code_mhs\2341720081\m04\tp01.ipynb,SUCCESS,Preprocessing berhasil
2026-03-04 07:45:27,D:\PUTRI\D4\SEMESTER 8 (4C)\skripsi\code\code_mhs\2341720081\m05\p01.ipynb,SUCCESS,Preprocessing berhasil
2026-03-04 07:45:27,D:\PUTRI\D4\SEMESTER 8 (4C)\skripsi\code\code_mhs\2341720081\m05\p02.ipynb,SUCCESS,Preprocessing berhasil
2026-03-04 07:45:27,D:\PUTRI\D4\SEMESTER 8 (4C)\skripsi\code\code_mhs\2341720081\m05\tp01.ipynb,SUCCESS,Preprocessing berhasil
2026-03-04 07:45:27,D:\PUTRI\D4\SEMESTER 8 (4C)\skripsi\code\code_mhs\2341720081\m06\p01.ipynb,SUCCESS,Preprocessing berhasil
2026-03-04 07:45:27,D:\PUTRI\D4\SEMESTER 8 (4C)\skripsi\code\code_mhs\2341720081\m06\p02.ipynb,SUCCESS,Preprocessing berhasil
2026-03-04 07:45:27,D:\PUTRI\D4\SEMESTER 8 (4C)\skripsi\code\code_mhs\2341720081\m06\tp01.ipynb,SUCCESS,Preprocessing berhasil
2026-03-04 07:45:27,D:\PUTRI\D4\SEMESTER 8 (4C)\skripsi\code\code_mhs\2341720081\m07\p01.ipynb,SUCCESS,Preprocessing berhasil
2026-03-04 07:45:27,D:\PUTRI\D4\SEMESTER 8 (4C)\skripsi\code\code_mhs\2341720081\m07\p02.ipynb,SUCCESS,Preprocessing berhasil
2026-03-04 07:45:27,D:\PUTRI\D4\SEMESTER 8 (4C)\skripsi\code\code_mhs\2341720081\m07\p03.ipynb,SUCCESS,Preprocessing berhasil
2026-03-04 07:45:27,D:\PUTRI\D4\SEMESTER 8 (4C)\skripsi\code\code_mhs\2341720081\m07\p04.ipynb,SUCCESS,Preprocessing berhasil
2026-03-04 07:45:27,D:\PUTRI\D4\SEMESTER 8 (4C)\skripsi\code\code_mhs\2341720081\m07\p05.ipynb,SUCCESS,Preprocessing berhasil
2026-03-04 07:45:27,D:\PUTRI\D4\SEMESTER 8 (4C)\skripsi\code\code_mhs\2341720081\m07\p06.ipynb,SUCCESS,Preprocessing berhasil
2026-03-04 07:45:27,D:\PUTRI\D4\SEMESTER 8 (4C)\skripsi\code\code_mhs\2341720081\m07\tp01.ipynb,SUCCESS,Preprocessing berhasil
2026-03-04 07:45:27,D:\PUTRI\D4\SEMESTER 8 (4C)\skripsi\code\code_mhs\2341720081\m08\tp01.ipynb,SUCCESS,Preprocessing berhasil
2026-03-04 07:45:27,D:\PUTRI\D4\SEMESTER 8 (4C)\skripsi\code\code_mhs\2341720081\m09\p01.ipynb,SUCCESS,Preprocessing berhasil
2026-03-04 07:45:27,D:\PUTRI\D4\SEMESTER 8 (4C)\skripsi\code\code_mhs\2341720081\m09\p02.ipynb,SUCCESS,Preprocessing berhasil
2026-03-04 07:45:28,D:\PUTRI\D4\SEMESTER 8 (4C)\skripsi\code\code_mhs\2341720081\m09\p03.ipynb,SUCCESS,Preprocessing berhasil
2026-03-04 07:45:28,D:\PUTRI\D4\SEMESTER 8 (4C)\skripsi\code\code_mhs\2341720081\m09\tp01.ipynb,SUCCESS,Preprocessing berhasil
2026-03-04 07:45:28,D:\PUTRI\D4\SEMESTER 8 (4C)\skripsi\code\code_mhs\2341720081\m09\tp02.ipynb,SUCCESS,Preprocessing berhasil
2026-03-04 07:45:28,D:\PUTRI\D4\SEMESTER 8 (4C)\skripsi\code\code_mhs\2341720081\m11\p01.ipynb,FAILED,Identifier normalization gagal
2026-03-04 07:45:28,D:\PUTRI\D4\SEMESTER 8 (4C)\skripsi\code\code_mhs\2341720081\m11\p02.ipynb,SUCCESS,Preprocessing berhasil
2026-03-04 07:45:28,D:\PUTRI\D4\SEMESTER 8 (4C)\skripsi\code\code_mhs\2341720081\m11\p03.ipynb,SUCCESS,Preprocessing berhasil
2026-03-04 07:45:28,D:\PUTRI\D4\SEMESTER 8 (4C)\skripsi\code\code_mhs\2341720081\m11\p04.ipynb,SUCCESS,Preprocessing berhasil
2026-03-04 07:45:28,D:\PUTRI\D4\SEMESTER 8 (4C)\skripsi\code\code_mhs\2341720081\m11\p05.ipynb,SUCCESS,Preprocessing berhasil
2026-03-04 07:45:28,D:\PUTRI\D4\SEMESTER 8 (4C)\skripsi\code\code_mhs\2341720081\m11\tp01.ipynb,SUCCESS,Preprocessing berhasil
2026-03-04 07:45:28,D:\PUTRI\D4\SEMESTER 8 (4C)\skripsi\code\code_mhs\2341720081\m13\p01.ipynb,SUCCESS,Preprocessing berhasil
2026-03-04 07:45:28,D:\PUTRI\D4\SEMESTER 8 (4C)\skripsi\code\code_mhs\2341720081\m13\p02.ipynb,SUCCESS,Preprocessing berhasil
2026-03-04 07:45:28,D:\PUTRI\D4\SEMESTER 8 (4C)\skripsi\code\code_mhs\2341720081\m13\p03.ipynb,SUCCESS,Preprocessing berhasil
2026-03-04 07:45:28,D:\PUTRI\D4\SEMESTER 8 (4C)\skripsi\code\code_mhs\2341720081\m13\tp01.ipynb,SUCCESS,Preprocessing berhasil
2026-03-04 07:45:28,D:\PUTRI\D4\SEMESTER 8 (4C)\skripsi\code\code_mhs\2341720081\m14\p01.ipynb,SUCCESS,Preprocessing berhasil
2026-03-04 07:45:28,D:\PUTRI\D4\SEMESTER 8 (4C)\skripsi\code\code_mhs\2341720081\m14\p02.ipynb,SUCCESS,Preprocessing berhasil
2026-03-04 07:45:28,D:\PUTRI\D4\SEMESTER 8 (4C)\skripsi\code\code_mhs\2341720081\m14\tp01.ipynb,SUCCESS,Preprocessing berhasil
2026-03-04 07:45:28,D:\PUTRI\D4\SEMESTER 8 (4C)\skripsi\code\code_mhs\2341720081\m15\p01.ipynb,SUCCESS,Preprocessing berhasil
2026-03-04 07:45:28,D:\PUTRI\D4\SEMESTER 8 (4C)\skripsi\code\code_mhs\2341720081\m15\p02.ipynb,FAILED,Tidak bisa membaca file
2026-03-04 07:45:29,D:\PUTRI\D4\SEMESTER 8 (4C)\skripsi\code\code_mhs\2341720081\pbl\pbl.ipynb,SUCCESS,Preprocessing berhasil
2026-03-04 07:45:29,D:\PUTRI\D4\SEMESTER 8 (4C)\skripsi\code\code_mhs\2341720081\uts\uts.ipynb,SUCCESS,Preprocessing berhasil
2026-03-04 07:45:29,D:\PUTRI\D4\SEMESTER 8 (4C)\skripsi\code\code_mhs\2341720095\m02\p01.ipynb,SUCCESS,Preprocessing berhasil
2026-03-04 07:45:29,D:\PUTRI\D4\SEMESTER 8 (4C)\skripsi\code\code_mhs\2341720095\m02\p02.ipynb,SUCCESS,Preprocessing berhasil
2026-03-04 07:45:29,D:\PUTRI\D4\SEMESTER 8 (4C)\skripsi\code\code_mhs\2341720095\m02\p03.ipynb,SUCCESS,Preprocessing berhasil
2026-03-04 07:45:29,D:\PUTRI\D4\SEMESTER 8 (4C)\skripsi\code\code_mhs\2341720095\m02\p04.ipynb,SUCCESS,Preprocessing berhasil
2026-03-04 07:45:29,D:\PUTRI\D4\SEMESTER 8 (4C)\skripsi\code\code_mhs\2341720095\m02\tp01.ipynb,SUCCESS,Preprocessing berhasil
2026-03-04 07:45:29,D:\PUTRI\D4\SEMESTER 8 (4C)\skripsi\code\code_mhs\2341720095\m03\p01.ipynb,SUCCESS,Preprocessing berhasil
2026-03-04 07:45:29,D:\PUTRI\D4\SEMESTER 8 (4C)\skripsi\code\code_mhs\2341720095\m03\p02.ipynb,SUCCESS,Preprocessing berhasil
2026-03-04 07:45:29,D:\PUTRI\D4\SEMESTER 8 (4C)\skripsi\code\code_mhs\2341720095\m03\p03.ipynb,SUCCESS,Preprocessing berhasil
2026-03-04 07:45:29,D:\PUTRI\D4\SEMESTER 8 (4C)\skripsi\code\code_mhs\2341720095\m03\p04.ipynb,SUCCESS,Preprocessing berhasil
2026-03-04 07:45:29,D:\PUTRI\D4\SEMESTER 8 (4C)\skripsi\code\code_mhs\2341720095\m03\tp01.ipynb,SUCCESS,Preprocessing berhasil
2026-03-04 07:45:29,D:\PUTRI\D4\SEMESTER 8 (4C)\skripsi\code\code_mhs\2341720095\m04\p01.ipynb,SUCCESS,Preprocessing berhasil
2026-03-04 07:45:29,D:\PUTRI\D4\SEMESTER 8 (4C)\skripsi\code\code_mhs\2341720095\m04\p02.ipynb,SUCCESS,Preprocessing berhasil
2026-03-04 07:45:29,D:\PUTRI\D4\SEMESTER 8 (4C)\skripsi\code\code_mhs\2341720095\m04\p03.ipynb,SUCCESS,Preprocessing berhasil
2026-03-04 07:45:29,D:\PUTRI\D4\SEMESTER 8 (4C)\skripsi\code\code_mhs\2341720095\m04\tp01.ipynb,SUCCESS,Preprocessing berhasil
2026-03-04 07:45:29,D:\PUTRI\D4\SEMESTER 8 (4C)\skripsi\code\code_mhs\2341720095\m05\p01.ipynb,SUCCESS,Preprocessing berhasil
2026-03-04 07:45:29,D:\PUTRI\D4\SEMESTER 8 (4C)\skripsi\code\code_mhs\2341720095\m05\p02.ipynb,SUCCESS,Preprocessing berhasil
2026-03-04 07:45:29,D:\PUTRI\D4\SEMESTER 8 (4C)\skripsi\code\code_mhs\2341720095\m05\tp01.ipynb,SUCCESS,Preprocessing berhasil
2026-03-04 07:45:29,D:\PUTRI\D4\SEMESTER 8 (4C)\skripsi\code\code_mhs\2341720095\m06\p01.ipynb,SUCCESS,Preprocessing berhasil
2026-03-04 07:45:29,D:\PUTRI\D4\SEMESTER 8 (4C)\skripsi\code\code_mhs\2341720095\m06\p02.ipynb,SUCCESS,Preprocessing berhasil
2026-03-04 07:45:29,D:\PUTRI\D4\SEMESTER 8 (4C)\skripsi\code\code_mhs\2341720095\m06\tp01.ipynb,SUCCESS,Preprocessing berhasil
2026-03-04 07:45:29,D:\PUTRI\D4\SEMESTER 8 (4C)\skripsi\code\code_mhs\2341720095\m07\p01.ipynb,SUCCESS,Preprocessing berhasil
2026-03-04 07:45:30,D:\PUTRI\D4\SEMESTER 8 (4C)\skripsi\code\code_mhs\2341720095\m07\p02.ipynb,SUCCESS,Preprocessing berhasil
2026-03-04 07:45:30,D:\PUTRI\D4\SEMESTER 8 (4C)\skripsi\code\code_mhs\2341720095\m07\p03.ipynb,SUCCESS,Preprocessing berhasil
2026-03-04 07:45:30,D:\PUTRI\D4\SEMESTER 8 (4C)\skripsi\code\code_mhs\2341720095\m07\p04.ipynb,SUCCESS,Preprocessing berhasil
2026-03-04 07:45:30,D:\PUTRI\D4\SEMESTER 8 (4C)\skripsi\code\code_mhs\2341720095\m07\p05.ipynb,SUCCESS,Preprocessing berhasil
2026-03-04 07:45:30,D:\PUTRI\D4\SEMESTER 8 (4C)\skripsi\code\code_mhs\2341720095\m07\p06.ipynb,SUCCESS,Preprocessing berhasil
2026-03-04 07:45:30,D:\PUTRI\D4\SEMESTER 8 (4C)\skripsi\code\code_mhs\2341720095\m08\tp01.ipynb,SUCCESS,Preprocessing berhasil
2026-03-04 07:45:30,D:\PUTRI\D4\SEMESTER 8 (4C)\skripsi\code\code_mhs\2341720095\m09\p01.ipynb,SUCCESS,Preprocessing berhasil
2026-03-04 07:45:30,D:\PUTRI\D4\SEMESTER 8 (4C)\skripsi\code\code_mhs\2341720095\m09\p02.ipynb,SUCCESS,Preprocessing berhasil
2026-03-04 07:45:30,D:\PUTRI\D4\SEMESTER 8 (4C)\skripsi\code\code_mhs\2341720095\m09\p03.ipynb,SUCCESS,Preprocessing berhasil
2026-03-04 07:45:30,D:\PUTRI\D4\SEMESTER 8 (4C)\skripsi\code\code_mhs\2341720095\m09\tp01.ipynb,FAILED,Identifier normalization gagal
2026-03-04 07:45:30,D:\PUTRI\D4\SEMESTER 8 (4C)\skripsi\code\code_mhs\2341720095\m09\tp02.ipynb,SUCCESS,Preprocessing berhasil
2026-03-04 07:45:30,D:\PUTRI\D4\SEMESTER 8 (4C)\skripsi\code\code_mhs\2341720095\m11\p01.ipynb,FAILED,Identifier normalization gagal
2026-03-04 07:45:30,D:\PUTRI\D4\SEMESTER 8 (4C)\skripsi\code\code_mhs\2341720095\m11\p02.ipynb,SUCCESS,Preprocessing berhasil
2026-03-04 07:45:30,D:\PUTRI\D4\SEMESTER 8 (4C)\skripsi\code\code_mhs\2341720095\m11\p03.ipynb,SUCCESS,Preprocessing berhasil
2026-03-04 07:45:30,D:\PUTRI\D4\SEMESTER 8 (4C)\skripsi\code\code_mhs\2341720095\m11\p04.ipynb,SUCCESS,Preprocessing berhasil
2026-03-04 07:45:30,D:\PUTRI\D4\SEMESTER 8 (4C)\skripsi\code\code_mhs\2341720095\m11\p05.ipynb,SUCCESS,Preprocessing berhasil
2026-03-04 07:45:30,D:\PUTRI\D4\SEMESTER 8 (4C)\skripsi\code\code_mhs\2341720095\m11\tp01.ipynb,SUCCESS,Preprocessing berhasil
2026-03-04 07:45:30,D:\PUTRI\D4\SEMESTER 8 (4C)\skripsi\code\code_mhs\2341720095\m13\p01.ipynb,SUCCESS,Preprocessing berhasil
2026-03-04 07:45:30,D:\PUTRI\D4\SEMESTER 8 (4C)\skripsi\code\code_mhs\2341720095\m13\p02.ipynb,SUCCESS,Preprocessing berhasil
2026-03-04 07:45:30,D:\PUTRI\D4\SEMESTER 8 (4C)\skripsi\code\code_mhs\2341720095\m13\p03.ipynb,SUCCESS,Preprocessing berhasil
2026-03-04 07:45:30,D:\PUTRI\D4\SEMESTER 8 (4C)\skripsi\code\code_mhs\2341720095\m13\tp01.ipynb,SUCCESS,Preprocessing berhasil
2026-03-04 07:45:30,D:\PUTRI\D4\SEMESTER 8 (4C)\skripsi\code\code_mhs\2341720095\m66\tp01.ipynb,SUCCESS,Preprocessing berhasil
2026-03-04 07:45:30,D:\PUTRI\D4\SEMESTER 8 (4C)\skripsi\code\code_mhs\2341720096\m01\p01.ipynb,INVALID,File kosong
2026-03-04 07:45:30,D:\PUTRI\D4\SEMESTER 8 (4C)\skripsi\code\code_mhs\2341720096\m02\p01.ipynb,SUCCESS,Preprocessing berhasil
2026-03-04 07:45:30,D:\PUTRI\D4\SEMESTER 8 (4C)\skripsi\code\code_mhs\2341720096\m02\p02.ipynb,SUCCESS,Preprocessing berhasil
2026-03-04 07:45:30,D:\PUTRI\D4\SEMESTER 8 (4C)\skripsi\code\code_mhs\2341720096\m02\p03.ipynb,SUCCESS,Preprocessing berhasil
2026-03-04 07:45:30,D:\PUTRI\D4\SEMESTER 8 (4C)\skripsi\code\code_mhs\2341720096\m02\p04.ipynb,SUCCESS,Preprocessing berhasil
2026-03-04 07:45:30,D:\PUTRI\D4\SEMESTER 8 (4C)\skripsi\code\code_mhs\2341720096\m02\tp01.ipynb,SUCCESS,Preprocessing berhasil
2026-03-04 07:45:30,D:\PUTRI\D4\SEMESTER 8 (4C)\skripsi\code\code_mhs\2341720096\m03\p01.ipynb,SUCCESS,Preprocessing berhasil
2026-03-04 07:45:30,D:\PUTRI\D4\SEMESTER 8 (4C)\skripsi\code\code_mhs\2341720096\m03\p02.ipynb,SUCCESS,Preprocessing berhasil
2026-03-04 07:45:30,D:\PUTRI\D4\SEMESTER 8 (4C)\skripsi\code\code_mhs\2341720096\m03\p03.ipynb,SUCCESS,Preprocessing berhasil
2026-03-04 07:45:30,D:\PUTRI\D4\SEMESTER 8 (4C)\skripsi\code\code_mhs\2341720096\m03\p04.ipynb,SUCCESS,Preprocessing berhasil
2026-03-04 07:45:30,D:\PUTRI\D4\SEMESTER 8 (4C)\skripsi\code\code_mhs\2341720096\m03\tp01.ipynb,SUCCESS,Preprocessing berhasil
2026-03-04 07:45:30,D:\PUTRI\D4\SEMESTER 8 (4C)\skripsi\code\code_mhs\2341720096\m04\p01.ipynb,SUCCESS,Preprocessing berhasil
2026-03-04 07:45:30,D:\PUTRI\D4\SEMESTER 8 (4C)\skripsi\code\code_mhs\2341720096\m04\p02.ipynb,SUCCESS,Preprocessing berhasil
2026-03-04 07:45:30,D:\PUTRI\D4\SEMESTER 8 (4C)\skripsi\code\code_mhs\2341720096\m04\p03.ipynb,SUCCESS,Preprocessing berhasil
2026-03-04 07:45:31,D:\PUTRI\D4\SEMESTER 8 (4C)\skripsi\code\code_mhs\2341720096\m04\tp01.ipynb,SUCCESS,Preprocessing berhasil
2026-03-04 07:45:31,D:\PUTRI\D4\SEMESTER 8 (4C)\skripsi\code\code_mhs\2341720096\m05\p01.ipynb,SUCCESS,Preprocessing berhasil
2026-03-04 07:45:31,D:\PUTRI\D4\SEMESTER 8 (4C)\skripsi\code\code_mhs\2341720096\m05\p02.ipynb,SUCCESS,Preprocessing berhasil
2026-03-04 07:45:31,D:\PUTRI\D4\SEMESTER 8 (4C)\skripsi\code\code_mhs\2341720096\m05\tp01.ipynb,SUCCESS,Preprocessing berhasil
2026-03-04 07:45:31,D:\PUTRI\D4\SEMESTER 8 (4C)\skripsi\code\code_mhs\2341720096\m06\p01.ipynb,SUCCESS,Preprocessing berhasil
2026-03-04 07:45:31,D:\PUTRI\D4\SEMESTER 8 (4C)\skripsi\code\code_mhs\2341720096\m06\p02.ipynb,SUCCESS,Preprocessing berhasil
2026-03-04 07:45:31,D:\PUTRI\D4\SEMESTER 8 (4C)\skripsi\code\code_mhs\2341720096\m06\T1_JS06.ipynb,SUCCESS,Preprocessing berhasil
2026-03-04 07:45:31,D:\PUTRI\D4\SEMESTER 8 (4C)\skripsi\code\code_mhs\2341720096\m07\p01.ipynb,SUCCESS,Preprocessing berhasil
2026-03-04 07:45:31,D:\PUTRI\D4\SEMESTER 8 (4C)\skripsi\code\code_mhs\2341720096\m07\p02.ipynb,SUCCESS,Preprocessing berhasil
2026-03-04 07:45:31,D:\PUTRI\D4\SEMESTER 8 (4C)\skripsi\code\code_mhs\2341720096\m07\p03.ipynb,SUCCESS,Preprocessing berhasil
2026-03-04 07:45:31,D:\PUTRI\D4\SEMESTER 8 (4C)\skripsi\code\code_mhs\2341720096\m07\p04.ipynb,SUCCESS,Preprocessing berhasil
2026-03-04 07:45:31,D:\PUTRI\D4\SEMESTER 8 (4C)\skripsi\code\code_mhs\2341720096\m07\p05.ipynb,SUCCESS,Preprocessing berhasil
2026-03-04 07:45:31,D:\PUTRI\D4\SEMESTER 8 (4C)\skripsi\code\code_mhs\2341720096\m07\p06.ipynb,SUCCESS,Preprocessing berhasil
2026-03-04 07:45:31,D:\PUTRI\D4\SEMESTER 8 (4C)\skripsi\code\code_mhs\2341720096\m07\tp01.ipynb,SUCCESS,Preprocessing berhasil
2026-03-04 07:45:31,D:\PUTRI\D4\SEMESTER 8 (4C)\skripsi\code\code_mhs\2341720096\m08\tp01.ipynb,SUCCESS,Preprocessing berhasil
2026-03-04 07:45:31,D:\PUTRI\D4\SEMESTER 8 (4C)\skripsi\code\code_mhs\2341720096\m09\p01.ipynb,SUCCESS,Preprocessing berhasil
2026-03-04 07:45:31,D:\PUTRI\D4\SEMESTER 8 (4C)\skripsi\code\code_mhs\2341720096\m09\p02.ipynb,SUCCESS,Preprocessing berhasil
2026-03-04 07:45:31,D:\PUTRI\D4\SEMESTER 8 (4C)\skripsi\code\code_mhs\2341720096\m09\p03.ipynb,SUCCESS,Preprocessing berhasil
2026-03-04 07:45:31,D:\PUTRI\D4\SEMESTER 8 (4C)\skripsi\code\code_mhs\2341720096\m09\tp01.ipynb,SUCCESS,Preprocessing berhasil
2026-03-04 07:45:31,D:\PUTRI\D4\SEMESTER 8 (4C)\skripsi\code\code_mhs\2341720096\m09\tp02.ipynb,SUCCESS,Preprocessing berhasil
2026-03-04 07:45:31,D:\PUTRI\D4\SEMESTER 8 (4C)\skripsi\code\code_mhs\2341720096\m11\p01.ipynb,FAILED,Identifier normalization gagal
2026-03-04 07:45:31,D:\PUTRI\D4\SEMESTER 8 (4C)\skripsi\code\code_mhs\2341720096\m11\p02.ipynb,SUCCESS,Preprocessing berhasil
2026-03-04 07:45:31,D:\PUTRI\D4\SEMESTER 8 (4C)\skripsi\code\code_mhs\2341720096\m11\p03.ipynb,SUCCESS,Preprocessing berhasil
2026-03-04 07:45:31,D:\PUTRI\D4\SEMESTER 8 (4C)\skripsi\code\code_mhs\2341720096\m11\p04.ipynb,SUCCESS,Preprocessing berhasil
2026-03-04 07:45:31,D:\PUTRI\D4\SEMESTER 8 (4C)\skripsi\code\code_mhs\2341720096\m11\p05.ipynb,SUCCESS,Preprocessing berhasil
2026-03-04 07:45:31,D:\PUTRI\D4\SEMESTER 8 (4C)\skripsi\code\code_mhs\2341720096\m11\tp01.ipynb,FAILED,Identifier normalization gagal
2026-03-04 07:45:31,D:\PUTRI\D4\SEMESTER 8 (4C)\skripsi\code\code_mhs\2341720096\m13\p01.ipynb,SUCCESS,Preprocessing berhasil
2026-03-04 07:45:31,D:\PUTRI\D4\SEMESTER 8 (4C)\skripsi\code\code_mhs\2341720096\m13\p02.ipynb,SUCCESS,Preprocessing berhasil
2026-03-04 07:45:31,D:\PUTRI\D4\SEMESTER 8 (4C)\skripsi\code\code_mhs\2341720096\m13\p03.ipynb,SUCCESS,Preprocessing berhasil
2026-03-04 07:45:31,D:\PUTRI\D4\SEMESTER 8 (4C)\skripsi\code\code_mhs\2341720096\m13\tp01.ipynb,SUCCESS,Preprocessing berhasil
2026-03-04 07:45:31,D:\PUTRI\D4\SEMESTER 8 (4C)\skripsi\code\code_mhs\2341720096\m14\p01.ipynb,SUCCESS,Preprocessing berhasil
2026-03-04 07:45:31,D:\PUTRI\D4\SEMESTER 8 (4C)\skripsi\code\code_mhs\2341720096\m14\p02.ipynb,SUCCESS,Preprocessing berhasil
2026-03-04 07:45:31,D:\PUTRI\D4\SEMESTER 8 (4C)\skripsi\code\code_mhs\2341720096\m14\tp01.ipynb,SUCCESS,Preprocessing berhasil
2026-03-04 07:45:31,D:\PUTRI\D4\SEMESTER 8 (4C)\skripsi\code\code_mhs\2341720096\m15\p01.ipynb,SUCCESS,Preprocessing berhasil
2026-03-04 07:45:31,D:\PUTRI\D4\SEMESTER 8 (4C)\skripsi\code\code_mhs\2341720096\m15\p02.ipynb,INVALID,SyntaxError baris 66: invalid syntax
2026-03-04 07:45:31,D:\PUTRI\D4\SEMESTER 8 (4C)\skripsi\code\code_mhs\2341720096\pbl\pbl.ipynb,SUCCESS,Preprocessing berhasil
2026-03-04 07:45:31,D:\PUTRI\D4\SEMESTER 8 (4C)\skripsi\code\code_mhs\2341720096\unclassified\app.py,SUCCESS,Preprocessing berhasil
2026-03-04 07:45:31,D:\PUTRI\D4\SEMESTER 8 (4C)\skripsi\code\code_mhs\2341720096\unclassified\Giovano_Alkandri_ML_QUIZ1.ipynb,SUCCESS,Preprocessing berhasil
2026-03-04 07:45:32,D:\PUTRI\D4\SEMESTER 8 (4C)\skripsi\code\code_mhs\2341720096\unclassified\teoridasar.ipynb,SUCCESS,Preprocessing berhasil
2026-03-04 07:45:32,D:\PUTRI\D4\SEMESTER 8 (4C)\skripsi\code\code_mhs\2341720096\uts\uts.ipynb,SUCCESS,Preprocessing berhasil
2026-03-04 07:45:32,D:\PUTRI\D4\SEMESTER 8 (4C)\skripsi\code\code_mhs\2341720117\kuis\tp01.ipynb,SUCCESS,Preprocessing berhasil
2026-03-04 07:45:32,D:\PUTRI\D4\SEMESTER 8 (4C)\skripsi\code\code_mhs\2341720117\m02\p01.ipynb,SUCCESS,Preprocessing berhasil
2026-03-04 07:45:32,D:\PUTRI\D4\SEMESTER 8 (4C)\skripsi\code\code_mhs\2341720117\m02\p02.ipynb,SUCCESS,Preprocessing berhasil
2026-03-04 07:45:32,D:\PUTRI\D4\SEMESTER 8 (4C)\skripsi\code\code_mhs\2341720117\m02\p03.ipynb,SUCCESS,Preprocessing berhasil
2026-03-04 07:45:32,D:\PUTRI\D4\SEMESTER 8 (4C)\skripsi\code\code_mhs\2341720117\m02\p04.ipynb,SUCCESS,Preprocessing berhasil
2026-03-04 07:45:32,D:\PUTRI\D4\SEMESTER 8 (4C)\skripsi\code\code_mhs\2341720117\m02\tp01.ipynb,SUCCESS,Preprocessing berhasil
2026-03-04 07:45:32,D:\PUTRI\D4\SEMESTER 8 (4C)\skripsi\code\code_mhs\2341720117\m03\p01.ipynb,SUCCESS,Preprocessing berhasil
2026-03-04 07:45:32,D:\PUTRI\D4\SEMESTER 8 (4C)\skripsi\code\code_mhs\2341720117\m03\p02.ipynb,SUCCESS,Preprocessing berhasil
2026-03-04 07:45:32,D:\PUTRI\D4\SEMESTER 8 (4C)\skripsi\code\code_mhs\2341720117\m03\p03.ipynb,SUCCESS,Preprocessing berhasil
2026-03-04 07:45:32,D:\PUTRI\D4\SEMESTER 8 (4C)\skripsi\code\code_mhs\2341720117\m03\p04.ipynb,SUCCESS,Preprocessing berhasil
2026-03-04 07:45:32,D:\PUTRI\D4\SEMESTER 8 (4C)\skripsi\code\code_mhs\2341720117\m03\tp01.ipynb,SUCCESS,Preprocessing berhasil
2026-03-04 07:45:32,D:\PUTRI\D4\SEMESTER 8 (4C)\skripsi\code\code_mhs\2341720117\m04\p01.ipynb,SUCCESS,Preprocessing berhasil
2026-03-04 07:45:32,D:\PUTRI\D4\SEMESTER 8 (4C)\skripsi\code\code_mhs\2341720117\m04\p02.ipynb,SUCCESS,Preprocessing berhasil
2026-03-04 07:45:32,D:\PUTRI\D4\SEMESTER 8 (4C)\skripsi\code\code_mhs\2341720117\m04\p03.ipynb,SUCCESS,Preprocessing berhasil
2026-03-04 07:45:32,D:\PUTRI\D4\SEMESTER 8 (4C)\skripsi\code\code_mhs\2341720117\m04\tp01.ipynb,SUCCESS,Preprocessing berhasil
2026-03-04 07:45:32,D:\PUTRI\D4\SEMESTER 8 (4C)\skripsi\code\code_mhs\2341720117\m05\p01.ipynb,SUCCESS,Preprocessing berhasil
2026-03-04 07:45:32,D:\PUTRI\D4\SEMESTER 8 (4C)\skripsi\code\code_mhs\2341720117\m05\p02.ipynb,SUCCESS,Preprocessing berhasil
2026-03-04 07:45:32,D:\PUTRI\D4\SEMESTER 8 (4C)\skripsi\code\code_mhs\2341720117\m05\tp01.ipynb,SUCCESS,Preprocessing berhasil
2026-03-04 07:45:32,D:\PUTRI\D4\SEMESTER 8 (4C)\skripsi\code\code_mhs\2341720117\m06\p01.ipynb,SUCCESS,Preprocessing berhasil
2026-03-04 07:45:32,D:\PUTRI\D4\SEMESTER 8 (4C)\skripsi\code\code_mhs\2341720117\m06\p02.ipynb,SUCCESS,Preprocessing berhasil
2026-03-04 07:45:32,D:\PUTRI\D4\SEMESTER 8 (4C)\skripsi\code\code_mhs\2341720117\m06\tp01.ipynb,SUCCESS,Preprocessing berhasil
2026-03-04 07:45:32,D:\PUTRI\D4\SEMESTER 8 (4C)\skripsi\code\code_mhs\2341720117\m07\p01.ipynb,SUCCESS,Preprocessing berhasil
2026-03-04 07:45:32,D:\PUTRI\D4\SEMESTER 8 (4C)\skripsi\code\code_mhs\2341720117\m07\p02.ipynb,SUCCESS,Preprocessing berhasil
2026-03-04 07:45:32,D:\PUTRI\D4\SEMESTER 8 (4C)\skripsi\code\code_mhs\2341720117\m07\p03.ipynb,SUCCESS,Preprocessing berhasil
2026-03-04 07:45:32,D:\PUTRI\D4\SEMESTER 8 (4C)\skripsi\code\code_mhs\2341720117\m07\p04.ipynb,SUCCESS,Preprocessing berhasil
2026-03-04 07:45:32,D:\PUTRI\D4\SEMESTER 8 (4C)\skripsi\code\code_mhs\2341720117\m07\p05.ipynb,SUCCESS,Preprocessing berhasil
2026-03-04 07:45:32,D:\PUTRI\D4\SEMESTER 8 (4C)\skripsi\code\code_mhs\2341720117\m07\p06.ipynb,SUCCESS,Preprocessing berhasil
2026-03-04 07:45:32,D:\PUTRI\D4\SEMESTER 8 (4C)\skripsi\code\code_mhs\2341720117\m07\tp01.ipynb,SUCCESS,Preprocessing berhasil
2026-03-04 07:45:32,D:\PUTRI\D4\SEMESTER 8 (4C)\skripsi\code\code_mhs\2341720117\m09\p01.ipynb,SUCCESS,Preprocessing berhasil
2026-03-04 07:45:32,D:\PUTRI\D4\SEMESTER 8 (4C)\skripsi\code\code_mhs\2341720117\m09\p02.ipynb,SUCCESS,Preprocessing berhasil
2026-03-04 07:45:32,D:\PUTRI\D4\SEMESTER 8 (4C)\skripsi\code\code_mhs\2341720117\m09\p03.ipynb,SUCCESS,Preprocessing berhasil
2026-03-04 07:45:32,D:\PUTRI\D4\SEMESTER 8 (4C)\skripsi\code\code_mhs\2341720117\m09\tp01.ipynb,SUCCESS,Preprocessing berhasil
2026-03-04 07:45:32,D:\PUTRI\D4\SEMESTER 8 (4C)\skripsi\code\code_mhs\2341720117\m09\tp02.ipynb,SUCCESS,Preprocessing berhasil
2026-03-04 07:45:32,D:\PUTRI\D4\SEMESTER 8 (4C)\skripsi\code\code_mhs\2341720117\m11\p01.ipynb,FAILED,Identifier normalization gagal
2026-03-04 07:45:32,D:\PUTRI\D4\SEMESTER 8 (4C)\skripsi\code\code_mhs\2341720117\m11\p02.ipynb,SUCCESS,Preprocessing berhasil
2026-03-04 07:45:32,D:\PUTRI\D4\SEMESTER 8 (4C)\skripsi\code\code_mhs\2341720117\m11\p03.ipynb,SUCCESS,Preprocessing berhasil
2026-03-04 07:45:32,D:\PUTRI\D4\SEMESTER 8 (4C)\skripsi\code\code_mhs\2341720117\m11\p04.ipynb,SUCCESS,Preprocessing berhasil
2026-03-04 07:45:32,D:\PUTRI\D4\SEMESTER 8 (4C)\skripsi\code\code_mhs\2341720117\m11\p05.ipynb,SUCCESS,Preprocessing berhasil
2026-03-04 07:45:32,D:\PUTRI\D4\SEMESTER 8 (4C)\skripsi\code\code_mhs\2341720117\m11\tp01.ipynb,SUCCESS,Preprocessing berhasil
2026-03-04 07:45:32,D:\PUTRI\D4\SEMESTER 8 (4C)\skripsi\code\code_mhs\2341720117\m13\p01.ipynb,SUCCESS,Preprocessing berhasil
2026-03-04 07:45:32,D:\PUTRI\D4\SEMESTER 8 (4C)\skripsi\code\code_mhs\2341720117\m13\p02.ipynb,SUCCESS,Preprocessing berhasil
2026-03-04 07:45:33,D:\PUTRI\D4\SEMESTER 8 (4C)\skripsi\code\code_mhs\2341720117\m13\p03.ipynb,SUCCESS,Preprocessing berhasil
2026-03-04 07:45:33,D:\PUTRI\D4\SEMESTER 8 (4C)\skripsi\code\code_mhs\2341720117\m13\tp01.ipynb,SUCCESS,Preprocessing berhasil
2026-03-04 07:45:33,D:\PUTRI\D4\SEMESTER 8 (4C)\skripsi\code\code_mhs\2341720117\m14\p01.ipynb,SUCCESS,Preprocessing berhasil
2026-03-04 07:45:33,D:\PUTRI\D4\SEMESTER 8 (4C)\skripsi\code\code_mhs\2341720117\m14\p02.ipynb,SUCCESS,Preprocessing berhasil
2026-03-04 07:45:33,D:\PUTRI\D4\SEMESTER 8 (4C)\skripsi\code\code_mhs\2341720117\m14\tp01.ipynb,SUCCESS,Preprocessing berhasil
2026-03-04 07:45:33,D:\PUTRI\D4\SEMESTER 8 (4C)\skripsi\code\code_mhs\2341720117\m15\app.py,SUCCESS,Preprocessing berhasil
2026-03-04 07:45:33,D:\PUTRI\D4\SEMESTER 8 (4C)\skripsi\code\code_mhs\2341720117\m15\p01.ipynb,SUCCESS,Preprocessing berhasil
2026-03-04 07:45:33,D:\PUTRI\D4\SEMESTER 8 (4C)\skripsi\code\code_mhs\2341720117\pbl\pbl.ipynb,SUCCESS,Preprocessing berhasil
2026-03-04 07:45:33,D:\PUTRI\D4\SEMESTER 8 (4C)\skripsi\code\code_mhs\2341720117\pbl\pbl.py,SUCCESS,Preprocessing berhasil
2026-03-04 07:45:33,D:\PUTRI\D4\SEMESTER 8 (4C)\skripsi\code\code_mhs\2341720117\unclassified\TG1_2341720117_OKTAVIAN_EKA_RAMADHAN.ipynb,SUCCESS,Preprocessing berhasil
2026-03-04 07:45:33,D:\PUTRI\D4\SEMESTER 8 (4C)\skripsi\code\code_mhs\2341720117\uts\uts.ipynb,SUCCESS,Preprocessing berhasil
2026-03-04 07:45:33,D:\PUTRI\D4\SEMESTER 8 (4C)\skripsi\code\code_mhs\2341720163\kuis\kuis.ipynb,SUCCESS,Preprocessing berhasil
2026-03-04 07:45:33,D:\PUTRI\D4\SEMESTER 8 (4C)\skripsi\code\code_mhs\2341720163\m02\JS2_2341720163_Satrio_Ahmad_Ramadhani.ipynb,SUCCESS,Preprocessing berhasil
2026-03-04 07:45:33,D:\PUTRI\D4\SEMESTER 8 (4C)\skripsi\code\code_mhs\2341720163\m03\JS3_2341720163_Satrio_Ahmad_Ramadhani.ipynb,SUCCESS,Preprocessing berhasil
2026-03-04 07:45:33,D:\PUTRI\D4\SEMESTER 8 (4C)\skripsi\code\code_mhs\2341720163\unclassified\TG1_2341720163_Satrio_Ahmad_Ramadhani.ipynb,INVALID,File kosong
2026-03-04 07:45:33,D:\PUTRI\D4\SEMESTER 8 (4C)\skripsi\code\code_mhs\2341720176\m01\p01.ipynb,INVALID,File kosong
2026-03-04 07:45:33,D:\PUTRI\D4\SEMESTER 8 (4C)\skripsi\code\code_mhs\2341720176\m01\tp01.ipynb,SUCCESS,Preprocessing berhasil
2026-03-04 07:45:33,D:\PUTRI\D4\SEMESTER 8 (4C)\skripsi\code\code_mhs\2341720176\m02\p01.ipynb,SUCCESS,Preprocessing berhasil
2026-03-04 07:45:33,D:\PUTRI\D4\SEMESTER 8 (4C)\skripsi\code\code_mhs\2341720176\m02\p02.ipynb,SUCCESS,Preprocessing berhasil
2026-03-04 07:45:33,D:\PUTRI\D4\SEMESTER 8 (4C)\skripsi\code\code_mhs\2341720176\m02\p03.ipynb,SUCCESS,Preprocessing berhasil
2026-03-04 07:45:33,D:\PUTRI\D4\SEMESTER 8 (4C)\skripsi\code\code_mhs\2341720176\m02\p04.ipynb,SUCCESS,Preprocessing berhasil
2026-03-04 07:45:33,D:\PUTRI\D4\SEMESTER 8 (4C)\skripsi\code\code_mhs\2341720176\m02\tp01.ipynb,SUCCESS,Preprocessing berhasil
2026-03-04 07:45:33,D:\PUTRI\D4\SEMESTER 8 (4C)\skripsi\code\code_mhs\2341720176\m03\p01.ipynb,SUCCESS,Preprocessing berhasil
2026-03-04 07:45:33,D:\PUTRI\D4\SEMESTER 8 (4C)\skripsi\code\code_mhs\2341720176\m03\p02.ipynb,SUCCESS,Preprocessing berhasil
2026-03-04 07:45:33,D:\PUTRI\D4\SEMESTER 8 (4C)\skripsi\code\code_mhs\2341720176\m03\p03.ipynb,SUCCESS,Preprocessing berhasil
2026-03-04 07:45:33,D:\PUTRI\D4\SEMESTER 8 (4C)\skripsi\code\code_mhs\2341720176\m03\p04.ipynb,SUCCESS,Preprocessing berhasil
2026-03-04 07:45:33,D:\PUTRI\D4\SEMESTER 8 (4C)\skripsi\code\code_mhs\2341720176\m03\tp01.ipynb,SUCCESS,Preprocessing berhasil
2026-03-04 07:45:33,D:\PUTRI\D4\SEMESTER 8 (4C)\skripsi\code\code_mhs\2341720176\m04\KUIS_1.ipynb,SUCCESS,Preprocessing berhasil
2026-03-04 07:45:33,D:\PUTRI\D4\SEMESTER 8 (4C)\skripsi\code\code_mhs\2341720176\m04\p01.ipynb,SUCCESS,Preprocessing berhasil
2026-03-04 07:45:33,D:\PUTRI\D4\SEMESTER 8 (4C)\skripsi\code\code_mhs\2341720176\m04\p02.ipynb,SUCCESS,Preprocessing berhasil
2026-03-04 07:45:33,D:\PUTRI\D4\SEMESTER 8 (4C)\skripsi\code\code_mhs\2341720176\m04\p03.ipynb,SUCCESS,Preprocessing berhasil
2026-03-04 07:45:33,D:\PUTRI\D4\SEMESTER 8 (4C)\skripsi\code\code_mhs\2341720176\m04\tp01.ipynb,SUCCESS,Preprocessing berhasil
2026-03-04 07:45:33,D:\PUTRI\D4\SEMESTER 8 (4C)\skripsi\code\code_mhs\2341720176\m05\p01.ipynb,SUCCESS,Preprocessing berhasil
2026-03-04 07:45:33,D:\PUTRI\D4\SEMESTER 8 (4C)\skripsi\code\code_mhs\2341720176\m05\p02.ipynb,SUCCESS,Preprocessing berhasil
2026-03-04 07:45:33,D:\PUTRI\D4\SEMESTER 8 (4C)\skripsi\code\code_mhs\2341720176\m05\tp01.ipynb,SUCCESS,Preprocessing berhasil
2026-03-04 07:45:33,D:\PUTRI\D4\SEMESTER 8 (4C)\skripsi\code\code_mhs\2341720176\m06\p01.ipynb,SUCCESS,Preprocessing berhasil
2026-03-04 07:45:33,D:\PUTRI\D4\SEMESTER 8 (4C)\skripsi\code\code_mhs\2341720176\m06\p02.ipynb,SUCCESS,Preprocessing berhasil
2026-03-04 07:45:33,D:\PUTRI\D4\SEMESTER 8 (4C)\skripsi\code\code_mhs\2341720176\m06\tp01.ipynb,SUCCESS,Preprocessing berhasil
2026-03-04 07:45:33,D:\PUTRI\D4\SEMESTER 8 (4C)\skripsi\code\code_mhs\2341720176\m07\p01.ipynb,SUCCESS,Preprocessing berhasil
2026-03-04 07:45:33,D:\PUTRI\D4\SEMESTER 8 (4C)\skripsi\code\code_mhs\2341720176\m07\p02.ipynb,SUCCESS,Preprocessing berhasil
2026-03-04 07:45:33,D:\PUTRI\D4\SEMESTER 8 (4C)\skripsi\code\code_mhs\2341720176\m07\p03.ipynb,SUCCESS,Preprocessing berhasil
2026-03-04 07:45:33,D:\PUTRI\D4\SEMESTER 8 (4C)\skripsi\code\code_mhs\2341720176\m07\p04.ipynb,SUCCESS,Preprocessing berhasil
2026-03-04 07:45:33,D:\PUTRI\D4\SEMESTER 8 (4C)\skripsi\code\code_mhs\2341720176\m07\p05.ipynb,SUCCESS,Preprocessing berhasil
2026-03-04 07:45:33,D:\PUTRI\D4\SEMESTER 8 (4C)\skripsi\code\code_mhs\2341720176\m07\p06.ipynb,SUCCESS,Preprocessing berhasil
2026-03-04 07:45:33,D:\PUTRI\D4\SEMESTER 8 (4C)\skripsi\code\code_mhs\2341720176\m07\tp01.ipynb,SUCCESS,Preprocessing berhasil
2026-03-04 07:45:34,D:\PUTRI\D4\SEMESTER 8 (4C)\skripsi\code\code_mhs\2341720176\m08\tp01.ipynb,SUCCESS,Preprocessing berhasil
2026-03-04 07:45:34,D:\PUTRI\D4\SEMESTER 8 (4C)\skripsi\code\code_mhs\2341720176\m09\p01.ipynb,SUCCESS,Preprocessing berhasil
2026-03-04 07:45:34,D:\PUTRI\D4\SEMESTER 8 (4C)\skripsi\code\code_mhs\2341720176\m09\p02.ipynb,SUCCESS,Preprocessing berhasil
2026-03-04 07:45:34,D:\PUTRI\D4\SEMESTER 8 (4C)\skripsi\code\code_mhs\2341720176\m09\p03.ipynb,SUCCESS,Preprocessing berhasil
2026-03-04 07:45:34,D:\PUTRI\D4\SEMESTER 8 (4C)\skripsi\code\code_mhs\2341720176\m09\tp01.ipynb,SUCCESS,Preprocessing berhasil
2026-03-04 07:45:34,D:\PUTRI\D4\SEMESTER 8 (4C)\skripsi\code\code_mhs\2341720176\m09\tp02.ipynb,SUCCESS,Preprocessing berhasil
2026-03-04 07:45:34,D:\PUTRI\D4\SEMESTER 8 (4C)\skripsi\code\code_mhs\2341720176\m11\p01.ipynb,FAILED,Identifier normalization gagal
2026-03-04 07:45:34,D:\PUTRI\D4\SEMESTER 8 (4C)\skripsi\code\code_mhs\2341720176\m11\p02.ipynb,SUCCESS,Preprocessing berhasil
2026-03-04 07:45:34,D:\PUTRI\D4\SEMESTER 8 (4C)\skripsi\code\code_mhs\2341720176\m11\p03.ipynb,SUCCESS,Preprocessing berhasil
2026-03-04 07:45:34,D:\PUTRI\D4\SEMESTER 8 (4C)\skripsi\code\code_mhs\2341720176\m11\p04.ipynb,SUCCESS,Preprocessing berhasil
2026-03-04 07:45:34,D:\PUTRI\D4\SEMESTER 8 (4C)\skripsi\code\code_mhs\2341720176\m11\p05.ipynb,SUCCESS,Preprocessing berhasil
2026-03-04 07:45:34,D:\PUTRI\D4\SEMESTER 8 (4C)\skripsi\code\code_mhs\2341720176\m11\tp01.ipynb,SUCCESS,Preprocessing berhasil
2026-03-04 07:45:34,D:\PUTRI\D4\SEMESTER 8 (4C)\skripsi\code\code_mhs\2341720176\m13\p01.ipynb,SUCCESS,Preprocessing berhasil
2026-03-04 07:45:34,D:\PUTRI\D4\SEMESTER 8 (4C)\skripsi\code\code_mhs\2341720176\m13\p02.ipynb,SUCCESS,Preprocessing berhasil
2026-03-04 07:45:34,D:\PUTRI\D4\SEMESTER 8 (4C)\skripsi\code\code_mhs\2341720176\m13\p03.ipynb,SUCCESS,Preprocessing berhasil
2026-03-04 07:45:34,D:\PUTRI\D4\SEMESTER 8 (4C)\skripsi\code\code_mhs\2341720176\m13\tp01.ipynb,SUCCESS,Preprocessing berhasil
2026-03-04 07:45:34,D:\PUTRI\D4\SEMESTER 8 (4C)\skripsi\code\code_mhs\2341720176\m14\p01.ipynb,SUCCESS,Preprocessing berhasil
2026-03-04 07:45:34,D:\PUTRI\D4\SEMESTER 8 (4C)\skripsi\code\code_mhs\2341720176\m14\p02.ipynb,SUCCESS,Preprocessing berhasil
2026-03-04 07:45:34,D:\PUTRI\D4\SEMESTER 8 (4C)\skripsi\code\code_mhs\2341720176\m14\tp01.ipynb,SUCCESS,Preprocessing berhasil
2026-03-04 07:45:34,D:\PUTRI\D4\SEMESTER 8 (4C)\skripsi\code\code_mhs\2341720176\m15\p01.ipynb,SUCCESS,Preprocessing berhasil
2026-03-04 07:45:34,D:\PUTRI\D4\SEMESTER 8 (4C)\skripsi\code\code_mhs\2341720176\m15\p02.ipynb,SUCCESS,Preprocessing berhasil
2026-03-04 07:45:34,D:\PUTRI\D4\SEMESTER 8 (4C)\skripsi\code\code_mhs\2341720187\m01\tp01.ipynb,INVALID,File kosong
2026-03-04 07:45:34,D:\PUTRI\D4\SEMESTER 8 (4C)\skripsi\code\code_mhs\2341720187\m02\p01.ipynb,SUCCESS,Preprocessing berhasil
2026-03-04 07:45:34,D:\PUTRI\D4\SEMESTER 8 (4C)\skripsi\code\code_mhs\2341720187\m02\p02.ipynb,SUCCESS,Preprocessing berhasil
2026-03-04 07:45:34,D:\PUTRI\D4\SEMESTER 8 (4C)\skripsi\code\code_mhs\2341720187\m02\p03.ipynb,SUCCESS,Preprocessing berhasil
2026-03-04 07:45:34,D:\PUTRI\D4\SEMESTER 8 (4C)\skripsi\code\code_mhs\2341720187\m02\p04.ipynb,SUCCESS,Preprocessing berhasil
2026-03-04 07:45:34,D:\PUTRI\D4\SEMESTER 8 (4C)\skripsi\code\code_mhs\2341720187\m02\tp01.ipynb,SUCCESS,Preprocessing berhasil
2026-03-04 07:45:34,D:\PUTRI\D4\SEMESTER 8 (4C)\skripsi\code\code_mhs\2341720187\m03\p01.ipynb,SUCCESS,Preprocessing berhasil
2026-03-04 07:45:34,D:\PUTRI\D4\SEMESTER 8 (4C)\skripsi\code\code_mhs\2341720187\m03\p02.ipynb,SUCCESS,Preprocessing berhasil
2026-03-04 07:45:34,D:\PUTRI\D4\SEMESTER 8 (4C)\skripsi\code\code_mhs\2341720187\m03\p03.ipynb,INVALID,SyntaxError baris 29: invalid syntax
2026-03-04 07:45:34,D:\PUTRI\D4\SEMESTER 8 (4C)\skripsi\code\code_mhs\2341720187\m03\p04.ipynb,SUCCESS,Preprocessing berhasil
2026-03-04 07:45:34,D:\PUTRI\D4\SEMESTER 8 (4C)\skripsi\code\code_mhs\2341720187\m03\tp01.ipynb,SUCCESS,Preprocessing berhasil
2026-03-04 07:45:34,D:\PUTRI\D4\SEMESTER 8 (4C)\skripsi\code\code_mhs\2341720187\m04\p01.ipynb,SUCCESS,Preprocessing berhasil
2026-03-04 07:45:34,D:\PUTRI\D4\SEMESTER 8 (4C)\skripsi\code\code_mhs\2341720187\m04\p02.ipynb,SUCCESS,Preprocessing berhasil
2026-03-04 07:45:34,D:\PUTRI\D4\SEMESTER 8 (4C)\skripsi\code\code_mhs\2341720187\m04\p03.ipynb,SUCCESS,Preprocessing berhasil
2026-03-04 07:45:34,D:\PUTRI\D4\SEMESTER 8 (4C)\skripsi\code\code_mhs\2341720187\m04\tp01.ipynb,SUCCESS,Preprocessing berhasil
2026-03-04 07:45:34,D:\PUTRI\D4\SEMESTER 8 (4C)\skripsi\code\code_mhs\2341720187\m05\p01.ipynb,SUCCESS,Preprocessing berhasil
2026-03-04 07:45:34,D:\PUTRI\D4\SEMESTER 8 (4C)\skripsi\code\code_mhs\2341720187\m05\p02.ipynb,SUCCESS,Preprocessing berhasil
2026-03-04 07:45:34,D:\PUTRI\D4\SEMESTER 8 (4C)\skripsi\code\code_mhs\2341720187\m05\tp01.ipynb,SUCCESS,Preprocessing berhasil
2026-03-04 07:45:34,D:\PUTRI\D4\SEMESTER 8 (4C)\skripsi\code\code_mhs\2341720187\m06\tp01.ipynb,SUCCESS,Preprocessing berhasil
2026-03-04 07:45:34,D:\PUTRI\D4\SEMESTER 8 (4C)\skripsi\code\code_mhs\2341720187\m07\p01.ipynb,SUCCESS,Preprocessing berhasil
2026-03-04 07:45:34,D:\PUTRI\D4\SEMESTER 8 (4C)\skripsi\code\code_mhs\2341720187\m07\p02.ipynb,SUCCESS,Preprocessing berhasil
2026-03-04 07:45:34,D:\PUTRI\D4\SEMESTER 8 (4C)\skripsi\code\code_mhs\2341720187\m07\p03.ipynb,SUCCESS,Preprocessing berhasil
2026-03-04 07:45:34,D:\PUTRI\D4\SEMESTER 8 (4C)\skripsi\code\code_mhs\2341720187\m07\p04.ipynb,SUCCESS,Preprocessing berhasil
2026-03-04 07:45:34,D:\PUTRI\D4\SEMESTER 8 (4C)\skripsi\code\code_mhs\2341720187\m07\p05.ipynb,SUCCESS,Preprocessing berhasil
2026-03-04 07:45:34,D:\PUTRI\D4\SEMESTER 8 (4C)\skripsi\code\code_mhs\2341720187\m07\p06.ipynb,SUCCESS,Preprocessing berhasil
2026-03-04 07:45:34,D:\PUTRI\D4\SEMESTER 8 (4C)\skripsi\code\code_mhs\2341720187\m07\tp01.ipynb,SUCCESS,Preprocessing berhasil
2026-03-04 07:45:35,D:\PUTRI\D4\SEMESTER 8 (4C)\skripsi\code\code_mhs\2341720187\m08\tp01.ipynb,SUCCESS,Preprocessing berhasil
2026-03-04 07:45:35,D:\PUTRI\D4\SEMESTER 8 (4C)\skripsi\code\code_mhs\2341720187\m09\p01.ipynb,SUCCESS,Preprocessing berhasil
2026-03-04 07:45:35,D:\PUTRI\D4\SEMESTER 8 (4C)\skripsi\code\code_mhs\2341720187\m09\p02.ipynb,SUCCESS,Preprocessing berhasil
2026-03-04 07:45:35,D:\PUTRI\D4\SEMESTER 8 (4C)\skripsi\code\code_mhs\2341720187\m09\p03.ipynb,SUCCESS,Preprocessing berhasil
2026-03-04 07:45:35,D:\PUTRI\D4\SEMESTER 8 (4C)\skripsi\code\code_mhs\2341720187\m09\tp01.ipynb,SUCCESS,Preprocessing berhasil
2026-03-04 07:45:35,D:\PUTRI\D4\SEMESTER 8 (4C)\skripsi\code\code_mhs\2341720187\m09\tp02.ipynb,SUCCESS,Preprocessing berhasil
2026-03-04 07:45:35,D:\PUTRI\D4\SEMESTER 8 (4C)\skripsi\code\code_mhs\2341720187\m11\p01.ipynb,FAILED,Identifier normalization gagal
2026-03-04 07:45:35,D:\PUTRI\D4\SEMESTER 8 (4C)\skripsi\code\code_mhs\2341720187\m11\p02.ipynb,SUCCESS,Preprocessing berhasil
2026-03-04 07:45:35,D:\PUTRI\D4\SEMESTER 8 (4C)\skripsi\code\code_mhs\2341720187\m11\p03.ipynb,SUCCESS,Preprocessing berhasil
2026-03-04 07:45:35,D:\PUTRI\D4\SEMESTER 8 (4C)\skripsi\code\code_mhs\2341720187\m11\p04.ipynb,SUCCESS,Preprocessing berhasil
2026-03-04 07:45:35,D:\PUTRI\D4\SEMESTER 8 (4C)\skripsi\code\code_mhs\2341720187\m11\p05.ipynb,SUCCESS,Preprocessing berhasil
2026-03-04 07:45:35,D:\PUTRI\D4\SEMESTER 8 (4C)\skripsi\code\code_mhs\2341720187\m11\tp01.ipynb,SUCCESS,Preprocessing berhasil
2026-03-04 07:45:35,D:\PUTRI\D4\SEMESTER 8 (4C)\skripsi\code\code_mhs\2341720187\m13\p01.ipynb,SUCCESS,Preprocessing berhasil
2026-03-04 07:45:35,D:\PUTRI\D4\SEMESTER 8 (4C)\skripsi\code\code_mhs\2341720187\m13\p02.ipynb,SUCCESS,Preprocessing berhasil
2026-03-04 07:45:35,D:\PUTRI\D4\SEMESTER 8 (4C)\skripsi\code\code_mhs\2341720187\m13\p03.ipynb,SUCCESS,Preprocessing berhasil
2026-03-04 07:45:35,D:\PUTRI\D4\SEMESTER 8 (4C)\skripsi\code\code_mhs\2341720187\m13\tp01.ipynb,SUCCESS,Preprocessing berhasil
2026-03-04 07:45:35,D:\PUTRI\D4\SEMESTER 8 (4C)\skripsi\code\code_mhs\2341720187\m14\p01.ipynb,INVALID,SyntaxError baris 1: invalid syntax
2026-03-04 07:45:35,D:\PUTRI\D4\SEMESTER 8 (4C)\skripsi\code\code_mhs\2341720187\m14\p02.ipynb,SUCCESS,Preprocessing berhasil
2026-03-04 07:45:35,D:\PUTRI\D4\SEMESTER 8 (4C)\skripsi\code\code_mhs\2341720187\m14\tp01.ipynb,SUCCESS,Preprocessing berhasil
2026-03-04 07:45:35,D:\PUTRI\D4\SEMESTER 8 (4C)\skripsi\code\code_mhs\2341720187\m15\app.py,SUCCESS,Preprocessing berhasil
2026-03-04 07:45:35,D:\PUTRI\D4\SEMESTER 8 (4C)\skripsi\code\code_mhs\2341720187\m15\p01.ipynb,SUCCESS,Preprocessing berhasil
2026-03-04 07:45:35,D:\PUTRI\D4\SEMESTER 8 (4C)\skripsi\code\code_mhs\2341720187\m15\p02.ipynb,SUCCESS,Preprocessing berhasil
2026-03-04 07:45:35,D:\PUTRI\D4\SEMESTER 8 (4C)\skripsi\code\code_mhs\2341720187\unclassified\p01.ipynb,SUCCESS,Preprocessing berhasil
2026-03-04 07:45:35,D:\PUTRI\D4\SEMESTER 8 (4C)\skripsi\code\code_mhs\2341720187\unclassified\p02.ipynb,SUCCESS,Preprocessing berhasil
2026-03-04 07:45:35,D:\PUTRI\D4\SEMESTER 8 (4C)\skripsi\code\code_mhs\2341720187\unclassified\UAS.ipynb,SUCCESS,Preprocessing berhasil
2026-03-04 07:45:35,D:\PUTRI\D4\SEMESTER 8 (4C)\skripsi\code\code_mhs\2341720187\uts\uts.ipynb,SUCCESS,Preprocessing berhasil
2026-03-04 11:19:43,D:\PUTRI\D4\SEMESTER 8 (4C)\skripsi\code\code_mhs\2241720092\unclassified\p01.ipynb,SUCCESS,Preprocessing berhasil
2026-03-04 11:19:43,D:\PUTRI\D4\SEMESTER 8 (4C)\skripsi\code\code_mhs\2241720092\unclassified\p02.ipynb,SUCCESS,Preprocessing berhasil
2026-03-04 11:19:43,D:\PUTRI\D4\SEMESTER 8 (4C)\skripsi\code\code_mhs\2241720092\unclassified\p03.ipynb,SUCCESS,Preprocessing berhasil
2026-03-04 11:19:43,D:\PUTRI\D4\SEMESTER 8 (4C)\skripsi\code\code_mhs\2241720092\unclassified\p04.ipynb,SUCCESS,Preprocessing berhasil
2026-03-04 11:19:43,D:\PUTRI\D4\SEMESTER 8 (4C)\skripsi\code\code_mhs\2241720092\unclassified\tp01.ipynb,SUCCESS,Preprocessing berhasil
2026-03-04 11:19:43,D:\PUTRI\D4\SEMESTER 8 (4C)\skripsi\code\code_mhs\2241720092\unclassified\tp02.ipynb,SUCCESS,Preprocessing berhasil
2026-03-04 11:19:43,D:\PUTRI\D4\SEMESTER 8 (4C)\skripsi\code\code_mhs\2241720092\unclassified\tp03.ipynb,SUCCESS,Preprocessing berhasil
2026-03-04 11:19:43,D:\PUTRI\D4\SEMESTER 8 (4C)\skripsi\code\code_mhs\2241720092\unclassified\tp04.ipynb,SUCCESS,Preprocessing berhasil
2026-03-04 11:19:43,D:\PUTRI\D4\SEMESTER 8 (4C)\skripsi\code\code_mhs\2241720092\unclassified\tp05.ipynb,SUCCESS,Preprocessing berhasil
2026-03-04 11:19:43,D:\PUTRI\D4\SEMESTER 8 (4C)\skripsi\code\code_mhs\2241720092\uts\uts.ipynb,SUCCESS,Preprocessing berhasil
2026-03-04 11:19:43,D:\PUTRI\D4\SEMESTER 8 (4C)\skripsi\code\code_mhs\2341720003\pbl\pbl.ipynb,SUCCESS,Preprocessing berhasil
2026-03-04 11:19:43,D:\PUTRI\D4\SEMESTER 8 (4C)\skripsi\code\code_mhs\2341720003\unclassified\p01.ipynb,SUCCESS,Preprocessing berhasil
2026-03-04 11:19:43,D:\PUTRI\D4\SEMESTER 8 (4C)\skripsi\code\code_mhs\2341720003\unclassified\p02.ipynb,FAILED,Tidak bisa membaca file
2026-03-04 11:19:43,D:\PUTRI\D4\SEMESTER 8 (4C)\skripsi\code\code_mhs\2341720003\unclassified\p03.ipynb,SUCCESS,Preprocessing berhasil
2026-03-04 11:19:43,D:\PUTRI\D4\SEMESTER 8 (4C)\skripsi\code\code_mhs\2341720003\unclassified\p04.ipynb,SUCCESS,Preprocessing berhasil
2026-03-04 11:19:43,D:\PUTRI\D4\SEMESTER 8 (4C)\skripsi\code\code_mhs\2341720003\unclassified\p05.ipynb,SUCCESS,Preprocessing berhasil
2026-03-04 11:19:43,D:\PUTRI\D4\SEMESTER 8 (4C)\skripsi\code\code_mhs\2341720003\unclassified\p06.ipynb,SUCCESS,Preprocessing berhasil
2026-03-04 11:19:43,D:\PUTRI\D4\SEMESTER 8 (4C)\skripsi\code\code_mhs\2341720003\unclassified\TG1_2341720003_FATIKAH_SALSABILLA.ipynb,INVALID,File kosong
2026-03-04 11:19:43,D:\PUTRI\D4\SEMESTER 8 (4C)\skripsi\code\code_mhs\2341720003\unclassified\tp01.ipynb,SUCCESS,Preprocessing berhasil
2026-03-04 11:19:43,D:\PUTRI\D4\SEMESTER 8 (4C)\skripsi\code\code_mhs\2341720003\unclassified\tp02.ipynb,SUCCESS,Preprocessing berhasil
2026-03-04 11:19:43,D:\PUTRI\D4\SEMESTER 8 (4C)\skripsi\code\code_mhs\2341720003\unclassified\tp03.ipynb,SUCCESS,Preprocessing berhasil
2026-03-04 11:19:43,D:\PUTRI\D4\SEMESTER 8 (4C)\skripsi\code\code_mhs\2341720003\unclassified\tp04.ipynb,SUCCESS,Preprocessing berhasil
2026-03-04 11:19:43,D:\PUTRI\D4\SEMESTER 8 (4C)\skripsi\code\code_mhs\2341720003\unclassified\tp05.ipynb,SUCCESS,Preprocessing berhasil
2026-03-04 11:19:43,D:\PUTRI\D4\SEMESTER 8 (4C)\skripsi\code\code_mhs\2341720003\unclassified\tp06.ipynb,INVALID,File kosong
2026-03-04 11:19:43,D:\PUTRI\D4\SEMESTER 8 (4C)\skripsi\code\code_mhs\2341720003\unclassified\tp07.ipynb,SUCCESS,Preprocessing berhasil
2026-03-04 11:19:43,D:\PUTRI\D4\SEMESTER 8 (4C)\skripsi\code\code_mhs\2341720003\unclassified\tp08.ipynb,SUCCESS,Preprocessing berhasil
2026-03-04 11:19:43,D:\PUTRI\D4\SEMESTER 8 (4C)\skripsi\code\code_mhs\2341720003\unclassified\tp09.ipynb,SUCCESS,Preprocessing berhasil
2026-03-04 11:19:43,D:\PUTRI\D4\SEMESTER 8 (4C)\skripsi\code\code_mhs\2341720003\unclassified\tp10.ipynb,SUCCESS,Preprocessing berhasil
2026-03-04 11:19:43,D:\PUTRI\D4\SEMESTER 8 (4C)\skripsi\code\code_mhs\2341720003\unclassified\tp11.ipynb,SUCCESS,Preprocessing berhasil
2026-03-04 11:19:43,D:\PUTRI\D4\SEMESTER 8 (4C)\skripsi\code\code_mhs\2341720003\unclassified\tp12.ipynb,SUCCESS,Preprocessing berhasil
2026-03-04 11:19:43,D:\PUTRI\D4\SEMESTER 8 (4C)\skripsi\code\code_mhs\2341720005\kelompok\kelompok.ipynb,SUCCESS,Preprocessing berhasil
2026-03-04 11:19:44,D:\PUTRI\D4\SEMESTER 8 (4C)\skripsi\code\code_mhs\2341720005\kuis\kuis.ipynb,INVALID,SyntaxError baris 153: unterminated triple-quoted string literal (detected at line 232)
2026-03-04 11:19:45,D:\PUTRI\D4\SEMESTER 8 (4C)\skripsi\code\code_mhs\2341720005\pbl\pbl.ipynb,SUCCESS,Preprocessing berhasil
2026-03-04 11:19:45,D:\PUTRI\D4\SEMESTER 8 (4C)\skripsi\code\code_mhs\2341720005\unclassified\p01.ipynb,SUCCESS,Preprocessing berhasil
2026-03-04 11:19:45,D:\PUTRI\D4\SEMESTER 8 (4C)\skripsi\code\code_mhs\2341720005\unclassified\p02.ipynb,INVALID,SyntaxError baris 73: invalid syntax
2026-03-04 11:19:45,D:\PUTRI\D4\SEMESTER 8 (4C)\skripsi\code\code_mhs\2341720005\unclassified\p03.ipynb,SUCCESS,Preprocessing berhasil
2026-03-04 11:19:45,D:\PUTRI\D4\SEMESTER 8 (4C)\skripsi\code\code_mhs\2341720005\unclassified\p04.ipynb,SUCCESS,Preprocessing berhasil
2026-03-04 11:19:45,D:\PUTRI\D4\SEMESTER 8 (4C)\skripsi\code\code_mhs\2341720005\unclassified\p05.ipynb,SUCCESS,Preprocessing berhasil
2026-03-04 11:19:45,D:\PUTRI\D4\SEMESTER 8 (4C)\skripsi\code\code_mhs\2341720005\unclassified\p06.ipynb,SUCCESS,Preprocessing berhasil
2026-03-04 11:19:45,D:\PUTRI\D4\SEMESTER 8 (4C)\skripsi\code\code_mhs\2341720005\unclassified\tp01.ipynb,INVALID,File kosong
2026-03-04 11:19:45,D:\PUTRI\D4\SEMESTER 8 (4C)\skripsi\code\code_mhs\2341720005\unclassified\tp02.ipynb,SUCCESS,Preprocessing berhasil
2026-03-04 11:19:45,D:\PUTRI\D4\SEMESTER 8 (4C)\skripsi\code\code_mhs\2341720005\unclassified\tp03.ipynb,SUCCESS,Preprocessing berhasil
2026-03-04 11:19:46,D:\PUTRI\D4\SEMESTER 8 (4C)\skripsi\code\code_mhs\2341720005\unclassified\tp04.ipynb,SUCCESS,Preprocessing berhasil
2026-03-04 11:19:46,D:\PUTRI\D4\SEMESTER 8 (4C)\skripsi\code\code_mhs\2341720005\unclassified\tp05.ipynb,SUCCESS,Preprocessing berhasil
2026-03-04 11:19:46,D:\PUTRI\D4\SEMESTER 8 (4C)\skripsi\code\code_mhs\2341720005\unclassified\tp06.ipynb,SUCCESS,Preprocessing berhasil
2026-03-04 11:19:46,D:\PUTRI\D4\SEMESTER 8 (4C)\skripsi\code\code_mhs\2341720005\unclassified\tp07.ipynb,SUCCESS,Preprocessing berhasil
2026-03-04 11:19:46,D:\PUTRI\D4\SEMESTER 8 (4C)\skripsi\code\code_mhs\2341720005\unclassified\tp08.ipynb,SUCCESS,Preprocessing berhasil
2026-03-04 11:19:46,D:\PUTRI\D4\SEMESTER 8 (4C)\skripsi\code\code_mhs\2341720005\unclassified\tp09.ipynb,SUCCESS,Preprocessing berhasil
2026-03-04 11:19:46,D:\PUTRI\D4\SEMESTER 8 (4C)\skripsi\code\code_mhs\2341720005\unclassified\tp10.ipynb,SUCCESS,Preprocessing berhasil
2026-03-04 11:19:46,D:\PUTRI\D4\SEMESTER 8 (4C)\skripsi\code\code_mhs\2341720005\unclassified\tp11.ipynb,SUCCESS,Preprocessing berhasil
2026-03-04 11:19:46,D:\PUTRI\D4\SEMESTER 8 (4C)\skripsi\code\code_mhs\2341720005\unclassified\tp12.ipynb,SUCCESS,Preprocessing berhasil
2026-03-04 11:19:46,D:\PUTRI\D4\SEMESTER 8 (4C)\skripsi\code\code_mhs\2341720005\unclassified\tp13.ipynb,SUCCESS,Preprocessing berhasil
2026-03-04 11:19:46,D:\PUTRI\D4\SEMESTER 8 (4C)\skripsi\code\code_mhs\2341720005\unclassified\tp14.ipynb,INVALID,File kosong
2026-03-04 11:19:46,D:\PUTRI\D4\SEMESTER 8 (4C)\skripsi\code\code_mhs\2341720007\kelompok\kelompok.ipynb,SUCCESS,Preprocessing berhasil
2026-03-04 11:19:46,D:\PUTRI\D4\SEMESTER 8 (4C)\skripsi\code\code_mhs\2341720007\kuis\kuis.ipynb,SUCCESS,Preprocessing berhasil
2026-03-04 11:19:47,D:\PUTRI\D4\SEMESTER 8 (4C)\skripsi\code\code_mhs\2341720007\pbl\pbl.ipynb,FAILED,Identifier normalization gagal
2026-03-04 11:19:47,D:\PUTRI\D4\SEMESTER 8 (4C)\skripsi\code\code_mhs\2341720007\unclassified\p01.ipynb,SUCCESS,Preprocessing berhasil
2026-03-04 11:19:47,D:\PUTRI\D4\SEMESTER 8 (4C)\skripsi\code\code_mhs\2341720007\unclassified\p02.ipynb,INVALID,SyntaxError baris 66: invalid syntax
2026-03-04 11:19:47,D:\PUTRI\D4\SEMESTER 8 (4C)\skripsi\code\code_mhs\2341720007\unclassified\p03.ipynb,SUCCESS,Preprocessing berhasil
2026-03-04 11:19:47,D:\PUTRI\D4\SEMESTER 8 (4C)\skripsi\code\code_mhs\2341720007\unclassified\p04.ipynb,SUCCESS,Preprocessing berhasil
2026-03-04 11:19:47,D:\PUTRI\D4\SEMESTER 8 (4C)\skripsi\code\code_mhs\2341720007\unclassified\p05.ipynb,SUCCESS,Preprocessing berhasil
2026-03-04 11:19:47,D:\PUTRI\D4\SEMESTER 8 (4C)\skripsi\code\code_mhs\2341720007\unclassified\p06.ipynb,SUCCESS,Preprocessing berhasil
2026-03-04 11:19:47,D:\PUTRI\D4\SEMESTER 8 (4C)\skripsi\code\code_mhs\2341720007\unclassified\tp01.ipynb,SUCCESS,Preprocessing berhasil
2026-03-04 11:19:47,D:\PUTRI\D4\SEMESTER 8 (4C)\skripsi\code\code_mhs\2341720007\unclassified\tp02.ipynb,SUCCESS,Preprocessing berhasil
2026-03-04 11:19:47,D:\PUTRI\D4\SEMESTER 8 (4C)\skripsi\code\code_mhs\2341720007\unclassified\tp03.ipynb,SUCCESS,Preprocessing berhasil
2026-03-04 11:19:47,D:\PUTRI\D4\SEMESTER 8 (4C)\skripsi\code\code_mhs\2341720007\unclassified\tp04.ipynb,SUCCESS,Preprocessing berhasil
2026-03-04 11:19:47,D:\PUTRI\D4\SEMESTER 8 (4C)\skripsi\code\code_mhs\2341720007\unclassified\tp05.ipynb,SUCCESS,Preprocessing berhasil
2026-03-04 11:19:47,D:\PUTRI\D4\SEMESTER 8 (4C)\skripsi\code\code_mhs\2341720007\unclassified\tp06.ipynb,SUCCESS,Preprocessing berhasil
2026-03-04 11:19:47,D:\PUTRI\D4\SEMESTER 8 (4C)\skripsi\code\code_mhs\2341720007\unclassified\tp07.ipynb,SUCCESS,Preprocessing berhasil
2026-03-04 11:19:47,D:\PUTRI\D4\SEMESTER 8 (4C)\skripsi\code\code_mhs\2341720007\unclassified\tp08.ipynb,SUCCESS,Preprocessing berhasil
2026-03-04 11:19:47,D:\PUTRI\D4\SEMESTER 8 (4C)\skripsi\code\code_mhs\2341720007\unclassified\tp09.ipynb,SUCCESS,Preprocessing berhasil
2026-03-04 11:19:47,D:\PUTRI\D4\SEMESTER 8 (4C)\skripsi\code\code_mhs\2341720007\unclassified\tp10.ipynb,SUCCESS,Preprocessing berhasil
2026-03-04 11:19:47,D:\PUTRI\D4\SEMESTER 8 (4C)\skripsi\code\code_mhs\2341720007\unclassified\tp11.ipynb,SUCCESS,Preprocessing berhasil
2026-03-04 11:19:47,D:\PUTRI\D4\SEMESTER 8 (4C)\skripsi\code\code_mhs\2341720007\unclassified\tp12.ipynb,SUCCESS,Preprocessing berhasil
2026-03-04 11:19:47,D:\PUTRI\D4\SEMESTER 8 (4C)\skripsi\code\code_mhs\2341720009\kuis\kuis.ipynb,SUCCESS,Preprocessing berhasil
2026-03-04 11:19:47,D:\PUTRI\D4\SEMESTER 8 (4C)\skripsi\code\code_mhs\2341720009\pbl\pbl.ipynb,SUCCESS,Preprocessing berhasil
2026-03-04 11:19:47,D:\PUTRI\D4\SEMESTER 8 (4C)\skripsi\code\code_mhs\2341720009\unclassified\21_2341720009_MUHAMMAD NASIH.ipynb,SUCCESS,Preprocessing berhasil
2026-03-04 11:19:47,D:\PUTRI\D4\SEMESTER 8 (4C)\skripsi\code\code_mhs\2341720009\unclassified\app.py,SUCCESS,Preprocessing berhasil
2026-03-04 11:19:47,D:\PUTRI\D4\SEMESTER 8 (4C)\skripsi\code\code_mhs\2341720009\unclassified\modul02_3.ipynb,SUCCESS,Preprocessing berhasil
2026-03-04 11:19:47,D:\PUTRI\D4\SEMESTER 8 (4C)\skripsi\code\code_mhs\2341720009\unclassified\Modul03_1.ipynb,SUCCESS,Preprocessing berhasil
2026-03-04 11:19:47,D:\PUTRI\D4\SEMESTER 8 (4C)\skripsi\code\code_mhs\2341720009\unclassified\Modul03_2.ipynb,SUCCESS,Preprocessing berhasil
2026-03-04 11:19:47,D:\PUTRI\D4\SEMESTER 8 (4C)\skripsi\code\code_mhs\2341720009\unclassified\p01.ipynb,SUCCESS,Preprocessing berhasil
2026-03-04 11:19:47,D:\PUTRI\D4\SEMESTER 8 (4C)\skripsi\code\code_mhs\2341720009\unclassified\p02.ipynb,SUCCESS,Preprocessing berhasil
2026-03-04 11:19:47,D:\PUTRI\D4\SEMESTER 8 (4C)\skripsi\code\code_mhs\2341720009\unclassified\p03.ipynb,SUCCESS,Preprocessing berhasil
2026-03-04 11:19:47,D:\PUTRI\D4\SEMESTER 8 (4C)\skripsi\code\code_mhs\2341720009\unclassified\p04.ipynb,SUCCESS,Preprocessing berhasil
2026-03-04 11:19:48,D:\PUTRI\D4\SEMESTER 8 (4C)\skripsi\code\code_mhs\2341720009\unclassified\p05.ipynb,SUCCESS,Preprocessing berhasil
2026-03-04 11:19:48,D:\PUTRI\D4\SEMESTER 8 (4C)\skripsi\code\code_mhs\2341720009\unclassified\tp01.ipynb,SUCCESS,Preprocessing berhasil
2026-03-04 11:19:48,D:\PUTRI\D4\SEMESTER 8 (4C)\skripsi\code\code_mhs\2341720009\unclassified\tp02.ipynb,SUCCESS,Preprocessing berhasil
2026-03-04 11:19:48,D:\PUTRI\D4\SEMESTER 8 (4C)\skripsi\code\code_mhs\2341720009\unclassified\tp03.ipynb,SUCCESS,Preprocessing berhasil
2026-03-04 11:19:48,D:\PUTRI\D4\SEMESTER 8 (4C)\skripsi\code\code_mhs\2341720009\unclassified\tp04.ipynb,SUCCESS,Preprocessing berhasil
2026-03-04 11:19:48,D:\PUTRI\D4\SEMESTER 8 (4C)\skripsi\code\code_mhs\2341720009\unclassified\tp05.ipynb,SUCCESS,Preprocessing berhasil
2026-03-04 11:19:48,D:\PUTRI\D4\SEMESTER 8 (4C)\skripsi\code\code_mhs\2341720009\unclassified\tp06.ipynb,SUCCESS,Preprocessing berhasil
2026-03-04 11:19:48,D:\PUTRI\D4\SEMESTER 8 (4C)\skripsi\code\code_mhs\2341720009\unclassified\tp07.ipynb,FAILED,Identifier normalization gagal
2026-03-04 11:19:48,D:\PUTRI\D4\SEMESTER 8 (4C)\skripsi\code\code_mhs\2341720009\unclassified\tp08.ipynb,INVALID,SyntaxError baris 1: invalid syntax
2026-03-04 11:19:48,D:\PUTRI\D4\SEMESTER 8 (4C)\skripsi\code\code_mhs\2341720009\unclassified\tp09.ipynb,SUCCESS,Preprocessing berhasil
2026-03-04 11:19:48,D:\PUTRI\D4\SEMESTER 8 (4C)\skripsi\code\code_mhs\2341720009\unclassified\tp10.ipynb,SUCCESS,Preprocessing berhasil
2026-03-04 11:19:48,D:\PUTRI\D4\SEMESTER 8 (4C)\skripsi\code\code_mhs\2341720009\unclassified\tp11.ipynb,FAILED,Tidak bisa membaca file
2026-03-04 11:19:48,D:\PUTRI\D4\SEMESTER 8 (4C)\skripsi\code\code_mhs\2341720009\uts\uts.ipynb,SUCCESS,Preprocessing berhasil
2026-03-04 11:19:48,D:\PUTRI\D4\SEMESTER 8 (4C)\skripsi\code\code_mhs\2341720011\kelompok\kelompok.ipynb,FAILED,Identifier normalization gagal
2026-03-04 11:19:48,D:\PUTRI\D4\SEMESTER 8 (4C)\skripsi\code\code_mhs\2341720011\kuis\kuis.ipynb,SUCCESS,Preprocessing berhasil
2026-03-04 11:19:48,D:\PUTRI\D4\SEMESTER 8 (4C)\skripsi\code\code_mhs\2341720011\pbl\pbl.ipynb,FAILED,Identifier normalization gagal
2026-03-04 11:19:48,D:\PUTRI\D4\SEMESTER 8 (4C)\skripsi\code\code_mhs\2341720011\unclassified\p01.ipynb,SUCCESS,Preprocessing berhasil
2026-03-04 11:19:48,D:\PUTRI\D4\SEMESTER 8 (4C)\skripsi\code\code_mhs\2341720011\unclassified\p02.ipynb,SUCCESS,Preprocessing berhasil
2026-03-04 11:19:48,D:\PUTRI\D4\SEMESTER 8 (4C)\skripsi\code\code_mhs\2341720011\unclassified\p03.ipynb,SUCCESS,Preprocessing berhasil
2026-03-04 11:19:48,D:\PUTRI\D4\SEMESTER 8 (4C)\skripsi\code\code_mhs\2341720011\unclassified\p04.ipynb,SUCCESS,Preprocessing berhasil
2026-03-04 11:19:48,D:\PUTRI\D4\SEMESTER 8 (4C)\skripsi\code\code_mhs\2341720011\unclassified\p05.ipynb,SUCCESS,Preprocessing berhasil
2026-03-04 11:19:48,D:\PUTRI\D4\SEMESTER 8 (4C)\skripsi\code\code_mhs\2341720011\unclassified\p06.ipynb,SUCCESS,Preprocessing berhasil
2026-03-04 11:19:48,D:\PUTRI\D4\SEMESTER 8 (4C)\skripsi\code\code_mhs\2341720011\unclassified\tp01.ipynb,SUCCESS,Preprocessing berhasil
2026-03-04 11:19:48,D:\PUTRI\D4\SEMESTER 8 (4C)\skripsi\code\code_mhs\2341720011\unclassified\tp02.ipynb,SUCCESS,Preprocessing berhasil
2026-03-04 11:19:48,D:\PUTRI\D4\SEMESTER 8 (4C)\skripsi\code\code_mhs\2341720011\unclassified\tp03.ipynb,SUCCESS,Preprocessing berhasil
2026-03-04 11:19:48,D:\PUTRI\D4\SEMESTER 8 (4C)\skripsi\code\code_mhs\2341720011\unclassified\tp04.ipynb,SUCCESS,Preprocessing berhasil
2026-03-04 11:19:48,D:\PUTRI\D4\SEMESTER 8 (4C)\skripsi\code\code_mhs\2341720011\unclassified\tp05.ipynb,SUCCESS,Preprocessing berhasil
2026-03-04 11:19:48,D:\PUTRI\D4\SEMESTER 8 (4C)\skripsi\code\code_mhs\2341720011\unclassified\tp06.ipynb,SUCCESS,Preprocessing berhasil
2026-03-04 11:19:48,D:\PUTRI\D4\SEMESTER 8 (4C)\skripsi\code\code_mhs\2341720011\unclassified\tp07.ipynb,SUCCESS,Preprocessing berhasil
2026-03-04 11:19:48,D:\PUTRI\D4\SEMESTER 8 (4C)\skripsi\code\code_mhs\2341720011\unclassified\tp08.ipynb,SUCCESS,Preprocessing berhasil
2026-03-04 11:19:49,D:\PUTRI\D4\SEMESTER 8 (4C)\skripsi\code\code_mhs\2341720011\unclassified\tp09.ipynb,SUCCESS,Preprocessing berhasil
2026-03-04 11:19:49,D:\PUTRI\D4\SEMESTER 8 (4C)\skripsi\code\code_mhs\2341720011\unclassified\tp10.ipynb,SUCCESS,Preprocessing berhasil
2026-03-04 11:19:49,D:\PUTRI\D4\SEMESTER 8 (4C)\skripsi\code\code_mhs\2341720011\unclassified\tp11.ipynb,SUCCESS,Preprocessing berhasil
2026-03-04 11:19:49,D:\PUTRI\D4\SEMESTER 8 (4C)\skripsi\code\code_mhs\2341720011\unclassified\tp12.ipynb,SUCCESS,Preprocessing berhasil
2026-03-04 11:19:49,D:\PUTRI\D4\SEMESTER 8 (4C)\skripsi\code\code_mhs\2341720017\kelompok\kelompok.ipynb,SUCCESS,Preprocessing berhasil
2026-03-04 11:19:50,D:\PUTRI\D4\SEMESTER 8 (4C)\skripsi\code\code_mhs\2341720017\kuis\kuis.ipynb,SUCCESS,Preprocessing berhasil
2026-03-04 11:19:50,D:\PUTRI\D4\SEMESTER 8 (4C)\skripsi\code\code_mhs\2341720017\m01\KEVIN_ADIKA_SAPUTRA_3G_JS01.ipynb,FAILED,Cleaning gagal
2026-03-04 11:19:51,D:\PUTRI\D4\SEMESTER 8 (4C)\skripsi\code\code_mhs\2341720017\m02\Kevin_Adika_Saputra_3G_JS02.ipynb,SUCCESS,Preprocessing berhasil
2026-03-04 11:19:51,D:\PUTRI\D4\SEMESTER 8 (4C)\skripsi\code\code_mhs\2341720017\m03\KEVIN_ADIKA_SAPUTRA_3G_JS03.ipynb,SUCCESS,Preprocessing berhasil
2026-03-04 11:19:52,D:\PUTRI\D4\SEMESTER 8 (4C)\skripsi\code\code_mhs\2341720017\m04\KEVIN_ADIKA_SAPUTRA_3G_JS4.ipynb,SUCCESS,Preprocessing berhasil
2026-03-04 11:19:52,D:\PUTRI\D4\SEMESTER 8 (4C)\skripsi\code\code_mhs\2341720017\m09\p01.ipynb,SUCCESS,Preprocessing berhasil
2026-03-04 11:19:52,D:\PUTRI\D4\SEMESTER 8 (4C)\skripsi\code\code_mhs\2341720017\m09\p02.ipynb,SUCCESS,Preprocessing berhasil
2026-03-04 11:19:52,D:\PUTRI\D4\SEMESTER 8 (4C)\skripsi\code\code_mhs\2341720017\m09\p03.ipynb,SUCCESS,Preprocessing berhasil
2026-03-04 11:19:52,D:\PUTRI\D4\SEMESTER 8 (4C)\skripsi\code\code_mhs\2341720017\m09\tp01.ipynb,SUCCESS,Preprocessing berhasil
2026-03-04 11:19:52,D:\PUTRI\D4\SEMESTER 8 (4C)\skripsi\code\code_mhs\2341720017\m09\tp02.ipynb,SUCCESS,Preprocessing berhasil
2026-03-04 11:19:52,D:\PUTRI\D4\SEMESTER 8 (4C)\skripsi\code\code_mhs\2341720017\m11\p01.ipynb,FAILED,Identifier normalization gagal
2026-03-04 11:19:52,D:\PUTRI\D4\SEMESTER 8 (4C)\skripsi\code\code_mhs\2341720017\m11\p02.ipynb,SUCCESS,Preprocessing berhasil
2026-03-04 11:19:52,D:\PUTRI\D4\SEMESTER 8 (4C)\skripsi\code\code_mhs\2341720017\m11\p03.ipynb,SUCCESS,Preprocessing berhasil
2026-03-04 11:19:52,D:\PUTRI\D4\SEMESTER 8 (4C)\skripsi\code\code_mhs\2341720017\m11\p04.ipynb,SUCCESS,Preprocessing berhasil
2026-03-04 11:19:52,D:\PUTRI\D4\SEMESTER 8 (4C)\skripsi\code\code_mhs\2341720017\m11\p05.ipynb,SUCCESS,Preprocessing berhasil
2026-03-04 11:19:52,D:\PUTRI\D4\SEMESTER 8 (4C)\skripsi\code\code_mhs\2341720017\m11\tp01.ipynb,SUCCESS,Preprocessing berhasil
2026-03-04 11:19:52,D:\PUTRI\D4\SEMESTER 8 (4C)\skripsi\code\code_mhs\2341720017\m13\p01.ipynb,SUCCESS,Preprocessing berhasil
2026-03-04 11:19:52,D:\PUTRI\D4\SEMESTER 8 (4C)\skripsi\code\code_mhs\2341720017\m13\p02.ipynb,SUCCESS,Preprocessing berhasil
2026-03-04 11:19:52,D:\PUTRI\D4\SEMESTER 8 (4C)\skripsi\code\code_mhs\2341720017\m13\p03.ipynb,SUCCESS,Preprocessing berhasil
2026-03-04 11:19:52,D:\PUTRI\D4\SEMESTER 8 (4C)\skripsi\code\code_mhs\2341720017\m13\tp01.ipynb,SUCCESS,Preprocessing berhasil
2026-03-04 11:19:52,D:\PUTRI\D4\SEMESTER 8 (4C)\skripsi\code\code_mhs\2341720017\m14\p01.ipynb,SUCCESS,Preprocessing berhasil
2026-03-04 11:19:52,D:\PUTRI\D4\SEMESTER 8 (4C)\skripsi\code\code_mhs\2341720017\m14\p02.ipynb,SUCCESS,Preprocessing berhasil
2026-03-04 11:19:53,D:\PUTRI\D4\SEMESTER 8 (4C)\skripsi\code\code_mhs\2341720017\m14\tp01.ipynb,SUCCESS,Preprocessing berhasil
2026-03-04 11:19:53,D:\PUTRI\D4\SEMESTER 8 (4C)\skripsi\code\code_mhs\2341720017\m15\p01.ipynb,SUCCESS,Preprocessing berhasil
2026-03-04 11:19:53,D:\PUTRI\D4\SEMESTER 8 (4C)\skripsi\code\code_mhs\2341720017\unclassified\KEVIN_ADIKA_SAPUTRA_3G_06.ipynb,SUCCESS,Preprocessing berhasil
2026-03-04 11:19:53,D:\PUTRI\D4\SEMESTER 8 (4C)\skripsi\code\code_mhs\2341720017\unclassified\KEVIN_ADIKA_SAPUTRA_3G_JS_05.ipynb,SUCCESS,Preprocessing berhasil
2026-03-04 11:19:53,D:\PUTRI\D4\SEMESTER 8 (4C)\skripsi\code\code_mhs\2341720028\m01\p02.ipynb,SUCCESS,Preprocessing berhasil
2026-03-04 11:19:53,D:\PUTRI\D4\SEMESTER 8 (4C)\skripsi\code\code_mhs\2341720028\m01\tp01.ipynb,INVALID,File kosong
2026-03-04 11:19:53,D:\PUTRI\D4\SEMESTER 8 (4C)\skripsi\code\code_mhs\2341720028\m02\p01.ipynb,SUCCESS,Preprocessing berhasil
2026-03-04 11:19:53,D:\PUTRI\D4\SEMESTER 8 (4C)\skripsi\code\code_mhs\2341720028\m02\p02.ipynb,SUCCESS,Preprocessing berhasil
2026-03-04 11:19:53,D:\PUTRI\D4\SEMESTER 8 (4C)\skripsi\code\code_mhs\2341720028\m02\p03.ipynb,SUCCESS,Preprocessing berhasil
2026-03-04 11:19:53,D:\PUTRI\D4\SEMESTER 8 (4C)\skripsi\code\code_mhs\2341720028\m02\p04.ipynb,SUCCESS,Preprocessing berhasil
2026-03-04 11:19:53,D:\PUTRI\D4\SEMESTER 8 (4C)\skripsi\code\code_mhs\2341720028\m02\tp01.ipynb,SUCCESS,Preprocessing berhasil
2026-03-04 11:19:53,D:\PUTRI\D4\SEMESTER 8 (4C)\skripsi\code\code_mhs\2341720028\m03\p01.ipynb,SUCCESS,Preprocessing berhasil
2026-03-04 11:19:53,D:\PUTRI\D4\SEMESTER 8 (4C)\skripsi\code\code_mhs\2341720028\m03\p02.ipynb,SUCCESS,Preprocessing berhasil
2026-03-04 11:19:53,D:\PUTRI\D4\SEMESTER 8 (4C)\skripsi\code\code_mhs\2341720028\m03\p03.ipynb,SUCCESS,Preprocessing berhasil
2026-03-04 11:19:53,D:\PUTRI\D4\SEMESTER 8 (4C)\skripsi\code\code_mhs\2341720028\m03\p04.ipynb,SUCCESS,Preprocessing berhasil
2026-03-04 11:19:54,D:\PUTRI\D4\SEMESTER 8 (4C)\skripsi\code\code_mhs\2341720028\m03\tp01.ipynb,SUCCESS,Preprocessing berhasil
2026-03-04 11:19:54,D:\PUTRI\D4\SEMESTER 8 (4C)\skripsi\code\code_mhs\2341720028\m04\p01.ipynb,SUCCESS,Preprocessing berhasil
2026-03-04 11:19:54,D:\PUTRI\D4\SEMESTER 8 (4C)\skripsi\code\code_mhs\2341720028\m04\p02.ipynb,SUCCESS,Preprocessing berhasil
2026-03-04 11:19:54,D:\PUTRI\D4\SEMESTER 8 (4C)\skripsi\code\code_mhs\2341720028\m04\p03.ipynb,SUCCESS,Preprocessing berhasil
2026-03-04 11:19:54,D:\PUTRI\D4\SEMESTER 8 (4C)\skripsi\code\code_mhs\2341720028\m04\tp01.ipynb,SUCCESS,Preprocessing berhasil
2026-03-04 11:19:54,D:\PUTRI\D4\SEMESTER 8 (4C)\skripsi\code\code_mhs\2341720028\m04\tp02.ipynb,SUCCESS,Preprocessing berhasil
2026-03-04 11:19:54,D:\PUTRI\D4\SEMESTER 8 (4C)\skripsi\code\code_mhs\2341720028\m05\p01.ipynb,SUCCESS,Preprocessing berhasil
2026-03-04 11:19:54,D:\PUTRI\D4\SEMESTER 8 (4C)\skripsi\code\code_mhs\2341720028\m05\p02.ipynb,SUCCESS,Preprocessing berhasil
2026-03-04 11:19:54,D:\PUTRI\D4\SEMESTER 8 (4C)\skripsi\code\code_mhs\2341720028\m05\tp01.ipynb,SUCCESS,Preprocessing berhasil
2026-03-04 11:19:54,D:\PUTRI\D4\SEMESTER 8 (4C)\skripsi\code\code_mhs\2341720028\m06\p01.ipynb,SUCCESS,Preprocessing berhasil
2026-03-04 11:19:54,D:\PUTRI\D4\SEMESTER 8 (4C)\skripsi\code\code_mhs\2341720028\m06\p02.ipynb,SUCCESS,Preprocessing berhasil
2026-03-04 11:19:54,D:\PUTRI\D4\SEMESTER 8 (4C)\skripsi\code\code_mhs\2341720028\m07\p01.ipynb,FAILED,Identifier normalization gagal
2026-03-04 11:19:54,D:\PUTRI\D4\SEMESTER 8 (4C)\skripsi\code\code_mhs\2341720028\m07\p02.ipynb,SUCCESS,Preprocessing berhasil
2026-03-04 11:19:55,D:\PUTRI\D4\SEMESTER 8 (4C)\skripsi\code\code_mhs\2341720028\m07\p03.ipynb,SUCCESS,Preprocessing berhasil
2026-03-04 11:19:55,D:\PUTRI\D4\SEMESTER 8 (4C)\skripsi\code\code_mhs\2341720028\m07\p04.ipynb,SUCCESS,Preprocessing berhasil
2026-03-04 11:19:55,D:\PUTRI\D4\SEMESTER 8 (4C)\skripsi\code\code_mhs\2341720028\m07\p05.ipynb,SUCCESS,Preprocessing berhasil
2026-03-04 11:19:55,D:\PUTRI\D4\SEMESTER 8 (4C)\skripsi\code\code_mhs\2341720028\m07\p06.ipynb,SUCCESS,Preprocessing berhasil
2026-03-04 11:19:55,D:\PUTRI\D4\SEMESTER 8 (4C)\skripsi\code\code_mhs\2341720028\m08\tp01.ipynb,FAILED,Identifier normalization gagal
2026-03-04 11:19:55,D:\PUTRI\D4\SEMESTER 8 (4C)\skripsi\code\code_mhs\2341720028\m09\p01.ipynb,SUCCESS,Preprocessing berhasil
2026-03-04 11:19:55,D:\PUTRI\D4\SEMESTER 8 (4C)\skripsi\code\code_mhs\2341720028\m09\p02.ipynb,SUCCESS,Preprocessing berhasil
2026-03-04 11:19:55,D:\PUTRI\D4\SEMESTER 8 (4C)\skripsi\code\code_mhs\2341720028\m09\p03.ipynb,SUCCESS,Preprocessing berhasil
2026-03-04 11:19:55,D:\PUTRI\D4\SEMESTER 8 (4C)\skripsi\code\code_mhs\2341720028\m09\tp01.ipynb,FAILED,Identifier normalization gagal
2026-03-04 11:19:55,D:\PUTRI\D4\SEMESTER 8 (4C)\skripsi\code\code_mhs\2341720028\m09\tp02.ipynb,SUCCESS,Preprocessing berhasil
2026-03-04 11:19:55,D:\PUTRI\D4\SEMESTER 8 (4C)\skripsi\code\code_mhs\2341720028\m11\p01.ipynb,FAILED,Identifier normalization gagal
2026-03-04 11:19:55,D:\PUTRI\D4\SEMESTER 8 (4C)\skripsi\code\code_mhs\2341720028\m11\p02.ipynb,SUCCESS,Preprocessing berhasil
2026-03-04 11:19:55,D:\PUTRI\D4\SEMESTER 8 (4C)\skripsi\code\code_mhs\2341720028\m11\p03.ipynb,SUCCESS,Preprocessing berhasil
2026-03-04 11:19:55,D:\PUTRI\D4\SEMESTER 8 (4C)\skripsi\code\code_mhs\2341720028\m11\p04.ipynb,SUCCESS,Preprocessing berhasil
2026-03-04 11:19:55,D:\PUTRI\D4\SEMESTER 8 (4C)\skripsi\code\code_mhs\2341720028\m11\p05.ipynb,SUCCESS,Preprocessing berhasil
2026-03-04 11:19:55,D:\PUTRI\D4\SEMESTER 8 (4C)\skripsi\code\code_mhs\2341720028\m11\tp01.ipynb,SUCCESS,Preprocessing berhasil
2026-03-04 11:19:55,D:\PUTRI\D4\SEMESTER 8 (4C)\skripsi\code\code_mhs\2341720028\m13\p01.ipynb,SUCCESS,Preprocessing berhasil
2026-03-04 11:19:55,D:\PUTRI\D4\SEMESTER 8 (4C)\skripsi\code\code_mhs\2341720028\m13\p02.ipynb,SUCCESS,Preprocessing berhasil
2026-03-04 11:19:55,D:\PUTRI\D4\SEMESTER 8 (4C)\skripsi\code\code_mhs\2341720028\m13\p03.ipynb,SUCCESS,Preprocessing berhasil
2026-03-04 11:19:55,D:\PUTRI\D4\SEMESTER 8 (4C)\skripsi\code\code_mhs\2341720028\m13\tp01.ipynb,SUCCESS,Preprocessing berhasil
2026-03-04 11:19:55,D:\PUTRI\D4\SEMESTER 8 (4C)\skripsi\code\code_mhs\2341720028\m14\p01.ipynb,SUCCESS,Preprocessing berhasil
2026-03-04 11:19:55,D:\PUTRI\D4\SEMESTER 8 (4C)\skripsi\code\code_mhs\2341720028\m14\p02.ipynb,SUCCESS,Preprocessing berhasil
2026-03-04 11:19:56,D:\PUTRI\D4\SEMESTER 8 (4C)\skripsi\code\code_mhs\2341720028\m14\tp01.ipynb,SUCCESS,Preprocessing berhasil
2026-03-04 11:19:56,D:\PUTRI\D4\SEMESTER 8 (4C)\skripsi\code\code_mhs\2341720028\m15\app.py,SUCCESS,Preprocessing berhasil
2026-03-04 11:19:56,D:\PUTRI\D4\SEMESTER 8 (4C)\skripsi\code\code_mhs\2341720028\m15\p01.ipynb,SUCCESS,Preprocessing berhasil
2026-03-04 11:19:56,D:\PUTRI\D4\SEMESTER 8 (4C)\skripsi\code\code_mhs\2341720028\pbl\pbl.ipynb,FAILED,Identifier normalization gagal
2026-03-04 11:19:56,D:\PUTRI\D4\SEMESTER 8 (4C)\skripsi\code\code_mhs\2341720028\unclassified\DEMO-PARK-1.ipynb,INVALID,File kosong
2026-03-04 11:19:56,D:\PUTRI\D4\SEMESTER 8 (4C)\skripsi\code\code_mhs\2341720028\unclassified\Modul03_1.ipynb,SUCCESS,Preprocessing berhasil
2026-03-04 11:19:56,D:\PUTRI\D4\SEMESTER 8 (4C)\skripsi\code\code_mhs\2341720028\unclassified\Modul03_2.ipynb,SUCCESS,Preprocessing berhasil
2026-03-04 11:19:56,D:\PUTRI\D4\SEMESTER 8 (4C)\skripsi\code\code_mhs\2341720028\unclassified\modul03_3.ipynb,SUCCESS,Preprocessing berhasil
2026-03-04 11:19:56,D:\PUTRI\D4\SEMESTER 8 (4C)\skripsi\code\code_mhs\2341720028\unclassified\modul03_4.ipynb,SUCCESS,Preprocessing berhasil
2026-03-04 11:19:56,D:\PUTRI\D4\SEMESTER 8 (4C)\skripsi\code\code_mhs\2341720028\unclassified\Tugas.ipynb,SUCCESS,Preprocessing berhasil
2026-03-04 11:19:56,D:\PUTRI\D4\SEMESTER 8 (4C)\skripsi\code\code_mhs\2341720032\m01\p01.ipynb,INVALID,File kosong
2026-03-04 11:19:56,D:\PUTRI\D4\SEMESTER 8 (4C)\skripsi\code\code_mhs\2341720032\m01\TG_JS01.ipynb,SUCCESS,Preprocessing berhasil
2026-03-04 11:19:56,D:\PUTRI\D4\SEMESTER 8 (4C)\skripsi\code\code_mhs\2341720032\m02\p01.ipynb,SUCCESS,Preprocessing berhasil
2026-03-04 11:19:56,D:\PUTRI\D4\SEMESTER 8 (4C)\skripsi\code\code_mhs\2341720032\m02\p02.ipynb,SUCCESS,Preprocessing berhasil
2026-03-04 11:19:56,D:\PUTRI\D4\SEMESTER 8 (4C)\skripsi\code\code_mhs\2341720032\m02\p03.ipynb,SUCCESS,Preprocessing berhasil
2026-03-04 11:19:57,D:\PUTRI\D4\SEMESTER 8 (4C)\skripsi\code\code_mhs\2341720032\m02\p04.ipynb,SUCCESS,Preprocessing berhasil
2026-03-04 11:19:57,D:\PUTRI\D4\SEMESTER 8 (4C)\skripsi\code\code_mhs\2341720032\m02\TG_JS02.ipynb,SUCCESS,Preprocessing berhasil
2026-03-04 11:19:57,D:\PUTRI\D4\SEMESTER 8 (4C)\skripsi\code\code_mhs\2341720032\m03\p01.ipynb,SUCCESS,Preprocessing berhasil
2026-03-04 11:19:57,D:\PUTRI\D4\SEMESTER 8 (4C)\skripsi\code\code_mhs\2341720032\m03\p02.ipynb,SUCCESS,Preprocessing berhasil
2026-03-04 11:19:57,D:\PUTRI\D4\SEMESTER 8 (4C)\skripsi\code\code_mhs\2341720032\m03\p03.ipynb,SUCCESS,Preprocessing berhasil
2026-03-04 11:19:57,D:\PUTRI\D4\SEMESTER 8 (4C)\skripsi\code\code_mhs\2341720032\m03\p04.ipynb,SUCCESS,Preprocessing berhasil
2026-03-04 11:19:57,D:\PUTRI\D4\SEMESTER 8 (4C)\skripsi\code\code_mhs\2341720032\m03\TG_JS03.ipynb,SUCCESS,Preprocessing berhasil
2026-03-04 11:19:57,D:\PUTRI\D4\SEMESTER 8 (4C)\skripsi\code\code_mhs\2341720032\m04\p01.ipynb,SUCCESS,Preprocessing berhasil
2026-03-04 11:19:57,D:\PUTRI\D4\SEMESTER 8 (4C)\skripsi\code\code_mhs\2341720032\m04\p02.ipynb,SUCCESS,Preprocessing berhasil
2026-03-04 11:19:57,D:\PUTRI\D4\SEMESTER 8 (4C)\skripsi\code\code_mhs\2341720032\m04\p03.ipynb,FAILED,Identifier normalization gagal
2026-03-04 11:19:57,D:\PUTRI\D4\SEMESTER 8 (4C)\skripsi\code\code_mhs\2341720032\m04\TG_JS04.ipynb,SUCCESS,Preprocessing berhasil
2026-03-04 11:19:57,D:\PUTRI\D4\SEMESTER 8 (4C)\skripsi\code\code_mhs\2341720032\m05\p01.ipynb,SUCCESS,Preprocessing berhasil
2026-03-04 11:19:57,D:\PUTRI\D4\SEMESTER 8 (4C)\skripsi\code\code_mhs\2341720032\m05\tp01.ipynb,SUCCESS,Preprocessing berhasil
2026-03-04 11:19:57,D:\PUTRI\D4\SEMESTER 8 (4C)\skripsi\code\code_mhs\2341720032\m06\p01.ipynb,SUCCESS,Preprocessing berhasil
2026-03-04 11:19:57,D:\PUTRI\D4\SEMESTER 8 (4C)\skripsi\code\code_mhs\2341720032\m06\p02.ipynb,SUCCESS,Preprocessing berhasil
2026-03-04 11:19:57,D:\PUTRI\D4\SEMESTER 8 (4C)\skripsi\code\code_mhs\2341720032\m06\tp01.ipynb,SUCCESS,Preprocessing berhasil
2026-03-04 11:19:57,D:\PUTRI\D4\SEMESTER 8 (4C)\skripsi\code\code_mhs\2341720032\m07\p01.ipynb,SUCCESS,Preprocessing berhasil
2026-03-04 11:19:58,D:\PUTRI\D4\SEMESTER 8 (4C)\skripsi\code\code_mhs\2341720032\m07\p02.ipynb,SUCCESS,Preprocessing berhasil
2026-03-04 11:19:58,D:\PUTRI\D4\SEMESTER 8 (4C)\skripsi\code\code_mhs\2341720032\m07\p03.ipynb,SUCCESS,Preprocessing berhasil
2026-03-04 11:19:58,D:\PUTRI\D4\SEMESTER 8 (4C)\skripsi\code\code_mhs\2341720032\m07\p04.ipynb,SUCCESS,Preprocessing berhasil
2026-03-04 11:19:58,D:\PUTRI\D4\SEMESTER 8 (4C)\skripsi\code\code_mhs\2341720032\m07\p05.ipynb,SUCCESS,Preprocessing berhasil
2026-03-04 11:19:58,D:\PUTRI\D4\SEMESTER 8 (4C)\skripsi\code\code_mhs\2341720032\m07\p06.ipynb,SUCCESS,Preprocessing berhasil
2026-03-04 11:19:58,D:\PUTRI\D4\SEMESTER 8 (4C)\skripsi\code\code_mhs\2341720032\m07\tp01.ipynb,SUCCESS,Preprocessing berhasil
2026-03-04 11:19:58,D:\PUTRI\D4\SEMESTER 8 (4C)\skripsi\code\code_mhs\2341720032\m08\tp01.ipynb,SUCCESS,Preprocessing berhasil
2026-03-04 11:19:58,D:\PUTRI\D4\SEMESTER 8 (4C)\skripsi\code\code_mhs\2341720032\m09\p01.ipynb,SUCCESS,Preprocessing berhasil
2026-03-04 11:19:59,D:\PUTRI\D4\SEMESTER 8 (4C)\skripsi\code\code_mhs\2341720032\m09\p02.ipynb,SUCCESS,Preprocessing berhasil
2026-03-04 11:19:59,D:\PUTRI\D4\SEMESTER 8 (4C)\skripsi\code\code_mhs\2341720032\m09\p03.ipynb,SUCCESS,Preprocessing berhasil
2026-03-04 11:19:59,D:\PUTRI\D4\SEMESTER 8 (4C)\skripsi\code\code_mhs\2341720032\m09\tp01.ipynb,SUCCESS,Preprocessing berhasil
2026-03-04 11:19:59,D:\PUTRI\D4\SEMESTER 8 (4C)\skripsi\code\code_mhs\2341720032\m09\tp02.ipynb,FAILED,Identifier normalization gagal
2026-03-04 11:19:59,D:\PUTRI\D4\SEMESTER 8 (4C)\skripsi\code\code_mhs\2341720032\m11\p01.ipynb,FAILED,Identifier normalization gagal
2026-03-04 11:19:59,D:\PUTRI\D4\SEMESTER 8 (4C)\skripsi\code\code_mhs\2341720032\m11\p02.ipynb,SUCCESS,Preprocessing berhasil
2026-03-04 11:20:00,D:\PUTRI\D4\SEMESTER 8 (4C)\skripsi\code\code_mhs\2341720032\m11\p03.ipynb,SUCCESS,Preprocessing berhasil
2026-03-04 11:20:00,D:\PUTRI\D4\SEMESTER 8 (4C)\skripsi\code\code_mhs\2341720032\m11\p04.ipynb,SUCCESS,Preprocessing berhasil
2026-03-04 11:20:00,D:\PUTRI\D4\SEMESTER 8 (4C)\skripsi\code\code_mhs\2341720032\m11\p05.ipynb,SUCCESS,Preprocessing berhasil
2026-03-04 11:20:00,D:\PUTRI\D4\SEMESTER 8 (4C)\skripsi\code\code_mhs\2341720032\m11\tp01.ipynb,FAILED,Identifier normalization gagal
2026-03-04 11:20:00,D:\PUTRI\D4\SEMESTER 8 (4C)\skripsi\code\code_mhs\2341720032\m13\tp01.ipynb,SUCCESS,Preprocessing berhasil
2026-03-04 11:20:00,D:\PUTRI\D4\SEMESTER 8 (4C)\skripsi\code\code_mhs\2341720032\m14\p01.ipynb,SUCCESS,Preprocessing berhasil
2026-03-04 11:20:00,D:\PUTRI\D4\SEMESTER 8 (4C)\skripsi\code\code_mhs\2341720032\m14\p02.ipynb,SUCCESS,Preprocessing berhasil
2026-03-04 11:20:00,D:\PUTRI\D4\SEMESTER 8 (4C)\skripsi\code\code_mhs\2341720032\m14\tp01.ipynb,SUCCESS,Preprocessing berhasil
2026-03-04 11:20:00,D:\PUTRI\D4\SEMESTER 8 (4C)\skripsi\code\code_mhs\2341720032\m15\p01.ipynb,SUCCESS,Preprocessing berhasil
2026-03-04 11:20:00,D:\PUTRI\D4\SEMESTER 8 (4C)\skripsi\code\code_mhs\2341720032\m15\p02.ipynb,INVALID,File kosong
2026-03-04 11:20:00,D:\PUTRI\D4\SEMESTER 8 (4C)\skripsi\code\code_mhs\2341720032\m15\tp01.ipynb,INVALID,File kosong
2026-03-04 11:20:01,D:\PUTRI\D4\SEMESTER 8 (4C)\skripsi\code\code_mhs\2341720032\pbl\pbl.ipynb,SUCCESS,Preprocessing berhasil
2026-03-04 11:20:01,D:\PUTRI\D4\SEMESTER 8 (4C)\skripsi\code\code_mhs\2341720035\kuis\kuis.ipynb,SUCCESS,Preprocessing berhasil
2026-03-04 11:20:01,D:\PUTRI\D4\SEMESTER 8 (4C)\skripsi\code\code_mhs\2341720035\m02\p01.ipynb,SUCCESS,Preprocessing berhasil
2026-03-04 11:20:01,D:\PUTRI\D4\SEMESTER 8 (4C)\skripsi\code\code_mhs\2341720035\m02\p02.ipynb,SUCCESS,Preprocessing berhasil
2026-03-04 11:20:02,D:\PUTRI\D4\SEMESTER 8 (4C)\skripsi\code\code_mhs\2341720035\m02\p03.ipynb,SUCCESS,Preprocessing berhasil
2026-03-04 11:20:02,D:\PUTRI\D4\SEMESTER 8 (4C)\skripsi\code\code_mhs\2341720035\m02\p04.ipynb,SUCCESS,Preprocessing berhasil
2026-03-04 11:20:02,D:\PUTRI\D4\SEMESTER 8 (4C)\skripsi\code\code_mhs\2341720035\m02\tp01.ipynb,SUCCESS,Preprocessing berhasil
2026-03-04 11:20:02,D:\PUTRI\D4\SEMESTER 8 (4C)\skripsi\code\code_mhs\2341720035\m03\p01.ipynb,SUCCESS,Preprocessing berhasil
2026-03-04 11:20:02,D:\PUTRI\D4\SEMESTER 8 (4C)\skripsi\code\code_mhs\2341720035\m03\p02.ipynb,SUCCESS,Preprocessing berhasil
2026-03-04 11:20:02,D:\PUTRI\D4\SEMESTER 8 (4C)\skripsi\code\code_mhs\2341720035\m03\p03.ipynb,SUCCESS,Preprocessing berhasil
2026-03-04 11:20:02,D:\PUTRI\D4\SEMESTER 8 (4C)\skripsi\code\code_mhs\2341720035\m03\p04.ipynb,SUCCESS,Preprocessing berhasil
2026-03-04 11:20:02,D:\PUTRI\D4\SEMESTER 8 (4C)\skripsi\code\code_mhs\2341720035\m03\tp01.ipynb,SUCCESS,Preprocessing berhasil
2026-03-04 11:20:02,D:\PUTRI\D4\SEMESTER 8 (4C)\skripsi\code\code_mhs\2341720035\m04\p01.ipynb,SUCCESS,Preprocessing berhasil
2026-03-04 11:20:02,D:\PUTRI\D4\SEMESTER 8 (4C)\skripsi\code\code_mhs\2341720035\m04\p02.ipynb,SUCCESS,Preprocessing berhasil
2026-03-04 11:20:02,D:\PUTRI\D4\SEMESTER 8 (4C)\skripsi\code\code_mhs\2341720035\m04\p03.ipynb,SUCCESS,Preprocessing berhasil
2026-03-04 11:20:02,D:\PUTRI\D4\SEMESTER 8 (4C)\skripsi\code\code_mhs\2341720035\m04\tp01.ipynb,SUCCESS,Preprocessing berhasil
2026-03-04 11:20:02,D:\PUTRI\D4\SEMESTER 8 (4C)\skripsi\code\code_mhs\2341720035\m05\p01.ipynb,SUCCESS,Preprocessing berhasil
2026-03-04 11:20:03,D:\PUTRI\D4\SEMESTER 8 (4C)\skripsi\code\code_mhs\2341720035\m05\p02.ipynb,SUCCESS,Preprocessing berhasil
2026-03-04 11:20:03,D:\PUTRI\D4\SEMESTER 8 (4C)\skripsi\code\code_mhs\2341720035\m05\tp01.ipynb,SUCCESS,Preprocessing berhasil
2026-03-04 11:20:03,D:\PUTRI\D4\SEMESTER 8 (4C)\skripsi\code\code_mhs\2341720035\m06\p01.ipynb,SUCCESS,Preprocessing berhasil
2026-03-04 11:20:03,D:\PUTRI\D4\SEMESTER 8 (4C)\skripsi\code\code_mhs\2341720035\m06\p02.ipynb,SUCCESS,Preprocessing berhasil
2026-03-04 11:20:03,D:\PUTRI\D4\SEMESTER 8 (4C)\skripsi\code\code_mhs\2341720035\m06\tp01.ipynb,SUCCESS,Preprocessing berhasil
2026-03-04 11:20:03,D:\PUTRI\D4\SEMESTER 8 (4C)\skripsi\code\code_mhs\2341720035\m07\p01.ipynb,SUCCESS,Preprocessing berhasil
2026-03-04 11:20:03,D:\PUTRI\D4\SEMESTER 8 (4C)\skripsi\code\code_mhs\2341720035\m07\p02.ipynb,SUCCESS,Preprocessing berhasil
2026-03-04 11:20:03,D:\PUTRI\D4\SEMESTER 8 (4C)\skripsi\code\code_mhs\2341720035\m07\p03.ipynb,SUCCESS,Preprocessing berhasil
2026-03-04 11:20:03,D:\PUTRI\D4\SEMESTER 8 (4C)\skripsi\code\code_mhs\2341720035\m07\p04.ipynb,SUCCESS,Preprocessing berhasil
2026-03-04 11:20:03,D:\PUTRI\D4\SEMESTER 8 (4C)\skripsi\code\code_mhs\2341720035\m07\p05.ipynb,SUCCESS,Preprocessing berhasil
2026-03-04 11:20:03,D:\PUTRI\D4\SEMESTER 8 (4C)\skripsi\code\code_mhs\2341720035\m07\p06.ipynb,SUCCESS,Preprocessing berhasil
2026-03-04 11:20:03,D:\PUTRI\D4\SEMESTER 8 (4C)\skripsi\code\code_mhs\2341720035\m07\tp01.ipynb,SUCCESS,Preprocessing berhasil
2026-03-04 11:20:03,D:\PUTRI\D4\SEMESTER 8 (4C)\skripsi\code\code_mhs\2341720035\m08\tp01.ipynb,SUCCESS,Preprocessing berhasil
2026-03-04 11:20:03,D:\PUTRI\D4\SEMESTER 8 (4C)\skripsi\code\code_mhs\2341720035\m09\p01.ipynb,SUCCESS,Preprocessing berhasil
2026-03-04 11:20:03,D:\PUTRI\D4\SEMESTER 8 (4C)\skripsi\code\code_mhs\2341720035\m09\p02.ipynb,SUCCESS,Preprocessing berhasil
2026-03-04 11:20:03,D:\PUTRI\D4\SEMESTER 8 (4C)\skripsi\code\code_mhs\2341720035\m09\p03.ipynb,SUCCESS,Preprocessing berhasil
2026-03-04 11:20:03,D:\PUTRI\D4\SEMESTER 8 (4C)\skripsi\code\code_mhs\2341720035\m09\tp01.ipynb,SUCCESS,Preprocessing berhasil
2026-03-04 11:20:03,D:\PUTRI\D4\SEMESTER 8 (4C)\skripsi\code\code_mhs\2341720035\m09\tp02.ipynb,SUCCESS,Preprocessing berhasil
2026-03-04 11:20:03,D:\PUTRI\D4\SEMESTER 8 (4C)\skripsi\code\code_mhs\2341720035\m11\p01.ipynb,FAILED,Identifier normalization gagal
2026-03-04 11:20:03,D:\PUTRI\D4\SEMESTER 8 (4C)\skripsi\code\code_mhs\2341720035\m11\p02.ipynb,SUCCESS,Preprocessing berhasil
2026-03-04 11:20:03,D:\PUTRI\D4\SEMESTER 8 (4C)\skripsi\code\code_mhs\2341720035\m11\p03.ipynb,SUCCESS,Preprocessing berhasil
2026-03-04 11:20:04,D:\PUTRI\D4\SEMESTER 8 (4C)\skripsi\code\code_mhs\2341720035\m11\p04.ipynb,SUCCESS,Preprocessing berhasil
2026-03-04 11:20:04,D:\PUTRI\D4\SEMESTER 8 (4C)\skripsi\code\code_mhs\2341720035\m11\p05.ipynb,SUCCESS,Preprocessing berhasil
2026-03-04 11:20:04,D:\PUTRI\D4\SEMESTER 8 (4C)\skripsi\code\code_mhs\2341720035\m11\tp01.ipynb,SUCCESS,Preprocessing berhasil
2026-03-04 11:20:04,D:\PUTRI\D4\SEMESTER 8 (4C)\skripsi\code\code_mhs\2341720035\m13\p01.ipynb,SUCCESS,Preprocessing berhasil
2026-03-04 11:20:04,D:\PUTRI\D4\SEMESTER 8 (4C)\skripsi\code\code_mhs\2341720035\m13\p02.ipynb,SUCCESS,Preprocessing berhasil
2026-03-04 11:20:04,D:\PUTRI\D4\SEMESTER 8 (4C)\skripsi\code\code_mhs\2341720035\m13\p03.ipynb,SUCCESS,Preprocessing berhasil
2026-03-04 11:20:04,D:\PUTRI\D4\SEMESTER 8 (4C)\skripsi\code\code_mhs\2341720035\m13\tp01.ipynb,SUCCESS,Preprocessing berhasil
2026-03-04 11:20:04,D:\PUTRI\D4\SEMESTER 8 (4C)\skripsi\code\code_mhs\2341720035\m14\p01.ipynb,SUCCESS,Preprocessing berhasil
2026-03-04 11:20:04,D:\PUTRI\D4\SEMESTER 8 (4C)\skripsi\code\code_mhs\2341720035\m14\p02.ipynb,SUCCESS,Preprocessing berhasil
2026-03-04 11:20:04,D:\PUTRI\D4\SEMESTER 8 (4C)\skripsi\code\code_mhs\2341720035\m14\tp01.ipynb,SUCCESS,Preprocessing berhasil
2026-03-04 11:20:04,D:\PUTRI\D4\SEMESTER 8 (4C)\skripsi\code\code_mhs\2341720035\m15\p01.ipynb,SUCCESS,Preprocessing berhasil
2026-03-04 11:20:04,D:\PUTRI\D4\SEMESTER 8 (4C)\skripsi\code\code_mhs\2341720035\unclassified\app.py,SUCCESS,Preprocessing berhasil
2026-03-04 11:20:04,D:\PUTRI\D4\SEMESTER 8 (4C)\skripsi\code\code_mhs\2341720035\unclassified\GempaCihuy.ipynb,SUCCESS,Preprocessing berhasil
2026-03-04 11:20:04,D:\PUTRI\D4\SEMESTER 8 (4C)\skripsi\code\code_mhs\2341720035\unclassified\TG1_2341720035_Ghoffar_Abdul_Ja'far.ipynb,INVALID,File kosong
2026-03-04 11:20:04,D:\PUTRI\D4\SEMESTER 8 (4C)\skripsi\code\code_mhs\2341720040\m01\p01.ipynb,SUCCESS,Preprocessing berhasil
2026-03-04 11:20:04,D:\PUTRI\D4\SEMESTER 8 (4C)\skripsi\code\code_mhs\2341720040\m02\p01.ipynb,SUCCESS,Preprocessing berhasil
2026-03-04 11:20:04,D:\PUTRI\D4\SEMESTER 8 (4C)\skripsi\code\code_mhs\2341720040\m02\p02.ipynb,SUCCESS,Preprocessing berhasil
2026-03-04 11:20:04,D:\PUTRI\D4\SEMESTER 8 (4C)\skripsi\code\code_mhs\2341720040\m02\p03.ipynb,SUCCESS,Preprocessing berhasil
2026-03-04 11:20:04,D:\PUTRI\D4\SEMESTER 8 (4C)\skripsi\code\code_mhs\2341720040\m02\p04.ipynb,SUCCESS,Preprocessing berhasil
2026-03-04 11:20:04,D:\PUTRI\D4\SEMESTER 8 (4C)\skripsi\code\code_mhs\2341720040\m03\p01.ipynb,SUCCESS,Preprocessing berhasil
2026-03-04 11:20:04,D:\PUTRI\D4\SEMESTER 8 (4C)\skripsi\code\code_mhs\2341720040\m03\p02.ipynb,SUCCESS,Preprocessing berhasil
2026-03-04 11:20:04,D:\PUTRI\D4\SEMESTER 8 (4C)\skripsi\code\code_mhs\2341720040\m03\p03.ipynb,SUCCESS,Preprocessing berhasil
2026-03-04 11:20:04,D:\PUTRI\D4\SEMESTER 8 (4C)\skripsi\code\code_mhs\2341720040\m03\tp01.ipynb,SUCCESS,Preprocessing berhasil
2026-03-04 11:20:04,D:\PUTRI\D4\SEMESTER 8 (4C)\skripsi\code\code_mhs\2341720040\m05\p01.ipynb,INVALID,SyntaxError baris 2: invalid syntax
2026-03-04 11:20:04,D:\PUTRI\D4\SEMESTER 8 (4C)\skripsi\code\code_mhs\2341720040\m05\p02.ipynb,SUCCESS,Preprocessing berhasil
2026-03-04 11:20:04,D:\PUTRI\D4\SEMESTER 8 (4C)\skripsi\code\code_mhs\2341720040\m05\p03.ipynb,SUCCESS,Preprocessing berhasil
2026-03-04 11:20:04,D:\PUTRI\D4\SEMESTER 8 (4C)\skripsi\code\code_mhs\2341720040\m05\tp01.ipynb,SUCCESS,Preprocessing berhasil
2026-03-04 11:20:05,D:\PUTRI\D4\SEMESTER 8 (4C)\skripsi\code\code_mhs\2341720040\m06\p01.ipynb,SUCCESS,Preprocessing berhasil
2026-03-04 11:20:05,D:\PUTRI\D4\SEMESTER 8 (4C)\skripsi\code\code_mhs\2341720040\m06\p02.ipynb,SUCCESS,Preprocessing berhasil
2026-03-04 11:20:05,D:\PUTRI\D4\SEMESTER 8 (4C)\skripsi\code\code_mhs\2341720040\m06\p03.ipynb,SUCCESS,Preprocessing berhasil
2026-03-04 11:20:05,D:\PUTRI\D4\SEMESTER 8 (4C)\skripsi\code\code_mhs\2341720040\m06\p04.ipynb,SUCCESS,Preprocessing berhasil
2026-03-04 11:20:05,D:\PUTRI\D4\SEMESTER 8 (4C)\skripsi\code\code_mhs\2341720040\m06\p05.ipynb,SUCCESS,Preprocessing berhasil
2026-03-04 11:20:05,D:\PUTRI\D4\SEMESTER 8 (4C)\skripsi\code\code_mhs\2341720040\m06\p06.ipynb,SUCCESS,Preprocessing berhasil
2026-03-04 11:20:05,D:\PUTRI\D4\SEMESTER 8 (4C)\skripsi\code\code_mhs\2341720040\m06\tp01.ipynb,SUCCESS,Preprocessing berhasil
2026-03-04 11:20:05,D:\PUTRI\D4\SEMESTER 8 (4C)\skripsi\code\code_mhs\2341720040\m07\tp01.ipynb,SUCCESS,Preprocessing berhasil
2026-03-04 11:20:05,D:\PUTRI\D4\SEMESTER 8 (4C)\skripsi\code\code_mhs\2341720040\m08\p01.ipynb,SUCCESS,Preprocessing berhasil
2026-03-04 11:20:05,D:\PUTRI\D4\SEMESTER 8 (4C)\skripsi\code\code_mhs\2341720040\m08\p02.ipynb,SUCCESS,Preprocessing berhasil
2026-03-04 11:20:05,D:\PUTRI\D4\SEMESTER 8 (4C)\skripsi\code\code_mhs\2341720040\m08\tp01.ipynb,SUCCESS,Preprocessing berhasil
2026-03-04 11:20:05,D:\PUTRI\D4\SEMESTER 8 (4C)\skripsi\code\code_mhs\2341720040\m09\p01.ipynb,SUCCESS,Preprocessing berhasil
2026-03-04 11:20:05,D:\PUTRI\D4\SEMESTER 8 (4C)\skripsi\code\code_mhs\2341720040\m09\p02.ipynb,SUCCESS,Preprocessing berhasil
2026-03-04 11:20:05,D:\PUTRI\D4\SEMESTER 8 (4C)\skripsi\code\code_mhs\2341720040\m09\p03.ipynb,SUCCESS,Preprocessing berhasil
2026-03-04 11:20:05,D:\PUTRI\D4\SEMESTER 8 (4C)\skripsi\code\code_mhs\2341720040\m09\tp01.ipynb,SUCCESS,Preprocessing berhasil
2026-03-04 11:20:05,D:\PUTRI\D4\SEMESTER 8 (4C)\skripsi\code\code_mhs\2341720040\m09\tp02.ipynb,SUCCESS,Preprocessing berhasil
2026-03-04 11:20:05,D:\PUTRI\D4\SEMESTER 8 (4C)\skripsi\code\code_mhs\2341720040\m11\p01.ipynb,FAILED,Identifier normalization gagal
2026-03-04 11:20:05,D:\PUTRI\D4\SEMESTER 8 (4C)\skripsi\code\code_mhs\2341720040\m11\p02.ipynb,SUCCESS,Preprocessing berhasil
2026-03-04 11:20:05,D:\PUTRI\D4\SEMESTER 8 (4C)\skripsi\code\code_mhs\2341720040\m11\p03.ipynb,SUCCESS,Preprocessing berhasil
2026-03-04 11:20:05,D:\PUTRI\D4\SEMESTER 8 (4C)\skripsi\code\code_mhs\2341720040\m11\p04.ipynb,SUCCESS,Preprocessing berhasil
2026-03-04 11:20:05,D:\PUTRI\D4\SEMESTER 8 (4C)\skripsi\code\code_mhs\2341720040\m11\p05.ipynb,SUCCESS,Preprocessing berhasil
2026-03-04 11:20:05,D:\PUTRI\D4\SEMESTER 8 (4C)\skripsi\code\code_mhs\2341720040\m11\tp01.ipynb,SUCCESS,Preprocessing berhasil
2026-03-04 11:20:05,D:\PUTRI\D4\SEMESTER 8 (4C)\skripsi\code\code_mhs\2341720040\m13\p01.ipynb,SUCCESS,Preprocessing berhasil
2026-03-04 11:20:05,D:\PUTRI\D4\SEMESTER 8 (4C)\skripsi\code\code_mhs\2341720040\m13\p02.ipynb,SUCCESS,Preprocessing berhasil
2026-03-04 11:20:05,D:\PUTRI\D4\SEMESTER 8 (4C)\skripsi\code\code_mhs\2341720040\m13\p03.ipynb,SUCCESS,Preprocessing berhasil
2026-03-04 11:20:05,D:\PUTRI\D4\SEMESTER 8 (4C)\skripsi\code\code_mhs\2341720040\m13\tp01.ipynb,SUCCESS,Preprocessing berhasil
2026-03-04 11:20:05,D:\PUTRI\D4\SEMESTER 8 (4C)\skripsi\code\code_mhs\2341720040\m14\p01.ipynb,SUCCESS,Preprocessing berhasil
2026-03-04 11:20:05,D:\PUTRI\D4\SEMESTER 8 (4C)\skripsi\code\code_mhs\2341720040\m14\p02.ipynb,INVALID,SyntaxError baris 73: invalid syntax
2026-03-04 11:20:06,D:\PUTRI\D4\SEMESTER 8 (4C)\skripsi\code\code_mhs\2341720040\m14\tp01.ipynb,SUCCESS,Preprocessing berhasil
2026-03-04 11:20:06,D:\PUTRI\D4\SEMESTER 8 (4C)\skripsi\code\code_mhs\2341720040\unclassified\controller.py,SUCCESS,Preprocessing berhasil
2026-03-04 11:20:06,D:\PUTRI\D4\SEMESTER 8 (4C)\skripsi\code\code_mhs\2341720040\unclassified\model_loader.py,SUCCESS,Preprocessing berhasil
2026-03-04 11:20:06,D:\PUTRI\D4\SEMESTER 8 (4C)\skripsi\code\code_mhs\2341720040\unclassified\schemas.py,SUCCESS,Preprocessing berhasil
2026-03-04 11:20:06,D:\PUTRI\D4\SEMESTER 8 (4C)\skripsi\code\code_mhs\2341720040\unclassified\service.py,SUCCESS,Preprocessing berhasil
2026-03-04 11:20:06,D:\PUTRI\D4\SEMESTER 8 (4C)\skripsi\code\code_mhs\2341720040\unclassified\test1_(1).ipynb,SUCCESS,Preprocessing berhasil
2026-03-04 11:20:06,D:\PUTRI\D4\SEMESTER 8 (4C)\skripsi\code\code_mhs\2341720040\unclassified\tp02.ipynb,SUCCESS,Preprocessing berhasil
2026-03-04 11:20:06,D:\PUTRI\D4\SEMESTER 8 (4C)\skripsi\code\code_mhs\2341720040\unclassified\_init_.py,FAILED,Cleaning gagal
2026-03-04 11:20:06,D:\PUTRI\D4\SEMESTER 8 (4C)\skripsi\code\code_mhs\2341720041\kuis\kuis.ipynb,SUCCESS,Preprocessing berhasil
2026-03-04 11:20:06,D:\PUTRI\D4\SEMESTER 8 (4C)\skripsi\code\code_mhs\2341720041\m01\p01.ipynb,SUCCESS,Preprocessing berhasil
2026-03-04 11:20:06,D:\PUTRI\D4\SEMESTER 8 (4C)\skripsi\code\code_mhs\2341720041\m02\p01.ipynb,SUCCESS,Preprocessing berhasil
2026-03-04 11:20:06,D:\PUTRI\D4\SEMESTER 8 (4C)\skripsi\code\code_mhs\2341720041\m02\p02.ipynb,SUCCESS,Preprocessing berhasil
2026-03-04 11:20:06,D:\PUTRI\D4\SEMESTER 8 (4C)\skripsi\code\code_mhs\2341720041\m02\p03.ipynb,SUCCESS,Preprocessing berhasil
2026-03-04 11:20:06,D:\PUTRI\D4\SEMESTER 8 (4C)\skripsi\code\code_mhs\2341720041\m02\p04.ipynb,SUCCESS,Preprocessing berhasil
2026-03-04 11:20:06,D:\PUTRI\D4\SEMESTER 8 (4C)\skripsi\code\code_mhs\2341720041\m02\tp01.ipynb,SUCCESS,Preprocessing berhasil
2026-03-04 11:20:06,D:\PUTRI\D4\SEMESTER 8 (4C)\skripsi\code\code_mhs\2341720041\m03\p01.ipynb,SUCCESS,Preprocessing berhasil
2026-03-04 11:20:06,D:\PUTRI\D4\SEMESTER 8 (4C)\skripsi\code\code_mhs\2341720041\m03\p02.ipynb,SUCCESS,Preprocessing berhasil
2026-03-04 11:20:06,D:\PUTRI\D4\SEMESTER 8 (4C)\skripsi\code\code_mhs\2341720041\m03\p03.ipynb,SUCCESS,Preprocessing berhasil
2026-03-04 11:20:06,D:\PUTRI\D4\SEMESTER 8 (4C)\skripsi\code\code_mhs\2341720041\m03\p04.ipynb,SUCCESS,Preprocessing berhasil
2026-03-04 11:20:06,D:\PUTRI\D4\SEMESTER 8 (4C)\skripsi\code\code_mhs\2341720041\m03\tp01.ipynb,SUCCESS,Preprocessing berhasil
2026-03-04 11:20:06,D:\PUTRI\D4\SEMESTER 8 (4C)\skripsi\code\code_mhs\2341720041\m04\p01.ipynb,SUCCESS,Preprocessing berhasil
2026-03-04 11:20:06,D:\PUTRI\D4\SEMESTER 8 (4C)\skripsi\code\code_mhs\2341720041\m04\p02.ipynb,SUCCESS,Preprocessing berhasil
2026-03-04 11:20:06,D:\PUTRI\D4\SEMESTER 8 (4C)\skripsi\code\code_mhs\2341720041\m04\p03.ipynb,SUCCESS,Preprocessing berhasil
2026-03-04 11:20:06,D:\PUTRI\D4\SEMESTER 8 (4C)\skripsi\code\code_mhs\2341720041\m04\tp01.ipynb,SUCCESS,Preprocessing berhasil
2026-03-04 11:20:06,D:\PUTRI\D4\SEMESTER 8 (4C)\skripsi\code\code_mhs\2341720041\m05\p01.ipynb,SUCCESS,Preprocessing berhasil
2026-03-04 11:20:06,D:\PUTRI\D4\SEMESTER 8 (4C)\skripsi\code\code_mhs\2341720041\m05\p02.ipynb,SUCCESS,Preprocessing berhasil
2026-03-04 11:20:06,D:\PUTRI\D4\SEMESTER 8 (4C)\skripsi\code\code_mhs\2341720041\m05\tp01.ipynb,SUCCESS,Preprocessing berhasil
2026-03-04 11:20:06,D:\PUTRI\D4\SEMESTER 8 (4C)\skripsi\code\code_mhs\2341720041\m06\JS06_TugasPraktikum_2341720041.ipynb,SUCCESS,Preprocessing berhasil
2026-03-04 11:20:06,D:\PUTRI\D4\SEMESTER 8 (4C)\skripsi\code\code_mhs\2341720041\m06\p01.ipynb,SUCCESS,Preprocessing berhasil
2026-03-04 11:20:07,D:\PUTRI\D4\SEMESTER 8 (4C)\skripsi\code\code_mhs\2341720041\m06\p02.ipynb,SUCCESS,Preprocessing berhasil
2026-03-04 11:20:07,D:\PUTRI\D4\SEMESTER 8 (4C)\skripsi\code\code_mhs\2341720041\m07\p01.ipynb,SUCCESS,Preprocessing berhasil
2026-03-04 11:20:07,D:\PUTRI\D4\SEMESTER 8 (4C)\skripsi\code\code_mhs\2341720041\m07\p02.ipynb,SUCCESS,Preprocessing berhasil
2026-03-04 11:20:07,D:\PUTRI\D4\SEMESTER 8 (4C)\skripsi\code\code_mhs\2341720041\m07\p03.ipynb,SUCCESS,Preprocessing berhasil
2026-03-04 11:20:07,D:\PUTRI\D4\SEMESTER 8 (4C)\skripsi\code\code_mhs\2341720041\m07\p04.ipynb,SUCCESS,Preprocessing berhasil
2026-03-04 11:20:07,D:\PUTRI\D4\SEMESTER 8 (4C)\skripsi\code\code_mhs\2341720041\m07\p05.ipynb,SUCCESS,Preprocessing berhasil
2026-03-04 11:20:07,D:\PUTRI\D4\SEMESTER 8 (4C)\skripsi\code\code_mhs\2341720041\m07\p06.ipynb,SUCCESS,Preprocessing berhasil
2026-03-04 11:20:07,D:\PUTRI\D4\SEMESTER 8 (4C)\skripsi\code\code_mhs\2341720041\m07\tp01.ipynb,SUCCESS,Preprocessing berhasil
2026-03-04 11:20:07,D:\PUTRI\D4\SEMESTER 8 (4C)\skripsi\code\code_mhs\2341720041\m09\p01.ipynb,SUCCESS,Preprocessing berhasil
2026-03-04 11:20:07,D:\PUTRI\D4\SEMESTER 8 (4C)\skripsi\code\code_mhs\2341720041\m09\p02.ipynb,SUCCESS,Preprocessing berhasil
2026-03-04 11:20:07,D:\PUTRI\D4\SEMESTER 8 (4C)\skripsi\code\code_mhs\2341720041\m09\p03.ipynb,SUCCESS,Preprocessing berhasil
2026-03-04 11:20:07,D:\PUTRI\D4\SEMESTER 8 (4C)\skripsi\code\code_mhs\2341720041\m09\tp01.ipynb,SUCCESS,Preprocessing berhasil
2026-03-04 11:20:07,D:\PUTRI\D4\SEMESTER 8 (4C)\skripsi\code\code_mhs\2341720041\m09\tp02.ipynb,SUCCESS,Preprocessing berhasil
2026-03-04 11:20:07,D:\PUTRI\D4\SEMESTER 8 (4C)\skripsi\code\code_mhs\2341720041\m11\p01.ipynb,FAILED,Identifier normalization gagal
2026-03-04 11:20:07,D:\PUTRI\D4\SEMESTER 8 (4C)\skripsi\code\code_mhs\2341720041\m11\p02.ipynb,SUCCESS,Preprocessing berhasil
2026-03-04 11:20:07,D:\PUTRI\D4\SEMESTER 8 (4C)\skripsi\code\code_mhs\2341720041\m11\p03.ipynb,SUCCESS,Preprocessing berhasil
2026-03-04 11:20:07,D:\PUTRI\D4\SEMESTER 8 (4C)\skripsi\code\code_mhs\2341720041\m11\p04.ipynb,SUCCESS,Preprocessing berhasil
2026-03-04 11:20:07,D:\PUTRI\D4\SEMESTER 8 (4C)\skripsi\code\code_mhs\2341720041\m11\p05.ipynb,SUCCESS,Preprocessing berhasil
2026-03-04 11:20:07,D:\PUTRI\D4\SEMESTER 8 (4C)\skripsi\code\code_mhs\2341720041\m11\tp01.ipynb,INVALID,File kosong
2026-03-04 11:20:07,D:\PUTRI\D4\SEMESTER 8 (4C)\skripsi\code\code_mhs\2341720041\m13\p02.ipynb,SUCCESS,Preprocessing berhasil
2026-03-04 11:20:07,D:\PUTRI\D4\SEMESTER 8 (4C)\skripsi\code\code_mhs\2341720041\m13\p03.ipynb,SUCCESS,Preprocessing berhasil
2026-03-04 11:20:07,D:\PUTRI\D4\SEMESTER 8 (4C)\skripsi\code\code_mhs\2341720041\m13\tp01.ipynb,SUCCESS,Preprocessing berhasil
2026-03-04 11:20:07,D:\PUTRI\D4\SEMESTER 8 (4C)\skripsi\code\code_mhs\2341720041\m14\p01.ipynb,SUCCESS,Preprocessing berhasil
2026-03-04 11:20:07,D:\PUTRI\D4\SEMESTER 8 (4C)\skripsi\code\code_mhs\2341720041\m14\p02.ipynb,SUCCESS,Preprocessing berhasil
2026-03-04 11:20:07,D:\PUTRI\D4\SEMESTER 8 (4C)\skripsi\code\code_mhs\2341720041\m14\tp01.ipynb,SUCCESS,Preprocessing berhasil
2026-03-04 11:20:07,D:\PUTRI\D4\SEMESTER 8 (4C)\skripsi\code\code_mhs\2341720041\m15\p01.ipynb,SUCCESS,Preprocessing berhasil
2026-03-04 11:20:07,D:\PUTRI\D4\SEMESTER 8 (4C)\skripsi\code\code_mhs\2341720041\m15\p02.ipynb,INVALID,File kosong
2026-03-04 11:20:08,D:\PUTRI\D4\SEMESTER 8 (4C)\skripsi\code\code_mhs\2341720041\pbl\pbl.ipynb,SUCCESS,Preprocessing berhasil
2026-03-04 11:20:08,D:\PUTRI\D4\SEMESTER 8 (4C)\skripsi\code\code_mhs\2341720041\unclassified\app.py,SUCCESS,Preprocessing berhasil
2026-03-04 11:20:08,D:\PUTRI\D4\SEMESTER 8 (4C)\skripsi\code\code_mhs\2341720041\unclassified\app_api.py,SUCCESS,Preprocessing berhasil
2026-03-04 11:20:08,D:\PUTRI\D4\SEMESTER 8 (4C)\skripsi\code\code_mhs\2341720041\unclassified\TeoriDasar_2341720041.ipynb,SUCCESS,Preprocessing berhasil
2026-03-04 11:20:08,D:\PUTRI\D4\SEMESTER 8 (4C)\skripsi\code\code_mhs\2341720047\m01\p01.ipynb,INVALID,File kosong
2026-03-04 11:20:08,D:\PUTRI\D4\SEMESTER 8 (4C)\skripsi\code\code_mhs\2341720047\m01\tp01.ipynb,INVALID,File kosong
2026-03-04 11:20:08,D:\PUTRI\D4\SEMESTER 8 (4C)\skripsi\code\code_mhs\2341720047\m02\p01.ipynb,SUCCESS,Preprocessing berhasil
2026-03-04 11:20:08,D:\PUTRI\D4\SEMESTER 8 (4C)\skripsi\code\code_mhs\2341720047\m02\p02.ipynb,SUCCESS,Preprocessing berhasil
2026-03-04 11:20:08,D:\PUTRI\D4\SEMESTER 8 (4C)\skripsi\code\code_mhs\2341720047\m02\p03.ipynb,SUCCESS,Preprocessing berhasil
2026-03-04 11:20:08,D:\PUTRI\D4\SEMESTER 8 (4C)\skripsi\code\code_mhs\2341720047\m02\p04.ipynb,SUCCESS,Preprocessing berhasil
2026-03-04 11:20:08,D:\PUTRI\D4\SEMESTER 8 (4C)\skripsi\code\code_mhs\2341720047\m02\tp01.ipynb,SUCCESS,Preprocessing berhasil
2026-03-04 11:20:08,D:\PUTRI\D4\SEMESTER 8 (4C)\skripsi\code\code_mhs\2341720047\m03\p01.ipynb,SUCCESS,Preprocessing berhasil
2026-03-04 11:20:08,D:\PUTRI\D4\SEMESTER 8 (4C)\skripsi\code\code_mhs\2341720047\m03\p02.ipynb,SUCCESS,Preprocessing berhasil
2026-03-04 11:20:08,D:\PUTRI\D4\SEMESTER 8 (4C)\skripsi\code\code_mhs\2341720047\m03\p03.ipynb,SUCCESS,Preprocessing berhasil
2026-03-04 11:20:08,D:\PUTRI\D4\SEMESTER 8 (4C)\skripsi\code\code_mhs\2341720047\m03\p04.ipynb,SUCCESS,Preprocessing berhasil
2026-03-04 11:20:08,D:\PUTRI\D4\SEMESTER 8 (4C)\skripsi\code\code_mhs\2341720047\m03\tp01.ipynb,SUCCESS,Preprocessing berhasil
2026-03-04 11:20:08,D:\PUTRI\D4\SEMESTER 8 (4C)\skripsi\code\code_mhs\2341720047\m04\p01.ipynb,SUCCESS,Preprocessing berhasil
2026-03-04 11:20:09,D:\PUTRI\D4\SEMESTER 8 (4C)\skripsi\code\code_mhs\2341720047\m04\p02.ipynb,SUCCESS,Preprocessing berhasil
2026-03-04 11:20:09,D:\PUTRI\D4\SEMESTER 8 (4C)\skripsi\code\code_mhs\2341720047\m04\p03.ipynb,SUCCESS,Preprocessing berhasil
2026-03-04 11:20:09,D:\PUTRI\D4\SEMESTER 8 (4C)\skripsi\code\code_mhs\2341720047\m04\tp01.ipynb,SUCCESS,Preprocessing berhasil
2026-03-04 11:20:09,D:\PUTRI\D4\SEMESTER 8 (4C)\skripsi\code\code_mhs\2341720047\m05\p01.ipynb,SUCCESS,Preprocessing berhasil
2026-03-04 11:20:09,D:\PUTRI\D4\SEMESTER 8 (4C)\skripsi\code\code_mhs\2341720047\m05\p02.ipynb,SUCCESS,Preprocessing berhasil
2026-03-04 11:20:09,D:\PUTRI\D4\SEMESTER 8 (4C)\skripsi\code\code_mhs\2341720047\m05\tp01.ipynb,SUCCESS,Preprocessing berhasil
2026-03-04 11:20:09,D:\PUTRI\D4\SEMESTER 8 (4C)\skripsi\code\code_mhs\2341720047\m06\p01.ipynb,SUCCESS,Preprocessing berhasil
2026-03-04 11:20:09,D:\PUTRI\D4\SEMESTER 8 (4C)\skripsi\code\code_mhs\2341720047\m06\p02.ipynb,SUCCESS,Preprocessing berhasil
2026-03-04 11:20:09,D:\PUTRI\D4\SEMESTER 8 (4C)\skripsi\code\code_mhs\2341720047\m06\tp01.ipynb,SUCCESS,Preprocessing berhasil
2026-03-04 11:20:09,D:\PUTRI\D4\SEMESTER 8 (4C)\skripsi\code\code_mhs\2341720047\m07\p01.ipynb,SUCCESS,Preprocessing berhasil
2026-03-04 11:20:09,D:\PUTRI\D4\SEMESTER 8 (4C)\skripsi\code\code_mhs\2341720047\m07\p02.ipynb,SUCCESS,Preprocessing berhasil
2026-03-04 11:20:09,D:\PUTRI\D4\SEMESTER 8 (4C)\skripsi\code\code_mhs\2341720047\m07\p03.ipynb,SUCCESS,Preprocessing berhasil
2026-03-04 11:20:09,D:\PUTRI\D4\SEMESTER 8 (4C)\skripsi\code\code_mhs\2341720047\m07\p04.ipynb,SUCCESS,Preprocessing berhasil
2026-03-04 11:20:09,D:\PUTRI\D4\SEMESTER 8 (4C)\skripsi\code\code_mhs\2341720047\m07\p05.ipynb,SUCCESS,Preprocessing berhasil
2026-03-04 11:20:09,D:\PUTRI\D4\SEMESTER 8 (4C)\skripsi\code\code_mhs\2341720047\m07\p06.ipynb,SUCCESS,Preprocessing berhasil
2026-03-04 11:20:09,D:\PUTRI\D4\SEMESTER 8 (4C)\skripsi\code\code_mhs\2341720047\m07\tp01.ipynb,SUCCESS,Preprocessing berhasil
2026-03-04 11:20:09,D:\PUTRI\D4\SEMESTER 8 (4C)\skripsi\code\code_mhs\2341720047\m08\tp01.ipynb,SUCCESS,Preprocessing berhasil
2026-03-04 11:20:09,D:\PUTRI\D4\SEMESTER 8 (4C)\skripsi\code\code_mhs\2341720047\m09\p01.ipynb,SUCCESS,Preprocessing berhasil
2026-03-04 11:20:09,D:\PUTRI\D4\SEMESTER 8 (4C)\skripsi\code\code_mhs\2341720047\m09\p02.ipynb,SUCCESS,Preprocessing berhasil
2026-03-04 11:20:09,D:\PUTRI\D4\SEMESTER 8 (4C)\skripsi\code\code_mhs\2341720047\m09\p03.ipynb,SUCCESS,Preprocessing berhasil
2026-03-04 11:20:09,D:\PUTRI\D4\SEMESTER 8 (4C)\skripsi\code\code_mhs\2341720047\m09\tp01.ipynb,SUCCESS,Preprocessing berhasil
2026-03-04 11:20:09,D:\PUTRI\D4\SEMESTER 8 (4C)\skripsi\code\code_mhs\2341720047\m09\tp02.ipynb,SUCCESS,Preprocessing berhasil
2026-03-04 11:20:09,D:\PUTRI\D4\SEMESTER 8 (4C)\skripsi\code\code_mhs\2341720047\m11\p01.ipynb,FAILED,Identifier normalization gagal
2026-03-04 11:20:09,D:\PUTRI\D4\SEMESTER 8 (4C)\skripsi\code\code_mhs\2341720047\m11\p02.ipynb,SUCCESS,Preprocessing berhasil
2026-03-04 11:20:09,D:\PUTRI\D4\SEMESTER 8 (4C)\skripsi\code\code_mhs\2341720047\m11\p03.ipynb,SUCCESS,Preprocessing berhasil
2026-03-04 11:20:09,D:\PUTRI\D4\SEMESTER 8 (4C)\skripsi\code\code_mhs\2341720047\m11\p04.ipynb,SUCCESS,Preprocessing berhasil
2026-03-04 11:20:10,D:\PUTRI\D4\SEMESTER 8 (4C)\skripsi\code\code_mhs\2341720047\m11\p05.ipynb,SUCCESS,Preprocessing berhasil
2026-03-04 11:20:10,D:\PUTRI\D4\SEMESTER 8 (4C)\skripsi\code\code_mhs\2341720047\m11\tp01.ipynb,SUCCESS,Preprocessing berhasil
2026-03-04 11:20:10,D:\PUTRI\D4\SEMESTER 8 (4C)\skripsi\code\code_mhs\2341720047\m13\p01.ipynb,SUCCESS,Preprocessing berhasil
2026-03-04 11:20:10,D:\PUTRI\D4\SEMESTER 8 (4C)\skripsi\code\code_mhs\2341720047\m13\p02.ipynb,SUCCESS,Preprocessing berhasil
2026-03-04 11:20:10,D:\PUTRI\D4\SEMESTER 8 (4C)\skripsi\code\code_mhs\2341720047\m13\p03.ipynb,SUCCESS,Preprocessing berhasil
2026-03-04 11:20:10,D:\PUTRI\D4\SEMESTER 8 (4C)\skripsi\code\code_mhs\2341720047\m13\tp01.ipynb,SUCCESS,Preprocessing berhasil
2026-03-04 11:20:10,D:\PUTRI\D4\SEMESTER 8 (4C)\skripsi\code\code_mhs\2341720047\m14\p01.ipynb,SUCCESS,Preprocessing berhasil
2026-03-04 11:20:10,D:\PUTRI\D4\SEMESTER 8 (4C)\skripsi\code\code_mhs\2341720047\m14\p02.ipynb,SUCCESS,Preprocessing berhasil
2026-03-04 11:20:10,D:\PUTRI\D4\SEMESTER 8 (4C)\skripsi\code\code_mhs\2341720047\m14\tp01.ipynb,SUCCESS,Preprocessing berhasil
2026-03-04 11:20:10,D:\PUTRI\D4\SEMESTER 8 (4C)\skripsi\code\code_mhs\2341720047\m15\app.py,FAILED,Identifier normalization gagal
2026-03-04 11:20:10,D:\PUTRI\D4\SEMESTER 8 (4C)\skripsi\code\code_mhs\2341720047\m15\p01.ipynb,SUCCESS,Preprocessing berhasil
2026-03-04 11:20:10,D:\PUTRI\D4\SEMESTER 8 (4C)\skripsi\code\code_mhs\2341720047\pbl\pbl.ipynb,SUCCESS,Preprocessing berhasil
2026-03-04 11:20:10,D:\PUTRI\D4\SEMESTER 8 (4C)\skripsi\code\code_mhs\2341720057\kuis\kuis.ipynb,SUCCESS,Preprocessing berhasil
2026-03-04 11:20:11,D:\PUTRI\D4\SEMESTER 8 (4C)\skripsi\code\code_mhs\2341720057\m02\p01.ipynb,SUCCESS,Preprocessing berhasil
2026-03-04 11:20:11,D:\PUTRI\D4\SEMESTER 8 (4C)\skripsi\code\code_mhs\2341720057\m02\p02.ipynb,SUCCESS,Preprocessing berhasil
2026-03-04 11:20:11,D:\PUTRI\D4\SEMESTER 8 (4C)\skripsi\code\code_mhs\2341720057\m02\p03.ipynb,SUCCESS,Preprocessing berhasil
2026-03-04 11:20:11,D:\PUTRI\D4\SEMESTER 8 (4C)\skripsi\code\code_mhs\2341720057\m02\p04.ipynb,SUCCESS,Preprocessing berhasil
2026-03-04 11:20:11,D:\PUTRI\D4\SEMESTER 8 (4C)\skripsi\code\code_mhs\2341720057\m02\tp01.ipynb,SUCCESS,Preprocessing berhasil
2026-03-04 11:20:11,D:\PUTRI\D4\SEMESTER 8 (4C)\skripsi\code\code_mhs\2341720057\m03\p01.ipynb,SUCCESS,Preprocessing berhasil
2026-03-04 11:20:12,D:\PUTRI\D4\SEMESTER 8 (4C)\skripsi\code\code_mhs\2341720057\m03\p02.ipynb,SUCCESS,Preprocessing berhasil
2026-03-04 11:20:12,D:\PUTRI\D4\SEMESTER 8 (4C)\skripsi\code\code_mhs\2341720057\m03\p03.ipynb,SUCCESS,Preprocessing berhasil
2026-03-04 11:20:12,D:\PUTRI\D4\SEMESTER 8 (4C)\skripsi\code\code_mhs\2341720057\m03\p04.ipynb,SUCCESS,Preprocessing berhasil
2026-03-04 11:20:12,D:\PUTRI\D4\SEMESTER 8 (4C)\skripsi\code\code_mhs\2341720057\m03\tp01.ipynb,SUCCESS,Preprocessing berhasil
2026-03-04 11:20:12,D:\PUTRI\D4\SEMESTER 8 (4C)\skripsi\code\code_mhs\2341720057\m04\p01.ipynb,SUCCESS,Preprocessing berhasil
2026-03-04 11:20:12,D:\PUTRI\D4\SEMESTER 8 (4C)\skripsi\code\code_mhs\2341720057\m04\p02.ipynb,SUCCESS,Preprocessing berhasil
2026-03-04 11:20:12,D:\PUTRI\D4\SEMESTER 8 (4C)\skripsi\code\code_mhs\2341720057\m04\p03.ipynb,SUCCESS,Preprocessing berhasil
2026-03-04 11:20:13,D:\PUTRI\D4\SEMESTER 8 (4C)\skripsi\code\code_mhs\2341720057\m04\tp01.ipynb,SUCCESS,Preprocessing berhasil
2026-03-04 11:20:13,D:\PUTRI\D4\SEMESTER 8 (4C)\skripsi\code\code_mhs\2341720057\m05\p01.ipynb,SUCCESS,Preprocessing berhasil
2026-03-04 11:20:13,D:\PUTRI\D4\SEMESTER 8 (4C)\skripsi\code\code_mhs\2341720057\m05\p02.ipynb,SUCCESS,Preprocessing berhasil
2026-03-04 11:20:13,D:\PUTRI\D4\SEMESTER 8 (4C)\skripsi\code\code_mhs\2341720057\m05\tp01.ipynb,SUCCESS,Preprocessing berhasil
2026-03-04 11:20:13,D:\PUTRI\D4\SEMESTER 8 (4C)\skripsi\code\code_mhs\2341720057\m06\p01.ipynb,SUCCESS,Preprocessing berhasil
2026-03-04 11:20:13,D:\PUTRI\D4\SEMESTER 8 (4C)\skripsi\code\code_mhs\2341720057\m06\p02.ipynb,SUCCESS,Preprocessing berhasil
2026-03-04 11:20:13,D:\PUTRI\D4\SEMESTER 8 (4C)\skripsi\code\code_mhs\2341720057\m06\tp01.ipynb,SUCCESS,Preprocessing berhasil
2026-03-04 11:20:13,D:\PUTRI\D4\SEMESTER 8 (4C)\skripsi\code\code_mhs\2341720057\m07\p01.ipynb,SUCCESS,Preprocessing berhasil
2026-03-04 11:20:13,D:\PUTRI\D4\SEMESTER 8 (4C)\skripsi\code\code_mhs\2341720057\m07\p02.ipynb,SUCCESS,Preprocessing berhasil
2026-03-04 11:20:13,D:\PUTRI\D4\SEMESTER 8 (4C)\skripsi\code\code_mhs\2341720057\m07\p03.ipynb,SUCCESS,Preprocessing berhasil
2026-03-04 11:20:13,D:\PUTRI\D4\SEMESTER 8 (4C)\skripsi\code\code_mhs\2341720057\m07\p04.ipynb,SUCCESS,Preprocessing berhasil
2026-03-04 11:20:13,D:\PUTRI\D4\SEMESTER 8 (4C)\skripsi\code\code_mhs\2341720057\m07\p05.ipynb,SUCCESS,Preprocessing berhasil
2026-03-04 11:20:13,D:\PUTRI\D4\SEMESTER 8 (4C)\skripsi\code\code_mhs\2341720057\m07\p06.ipynb,SUCCESS,Preprocessing berhasil
2026-03-04 11:20:13,D:\PUTRI\D4\SEMESTER 8 (4C)\skripsi\code\code_mhs\2341720057\m07\tp01.ipynb,SUCCESS,Preprocessing berhasil
2026-03-04 11:20:13,D:\PUTRI\D4\SEMESTER 8 (4C)\skripsi\code\code_mhs\2341720057\m08\tp01.ipynb,SUCCESS,Preprocessing berhasil
2026-03-04 11:20:14,D:\PUTRI\D4\SEMESTER 8 (4C)\skripsi\code\code_mhs\2341720057\m09\p01.ipynb,SUCCESS,Preprocessing berhasil
2026-03-04 11:20:14,D:\PUTRI\D4\SEMESTER 8 (4C)\skripsi\code\code_mhs\2341720057\m09\p02.ipynb,SUCCESS,Preprocessing berhasil
2026-03-04 11:20:14,D:\PUTRI\D4\SEMESTER 8 (4C)\skripsi\code\code_mhs\2341720057\m09\p03.ipynb,SUCCESS,Preprocessing berhasil
2026-03-04 11:20:14,D:\PUTRI\D4\SEMESTER 8 (4C)\skripsi\code\code_mhs\2341720057\m09\tp01.ipynb,SUCCESS,Preprocessing berhasil
2026-03-04 11:20:14,D:\PUTRI\D4\SEMESTER 8 (4C)\skripsi\code\code_mhs\2341720057\m09\tp02.ipynb,SUCCESS,Preprocessing berhasil
2026-03-04 11:20:14,D:\PUTRI\D4\SEMESTER 8 (4C)\skripsi\code\code_mhs\2341720057\m11\p01.ipynb,FAILED,Identifier normalization gagal
2026-03-04 11:20:14,D:\PUTRI\D4\SEMESTER 8 (4C)\skripsi\code\code_mhs\2341720057\m11\p02.ipynb,SUCCESS,Preprocessing berhasil
2026-03-04 11:20:14,D:\PUTRI\D4\SEMESTER 8 (4C)\skripsi\code\code_mhs\2341720057\m11\p03.ipynb,SUCCESS,Preprocessing berhasil
2026-03-04 11:20:14,D:\PUTRI\D4\SEMESTER 8 (4C)\skripsi\code\code_mhs\2341720057\m11\p04.ipynb,SUCCESS,Preprocessing berhasil
2026-03-04 11:20:14,D:\PUTRI\D4\SEMESTER 8 (4C)\skripsi\code\code_mhs\2341720057\m11\p05.ipynb,SUCCESS,Preprocessing berhasil
2026-03-04 11:20:14,D:\PUTRI\D4\SEMESTER 8 (4C)\skripsi\code\code_mhs\2341720057\m11\tp01.ipynb,SUCCESS,Preprocessing berhasil
2026-03-04 11:20:14,D:\PUTRI\D4\SEMESTER 8 (4C)\skripsi\code\code_mhs\2341720057\m13\p01.ipynb,SUCCESS,Preprocessing berhasil
2026-03-04 11:20:14,D:\PUTRI\D4\SEMESTER 8 (4C)\skripsi\code\code_mhs\2341720057\m13\p02.ipynb,SUCCESS,Preprocessing berhasil
2026-03-04 11:20:14,D:\PUTRI\D4\SEMESTER 8 (4C)\skripsi\code\code_mhs\2341720057\m13\p03.ipynb,SUCCESS,Preprocessing berhasil
2026-03-04 11:20:14,D:\PUTRI\D4\SEMESTER 8 (4C)\skripsi\code\code_mhs\2341720057\m13\tp01.ipynb,SUCCESS,Preprocessing berhasil
2026-03-04 11:20:14,D:\PUTRI\D4\SEMESTER 8 (4C)\skripsi\code\code_mhs\2341720057\m14\p01.ipynb,SUCCESS,Preprocessing berhasil
2026-03-04 11:20:14,D:\PUTRI\D4\SEMESTER 8 (4C)\skripsi\code\code_mhs\2341720057\m14\p02.ipynb,SUCCESS,Preprocessing berhasil
2026-03-04 11:20:14,D:\PUTRI\D4\SEMESTER 8 (4C)\skripsi\code\code_mhs\2341720057\m14\tp01.ipynb,SUCCESS,Preprocessing berhasil
2026-03-04 11:20:14,D:\PUTRI\D4\SEMESTER 8 (4C)\skripsi\code\code_mhs\2341720057\m15\p01.ipynb,SUCCESS,Preprocessing berhasil
2026-03-04 11:20:14,D:\PUTRI\D4\SEMESTER 8 (4C)\skripsi\code\code_mhs\2341720057\pbl\pbl.ipynb,SUCCESS,Preprocessing berhasil
2026-03-04 11:20:14,D:\PUTRI\D4\SEMESTER 8 (4C)\skripsi\code\code_mhs\2341720057\pbl\pbl.py,INVALID,File kosong
2026-03-04 11:20:14,D:\PUTRI\D4\SEMESTER 8 (4C)\skripsi\code\code_mhs\2341720057\unclassified\TG1_2341720057_Khoirotun Nisa'.ipynb,INVALID,File kosong
2026-03-04 11:20:14,D:\PUTRI\D4\SEMESTER 8 (4C)\skripsi\code\code_mhs\2341720062\m01\p01.ipynb,INVALID,File kosong
2026-03-04 11:20:14,D:\PUTRI\D4\SEMESTER 8 (4C)\skripsi\code\code_mhs\2341720062\m01\tp01.ipynb,INVALID,SyntaxError baris 2: invalid syntax
2026-03-04 11:20:14,D:\PUTRI\D4\SEMESTER 8 (4C)\skripsi\code\code_mhs\2341720062\m01\tp02.ipynb,SUCCESS,Preprocessing berhasil
2026-03-04 11:20:14,D:\PUTRI\D4\SEMESTER 8 (4C)\skripsi\code\code_mhs\2341720062\m02\p01.ipynb,SUCCESS,Preprocessing berhasil
2026-03-04 11:20:15,D:\PUTRI\D4\SEMESTER 8 (4C)\skripsi\code\code_mhs\2341720062\m02\p02.ipynb,SUCCESS,Preprocessing berhasil
2026-03-04 11:20:15,D:\PUTRI\D4\SEMESTER 8 (4C)\skripsi\code\code_mhs\2341720062\m02\tp01.ipynb,SUCCESS,Preprocessing berhasil
2026-03-04 11:20:15,D:\PUTRI\D4\SEMESTER 8 (4C)\skripsi\code\code_mhs\2341720062\m03\p01.ipynb,SUCCESS,Preprocessing berhasil
2026-03-04 11:20:15,D:\PUTRI\D4\SEMESTER 8 (4C)\skripsi\code\code_mhs\2341720062\m03\p02.ipynb,SUCCESS,Preprocessing berhasil
2026-03-04 11:20:15,D:\PUTRI\D4\SEMESTER 8 (4C)\skripsi\code\code_mhs\2341720062\m03\p03.ipynb,SUCCESS,Preprocessing berhasil
2026-03-04 11:20:15,D:\PUTRI\D4\SEMESTER 8 (4C)\skripsi\code\code_mhs\2341720062\m04\p01.ipynb,SUCCESS,Preprocessing berhasil
2026-03-04 11:20:15,D:\PUTRI\D4\SEMESTER 8 (4C)\skripsi\code\code_mhs\2341720062\m04\p02.ipynb,SUCCESS,Preprocessing berhasil
2026-03-04 11:20:15,D:\PUTRI\D4\SEMESTER 8 (4C)\skripsi\code\code_mhs\2341720062\m04\p03.ipynb,SUCCESS,Preprocessing berhasil
2026-03-04 11:20:15,D:\PUTRI\D4\SEMESTER 8 (4C)\skripsi\code\code_mhs\2341720062\m04\tp01.ipynb,SUCCESS,Preprocessing berhasil
2026-03-04 11:20:15,D:\PUTRI\D4\SEMESTER 8 (4C)\skripsi\code\code_mhs\2341720062\m05\p01.ipynb,SUCCESS,Preprocessing berhasil
2026-03-04 11:20:15,D:\PUTRI\D4\SEMESTER 8 (4C)\skripsi\code\code_mhs\2341720062\m05\p02.ipynb,SUCCESS,Preprocessing berhasil
2026-03-04 11:20:15,D:\PUTRI\D4\SEMESTER 8 (4C)\skripsi\code\code_mhs\2341720062\m05\tp01.ipynb,SUCCESS,Preprocessing berhasil
2026-03-04 11:20:15,D:\PUTRI\D4\SEMESTER 8 (4C)\skripsi\code\code_mhs\2341720062\m06\p01.ipynb,SUCCESS,Preprocessing berhasil
2026-03-04 11:20:15,D:\PUTRI\D4\SEMESTER 8 (4C)\skripsi\code\code_mhs\2341720062\m06\p02.ipynb,SUCCESS,Preprocessing berhasil
2026-03-04 11:20:16,D:\PUTRI\D4\SEMESTER 8 (4C)\skripsi\code\code_mhs\2341720062\m06\tp01.ipynb,SUCCESS,Preprocessing berhasil
2026-03-04 11:20:16,D:\PUTRI\D4\SEMESTER 8 (4C)\skripsi\code\code_mhs\2341720062\m07\p01.ipynb,SUCCESS,Preprocessing berhasil
2026-03-04 11:20:16,D:\PUTRI\D4\SEMESTER 8 (4C)\skripsi\code\code_mhs\2341720062\m07\p02.ipynb,SUCCESS,Preprocessing berhasil
2026-03-04 11:20:16,D:\PUTRI\D4\SEMESTER 8 (4C)\skripsi\code\code_mhs\2341720062\m07\p03.ipynb,SUCCESS,Preprocessing berhasil
2026-03-04 11:20:16,D:\PUTRI\D4\SEMESTER 8 (4C)\skripsi\code\code_mhs\2341720062\m07\p04.ipynb,SUCCESS,Preprocessing berhasil
2026-03-04 11:20:16,D:\PUTRI\D4\SEMESTER 8 (4C)\skripsi\code\code_mhs\2341720062\m07\p05.ipynb,SUCCESS,Preprocessing berhasil
2026-03-04 11:20:16,D:\PUTRI\D4\SEMESTER 8 (4C)\skripsi\code\code_mhs\2341720062\m07\p06.ipynb,SUCCESS,Preprocessing berhasil
2026-03-04 11:20:16,D:\PUTRI\D4\SEMESTER 8 (4C)\skripsi\code\code_mhs\2341720062\m07\tp01.ipynb,SUCCESS,Preprocessing berhasil
2026-03-04 11:20:16,D:\PUTRI\D4\SEMESTER 8 (4C)\skripsi\code\code_mhs\2341720062\m08\tp01.ipynb,SUCCESS,Preprocessing berhasil
2026-03-04 11:20:16,D:\PUTRI\D4\SEMESTER 8 (4C)\skripsi\code\code_mhs\2341720062\m09\p01.ipynb,SUCCESS,Preprocessing berhasil
2026-03-04 11:20:16,D:\PUTRI\D4\SEMESTER 8 (4C)\skripsi\code\code_mhs\2341720062\m09\p02.ipynb,SUCCESS,Preprocessing berhasil
2026-03-04 11:20:17,D:\PUTRI\D4\SEMESTER 8 (4C)\skripsi\code\code_mhs\2341720062\m09\p03.ipynb,SUCCESS,Preprocessing berhasil
2026-03-04 11:20:17,D:\PUTRI\D4\SEMESTER 8 (4C)\skripsi\code\code_mhs\2341720062\m09\tp01.ipynb,SUCCESS,Preprocessing berhasil
2026-03-04 11:20:17,D:\PUTRI\D4\SEMESTER 8 (4C)\skripsi\code\code_mhs\2341720062\m09\tp02.ipynb,FAILED,Identifier normalization gagal
2026-03-04 11:20:17,D:\PUTRI\D4\SEMESTER 8 (4C)\skripsi\code\code_mhs\2341720062\m11\p01.ipynb,FAILED,Identifier normalization gagal
2026-03-04 11:20:17,D:\PUTRI\D4\SEMESTER 8 (4C)\skripsi\code\code_mhs\2341720062\m11\p02.ipynb,SUCCESS,Preprocessing berhasil
2026-03-04 11:20:17,D:\PUTRI\D4\SEMESTER 8 (4C)\skripsi\code\code_mhs\2341720062\m11\p03.ipynb,SUCCESS,Preprocessing berhasil
2026-03-04 11:20:17,D:\PUTRI\D4\SEMESTER 8 (4C)\skripsi\code\code_mhs\2341720062\m11\p04.ipynb,SUCCESS,Preprocessing berhasil
2026-03-04 11:20:17,D:\PUTRI\D4\SEMESTER 8 (4C)\skripsi\code\code_mhs\2341720062\m11\p05.ipynb,SUCCESS,Preprocessing berhasil
2026-03-04 11:20:17,D:\PUTRI\D4\SEMESTER 8 (4C)\skripsi\code\code_mhs\2341720062\m11\tp01.ipynb,SUCCESS,Preprocessing berhasil
2026-03-04 11:20:17,D:\PUTRI\D4\SEMESTER 8 (4C)\skripsi\code\code_mhs\2341720062\m13\p01.ipynb,SUCCESS,Preprocessing berhasil
2026-03-04 11:20:18,D:\PUTRI\D4\SEMESTER 8 (4C)\skripsi\code\code_mhs\2341720062\m13\p02.ipynb,SUCCESS,Preprocessing berhasil
2026-03-04 11:20:18,D:\PUTRI\D4\SEMESTER 8 (4C)\skripsi\code\code_mhs\2341720062\m13\p03.ipynb,SUCCESS,Preprocessing berhasil
2026-03-04 11:20:18,D:\PUTRI\D4\SEMESTER 8 (4C)\skripsi\code\code_mhs\2341720062\m13\tp01.ipynb,SUCCESS,Preprocessing berhasil
2026-03-04 11:20:18,D:\PUTRI\D4\SEMESTER 8 (4C)\skripsi\code\code_mhs\2341720062\m14\p01.ipynb,SUCCESS,Preprocessing berhasil
2026-03-04 11:20:18,D:\PUTRI\D4\SEMESTER 8 (4C)\skripsi\code\code_mhs\2341720062\m14\p02.ipynb,SUCCESS,Preprocessing berhasil
2026-03-04 11:20:18,D:\PUTRI\D4\SEMESTER 8 (4C)\skripsi\code\code_mhs\2341720062\m14\tp01.ipynb,SUCCESS,Preprocessing berhasil
2026-03-04 11:20:18,D:\PUTRI\D4\SEMESTER 8 (4C)\skripsi\code\code_mhs\2341720062\m15\p01.ipynb,SUCCESS,Preprocessing berhasil
2026-03-04 11:20:18,D:\PUTRI\D4\SEMESTER 8 (4C)\skripsi\code\code_mhs\2341720062\pbl\pbl.ipynb,SUCCESS,Preprocessing berhasil
2026-03-04 11:20:18,D:\PUTRI\D4\SEMESTER 8 (4C)\skripsi\code\code_mhs\2341720062\unclassified\app.py,SUCCESS,Preprocessing berhasil
2026-03-04 11:20:18,D:\PUTRI\D4\SEMESTER 8 (4C)\skripsi\code\code_mhs\2341720062\unclassified\p03.ipynb,SUCCESS,Preprocessing berhasil
2026-03-04 11:20:18,D:\PUTRI\D4\SEMESTER 8 (4C)\skripsi\code\code_mhs\2341720062\unclassified\p04.ipynb,SUCCESS,Preprocessing berhasil
2026-03-04 11:20:18,D:\PUTRI\D4\SEMESTER 8 (4C)\skripsi\code\code_mhs\2341720070\m01\p01.ipynb,SUCCESS,Preprocessing berhasil
2026-03-04 11:20:18,D:\PUTRI\D4\SEMESTER 8 (4C)\skripsi\code\code_mhs\2341720070\m02\p01.ipynb,SUCCESS,Preprocessing berhasil
2026-03-04 11:20:18,D:\PUTRI\D4\SEMESTER 8 (4C)\skripsi\code\code_mhs\2341720070\m02\p02.ipynb,SUCCESS,Preprocessing berhasil
2026-03-04 11:20:18,D:\PUTRI\D4\SEMESTER 8 (4C)\skripsi\code\code_mhs\2341720070\m02\p03.ipynb,SUCCESS,Preprocessing berhasil
2026-03-04 11:20:18,D:\PUTRI\D4\SEMESTER 8 (4C)\skripsi\code\code_mhs\2341720070\m02\p04.ipynb,SUCCESS,Preprocessing berhasil
2026-03-04 11:20:18,D:\PUTRI\D4\SEMESTER 8 (4C)\skripsi\code\code_mhs\2341720070\m02\tp01.ipynb,SUCCESS,Preprocessing berhasil
2026-03-04 11:20:19,D:\PUTRI\D4\SEMESTER 8 (4C)\skripsi\code\code_mhs\2341720070\m03\p01.ipynb,SUCCESS,Preprocessing berhasil
2026-03-04 11:20:19,D:\PUTRI\D4\SEMESTER 8 (4C)\skripsi\code\code_mhs\2341720070\m03\p02.ipynb,SUCCESS,Preprocessing berhasil
2026-03-04 11:20:19,D:\PUTRI\D4\SEMESTER 8 (4C)\skripsi\code\code_mhs\2341720070\m03\p03.ipynb,SUCCESS,Preprocessing berhasil
2026-03-04 11:20:19,D:\PUTRI\D4\SEMESTER 8 (4C)\skripsi\code\code_mhs\2341720070\m03\p04.ipynb,SUCCESS,Preprocessing berhasil
2026-03-04 11:20:19,D:\PUTRI\D4\SEMESTER 8 (4C)\skripsi\code\code_mhs\2341720070\m03\tp01.ipynb,SUCCESS,Preprocessing berhasil
2026-03-04 11:20:19,D:\PUTRI\D4\SEMESTER 8 (4C)\skripsi\code\code_mhs\2341720070\m04\p01.ipynb,SUCCESS,Preprocessing berhasil
2026-03-04 11:20:19,D:\PUTRI\D4\SEMESTER 8 (4C)\skripsi\code\code_mhs\2341720070\m04\p02.ipynb,SUCCESS,Preprocessing berhasil
2026-03-04 11:20:19,D:\PUTRI\D4\SEMESTER 8 (4C)\skripsi\code\code_mhs\2341720070\m04\p03.ipynb,SUCCESS,Preprocessing berhasil
2026-03-04 11:20:20,D:\PUTRI\D4\SEMESTER 8 (4C)\skripsi\code\code_mhs\2341720070\m04\tp01.ipynb,SUCCESS,Preprocessing berhasil
2026-03-04 11:20:20,D:\PUTRI\D4\SEMESTER 8 (4C)\skripsi\code\code_mhs\2341720070\m05\p01.ipynb,SUCCESS,Preprocessing berhasil
2026-03-04 11:20:20,D:\PUTRI\D4\SEMESTER 8 (4C)\skripsi\code\code_mhs\2341720070\m05\p02.ipynb,SUCCESS,Preprocessing berhasil
2026-03-04 11:20:20,D:\PUTRI\D4\SEMESTER 8 (4C)\skripsi\code\code_mhs\2341720070\m05\tp01.ipynb,SUCCESS,Preprocessing berhasil
2026-03-04 11:20:20,D:\PUTRI\D4\SEMESTER 8 (4C)\skripsi\code\code_mhs\2341720070\m06\p01.ipynb,SUCCESS,Preprocessing berhasil
2026-03-04 11:20:20,D:\PUTRI\D4\SEMESTER 8 (4C)\skripsi\code\code_mhs\2341720070\m06\p02.ipynb,SUCCESS,Preprocessing berhasil
2026-03-04 11:20:20,D:\PUTRI\D4\SEMESTER 8 (4C)\skripsi\code\code_mhs\2341720070\m06\tp01.ipynb,SUCCESS,Preprocessing berhasil
2026-03-04 11:20:20,D:\PUTRI\D4\SEMESTER 8 (4C)\skripsi\code\code_mhs\2341720070\m07\p01.ipynb,SUCCESS,Preprocessing berhasil
2026-03-04 11:20:20,D:\PUTRI\D4\SEMESTER 8 (4C)\skripsi\code\code_mhs\2341720070\m07\p02.ipynb,SUCCESS,Preprocessing berhasil
2026-03-04 11:20:20,D:\PUTRI\D4\SEMESTER 8 (4C)\skripsi\code\code_mhs\2341720070\m07\p03.ipynb,SUCCESS,Preprocessing berhasil
2026-03-04 11:20:20,D:\PUTRI\D4\SEMESTER 8 (4C)\skripsi\code\code_mhs\2341720070\m07\p04.ipynb,SUCCESS,Preprocessing berhasil
2026-03-04 11:20:20,D:\PUTRI\D4\SEMESTER 8 (4C)\skripsi\code\code_mhs\2341720070\m07\p05.ipynb,SUCCESS,Preprocessing berhasil
2026-03-04 11:20:20,D:\PUTRI\D4\SEMESTER 8 (4C)\skripsi\code\code_mhs\2341720070\m07\p06.ipynb,SUCCESS,Preprocessing berhasil
2026-03-04 11:20:20,D:\PUTRI\D4\SEMESTER 8 (4C)\skripsi\code\code_mhs\2341720070\m07\tp01.ipynb,SUCCESS,Preprocessing berhasil
2026-03-04 11:20:20,D:\PUTRI\D4\SEMESTER 8 (4C)\skripsi\code\code_mhs\2341720070\m08\tp01.ipynb,SUCCESS,Preprocessing berhasil
2026-03-04 11:20:20,D:\PUTRI\D4\SEMESTER 8 (4C)\skripsi\code\code_mhs\2341720070\m09\p01.ipynb,SUCCESS,Preprocessing berhasil
2026-03-04 11:20:20,D:\PUTRI\D4\SEMESTER 8 (4C)\skripsi\code\code_mhs\2341720070\m09\p02.ipynb,SUCCESS,Preprocessing berhasil
2026-03-04 11:20:20,D:\PUTRI\D4\SEMESTER 8 (4C)\skripsi\code\code_mhs\2341720070\m09\p03.ipynb,SUCCESS,Preprocessing berhasil
2026-03-04 11:20:20,D:\PUTRI\D4\SEMESTER 8 (4C)\skripsi\code\code_mhs\2341720070\m09\tp01.ipynb,SUCCESS,Preprocessing berhasil
2026-03-04 11:20:20,D:\PUTRI\D4\SEMESTER 8 (4C)\skripsi\code\code_mhs\2341720070\m09\tp02.ipynb,SUCCESS,Preprocessing berhasil
2026-03-04 11:20:20,D:\PUTRI\D4\SEMESTER 8 (4C)\skripsi\code\code_mhs\2341720070\m11\p01.ipynb,FAILED,Identifier normalization gagal
2026-03-04 11:20:20,D:\PUTRI\D4\SEMESTER 8 (4C)\skripsi\code\code_mhs\2341720070\m11\p03.ipynb,SUCCESS,Preprocessing berhasil
2026-03-04 11:20:20,D:\PUTRI\D4\SEMESTER 8 (4C)\skripsi\code\code_mhs\2341720070\m11\p04.ipynb,SUCCESS,Preprocessing berhasil
2026-03-04 11:20:20,D:\PUTRI\D4\SEMESTER 8 (4C)\skripsi\code\code_mhs\2341720070\m11\p05.ipynb,SUCCESS,Preprocessing berhasil
2026-03-04 11:20:20,D:\PUTRI\D4\SEMESTER 8 (4C)\skripsi\code\code_mhs\2341720070\m11\tp01.ipynb,SUCCESS,Preprocessing berhasil
2026-03-04 11:20:20,D:\PUTRI\D4\SEMESTER 8 (4C)\skripsi\code\code_mhs\2341720070\m13\p01.ipynb,SUCCESS,Preprocessing berhasil
2026-03-04 11:20:21,D:\PUTRI\D4\SEMESTER 8 (4C)\skripsi\code\code_mhs\2341720070\m13\p02.ipynb,SUCCESS,Preprocessing berhasil
2026-03-04 11:20:21,D:\PUTRI\D4\SEMESTER 8 (4C)\skripsi\code\code_mhs\2341720070\m13\p03.ipynb,SUCCESS,Preprocessing berhasil
2026-03-04 11:20:21,D:\PUTRI\D4\SEMESTER 8 (4C)\skripsi\code\code_mhs\2341720070\m13\tp01.ipynb,SUCCESS,Preprocessing berhasil
2026-03-04 11:20:21,D:\PUTRI\D4\SEMESTER 8 (4C)\skripsi\code\code_mhs\2341720070\m14\p01.ipynb,SUCCESS,Preprocessing berhasil
2026-03-04 11:20:21,D:\PUTRI\D4\SEMESTER 8 (4C)\skripsi\code\code_mhs\2341720070\m14\p02.ipynb,SUCCESS,Preprocessing berhasil
2026-03-04 11:20:21,D:\PUTRI\D4\SEMESTER 8 (4C)\skripsi\code\code_mhs\2341720070\m14\tp01.ipynb,SUCCESS,Preprocessing berhasil
2026-03-04 11:20:21,D:\PUTRI\D4\SEMESTER 8 (4C)\skripsi\code\code_mhs\2341720070\m15\p01.ipynb,SUCCESS,Preprocessing berhasil
2026-03-04 11:20:21,D:\PUTRI\D4\SEMESTER 8 (4C)\skripsi\code\code_mhs\2341720070\m15\p02.ipynb,SUCCESS,Preprocessing berhasil
2026-03-04 11:20:21,D:\PUTRI\D4\SEMESTER 8 (4C)\skripsi\code\code_mhs\2341720070\m15\p03.ipynb,SUCCESS,Preprocessing berhasil
2026-03-04 11:20:21,D:\PUTRI\D4\SEMESTER 8 (4C)\skripsi\code\code_mhs\2341720070\m15\tp01.ipynb,SUCCESS,Preprocessing berhasil
2026-03-04 11:20:21,D:\PUTRI\D4\SEMESTER 8 (4C)\skripsi\code\code_mhs\2341720070\m15\tp02.ipynb,SUCCESS,Preprocessing berhasil
2026-03-04 11:20:21,D:\PUTRI\D4\SEMESTER 8 (4C)\skripsi\code\code_mhs\2341720070\pbl\pbl.ipynb,SUCCESS,Preprocessing berhasil
2026-03-04 11:20:21,D:\PUTRI\D4\SEMESTER 8 (4C)\skripsi\code\code_mhs\2341720070\unclassified\app_api.py,SUCCESS,Preprocessing berhasil
2026-03-04 11:20:21,D:\PUTRI\D4\SEMESTER 8 (4C)\skripsi\code\code_mhs\2341720070\unclassified\p02.ipynb,SUCCESS,Preprocessing berhasil
2026-03-04 11:20:21,D:\PUTRI\D4\SEMESTER 8 (4C)\skripsi\code\code_mhs\2341720072\kuis\kuis.ipynb,INVALID,SyntaxError baris 123: invalid syntax
2026-03-04 11:20:21,D:\PUTRI\D4\SEMESTER 8 (4C)\skripsi\code\code_mhs\2341720072\m02\p01.ipynb,SUCCESS,Preprocessing berhasil
2026-03-04 11:20:21,D:\PUTRI\D4\SEMESTER 8 (4C)\skripsi\code\code_mhs\2341720072\m02\p02.ipynb,SUCCESS,Preprocessing berhasil
2026-03-04 11:20:21,D:\PUTRI\D4\SEMESTER 8 (4C)\skripsi\code\code_mhs\2341720072\m02\p03.ipynb,SUCCESS,Preprocessing berhasil
2026-03-04 11:20:21,D:\PUTRI\D4\SEMESTER 8 (4C)\skripsi\code\code_mhs\2341720072\m02\p04.ipynb,SUCCESS,Preprocessing berhasil
2026-03-04 11:20:21,D:\PUTRI\D4\SEMESTER 8 (4C)\skripsi\code\code_mhs\2341720072\m02\tp01.ipynb,SUCCESS,Preprocessing berhasil
2026-03-04 11:20:21,D:\PUTRI\D4\SEMESTER 8 (4C)\skripsi\code\code_mhs\2341720072\m03\p01.ipynb,INVALID,File kosong
2026-03-04 11:20:21,D:\PUTRI\D4\SEMESTER 8 (4C)\skripsi\code\code_mhs\2341720072\m03\p02.ipynb,SUCCESS,Preprocessing berhasil
2026-03-04 11:20:21,D:\PUTRI\D4\SEMESTER 8 (4C)\skripsi\code\code_mhs\2341720072\m03\p03.ipynb,SUCCESS,Preprocessing berhasil
2026-03-04 11:20:21,D:\PUTRI\D4\SEMESTER 8 (4C)\skripsi\code\code_mhs\2341720072\m03\p04.ipynb,SUCCESS,Preprocessing berhasil
2026-03-04 11:20:22,D:\PUTRI\D4\SEMESTER 8 (4C)\skripsi\code\code_mhs\2341720072\m03\tp01.ipynb,SUCCESS,Preprocessing berhasil
2026-03-04 11:20:22,D:\PUTRI\D4\SEMESTER 8 (4C)\skripsi\code\code_mhs\2341720072\m04\p01.ipynb,SUCCESS,Preprocessing berhasil
2026-03-04 11:20:22,D:\PUTRI\D4\SEMESTER 8 (4C)\skripsi\code\code_mhs\2341720072\m04\p02.ipynb,SUCCESS,Preprocessing berhasil
2026-03-04 11:20:22,D:\PUTRI\D4\SEMESTER 8 (4C)\skripsi\code\code_mhs\2341720072\m04\p03.ipynb,SUCCESS,Preprocessing berhasil
2026-03-04 11:20:22,D:\PUTRI\D4\SEMESTER 8 (4C)\skripsi\code\code_mhs\2341720072\m04\tp01.ipynb,SUCCESS,Preprocessing berhasil
2026-03-04 11:20:22,D:\PUTRI\D4\SEMESTER 8 (4C)\skripsi\code\code_mhs\2341720072\m05\p01.ipynb,SUCCESS,Preprocessing berhasil
2026-03-04 11:20:22,D:\PUTRI\D4\SEMESTER 8 (4C)\skripsi\code\code_mhs\2341720072\m05\p02.ipynb,SUCCESS,Preprocessing berhasil
2026-03-04 11:20:22,D:\PUTRI\D4\SEMESTER 8 (4C)\skripsi\code\code_mhs\2341720072\m05\tp01.ipynb,SUCCESS,Preprocessing berhasil
2026-03-04 11:20:22,D:\PUTRI\D4\SEMESTER 8 (4C)\skripsi\code\code_mhs\2341720072\m06\p01.ipynb,SUCCESS,Preprocessing berhasil
2026-03-04 11:20:22,D:\PUTRI\D4\SEMESTER 8 (4C)\skripsi\code\code_mhs\2341720072\m06\p02.ipynb,SUCCESS,Preprocessing berhasil
2026-03-04 11:20:22,D:\PUTRI\D4\SEMESTER 8 (4C)\skripsi\code\code_mhs\2341720072\m06\tp01.ipynb,SUCCESS,Preprocessing berhasil
2026-03-04 11:20:22,D:\PUTRI\D4\SEMESTER 8 (4C)\skripsi\code\code_mhs\2341720072\m07\p01.ipynb,SUCCESS,Preprocessing berhasil
2026-03-04 11:20:22,D:\PUTRI\D4\SEMESTER 8 (4C)\skripsi\code\code_mhs\2341720072\m07\p02.ipynb,SUCCESS,Preprocessing berhasil
2026-03-04 11:20:22,D:\PUTRI\D4\SEMESTER 8 (4C)\skripsi\code\code_mhs\2341720072\m07\p03.ipynb,SUCCESS,Preprocessing berhasil
2026-03-04 11:20:22,D:\PUTRI\D4\SEMESTER 8 (4C)\skripsi\code\code_mhs\2341720072\m07\p04.ipynb,SUCCESS,Preprocessing berhasil
2026-03-04 11:20:22,D:\PUTRI\D4\SEMESTER 8 (4C)\skripsi\code\code_mhs\2341720072\m07\p05.ipynb,SUCCESS,Preprocessing berhasil
2026-03-04 11:20:22,D:\PUTRI\D4\SEMESTER 8 (4C)\skripsi\code\code_mhs\2341720072\m07\p06.ipynb,SUCCESS,Preprocessing berhasil
2026-03-04 11:20:22,D:\PUTRI\D4\SEMESTER 8 (4C)\skripsi\code\code_mhs\2341720072\m07\tp01.ipynb,SUCCESS,Preprocessing berhasil
2026-03-04 11:20:22,D:\PUTRI\D4\SEMESTER 8 (4C)\skripsi\code\code_mhs\2341720072\m08\tp01.ipynb,SUCCESS,Preprocessing berhasil
2026-03-04 11:20:22,D:\PUTRI\D4\SEMESTER 8 (4C)\skripsi\code\code_mhs\2341720072\m09\p01.ipynb,SUCCESS,Preprocessing berhasil
2026-03-04 11:20:22,D:\PUTRI\D4\SEMESTER 8 (4C)\skripsi\code\code_mhs\2341720072\m09\p02.ipynb,SUCCESS,Preprocessing berhasil
2026-03-04 11:20:23,D:\PUTRI\D4\SEMESTER 8 (4C)\skripsi\code\code_mhs\2341720072\m09\p03.ipynb,SUCCESS,Preprocessing berhasil
2026-03-04 11:20:23,D:\PUTRI\D4\SEMESTER 8 (4C)\skripsi\code\code_mhs\2341720072\m09\tp01.ipynb,SUCCESS,Preprocessing berhasil
2026-03-04 11:20:23,D:\PUTRI\D4\SEMESTER 8 (4C)\skripsi\code\code_mhs\2341720072\m09\tp02.ipynb,SUCCESS,Preprocessing berhasil
2026-03-04 11:20:23,D:\PUTRI\D4\SEMESTER 8 (4C)\skripsi\code\code_mhs\2341720072\m11\p01.ipynb,FAILED,Identifier normalization gagal
2026-03-04 11:20:23,D:\PUTRI\D4\SEMESTER 8 (4C)\skripsi\code\code_mhs\2341720072\m11\p02.ipynb,SUCCESS,Preprocessing berhasil
2026-03-04 11:20:23,D:\PUTRI\D4\SEMESTER 8 (4C)\skripsi\code\code_mhs\2341720072\m11\p03.ipynb,SUCCESS,Preprocessing berhasil
2026-03-04 11:20:23,D:\PUTRI\D4\SEMESTER 8 (4C)\skripsi\code\code_mhs\2341720072\m11\p04.ipynb,SUCCESS,Preprocessing berhasil
2026-03-04 11:20:23,D:\PUTRI\D4\SEMESTER 8 (4C)\skripsi\code\code_mhs\2341720072\m11\p05.ipynb,SUCCESS,Preprocessing berhasil
2026-03-04 11:20:23,D:\PUTRI\D4\SEMESTER 8 (4C)\skripsi\code\code_mhs\2341720072\m11\tp01.ipynb,SUCCESS,Preprocessing berhasil
2026-03-04 11:20:23,D:\PUTRI\D4\SEMESTER 8 (4C)\skripsi\code\code_mhs\2341720072\m13\p01.ipynb,SUCCESS,Preprocessing berhasil
2026-03-04 11:20:23,D:\PUTRI\D4\SEMESTER 8 (4C)\skripsi\code\code_mhs\2341720072\m13\p02.ipynb,SUCCESS,Preprocessing berhasil
2026-03-04 11:20:23,D:\PUTRI\D4\SEMESTER 8 (4C)\skripsi\code\code_mhs\2341720072\m13\p03.ipynb,SUCCESS,Preprocessing berhasil
2026-03-04 11:20:23,D:\PUTRI\D4\SEMESTER 8 (4C)\skripsi\code\code_mhs\2341720072\m13\tp01.ipynb,SUCCESS,Preprocessing berhasil
2026-03-04 11:20:23,D:\PUTRI\D4\SEMESTER 8 (4C)\skripsi\code\code_mhs\2341720072\m14\p01.ipynb,SUCCESS,Preprocessing berhasil
2026-03-04 11:20:23,D:\PUTRI\D4\SEMESTER 8 (4C)\skripsi\code\code_mhs\2341720072\m14\p02.ipynb,SUCCESS,Preprocessing berhasil
2026-03-04 11:20:23,D:\PUTRI\D4\SEMESTER 8 (4C)\skripsi\code\code_mhs\2341720072\m14\tp01.ipynb,SUCCESS,Preprocessing berhasil
2026-03-04 11:20:23,D:\PUTRI\D4\SEMESTER 8 (4C)\skripsi\code\code_mhs\2341720072\m15\app.ipynb,SUCCESS,Preprocessing berhasil
2026-03-04 11:20:23,D:\PUTRI\D4\SEMESTER 8 (4C)\skripsi\code\code_mhs\2341720072\m15\p01.ipynb,SUCCESS,Preprocessing berhasil
2026-03-04 11:20:24,D:\PUTRI\D4\SEMESTER 8 (4C)\skripsi\code\code_mhs\2341720072\pbl\pbl.ipynb,SUCCESS,Preprocessing berhasil
2026-03-04 11:20:24,D:\PUTRI\D4\SEMESTER 8 (4C)\skripsi\code\code_mhs\2341720081\m02\p01.ipynb,SUCCESS,Preprocessing berhasil
2026-03-04 11:20:24,D:\PUTRI\D4\SEMESTER 8 (4C)\skripsi\code\code_mhs\2341720081\m02\p02.ipynb,SUCCESS,Preprocessing berhasil
2026-03-04 11:20:24,D:\PUTRI\D4\SEMESTER 8 (4C)\skripsi\code\code_mhs\2341720081\m02\p03.ipynb,SUCCESS,Preprocessing berhasil
2026-03-04 11:20:24,D:\PUTRI\D4\SEMESTER 8 (4C)\skripsi\code\code_mhs\2341720081\m02\p04.ipynb,SUCCESS,Preprocessing berhasil
2026-03-04 11:20:24,D:\PUTRI\D4\SEMESTER 8 (4C)\skripsi\code\code_mhs\2341720081\m02\tp01.ipynb,SUCCESS,Preprocessing berhasil
2026-03-04 11:20:24,D:\PUTRI\D4\SEMESTER 8 (4C)\skripsi\code\code_mhs\2341720081\m03\p01.ipynb,SUCCESS,Preprocessing berhasil
2026-03-04 11:20:24,D:\PUTRI\D4\SEMESTER 8 (4C)\skripsi\code\code_mhs\2341720081\m03\p02.ipynb,SUCCESS,Preprocessing berhasil
2026-03-04 11:20:24,D:\PUTRI\D4\SEMESTER 8 (4C)\skripsi\code\code_mhs\2341720081\m03\p03.ipynb,SUCCESS,Preprocessing berhasil
2026-03-04 11:20:24,D:\PUTRI\D4\SEMESTER 8 (4C)\skripsi\code\code_mhs\2341720081\m03\p04.ipynb,SUCCESS,Preprocessing berhasil
2026-03-04 11:20:24,D:\PUTRI\D4\SEMESTER 8 (4C)\skripsi\code\code_mhs\2341720081\m03\tp01.ipynb,SUCCESS,Preprocessing berhasil
2026-03-04 11:20:24,D:\PUTRI\D4\SEMESTER 8 (4C)\skripsi\code\code_mhs\2341720081\m04\p01.ipynb,SUCCESS,Preprocessing berhasil
2026-03-04 11:20:24,D:\PUTRI\D4\SEMESTER 8 (4C)\skripsi\code\code_mhs\2341720081\m04\p02.ipynb,SUCCESS,Preprocessing berhasil
2026-03-04 11:20:25,D:\PUTRI\D4\SEMESTER 8 (4C)\skripsi\code\code_mhs\2341720081\m04\p03.ipynb,SUCCESS,Preprocessing berhasil
2026-03-04 11:20:25,D:\PUTRI\D4\SEMESTER 8 (4C)\skripsi\code\code_mhs\2341720081\m04\tp01.ipynb,SUCCESS,Preprocessing berhasil
2026-03-04 11:20:25,D:\PUTRI\D4\SEMESTER 8 (4C)\skripsi\code\code_mhs\2341720081\m05\p01.ipynb,SUCCESS,Preprocessing berhasil
2026-03-04 11:20:25,D:\PUTRI\D4\SEMESTER 8 (4C)\skripsi\code\code_mhs\2341720081\m05\p02.ipynb,SUCCESS,Preprocessing berhasil
2026-03-04 11:20:25,D:\PUTRI\D4\SEMESTER 8 (4C)\skripsi\code\code_mhs\2341720081\m05\tp01.ipynb,SUCCESS,Preprocessing berhasil
2026-03-04 11:20:25,D:\PUTRI\D4\SEMESTER 8 (4C)\skripsi\code\code_mhs\2341720081\m06\p01.ipynb,SUCCESS,Preprocessing berhasil
2026-03-04 11:20:25,D:\PUTRI\D4\SEMESTER 8 (4C)\skripsi\code\code_mhs\2341720081\m06\p02.ipynb,SUCCESS,Preprocessing berhasil
2026-03-04 11:20:25,D:\PUTRI\D4\SEMESTER 8 (4C)\skripsi\code\code_mhs\2341720081\m06\tp01.ipynb,SUCCESS,Preprocessing berhasil
2026-03-04 11:20:25,D:\PUTRI\D4\SEMESTER 8 (4C)\skripsi\code\code_mhs\2341720081\m07\p01.ipynb,SUCCESS,Preprocessing berhasil
2026-03-04 11:20:25,D:\PUTRI\D4\SEMESTER 8 (4C)\skripsi\code\code_mhs\2341720081\m07\p02.ipynb,SUCCESS,Preprocessing berhasil
2026-03-04 11:20:25,D:\PUTRI\D4\SEMESTER 8 (4C)\skripsi\code\code_mhs\2341720081\m07\p03.ipynb,SUCCESS,Preprocessing berhasil
2026-03-04 11:20:25,D:\PUTRI\D4\SEMESTER 8 (4C)\skripsi\code\code_mhs\2341720081\m07\p04.ipynb,SUCCESS,Preprocessing berhasil
2026-03-04 11:20:25,D:\PUTRI\D4\SEMESTER 8 (4C)\skripsi\code\code_mhs\2341720081\m07\p05.ipynb,SUCCESS,Preprocessing berhasil
2026-03-04 11:20:25,D:\PUTRI\D4\SEMESTER 8 (4C)\skripsi\code\code_mhs\2341720081\m07\p06.ipynb,SUCCESS,Preprocessing berhasil
2026-03-04 11:20:25,D:\PUTRI\D4\SEMESTER 8 (4C)\skripsi\code\code_mhs\2341720081\m07\tp01.ipynb,SUCCESS,Preprocessing berhasil
2026-03-04 11:20:26,D:\PUTRI\D4\SEMESTER 8 (4C)\skripsi\code\code_mhs\2341720081\m08\tp01.ipynb,SUCCESS,Preprocessing berhasil
2026-03-04 11:20:26,D:\PUTRI\D4\SEMESTER 8 (4C)\skripsi\code\code_mhs\2341720081\m09\p01.ipynb,SUCCESS,Preprocessing berhasil
2026-03-04 11:20:26,D:\PUTRI\D4\SEMESTER 8 (4C)\skripsi\code\code_mhs\2341720081\m09\p02.ipynb,SUCCESS,Preprocessing berhasil
2026-03-04 11:20:26,D:\PUTRI\D4\SEMESTER 8 (4C)\skripsi\code\code_mhs\2341720081\m09\p03.ipynb,SUCCESS,Preprocessing berhasil
2026-03-04 11:20:26,D:\PUTRI\D4\SEMESTER 8 (4C)\skripsi\code\code_mhs\2341720081\m09\tp01.ipynb,SUCCESS,Preprocessing berhasil
2026-03-04 11:20:26,D:\PUTRI\D4\SEMESTER 8 (4C)\skripsi\code\code_mhs\2341720081\m09\tp02.ipynb,SUCCESS,Preprocessing berhasil
2026-03-04 11:20:26,D:\PUTRI\D4\SEMESTER 8 (4C)\skripsi\code\code_mhs\2341720081\m11\p01.ipynb,FAILED,Identifier normalization gagal
2026-03-04 11:20:26,D:\PUTRI\D4\SEMESTER 8 (4C)\skripsi\code\code_mhs\2341720081\m11\p02.ipynb,SUCCESS,Preprocessing berhasil
2026-03-04 11:20:26,D:\PUTRI\D4\SEMESTER 8 (4C)\skripsi\code\code_mhs\2341720081\m11\p03.ipynb,SUCCESS,Preprocessing berhasil
2026-03-04 11:20:26,D:\PUTRI\D4\SEMESTER 8 (4C)\skripsi\code\code_mhs\2341720081\m11\p04.ipynb,SUCCESS,Preprocessing berhasil
2026-03-04 11:20:26,D:\PUTRI\D4\SEMESTER 8 (4C)\skripsi\code\code_mhs\2341720081\m11\p05.ipynb,SUCCESS,Preprocessing berhasil
2026-03-04 11:20:27,D:\PUTRI\D4\SEMESTER 8 (4C)\skripsi\code\code_mhs\2341720081\m11\tp01.ipynb,SUCCESS,Preprocessing berhasil
2026-03-04 11:20:27,D:\PUTRI\D4\SEMESTER 8 (4C)\skripsi\code\code_mhs\2341720081\m13\p01.ipynb,SUCCESS,Preprocessing berhasil
2026-03-04 11:20:27,D:\PUTRI\D4\SEMESTER 8 (4C)\skripsi\code\code_mhs\2341720081\m13\p02.ipynb,SUCCESS,Preprocessing berhasil
2026-03-04 11:20:27,D:\PUTRI\D4\SEMESTER 8 (4C)\skripsi\code\code_mhs\2341720081\m13\p03.ipynb,SUCCESS,Preprocessing berhasil
2026-03-04 11:20:27,D:\PUTRI\D4\SEMESTER 8 (4C)\skripsi\code\code_mhs\2341720081\m13\tp01.ipynb,SUCCESS,Preprocessing berhasil
2026-03-04 11:20:27,D:\PUTRI\D4\SEMESTER 8 (4C)\skripsi\code\code_mhs\2341720081\m14\p01.ipynb,SUCCESS,Preprocessing berhasil
2026-03-04 11:20:27,D:\PUTRI\D4\SEMESTER 8 (4C)\skripsi\code\code_mhs\2341720081\m14\p02.ipynb,SUCCESS,Preprocessing berhasil
2026-03-04 11:20:27,D:\PUTRI\D4\SEMESTER 8 (4C)\skripsi\code\code_mhs\2341720081\m14\tp01.ipynb,SUCCESS,Preprocessing berhasil
2026-03-04 11:20:27,D:\PUTRI\D4\SEMESTER 8 (4C)\skripsi\code\code_mhs\2341720081\m15\p01.ipynb,SUCCESS,Preprocessing berhasil
2026-03-04 11:20:27,D:\PUTRI\D4\SEMESTER 8 (4C)\skripsi\code\code_mhs\2341720081\m15\p02.ipynb,FAILED,Tidak bisa membaca file
2026-03-04 11:20:27,D:\PUTRI\D4\SEMESTER 8 (4C)\skripsi\code\code_mhs\2341720083\kelompok\kelompok.ipynb,SUCCESS,Preprocessing berhasil
2026-03-04 11:20:27,D:\PUTRI\D4\SEMESTER 8 (4C)\skripsi\code\code_mhs\2341720083\m01\tp01.ipynb,INVALID,File kosong
2026-03-04 11:20:27,D:\PUTRI\D4\SEMESTER 8 (4C)\skripsi\code\code_mhs\2341720083\m02\p01.ipynb,SUCCESS,Preprocessing berhasil
2026-03-04 11:20:27,D:\PUTRI\D4\SEMESTER 8 (4C)\skripsi\code\code_mhs\2341720083\m02\p02.ipynb,SUCCESS,Preprocessing berhasil
2026-03-04 11:20:27,D:\PUTRI\D4\SEMESTER 8 (4C)\skripsi\code\code_mhs\2341720083\m02\p03.ipynb,SUCCESS,Preprocessing berhasil
2026-03-04 11:20:27,D:\PUTRI\D4\SEMESTER 8 (4C)\skripsi\code\code_mhs\2341720083\m02\p04.ipynb,SUCCESS,Preprocessing berhasil
2026-03-04 11:20:27,D:\PUTRI\D4\SEMESTER 8 (4C)\skripsi\code\code_mhs\2341720083\m02\tp01.ipynb,SUCCESS,Preprocessing berhasil
2026-03-04 11:20:28,D:\PUTRI\D4\SEMESTER 8 (4C)\skripsi\code\code_mhs\2341720083\m03\p01.ipynb,SUCCESS,Preprocessing berhasil
2026-03-04 11:20:28,D:\PUTRI\D4\SEMESTER 8 (4C)\skripsi\code\code_mhs\2341720083\m03\p02.ipynb,SUCCESS,Preprocessing berhasil
2026-03-04 11:20:28,D:\PUTRI\D4\SEMESTER 8 (4C)\skripsi\code\code_mhs\2341720083\m03\p03.ipynb,SUCCESS,Preprocessing berhasil
2026-03-04 11:20:28,D:\PUTRI\D4\SEMESTER 8 (4C)\skripsi\code\code_mhs\2341720083\m03\p04.ipynb,SUCCESS,Preprocessing berhasil
2026-03-04 11:20:28,D:\PUTRI\D4\SEMESTER 8 (4C)\skripsi\code\code_mhs\2341720083\m03\tp01.ipynb,SUCCESS,Preprocessing berhasil
2026-03-04 11:20:28,D:\PUTRI\D4\SEMESTER 8 (4C)\skripsi\code\code_mhs\2341720083\m04\p01.ipynb,SUCCESS,Preprocessing berhasil
2026-03-04 11:20:28,D:\PUTRI\D4\SEMESTER 8 (4C)\skripsi\code\code_mhs\2341720083\m04\p02.ipynb,SUCCESS,Preprocessing berhasil
2026-03-04 11:20:28,D:\PUTRI\D4\SEMESTER 8 (4C)\skripsi\code\code_mhs\2341720083\m04\p03.ipynb,SUCCESS,Preprocessing berhasil
2026-03-04 11:20:29,D:\PUTRI\D4\SEMESTER 8 (4C)\skripsi\code\code_mhs\2341720083\m04\tp01.ipynb,SUCCESS,Preprocessing berhasil
2026-03-04 11:20:29,D:\PUTRI\D4\SEMESTER 8 (4C)\skripsi\code\code_mhs\2341720083\m05\p01.ipynb,SUCCESS,Preprocessing berhasil
2026-03-04 11:20:29,D:\PUTRI\D4\SEMESTER 8 (4C)\skripsi\code\code_mhs\2341720083\m05\p02.ipynb,SUCCESS,Preprocessing berhasil
2026-03-04 11:20:29,D:\PUTRI\D4\SEMESTER 8 (4C)\skripsi\code\code_mhs\2341720083\m05\tp01.ipynb,SUCCESS,Preprocessing berhasil
2026-03-04 11:20:29,D:\PUTRI\D4\SEMESTER 8 (4C)\skripsi\code\code_mhs\2341720083\m06\p01.ipynb,SUCCESS,Preprocessing berhasil
2026-03-04 11:20:29,D:\PUTRI\D4\SEMESTER 8 (4C)\skripsi\code\code_mhs\2341720083\m06\p02.ipynb,SUCCESS,Preprocessing berhasil
2026-03-04 11:20:29,D:\PUTRI\D4\SEMESTER 8 (4C)\skripsi\code\code_mhs\2341720083\m06\tp01.ipynb,SUCCESS,Preprocessing berhasil
2026-03-04 11:20:29,D:\PUTRI\D4\SEMESTER 8 (4C)\skripsi\code\code_mhs\2341720083\m07\p01.ipynb,SUCCESS,Preprocessing berhasil
2026-03-04 11:20:29,D:\PUTRI\D4\SEMESTER 8 (4C)\skripsi\code\code_mhs\2341720083\m07\p02.ipynb,SUCCESS,Preprocessing berhasil
2026-03-04 11:20:29,D:\PUTRI\D4\SEMESTER 8 (4C)\skripsi\code\code_mhs\2341720083\m07\p03.ipynb,SUCCESS,Preprocessing berhasil
2026-03-04 11:20:29,D:\PUTRI\D4\SEMESTER 8 (4C)\skripsi\code\code_mhs\2341720083\m07\p04.ipynb,SUCCESS,Preprocessing berhasil
2026-03-04 11:20:29,D:\PUTRI\D4\SEMESTER 8 (4C)\skripsi\code\code_mhs\2341720083\m07\p05.ipynb,SUCCESS,Preprocessing berhasil
2026-03-04 11:20:30,D:\PUTRI\D4\SEMESTER 8 (4C)\skripsi\code\code_mhs\2341720083\m07\p06.ipynb,SUCCESS,Preprocessing berhasil
2026-03-04 11:20:30,D:\PUTRI\D4\SEMESTER 8 (4C)\skripsi\code\code_mhs\2341720083\m07\tp01.ipynb,SUCCESS,Preprocessing berhasil
2026-03-04 11:20:30,D:\PUTRI\D4\SEMESTER 8 (4C)\skripsi\code\code_mhs\2341720083\m08\tp01.ipynb,SUCCESS,Preprocessing berhasil
2026-03-04 11:20:30,D:\PUTRI\D4\SEMESTER 8 (4C)\skripsi\code\code_mhs\2341720083\m09\p01.ipynb,SUCCESS,Preprocessing berhasil
2026-03-04 11:20:30,D:\PUTRI\D4\SEMESTER 8 (4C)\skripsi\code\code_mhs\2341720083\m09\p02.ipynb,SUCCESS,Preprocessing berhasil
2026-03-04 11:20:30,D:\PUTRI\D4\SEMESTER 8 (4C)\skripsi\code\code_mhs\2341720083\m09\p03.ipynb,SUCCESS,Preprocessing berhasil
2026-03-04 11:20:30,D:\PUTRI\D4\SEMESTER 8 (4C)\skripsi\code\code_mhs\2341720083\m09\tp01.ipynb,SUCCESS,Preprocessing berhasil
2026-03-04 11:20:30,D:\PUTRI\D4\SEMESTER 8 (4C)\skripsi\code\code_mhs\2341720083\m09\tp02.ipynb,SUCCESS,Preprocessing berhasil
2026-03-04 11:20:30,D:\PUTRI\D4\SEMESTER 8 (4C)\skripsi\code\code_mhs\2341720083\m11\p01.ipynb,FAILED,Identifier normalization gagal
2026-03-04 11:20:30,D:\PUTRI\D4\SEMESTER 8 (4C)\skripsi\code\code_mhs\2341720083\m11\p02.ipynb,SUCCESS,Preprocessing berhasil
2026-03-04 11:20:30,D:\PUTRI\D4\SEMESTER 8 (4C)\skripsi\code\code_mhs\2341720083\m11\p03.ipynb,SUCCESS,Preprocessing berhasil
2026-03-04 11:20:30,D:\PUTRI\D4\SEMESTER 8 (4C)\skripsi\code\code_mhs\2341720083\m11\p04.ipynb,SUCCESS,Preprocessing berhasil
2026-03-04 11:20:30,D:\PUTRI\D4\SEMESTER 8 (4C)\skripsi\code\code_mhs\2341720083\m11\p05.ipynb,SUCCESS,Preprocessing berhasil
2026-03-04 11:20:30,D:\PUTRI\D4\SEMESTER 8 (4C)\skripsi\code\code_mhs\2341720083\m11\tp01.ipynb,SUCCESS,Preprocessing berhasil
2026-03-04 11:20:31,D:\PUTRI\D4\SEMESTER 8 (4C)\skripsi\code\code_mhs\2341720083\m13\p01.ipynb,SUCCESS,Preprocessing berhasil
2026-03-04 11:20:31,D:\PUTRI\D4\SEMESTER 8 (4C)\skripsi\code\code_mhs\2341720083\m13\p02.ipynb,SUCCESS,Preprocessing berhasil
2026-03-04 11:20:31,D:\PUTRI\D4\SEMESTER 8 (4C)\skripsi\code\code_mhs\2341720083\m13\p03.ipynb,SUCCESS,Preprocessing berhasil
2026-03-04 11:20:31,D:\PUTRI\D4\SEMESTER 8 (4C)\skripsi\code\code_mhs\2341720083\m13\tp01.ipynb,SUCCESS,Preprocessing berhasil
2026-03-04 11:20:31,D:\PUTRI\D4\SEMESTER 8 (4C)\skripsi\code\code_mhs\2341720083\uts\uts.ipynb,SUCCESS,Preprocessing berhasil
2026-03-04 11:20:31,D:\PUTRI\D4\SEMESTER 8 (4C)\skripsi\code\code_mhs\2341720084\m02\p01.ipynb,SUCCESS,Preprocessing berhasil
2026-03-04 11:20:31,D:\PUTRI\D4\SEMESTER 8 (4C)\skripsi\code\code_mhs\2341720084\m02\p02.ipynb,SUCCESS,Preprocessing berhasil
2026-03-04 11:20:31,D:\PUTRI\D4\SEMESTER 8 (4C)\skripsi\code\code_mhs\2341720084\m02\p03.ipynb,SUCCESS,Preprocessing berhasil
2026-03-04 11:20:31,D:\PUTRI\D4\SEMESTER 8 (4C)\skripsi\code\code_mhs\2341720084\m02\p04.ipynb,SUCCESS,Preprocessing berhasil
2026-03-04 11:20:31,D:\PUTRI\D4\SEMESTER 8 (4C)\skripsi\code\code_mhs\2341720084\m02\tp01.ipynb,SUCCESS,Preprocessing berhasil
2026-03-04 11:20:31,D:\PUTRI\D4\SEMESTER 8 (4C)\skripsi\code\code_mhs\2341720084\m03\p01.ipynb,SUCCESS,Preprocessing berhasil
2026-03-04 11:20:31,D:\PUTRI\D4\SEMESTER 8 (4C)\skripsi\code\code_mhs\2341720084\m03\p02.ipynb,SUCCESS,Preprocessing berhasil
2026-03-04 11:20:31,D:\PUTRI\D4\SEMESTER 8 (4C)\skripsi\code\code_mhs\2341720084\m03\p03.ipynb,SUCCESS,Preprocessing berhasil
2026-03-04 11:20:31,D:\PUTRI\D4\SEMESTER 8 (4C)\skripsi\code\code_mhs\2341720084\m03\p04.ipynb,SUCCESS,Preprocessing berhasil
2026-03-04 11:20:31,D:\PUTRI\D4\SEMESTER 8 (4C)\skripsi\code\code_mhs\2341720084\m03\tp01.ipynb,SUCCESS,Preprocessing berhasil
2026-03-04 11:20:31,D:\PUTRI\D4\SEMESTER 8 (4C)\skripsi\code\code_mhs\2341720084\m04\p01.ipynb,SUCCESS,Preprocessing berhasil
2026-03-04 11:20:32,D:\PUTRI\D4\SEMESTER 8 (4C)\skripsi\code\code_mhs\2341720084\m04\p02.ipynb,SUCCESS,Preprocessing berhasil
2026-03-04 11:20:32,D:\PUTRI\D4\SEMESTER 8 (4C)\skripsi\code\code_mhs\2341720084\m04\p03.ipynb,SUCCESS,Preprocessing berhasil
2026-03-04 11:20:32,D:\PUTRI\D4\SEMESTER 8 (4C)\skripsi\code\code_mhs\2341720084\m04\tp01.ipynb,FAILED,Identifier normalization gagal
2026-03-04 11:20:32,D:\PUTRI\D4\SEMESTER 8 (4C)\skripsi\code\code_mhs\2341720084\m05\p01.ipynb,SUCCESS,Preprocessing berhasil
2026-03-04 11:20:32,D:\PUTRI\D4\SEMESTER 8 (4C)\skripsi\code\code_mhs\2341720084\m05\p02.ipynb,SUCCESS,Preprocessing berhasil
2026-03-04 11:20:32,D:\PUTRI\D4\SEMESTER 8 (4C)\skripsi\code\code_mhs\2341720084\m05\tp01.ipynb,SUCCESS,Preprocessing berhasil
2026-03-04 11:20:32,D:\PUTRI\D4\SEMESTER 8 (4C)\skripsi\code\code_mhs\2341720084\m06\p01.ipynb,SUCCESS,Preprocessing berhasil
2026-03-04 11:20:32,D:\PUTRI\D4\SEMESTER 8 (4C)\skripsi\code\code_mhs\2341720084\m06\p02.ipynb,SUCCESS,Preprocessing berhasil
2026-03-04 11:20:32,D:\PUTRI\D4\SEMESTER 8 (4C)\skripsi\code\code_mhs\2341720084\m06\tp01.ipynb,SUCCESS,Preprocessing berhasil
2026-03-04 11:20:32,D:\PUTRI\D4\SEMESTER 8 (4C)\skripsi\code\code_mhs\2341720084\m07\p01.ipynb,SUCCESS,Preprocessing berhasil
2026-03-04 11:20:32,D:\PUTRI\D4\SEMESTER 8 (4C)\skripsi\code\code_mhs\2341720084\m07\p02.ipynb,SUCCESS,Preprocessing berhasil
2026-03-04 11:20:32,D:\PUTRI\D4\SEMESTER 8 (4C)\skripsi\code\code_mhs\2341720084\m07\p03.ipynb,SUCCESS,Preprocessing berhasil
2026-03-04 11:20:32,D:\PUTRI\D4\SEMESTER 8 (4C)\skripsi\code\code_mhs\2341720084\m07\p04.ipynb,SUCCESS,Preprocessing berhasil
2026-03-04 11:20:32,D:\PUTRI\D4\SEMESTER 8 (4C)\skripsi\code\code_mhs\2341720084\m07\p05.ipynb,SUCCESS,Preprocessing berhasil
2026-03-04 11:20:32,D:\PUTRI\D4\SEMESTER 8 (4C)\skripsi\code\code_mhs\2341720084\m07\p06.ipynb,SUCCESS,Preprocessing berhasil
2026-03-04 11:20:33,D:\PUTRI\D4\SEMESTER 8 (4C)\skripsi\code\code_mhs\2341720084\m07\tp01.ipynb,SUCCESS,Preprocessing berhasil
2026-03-04 11:20:33,D:\PUTRI\D4\SEMESTER 8 (4C)\skripsi\code\code_mhs\2341720084\m08\tp01.ipynb,SUCCESS,Preprocessing berhasil
2026-03-04 11:20:33,D:\PUTRI\D4\SEMESTER 8 (4C)\skripsi\code\code_mhs\2341720084\m09\p01.ipynb,SUCCESS,Preprocessing berhasil
2026-03-04 11:20:33,D:\PUTRI\D4\SEMESTER 8 (4C)\skripsi\code\code_mhs\2341720084\m09\p02.ipynb,SUCCESS,Preprocessing berhasil
2026-03-04 11:20:33,D:\PUTRI\D4\SEMESTER 8 (4C)\skripsi\code\code_mhs\2341720084\m09\p03.ipynb,SUCCESS,Preprocessing berhasil
2026-03-04 11:20:33,D:\PUTRI\D4\SEMESTER 8 (4C)\skripsi\code\code_mhs\2341720084\m09\tp01.ipynb,SUCCESS,Preprocessing berhasil
2026-03-04 11:20:33,D:\PUTRI\D4\SEMESTER 8 (4C)\skripsi\code\code_mhs\2341720084\m09\tp02.ipynb,SUCCESS,Preprocessing berhasil
2026-03-04 11:20:33,D:\PUTRI\D4\SEMESTER 8 (4C)\skripsi\code\code_mhs\2341720084\m11\p01.ipynb,FAILED,Identifier normalization gagal
2026-03-04 11:20:33,D:\PUTRI\D4\SEMESTER 8 (4C)\skripsi\code\code_mhs\2341720084\m11\p02.ipynb,SUCCESS,Preprocessing berhasil
2026-03-04 11:20:33,D:\PUTRI\D4\SEMESTER 8 (4C)\skripsi\code\code_mhs\2341720084\m11\p03.ipynb,SUCCESS,Preprocessing berhasil
2026-03-04 11:20:33,D:\PUTRI\D4\SEMESTER 8 (4C)\skripsi\code\code_mhs\2341720084\m11\p04.ipynb,SUCCESS,Preprocessing berhasil
2026-03-04 11:20:33,D:\PUTRI\D4\SEMESTER 8 (4C)\skripsi\code\code_mhs\2341720084\m11\p05.ipynb,SUCCESS,Preprocessing berhasil
2026-03-04 11:20:33,D:\PUTRI\D4\SEMESTER 8 (4C)\skripsi\code\code_mhs\2341720084\m11\tp01.ipynb,SUCCESS,Preprocessing berhasil
2026-03-04 11:20:34,D:\PUTRI\D4\SEMESTER 8 (4C)\skripsi\code\code_mhs\2341720084\m13\p01.ipynb,SUCCESS,Preprocessing berhasil
2026-03-04 11:20:34,D:\PUTRI\D4\SEMESTER 8 (4C)\skripsi\code\code_mhs\2341720084\m13\p02.ipynb,SUCCESS,Preprocessing berhasil
2026-03-04 11:20:34,D:\PUTRI\D4\SEMESTER 8 (4C)\skripsi\code\code_mhs\2341720084\m13\p03.ipynb,SUCCESS,Preprocessing berhasil
2026-03-04 11:20:34,D:\PUTRI\D4\SEMESTER 8 (4C)\skripsi\code\code_mhs\2341720084\m13\tp01.ipynb,SUCCESS,Preprocessing berhasil
2026-03-04 11:20:34,D:\PUTRI\D4\SEMESTER 8 (4C)\skripsi\code\code_mhs\2341720084\m14\p01.ipynb,SUCCESS,Preprocessing berhasil
2026-03-04 11:20:34,D:\PUTRI\D4\SEMESTER 8 (4C)\skripsi\code\code_mhs\2341720084\m14\p02.ipynb,SUCCESS,Preprocessing berhasil
2026-03-04 11:20:34,D:\PUTRI\D4\SEMESTER 8 (4C)\skripsi\code\code_mhs\2341720084\m14\tp01.ipynb,SUCCESS,Preprocessing berhasil
2026-03-04 11:20:34,D:\PUTRI\D4\SEMESTER 8 (4C)\skripsi\code\code_mhs\2341720084\m15\p01.ipynb,SUCCESS,Preprocessing berhasil
2026-03-04 11:20:34,D:\PUTRI\D4\SEMESTER 8 (4C)\skripsi\code\code_mhs\2341720084\m15\tp01.ipynb,INVALID,SyntaxError baris 3: invalid syntax
2026-03-04 11:20:34,D:\PUTRI\D4\SEMESTER 8 (4C)\skripsi\code\code_mhs\2341720088\m01\p01.ipynb,SUCCESS,Preprocessing berhasil
2026-03-04 11:20:34,D:\PUTRI\D4\SEMESTER 8 (4C)\skripsi\code\code_mhs\2341720088\m02\p01.ipynb,SUCCESS,Preprocessing berhasil
2026-03-04 11:20:35,D:\PUTRI\D4\SEMESTER 8 (4C)\skripsi\code\code_mhs\2341720088\m02\p02.ipynb,SUCCESS,Preprocessing berhasil
2026-03-04 11:20:35,D:\PUTRI\D4\SEMESTER 8 (4C)\skripsi\code\code_mhs\2341720088\m02\p03.ipynb,SUCCESS,Preprocessing berhasil
2026-03-04 11:20:35,D:\PUTRI\D4\SEMESTER 8 (4C)\skripsi\code\code_mhs\2341720088\m02\p04.ipynb,SUCCESS,Preprocessing berhasil
2026-03-04 11:20:36,D:\PUTRI\D4\SEMESTER 8 (4C)\skripsi\code\code_mhs\2341720088\m02\tp01.ipynb,SUCCESS,Preprocessing berhasil
2026-03-04 11:20:36,D:\PUTRI\D4\SEMESTER 8 (4C)\skripsi\code\code_mhs\2341720088\m03\p01.ipynb,SUCCESS,Preprocessing berhasil
2026-03-04 11:20:36,D:\PUTRI\D4\SEMESTER 8 (4C)\skripsi\code\code_mhs\2341720088\m03\p02.ipynb,SUCCESS,Preprocessing berhasil
2026-03-04 11:20:36,D:\PUTRI\D4\SEMESTER 8 (4C)\skripsi\code\code_mhs\2341720088\m03\p03.ipynb,SUCCESS,Preprocessing berhasil
2026-03-04 11:20:36,D:\PUTRI\D4\SEMESTER 8 (4C)\skripsi\code\code_mhs\2341720088\m03\p04.ipynb,SUCCESS,Preprocessing berhasil
2026-03-04 11:20:36,D:\PUTRI\D4\SEMESTER 8 (4C)\skripsi\code\code_mhs\2341720088\m03\tp01.ipynb,SUCCESS,Preprocessing berhasil
2026-03-04 11:20:36,D:\PUTRI\D4\SEMESTER 8 (4C)\skripsi\code\code_mhs\2341720088\m04\p01.ipynb,SUCCESS,Preprocessing berhasil
2026-03-04 11:20:36,D:\PUTRI\D4\SEMESTER 8 (4C)\skripsi\code\code_mhs\2341720088\m04\p02.ipynb,SUCCESS,Preprocessing berhasil
2026-03-04 11:20:36,D:\PUTRI\D4\SEMESTER 8 (4C)\skripsi\code\code_mhs\2341720088\m04\p03.ipynb,SUCCESS,Preprocessing berhasil
2026-03-04 11:20:36,D:\PUTRI\D4\SEMESTER 8 (4C)\skripsi\code\code_mhs\2341720088\m04\tp01.ipynb,SUCCESS,Preprocessing berhasil
2026-03-04 11:20:37,D:\PUTRI\D4\SEMESTER 8 (4C)\skripsi\code\code_mhs\2341720088\m05\p01.ipynb,SUCCESS,Preprocessing berhasil
2026-03-04 11:20:37,D:\PUTRI\D4\SEMESTER 8 (4C)\skripsi\code\code_mhs\2341720088\m05\p02.ipynb,SUCCESS,Preprocessing berhasil
2026-03-04 11:20:37,D:\PUTRI\D4\SEMESTER 8 (4C)\skripsi\code\code_mhs\2341720088\m05\tp01.ipynb,SUCCESS,Preprocessing berhasil
2026-03-04 11:20:37,D:\PUTRI\D4\SEMESTER 8 (4C)\skripsi\code\code_mhs\2341720088\m06\p01.ipynb,SUCCESS,Preprocessing berhasil
2026-03-04 11:20:37,D:\PUTRI\D4\SEMESTER 8 (4C)\skripsi\code\code_mhs\2341720088\m06\p02.ipynb,SUCCESS,Preprocessing berhasil
2026-03-04 11:20:37,D:\PUTRI\D4\SEMESTER 8 (4C)\skripsi\code\code_mhs\2341720088\m06\tp01.ipynb,SUCCESS,Preprocessing berhasil
2026-03-04 11:20:37,D:\PUTRI\D4\SEMESTER 8 (4C)\skripsi\code\code_mhs\2341720088\m07\p01.ipynb,SUCCESS,Preprocessing berhasil
2026-03-04 11:20:37,D:\PUTRI\D4\SEMESTER 8 (4C)\skripsi\code\code_mhs\2341720088\m07\p02.ipynb,SUCCESS,Preprocessing berhasil
2026-03-04 11:20:37,D:\PUTRI\D4\SEMESTER 8 (4C)\skripsi\code\code_mhs\2341720088\m07\p03.ipynb,SUCCESS,Preprocessing berhasil
2026-03-04 11:20:37,D:\PUTRI\D4\SEMESTER 8 (4C)\skripsi\code\code_mhs\2341720088\m07\p04.ipynb,SUCCESS,Preprocessing berhasil
2026-03-04 11:20:37,D:\PUTRI\D4\SEMESTER 8 (4C)\skripsi\code\code_mhs\2341720088\m07\p05.ipynb,SUCCESS,Preprocessing berhasil
2026-03-04 11:20:37,D:\PUTRI\D4\SEMESTER 8 (4C)\skripsi\code\code_mhs\2341720088\m07\p06.ipynb,SUCCESS,Preprocessing berhasil
2026-03-04 11:20:38,D:\PUTRI\D4\SEMESTER 8 (4C)\skripsi\code\code_mhs\2341720088\m08\tp01.ipynb,SUCCESS,Preprocessing berhasil
2026-03-04 11:20:38,D:\PUTRI\D4\SEMESTER 8 (4C)\skripsi\code\code_mhs\2341720088\m09\p01.ipynb,SUCCESS,Preprocessing berhasil
2026-03-04 11:20:38,D:\PUTRI\D4\SEMESTER 8 (4C)\skripsi\code\code_mhs\2341720088\m09\p02.ipynb,SUCCESS,Preprocessing berhasil
2026-03-04 11:20:38,D:\PUTRI\D4\SEMESTER 8 (4C)\skripsi\code\code_mhs\2341720088\m09\p03.ipynb,SUCCESS,Preprocessing berhasil
2026-03-04 11:20:38,D:\PUTRI\D4\SEMESTER 8 (4C)\skripsi\code\code_mhs\2341720088\m09\tp01.ipynb,FAILED,Identifier normalization gagal
2026-03-04 11:20:38,D:\PUTRI\D4\SEMESTER 8 (4C)\skripsi\code\code_mhs\2341720088\m09\tp02.ipynb,SUCCESS,Preprocessing berhasil
2026-03-04 11:20:38,D:\PUTRI\D4\SEMESTER 8 (4C)\skripsi\code\code_mhs\2341720088\m11\p01.ipynb,FAILED,Identifier normalization gagal
2026-03-04 11:20:38,D:\PUTRI\D4\SEMESTER 8 (4C)\skripsi\code\code_mhs\2341720088\m11\p02.ipynb,SUCCESS,Preprocessing berhasil
2026-03-04 11:20:38,D:\PUTRI\D4\SEMESTER 8 (4C)\skripsi\code\code_mhs\2341720088\m11\p03.ipynb,SUCCESS,Preprocessing berhasil
2026-03-04 11:20:38,D:\PUTRI\D4\SEMESTER 8 (4C)\skripsi\code\code_mhs\2341720088\m11\p04.ipynb,SUCCESS,Preprocessing berhasil
2026-03-04 11:20:38,D:\PUTRI\D4\SEMESTER 8 (4C)\skripsi\code\code_mhs\2341720088\m11\p05.ipynb,SUCCESS,Preprocessing berhasil
2026-03-04 11:20:39,D:\PUTRI\D4\SEMESTER 8 (4C)\skripsi\code\code_mhs\2341720088\m11\tp01.ipynb,SUCCESS,Preprocessing berhasil
2026-03-04 11:20:39,D:\PUTRI\D4\SEMESTER 8 (4C)\skripsi\code\code_mhs\2341720088\m13\p01.ipynb,SUCCESS,Preprocessing berhasil
2026-03-04 11:20:39,D:\PUTRI\D4\SEMESTER 8 (4C)\skripsi\code\code_mhs\2341720088\m13\p02.ipynb,SUCCESS,Preprocessing berhasil
2026-03-04 11:20:39,D:\PUTRI\D4\SEMESTER 8 (4C)\skripsi\code\code_mhs\2341720088\m13\p03.ipynb,SUCCESS,Preprocessing berhasil
2026-03-04 11:20:39,D:\PUTRI\D4\SEMESTER 8 (4C)\skripsi\code\code_mhs\2341720088\m13\tp01.ipynb,SUCCESS,Preprocessing berhasil
2026-03-04 11:20:39,D:\PUTRI\D4\SEMESTER 8 (4C)\skripsi\code\code_mhs\2341720088\m14\p01.ipynb,SUCCESS,Preprocessing berhasil
2026-03-04 11:20:39,D:\PUTRI\D4\SEMESTER 8 (4C)\skripsi\code\code_mhs\2341720088\m14\p02.ipynb,SUCCESS,Preprocessing berhasil
2026-03-04 11:20:39,D:\PUTRI\D4\SEMESTER 8 (4C)\skripsi\code\code_mhs\2341720088\m14\tp01.ipynb,SUCCESS,Preprocessing berhasil
2026-03-04 11:20:39,D:\PUTRI\D4\SEMESTER 8 (4C)\skripsi\code\code_mhs\2341720088\m15\app.py,SUCCESS,Preprocessing berhasil
2026-03-04 11:20:39,D:\PUTRI\D4\SEMESTER 8 (4C)\skripsi\code\code_mhs\2341720088\m15\feature_builder.py,SUCCESS,Preprocessing berhasil
2026-03-04 11:20:39,D:\PUTRI\D4\SEMESTER 8 (4C)\skripsi\code\code_mhs\2341720088\m15\model_loader.py,SUCCESS,Preprocessing berhasil
2026-03-04 11:20:39,D:\PUTRI\D4\SEMESTER 8 (4C)\skripsi\code\code_mhs\2341720088\m15\p01.ipynb,SUCCESS,Preprocessing berhasil
2026-03-04 11:20:39,D:\PUTRI\D4\SEMESTER 8 (4C)\skripsi\code\code_mhs\2341720088\m15\predictor.py,SUCCESS,Preprocessing berhasil
2026-03-04 11:20:39,D:\PUTRI\D4\SEMESTER 8 (4C)\skripsi\code\code_mhs\2341720088\m66\tp01.ipynb,SUCCESS,Preprocessing berhasil
2026-03-04 11:20:39,D:\PUTRI\D4\SEMESTER 8 (4C)\skripsi\code\code_mhs\2341720088\pbl\pbl.ipynb,SUCCESS,Preprocessing berhasil
2026-03-04 11:20:39,D:\PUTRI\D4\SEMESTER 8 (4C)\skripsi\code\code_mhs\2341720088\pbl\pbl.py,SUCCESS,Preprocessing berhasil
2026-03-04 11:20:39,D:\PUTRI\D4\SEMESTER 8 (4C)\skripsi\code\code_mhs\2341720088\unclassified\app.py,SUCCESS,Preprocessing berhasil
2026-03-04 11:20:39,D:\PUTRI\D4\SEMESTER 8 (4C)\skripsi\code\code_mhs\2341720093\kelompok\kelompok.ipynb,FAILED,Identifier normalization gagal
2026-03-04 11:20:40,D:\PUTRI\D4\SEMESTER 8 (4C)\skripsi\code\code_mhs\2341720093\kuis\kuis.ipynb,SUCCESS,Preprocessing berhasil
2026-03-04 11:20:40,D:\PUTRI\D4\SEMESTER 8 (4C)\skripsi\code\code_mhs\2341720093\m01\JS01_2341720093_Tionusa.ipynb,FAILED,Cleaning gagal
2026-03-04 11:20:40,D:\PUTRI\D4\SEMESTER 8 (4C)\skripsi\code\code_mhs\2341720093\m02\JS02_2341720093_Tionusa.ipynb,SUCCESS,Preprocessing berhasil
2026-03-04 11:20:41,D:\PUTRI\D4\SEMESTER 8 (4C)\skripsi\code\code_mhs\2341720093\m03\JS03_2341720093_Tionusa.ipynb,SUCCESS,Preprocessing berhasil
2026-03-04 11:20:41,D:\PUTRI\D4\SEMESTER 8 (4C)\skripsi\code\code_mhs\2341720093\m05\JS05_2341720093_Tionusa.ipynb,SUCCESS,Preprocessing berhasil
2026-03-04 11:20:41,D:\PUTRI\D4\SEMESTER 8 (4C)\skripsi\code\code_mhs\2341720093\m06\JS06_2341720093_Tionusa_Catur_Pamungkas.ipynb,SUCCESS,Preprocessing berhasil
2026-03-04 11:20:41,D:\PUTRI\D4\SEMESTER 8 (4C)\skripsi\code\code_mhs\2341720093\m07\p01.ipynb,SUCCESS,Preprocessing berhasil
2026-03-04 11:20:41,D:\PUTRI\D4\SEMESTER 8 (4C)\skripsi\code\code_mhs\2341720093\m07\p02.ipynb,SUCCESS,Preprocessing berhasil
2026-03-04 11:20:41,D:\PUTRI\D4\SEMESTER 8 (4C)\skripsi\code\code_mhs\2341720093\m07\p03.ipynb,SUCCESS,Preprocessing berhasil
2026-03-04 11:20:41,D:\PUTRI\D4\SEMESTER 8 (4C)\skripsi\code\code_mhs\2341720093\m07\p04.ipynb,SUCCESS,Preprocessing berhasil
2026-03-04 11:20:41,D:\PUTRI\D4\SEMESTER 8 (4C)\skripsi\code\code_mhs\2341720093\m07\p05.ipynb,SUCCESS,Preprocessing berhasil
2026-03-04 11:20:41,D:\PUTRI\D4\SEMESTER 8 (4C)\skripsi\code\code_mhs\2341720093\m07\p06.ipynb,SUCCESS,Preprocessing berhasil
2026-03-04 11:20:41,D:\PUTRI\D4\SEMESTER 8 (4C)\skripsi\code\code_mhs\2341720093\m07\tp01.ipynb,SUCCESS,Preprocessing berhasil
2026-03-04 11:20:41,D:\PUTRI\D4\SEMESTER 8 (4C)\skripsi\code\code_mhs\2341720093\m08\tp01.ipynb,SUCCESS,Preprocessing berhasil
2026-03-04 11:20:41,D:\PUTRI\D4\SEMESTER 8 (4C)\skripsi\code\code_mhs\2341720093\m09\p01.ipynb,SUCCESS,Preprocessing berhasil
2026-03-04 11:20:41,D:\PUTRI\D4\SEMESTER 8 (4C)\skripsi\code\code_mhs\2341720093\m09\p02.ipynb,SUCCESS,Preprocessing berhasil
2026-03-04 11:20:41,D:\PUTRI\D4\SEMESTER 8 (4C)\skripsi\code\code_mhs\2341720093\m09\p03.ipynb,SUCCESS,Preprocessing berhasil
2026-03-04 11:20:41,D:\PUTRI\D4\SEMESTER 8 (4C)\skripsi\code\code_mhs\2341720093\m09\tp01.ipynb,SUCCESS,Preprocessing berhasil
2026-03-04 11:20:41,D:\PUTRI\D4\SEMESTER 8 (4C)\skripsi\code\code_mhs\2341720093\m09\tp02.ipynb,SUCCESS,Preprocessing berhasil
2026-03-04 11:20:41,D:\PUTRI\D4\SEMESTER 8 (4C)\skripsi\code\code_mhs\2341720093\m11\p01.ipynb,FAILED,Identifier normalization gagal
2026-03-04 11:20:41,D:\PUTRI\D4\SEMESTER 8 (4C)\skripsi\code\code_mhs\2341720093\m11\p02.ipynb,SUCCESS,Preprocessing berhasil
2026-03-04 11:20:41,D:\PUTRI\D4\SEMESTER 8 (4C)\skripsi\code\code_mhs\2341720093\m11\p03.ipynb,SUCCESS,Preprocessing berhasil
2026-03-04 11:20:41,D:\PUTRI\D4\SEMESTER 8 (4C)\skripsi\code\code_mhs\2341720093\m11\p04.ipynb,SUCCESS,Preprocessing berhasil
2026-03-04 11:20:41,D:\PUTRI\D4\SEMESTER 8 (4C)\skripsi\code\code_mhs\2341720093\m11\p05.ipynb,SUCCESS,Preprocessing berhasil
2026-03-04 11:20:41,D:\PUTRI\D4\SEMESTER 8 (4C)\skripsi\code\code_mhs\2341720093\m11\tp01.ipynb,FAILED,Identifier normalization gagal
2026-03-04 11:20:41,D:\PUTRI\D4\SEMESTER 8 (4C)\skripsi\code\code_mhs\2341720093\m13\p01.ipynb,SUCCESS,Preprocessing berhasil
2026-03-04 11:20:42,D:\PUTRI\D4\SEMESTER 8 (4C)\skripsi\code\code_mhs\2341720093\m13\p02.ipynb,SUCCESS,Preprocessing berhasil
2026-03-04 11:20:42,D:\PUTRI\D4\SEMESTER 8 (4C)\skripsi\code\code_mhs\2341720093\m13\p03.ipynb,SUCCESS,Preprocessing berhasil
2026-03-04 11:20:42,D:\PUTRI\D4\SEMESTER 8 (4C)\skripsi\code\code_mhs\2341720093\m13\tp01.ipynb,SUCCESS,Preprocessing berhasil
2026-03-04 11:20:42,D:\PUTRI\D4\SEMESTER 8 (4C)\skripsi\code\code_mhs\2341720093\pbl\pbl.ipynb,SUCCESS,Preprocessing berhasil
2026-03-04 11:20:42,D:\PUTRI\D4\SEMESTER 8 (4C)\skripsi\code\code_mhs\2341720093\uts\uts.ipynb,SUCCESS,Preprocessing berhasil
2026-03-04 11:20:42,D:\PUTRI\D4\SEMESTER 8 (4C)\skripsi\code\code_mhs\2341720095\m02\p01.ipynb,SUCCESS,Preprocessing berhasil
2026-03-04 11:20:43,D:\PUTRI\D4\SEMESTER 8 (4C)\skripsi\code\code_mhs\2341720095\m02\p02.ipynb,SUCCESS,Preprocessing berhasil
2026-03-04 11:20:43,D:\PUTRI\D4\SEMESTER 8 (4C)\skripsi\code\code_mhs\2341720095\m02\p03.ipynb,SUCCESS,Preprocessing berhasil
2026-03-04 11:20:44,D:\PUTRI\D4\SEMESTER 8 (4C)\skripsi\code\code_mhs\2341720095\m02\p04.ipynb,SUCCESS,Preprocessing berhasil
2026-03-04 11:20:44,D:\PUTRI\D4\SEMESTER 8 (4C)\skripsi\code\code_mhs\2341720095\m02\tp01.ipynb,SUCCESS,Preprocessing berhasil
2026-03-04 11:20:44,D:\PUTRI\D4\SEMESTER 8 (4C)\skripsi\code\code_mhs\2341720095\m03\p01.ipynb,SUCCESS,Preprocessing berhasil
2026-03-04 11:20:44,D:\PUTRI\D4\SEMESTER 8 (4C)\skripsi\code\code_mhs\2341720095\m03\p02.ipynb,SUCCESS,Preprocessing berhasil
2026-03-04 11:20:44,D:\PUTRI\D4\SEMESTER 8 (4C)\skripsi\code\code_mhs\2341720095\m03\p03.ipynb,SUCCESS,Preprocessing berhasil
2026-03-04 11:20:44,D:\PUTRI\D4\SEMESTER 8 (4C)\skripsi\code\code_mhs\2341720095\m03\p04.ipynb,SUCCESS,Preprocessing berhasil
2026-03-04 11:20:44,D:\PUTRI\D4\SEMESTER 8 (4C)\skripsi\code\code_mhs\2341720095\m03\tp01.ipynb,SUCCESS,Preprocessing berhasil
2026-03-04 11:20:44,D:\PUTRI\D4\SEMESTER 8 (4C)\skripsi\code\code_mhs\2341720095\m04\p01.ipynb,SUCCESS,Preprocessing berhasil
2026-03-04 11:20:44,D:\PUTRI\D4\SEMESTER 8 (4C)\skripsi\code\code_mhs\2341720095\m04\p02.ipynb,SUCCESS,Preprocessing berhasil
2026-03-04 11:20:44,D:\PUTRI\D4\SEMESTER 8 (4C)\skripsi\code\code_mhs\2341720095\m04\p03.ipynb,SUCCESS,Preprocessing berhasil
2026-03-04 11:20:44,D:\PUTRI\D4\SEMESTER 8 (4C)\skripsi\code\code_mhs\2341720095\m04\tp01.ipynb,SUCCESS,Preprocessing berhasil
2026-03-04 11:20:44,D:\PUTRI\D4\SEMESTER 8 (4C)\skripsi\code\code_mhs\2341720095\m05\p01.ipynb,SUCCESS,Preprocessing berhasil
2026-03-04 11:20:44,D:\PUTRI\D4\SEMESTER 8 (4C)\skripsi\code\code_mhs\2341720095\m05\p02.ipynb,SUCCESS,Preprocessing berhasil
2026-03-04 11:20:44,D:\PUTRI\D4\SEMESTER 8 (4C)\skripsi\code\code_mhs\2341720095\m05\tp01.ipynb,SUCCESS,Preprocessing berhasil
2026-03-04 11:20:45,D:\PUTRI\D4\SEMESTER 8 (4C)\skripsi\code\code_mhs\2341720095\m06\p01.ipynb,SUCCESS,Preprocessing berhasil
2026-03-04 11:20:45,D:\PUTRI\D4\SEMESTER 8 (4C)\skripsi\code\code_mhs\2341720095\m06\p02.ipynb,SUCCESS,Preprocessing berhasil
2026-03-04 11:20:45,D:\PUTRI\D4\SEMESTER 8 (4C)\skripsi\code\code_mhs\2341720095\m06\tp01.ipynb,SUCCESS,Preprocessing berhasil
2026-03-04 11:20:45,D:\PUTRI\D4\SEMESTER 8 (4C)\skripsi\code\code_mhs\2341720095\m07\p01.ipynb,SUCCESS,Preprocessing berhasil
2026-03-04 11:20:45,D:\PUTRI\D4\SEMESTER 8 (4C)\skripsi\code\code_mhs\2341720095\m07\p02.ipynb,SUCCESS,Preprocessing berhasil
2026-03-04 11:20:45,D:\PUTRI\D4\SEMESTER 8 (4C)\skripsi\code\code_mhs\2341720095\m07\p03.ipynb,SUCCESS,Preprocessing berhasil
2026-03-04 11:20:45,D:\PUTRI\D4\SEMESTER 8 (4C)\skripsi\code\code_mhs\2341720095\m07\p04.ipynb,SUCCESS,Preprocessing berhasil
2026-03-04 11:20:45,D:\PUTRI\D4\SEMESTER 8 (4C)\skripsi\code\code_mhs\2341720095\m07\p05.ipynb,SUCCESS,Preprocessing berhasil
2026-03-04 11:20:45,D:\PUTRI\D4\SEMESTER 8 (4C)\skripsi\code\code_mhs\2341720095\m07\p06.ipynb,SUCCESS,Preprocessing berhasil
2026-03-04 11:20:45,D:\PUTRI\D4\SEMESTER 8 (4C)\skripsi\code\code_mhs\2341720095\m08\tp01.ipynb,SUCCESS,Preprocessing berhasil
2026-03-04 11:20:45,D:\PUTRI\D4\SEMESTER 8 (4C)\skripsi\code\code_mhs\2341720095\m09\p01.ipynb,SUCCESS,Preprocessing berhasil
2026-03-04 11:20:45,D:\PUTRI\D4\SEMESTER 8 (4C)\skripsi\code\code_mhs\2341720095\m09\p02.ipynb,SUCCESS,Preprocessing berhasil
2026-03-04 11:20:46,D:\PUTRI\D4\SEMESTER 8 (4C)\skripsi\code\code_mhs\2341720095\m09\p03.ipynb,SUCCESS,Preprocessing berhasil
2026-03-04 11:20:46,D:\PUTRI\D4\SEMESTER 8 (4C)\skripsi\code\code_mhs\2341720095\m09\tp01.ipynb,FAILED,Identifier normalization gagal
2026-03-04 11:20:46,D:\PUTRI\D4\SEMESTER 8 (4C)\skripsi\code\code_mhs\2341720095\m09\tp02.ipynb,SUCCESS,Preprocessing berhasil
2026-03-04 11:20:46,D:\PUTRI\D4\SEMESTER 8 (4C)\skripsi\code\code_mhs\2341720095\m11\p01.ipynb,FAILED,Identifier normalization gagal
2026-03-04 11:20:46,D:\PUTRI\D4\SEMESTER 8 (4C)\skripsi\code\code_mhs\2341720095\m11\p02.ipynb,SUCCESS,Preprocessing berhasil
2026-03-04 11:20:46,D:\PUTRI\D4\SEMESTER 8 (4C)\skripsi\code\code_mhs\2341720095\m11\p03.ipynb,SUCCESS,Preprocessing berhasil
2026-03-04 11:20:46,D:\PUTRI\D4\SEMESTER 8 (4C)\skripsi\code\code_mhs\2341720095\m11\p04.ipynb,SUCCESS,Preprocessing berhasil
2026-03-04 11:20:46,D:\PUTRI\D4\SEMESTER 8 (4C)\skripsi\code\code_mhs\2341720095\m11\p05.ipynb,SUCCESS,Preprocessing berhasil
2026-03-04 11:20:46,D:\PUTRI\D4\SEMESTER 8 (4C)\skripsi\code\code_mhs\2341720095\m11\tp01.ipynb,SUCCESS,Preprocessing berhasil
2026-03-04 11:20:46,D:\PUTRI\D4\SEMESTER 8 (4C)\skripsi\code\code_mhs\2341720095\m13\p01.ipynb,SUCCESS,Preprocessing berhasil
2026-03-04 11:20:46,D:\PUTRI\D4\SEMESTER 8 (4C)\skripsi\code\code_mhs\2341720095\m13\p02.ipynb,SUCCESS,Preprocessing berhasil
2026-03-04 11:20:46,D:\PUTRI\D4\SEMESTER 8 (4C)\skripsi\code\code_mhs\2341720095\m13\p03.ipynb,SUCCESS,Preprocessing berhasil
2026-03-04 11:20:46,D:\PUTRI\D4\SEMESTER 8 (4C)\skripsi\code\code_mhs\2341720095\m13\tp01.ipynb,SUCCESS,Preprocessing berhasil
2026-03-04 11:20:46,D:\PUTRI\D4\SEMESTER 8 (4C)\skripsi\code\code_mhs\2341720095\m66\tp01.ipynb,SUCCESS,Preprocessing berhasil
2026-03-04 11:20:47,D:\PUTRI\D4\SEMESTER 8 (4C)\skripsi\code\code_mhs\2341720096\m01\p01.ipynb,INVALID,File kosong
2026-03-04 11:20:47,D:\PUTRI\D4\SEMESTER 8 (4C)\skripsi\code\code_mhs\2341720096\m02\p01.ipynb,SUCCESS,Preprocessing berhasil
2026-03-04 11:20:47,D:\PUTRI\D4\SEMESTER 8 (4C)\skripsi\code\code_mhs\2341720096\m02\p02.ipynb,SUCCESS,Preprocessing berhasil
2026-03-04 11:20:47,D:\PUTRI\D4\SEMESTER 8 (4C)\skripsi\code\code_mhs\2341720096\m02\p03.ipynb,SUCCESS,Preprocessing berhasil
2026-03-04 11:20:47,D:\PUTRI\D4\SEMESTER 8 (4C)\skripsi\code\code_mhs\2341720096\m02\p04.ipynb,SUCCESS,Preprocessing berhasil
2026-03-04 11:20:47,D:\PUTRI\D4\SEMESTER 8 (4C)\skripsi\code\code_mhs\2341720096\m02\tp01.ipynb,SUCCESS,Preprocessing berhasil
2026-03-04 11:20:47,D:\PUTRI\D4\SEMESTER 8 (4C)\skripsi\code\code_mhs\2341720096\m03\p01.ipynb,SUCCESS,Preprocessing berhasil
2026-03-04 11:20:47,D:\PUTRI\D4\SEMESTER 8 (4C)\skripsi\code\code_mhs\2341720096\m03\p02.ipynb,SUCCESS,Preprocessing berhasil
2026-03-04 11:20:47,D:\PUTRI\D4\SEMESTER 8 (4C)\skripsi\code\code_mhs\2341720096\m03\p03.ipynb,SUCCESS,Preprocessing berhasil
2026-03-04 11:20:47,D:\PUTRI\D4\SEMESTER 8 (4C)\skripsi\code\code_mhs\2341720096\m03\p04.ipynb,SUCCESS,Preprocessing berhasil
2026-03-04 11:20:47,D:\PUTRI\D4\SEMESTER 8 (4C)\skripsi\code\code_mhs\2341720096\m03\tp01.ipynb,SUCCESS,Preprocessing berhasil
2026-03-04 11:20:47,D:\PUTRI\D4\SEMESTER 8 (4C)\skripsi\code\code_mhs\2341720096\m04\p01.ipynb,SUCCESS,Preprocessing berhasil
2026-03-04 11:20:47,D:\PUTRI\D4\SEMESTER 8 (4C)\skripsi\code\code_mhs\2341720096\m04\p02.ipynb,SUCCESS,Preprocessing berhasil
2026-03-04 11:20:47,D:\PUTRI\D4\SEMESTER 8 (4C)\skripsi\code\code_mhs\2341720096\m04\p03.ipynb,SUCCESS,Preprocessing berhasil
2026-03-04 11:20:47,D:\PUTRI\D4\SEMESTER 8 (4C)\skripsi\code\code_mhs\2341720096\m04\tp01.ipynb,SUCCESS,Preprocessing berhasil
2026-03-04 11:20:47,D:\PUTRI\D4\SEMESTER 8 (4C)\skripsi\code\code_mhs\2341720096\m05\p01.ipynb,SUCCESS,Preprocessing berhasil
2026-03-04 11:20:47,D:\PUTRI\D4\SEMESTER 8 (4C)\skripsi\code\code_mhs\2341720096\m05\p02.ipynb,SUCCESS,Preprocessing berhasil
2026-03-04 11:20:47,D:\PUTRI\D4\SEMESTER 8 (4C)\skripsi\code\code_mhs\2341720096\m05\tp01.ipynb,SUCCESS,Preprocessing berhasil
2026-03-04 11:20:47,D:\PUTRI\D4\SEMESTER 8 (4C)\skripsi\code\code_mhs\2341720096\m06\p01.ipynb,SUCCESS,Preprocessing berhasil
2026-03-04 11:20:47,D:\PUTRI\D4\SEMESTER 8 (4C)\skripsi\code\code_mhs\2341720096\m06\p02.ipynb,SUCCESS,Preprocessing berhasil
2026-03-04 11:20:47,D:\PUTRI\D4\SEMESTER 8 (4C)\skripsi\code\code_mhs\2341720096\m06\T1_JS06.ipynb,SUCCESS,Preprocessing berhasil
2026-03-04 11:20:47,D:\PUTRI\D4\SEMESTER 8 (4C)\skripsi\code\code_mhs\2341720096\m07\p01.ipynb,SUCCESS,Preprocessing berhasil
2026-03-04 11:20:47,D:\PUTRI\D4\SEMESTER 8 (4C)\skripsi\code\code_mhs\2341720096\m07\p02.ipynb,SUCCESS,Preprocessing berhasil
2026-03-04 11:20:47,D:\PUTRI\D4\SEMESTER 8 (4C)\skripsi\code\code_mhs\2341720096\m07\p03.ipynb,SUCCESS,Preprocessing berhasil
2026-03-04 11:20:47,D:\PUTRI\D4\SEMESTER 8 (4C)\skripsi\code\code_mhs\2341720096\m07\p04.ipynb,SUCCESS,Preprocessing berhasil
2026-03-04 11:20:47,D:\PUTRI\D4\SEMESTER 8 (4C)\skripsi\code\code_mhs\2341720096\m07\p05.ipynb,SUCCESS,Preprocessing berhasil
2026-03-04 11:20:47,D:\PUTRI\D4\SEMESTER 8 (4C)\skripsi\code\code_mhs\2341720096\m07\p06.ipynb,SUCCESS,Preprocessing berhasil
2026-03-04 11:20:47,D:\PUTRI\D4\SEMESTER 8 (4C)\skripsi\code\code_mhs\2341720096\m07\tp01.ipynb,SUCCESS,Preprocessing berhasil
2026-03-04 11:20:47,D:\PUTRI\D4\SEMESTER 8 (4C)\skripsi\code\code_mhs\2341720096\m08\tp01.ipynb,SUCCESS,Preprocessing berhasil
2026-03-04 11:20:47,D:\PUTRI\D4\SEMESTER 8 (4C)\skripsi\code\code_mhs\2341720096\m09\p01.ipynb,SUCCESS,Preprocessing berhasil
2026-03-04 11:20:47,D:\PUTRI\D4\SEMESTER 8 (4C)\skripsi\code\code_mhs\2341720096\m09\p02.ipynb,SUCCESS,Preprocessing berhasil
2026-03-04 11:20:48,D:\PUTRI\D4\SEMESTER 8 (4C)\skripsi\code\code_mhs\2341720096\m09\p03.ipynb,SUCCESS,Preprocessing berhasil
2026-03-04 11:20:48,D:\PUTRI\D4\SEMESTER 8 (4C)\skripsi\code\code_mhs\2341720096\m09\tp01.ipynb,SUCCESS,Preprocessing berhasil
2026-03-04 11:20:48,D:\PUTRI\D4\SEMESTER 8 (4C)\skripsi\code\code_mhs\2341720096\m09\tp02.ipynb,SUCCESS,Preprocessing berhasil
2026-03-04 11:20:48,D:\PUTRI\D4\SEMESTER 8 (4C)\skripsi\code\code_mhs\2341720096\m11\p01.ipynb,FAILED,Identifier normalization gagal
2026-03-04 11:20:48,D:\PUTRI\D4\SEMESTER 8 (4C)\skripsi\code\code_mhs\2341720096\m11\p02.ipynb,SUCCESS,Preprocessing berhasil
2026-03-04 11:20:48,D:\PUTRI\D4\SEMESTER 8 (4C)\skripsi\code\code_mhs\2341720096\m11\p03.ipynb,SUCCESS,Preprocessing berhasil
2026-03-04 11:20:48,D:\PUTRI\D4\SEMESTER 8 (4C)\skripsi\code\code_mhs\2341720096\m11\p04.ipynb,SUCCESS,Preprocessing berhasil
2026-03-04 11:20:48,D:\PUTRI\D4\SEMESTER 8 (4C)\skripsi\code\code_mhs\2341720096\m11\p05.ipynb,SUCCESS,Preprocessing berhasil
2026-03-04 11:20:48,D:\PUTRI\D4\SEMESTER 8 (4C)\skripsi\code\code_mhs\2341720096\m11\tp01.ipynb,FAILED,Identifier normalization gagal
2026-03-04 11:20:48,D:\PUTRI\D4\SEMESTER 8 (4C)\skripsi\code\code_mhs\2341720096\m13\p01.ipynb,SUCCESS,Preprocessing berhasil
2026-03-04 11:20:48,D:\PUTRI\D4\SEMESTER 8 (4C)\skripsi\code\code_mhs\2341720096\m13\p02.ipynb,SUCCESS,Preprocessing berhasil
2026-03-04 11:20:48,D:\PUTRI\D4\SEMESTER 8 (4C)\skripsi\code\code_mhs\2341720096\m13\p03.ipynb,SUCCESS,Preprocessing berhasil
2026-03-04 11:20:48,D:\PUTRI\D4\SEMESTER 8 (4C)\skripsi\code\code_mhs\2341720096\m13\tp01.ipynb,SUCCESS,Preprocessing berhasil
2026-03-04 11:20:48,D:\PUTRI\D4\SEMESTER 8 (4C)\skripsi\code\code_mhs\2341720096\m14\p01.ipynb,SUCCESS,Preprocessing berhasil
2026-03-04 11:20:48,D:\PUTRI\D4\SEMESTER 8 (4C)\skripsi\code\code_mhs\2341720096\m14\p02.ipynb,SUCCESS,Preprocessing berhasil
2026-03-04 11:20:48,D:\PUTRI\D4\SEMESTER 8 (4C)\skripsi\code\code_mhs\2341720096\m14\tp01.ipynb,SUCCESS,Preprocessing berhasil
2026-03-04 11:20:48,D:\PUTRI\D4\SEMESTER 8 (4C)\skripsi\code\code_mhs\2341720096\m15\p01.ipynb,SUCCESS,Preprocessing berhasil
2026-03-04 11:20:48,D:\PUTRI\D4\SEMESTER 8 (4C)\skripsi\code\code_mhs\2341720096\m15\p02.ipynb,INVALID,SyntaxError baris 66: invalid syntax
2026-03-04 11:20:48,D:\PUTRI\D4\SEMESTER 8 (4C)\skripsi\code\code_mhs\2341720096\unclassified\app.py,SUCCESS,Preprocessing berhasil
2026-03-04 11:20:48,D:\PUTRI\D4\SEMESTER 8 (4C)\skripsi\code\code_mhs\2341720096\unclassified\Giovano_Alkandri_ML_QUIZ1.ipynb,SUCCESS,Preprocessing berhasil
2026-03-04 11:20:48,D:\PUTRI\D4\SEMESTER 8 (4C)\skripsi\code\code_mhs\2341720096\unclassified\teoridasar.ipynb,SUCCESS,Preprocessing berhasil
2026-03-04 11:20:48,D:\PUTRI\D4\SEMESTER 8 (4C)\skripsi\code\code_mhs\2341720096\uts\uts.ipynb,SUCCESS,Preprocessing berhasil
2026-03-04 11:20:48,D:\PUTRI\D4\SEMESTER 8 (4C)\skripsi\code\code_mhs\2341720108\m02\p01.ipynb,SUCCESS,Preprocessing berhasil
2026-03-04 11:20:48,D:\PUTRI\D4\SEMESTER 8 (4C)\skripsi\code\code_mhs\2341720108\m02\p02.ipynb,SUCCESS,Preprocessing berhasil
2026-03-04 11:20:48,D:\PUTRI\D4\SEMESTER 8 (4C)\skripsi\code\code_mhs\2341720108\m02\p03.ipynb,SUCCESS,Preprocessing berhasil
2026-03-04 11:20:48,D:\PUTRI\D4\SEMESTER 8 (4C)\skripsi\code\code_mhs\2341720108\m02\p04.ipynb,SUCCESS,Preprocessing berhasil
2026-03-04 11:20:49,D:\PUTRI\D4\SEMESTER 8 (4C)\skripsi\code\code_mhs\2341720108\m02\tp01.ipynb,SUCCESS,Preprocessing berhasil
2026-03-04 11:20:49,D:\PUTRI\D4\SEMESTER 8 (4C)\skripsi\code\code_mhs\2341720108\m03\p01.ipynb,SUCCESS,Preprocessing berhasil
2026-03-04 11:20:49,D:\PUTRI\D4\SEMESTER 8 (4C)\skripsi\code\code_mhs\2341720108\m03\p02.ipynb,SUCCESS,Preprocessing berhasil
2026-03-04 11:20:49,D:\PUTRI\D4\SEMESTER 8 (4C)\skripsi\code\code_mhs\2341720108\m03\p03.ipynb,SUCCESS,Preprocessing berhasil
2026-03-04 11:20:49,D:\PUTRI\D4\SEMESTER 8 (4C)\skripsi\code\code_mhs\2341720108\m03\p04.ipynb,SUCCESS,Preprocessing berhasil
2026-03-04 11:20:49,D:\PUTRI\D4\SEMESTER 8 (4C)\skripsi\code\code_mhs\2341720108\m03\tp01.ipynb,SUCCESS,Preprocessing berhasil
2026-03-04 11:20:49,D:\PUTRI\D4\SEMESTER 8 (4C)\skripsi\code\code_mhs\2341720108\m04\p01.ipynb,SUCCESS,Preprocessing berhasil
2026-03-04 11:20:49,D:\PUTRI\D4\SEMESTER 8 (4C)\skripsi\code\code_mhs\2341720108\m04\p02.ipynb,SUCCESS,Preprocessing berhasil
2026-03-04 11:20:49,D:\PUTRI\D4\SEMESTER 8 (4C)\skripsi\code\code_mhs\2341720108\m04\p03.ipynb,SUCCESS,Preprocessing berhasil
2026-03-04 11:20:49,D:\PUTRI\D4\SEMESTER 8 (4C)\skripsi\code\code_mhs\2341720108\m04\tp01.ipynb,SUCCESS,Preprocessing berhasil
2026-03-04 11:20:49,D:\PUTRI\D4\SEMESTER 8 (4C)\skripsi\code\code_mhs\2341720108\m05\p01.ipynb,SUCCESS,Preprocessing berhasil
2026-03-04 11:20:49,D:\PUTRI\D4\SEMESTER 8 (4C)\skripsi\code\code_mhs\2341720108\m05\p02.ipynb,SUCCESS,Preprocessing berhasil
2026-03-04 11:20:49,D:\PUTRI\D4\SEMESTER 8 (4C)\skripsi\code\code_mhs\2341720108\m05\tp01.ipynb,SUCCESS,Preprocessing berhasil
2026-03-04 11:20:49,D:\PUTRI\D4\SEMESTER 8 (4C)\skripsi\code\code_mhs\2341720108\m06\p01.ipynb,SUCCESS,Preprocessing berhasil
2026-03-04 11:20:49,D:\PUTRI\D4\SEMESTER 8 (4C)\skripsi\code\code_mhs\2341720108\m06\p02.ipynb,SUCCESS,Preprocessing berhasil
2026-03-04 11:20:50,D:\PUTRI\D4\SEMESTER 8 (4C)\skripsi\code\code_mhs\2341720108\m06\tp01.ipynb,SUCCESS,Preprocessing berhasil
2026-03-04 11:20:50,D:\PUTRI\D4\SEMESTER 8 (4C)\skripsi\code\code_mhs\2341720108\m07\p01.ipynb,SUCCESS,Preprocessing berhasil
2026-03-04 11:20:50,D:\PUTRI\D4\SEMESTER 8 (4C)\skripsi\code\code_mhs\2341720108\m07\p02.ipynb,SUCCESS,Preprocessing berhasil
2026-03-04 11:20:50,D:\PUTRI\D4\SEMESTER 8 (4C)\skripsi\code\code_mhs\2341720108\m07\p03.ipynb,SUCCESS,Preprocessing berhasil
2026-03-04 11:20:50,D:\PUTRI\D4\SEMESTER 8 (4C)\skripsi\code\code_mhs\2341720108\m07\p04.ipynb,SUCCESS,Preprocessing berhasil
2026-03-04 11:20:50,D:\PUTRI\D4\SEMESTER 8 (4C)\skripsi\code\code_mhs\2341720108\m07\p05.ipynb,SUCCESS,Preprocessing berhasil
2026-03-04 11:20:50,D:\PUTRI\D4\SEMESTER 8 (4C)\skripsi\code\code_mhs\2341720108\m07\p06.ipynb,SUCCESS,Preprocessing berhasil
2026-03-04 11:20:50,D:\PUTRI\D4\SEMESTER 8 (4C)\skripsi\code\code_mhs\2341720108\m07\tp01.ipynb,SUCCESS,Preprocessing berhasil
2026-03-04 11:20:50,D:\PUTRI\D4\SEMESTER 8 (4C)\skripsi\code\code_mhs\2341720108\m08\tp01.ipynb,SUCCESS,Preprocessing berhasil
2026-03-04 11:20:50,D:\PUTRI\D4\SEMESTER 8 (4C)\skripsi\code\code_mhs\2341720108\m09\p01.ipynb,SUCCESS,Preprocessing berhasil
2026-03-04 11:20:50,D:\PUTRI\D4\SEMESTER 8 (4C)\skripsi\code\code_mhs\2341720108\m09\p02.ipynb,SUCCESS,Preprocessing berhasil
2026-03-04 11:20:50,D:\PUTRI\D4\SEMESTER 8 (4C)\skripsi\code\code_mhs\2341720108\m09\p03.ipynb,SUCCESS,Preprocessing berhasil
2026-03-04 11:20:50,D:\PUTRI\D4\SEMESTER 8 (4C)\skripsi\code\code_mhs\2341720108\m09\tp01.ipynb,SUCCESS,Preprocessing berhasil
2026-03-04 11:20:50,D:\PUTRI\D4\SEMESTER 8 (4C)\skripsi\code\code_mhs\2341720108\m09\tp02.ipynb,SUCCESS,Preprocessing berhasil
2026-03-04 11:20:50,D:\PUTRI\D4\SEMESTER 8 (4C)\skripsi\code\code_mhs\2341720108\m11\p01.ipynb,FAILED,Identifier normalization gagal
2026-03-04 11:20:50,D:\PUTRI\D4\SEMESTER 8 (4C)\skripsi\code\code_mhs\2341720108\m11\p02.ipynb,SUCCESS,Preprocessing berhasil
2026-03-04 11:20:50,D:\PUTRI\D4\SEMESTER 8 (4C)\skripsi\code\code_mhs\2341720108\m11\p03.ipynb,SUCCESS,Preprocessing berhasil
2026-03-04 11:20:50,D:\PUTRI\D4\SEMESTER 8 (4C)\skripsi\code\code_mhs\2341720108\m11\p04.ipynb,SUCCESS,Preprocessing berhasil
2026-03-04 11:20:50,D:\PUTRI\D4\SEMESTER 8 (4C)\skripsi\code\code_mhs\2341720108\m11\p05.ipynb,SUCCESS,Preprocessing berhasil
2026-03-04 11:20:50,D:\PUTRI\D4\SEMESTER 8 (4C)\skripsi\code\code_mhs\2341720108\m11\tp01.ipynb,SUCCESS,Preprocessing berhasil
2026-03-04 11:20:50,D:\PUTRI\D4\SEMESTER 8 (4C)\skripsi\code\code_mhs\2341720108\m13\p01.ipynb,SUCCESS,Preprocessing berhasil
2026-03-04 11:20:51,D:\PUTRI\D4\SEMESTER 8 (4C)\skripsi\code\code_mhs\2341720108\m13\p02.ipynb,SUCCESS,Preprocessing berhasil
2026-03-04 11:20:51,D:\PUTRI\D4\SEMESTER 8 (4C)\skripsi\code\code_mhs\2341720108\m13\p03.ipynb,SUCCESS,Preprocessing berhasil
2026-03-04 11:20:51,D:\PUTRI\D4\SEMESTER 8 (4C)\skripsi\code\code_mhs\2341720108\m13\tp01.ipynb,SUCCESS,Preprocessing berhasil
2026-03-04 11:20:51,D:\PUTRI\D4\SEMESTER 8 (4C)\skripsi\code\code_mhs\2341720108\m14\p01.ipynb,SUCCESS,Preprocessing berhasil
2026-03-04 11:20:51,D:\PUTRI\D4\SEMESTER 8 (4C)\skripsi\code\code_mhs\2341720108\m14\p02.ipynb,SUCCESS,Preprocessing berhasil
2026-03-04 11:20:51,D:\PUTRI\D4\SEMESTER 8 (4C)\skripsi\code\code_mhs\2341720108\m14\tp01.ipynb,SUCCESS,Preprocessing berhasil
2026-03-04 11:20:51,D:\PUTRI\D4\SEMESTER 8 (4C)\skripsi\code\code_mhs\2341720108\m15\p01.ipynb,SUCCESS,Preprocessing berhasil
2026-03-04 11:20:51,D:\PUTRI\D4\SEMESTER 8 (4C)\skripsi\code\code_mhs\2341720108\pbl\pbl.ipynb,SUCCESS,Preprocessing berhasil
2026-03-04 11:20:51,D:\PUTRI\D4\SEMESTER 8 (4C)\skripsi\code\code_mhs\2341720109\kuis\kuis.ipynb,SUCCESS,Preprocessing berhasil
2026-03-04 11:20:51,D:\PUTRI\D4\SEMESTER 8 (4C)\skripsi\code\code_mhs\2341720109\m01\JS1_2341720109_Gheriya_Rahima_Jauhar.ipynb,INVALID,SyntaxError baris 6: invalid syntax
2026-03-04 11:20:52,D:\PUTRI\D4\SEMESTER 8 (4C)\skripsi\code\code_mhs\2341720109\m02\JS2_2341720109_Gheriya_Rahima_Jauhar.ipynb,SUCCESS,Preprocessing berhasil
2026-03-04 11:20:53,D:\PUTRI\D4\SEMESTER 8 (4C)\skripsi\code\code_mhs\2341720109\m03\JS3_2341720109_Gheriya_Rahima_Jauhar.ipynb,SUCCESS,Preprocessing berhasil
2026-03-04 11:20:53,D:\PUTRI\D4\SEMESTER 8 (4C)\skripsi\code\code_mhs\2341720109\m04\JS4_2341720109_Gheriya_Rahima_Jauhar.ipynb,SUCCESS,Preprocessing berhasil
2026-03-04 11:20:53,D:\PUTRI\D4\SEMESTER 8 (4C)\skripsi\code\code_mhs\2341720109\m05\JS5_2341720109_Gheriya_Rahima_Jauhar.ipynb,SUCCESS,Preprocessing berhasil
2026-03-04 11:20:53,D:\PUTRI\D4\SEMESTER 8 (4C)\skripsi\code\code_mhs\2341720109\m06\JS6_ANN_2341720109_Gheriya_Rahima_Jauhar.ipynb,SUCCESS,Preprocessing berhasil
2026-03-04 11:20:53,D:\PUTRI\D4\SEMESTER 8 (4C)\skripsi\code\code_mhs\2341720109\m06\JS6_REGRESI_2341720109_Gheriya_Rahima_Jauhar.ipynb,SUCCESS,Preprocessing berhasil
2026-03-04 11:20:53,D:\PUTRI\D4\SEMESTER 8 (4C)\skripsi\code\code_mhs\2341720109\uts\uts.ipynb,SUCCESS,Preprocessing berhasil
2026-03-04 11:20:54,D:\PUTRI\D4\SEMESTER 8 (4C)\skripsi\code\code_mhs\2341720111\m02\p01.ipynb,SUCCESS,Preprocessing berhasil
2026-03-04 11:20:54,D:\PUTRI\D4\SEMESTER 8 (4C)\skripsi\code\code_mhs\2341720111\m02\p02.ipynb,SUCCESS,Preprocessing berhasil
2026-03-04 11:20:54,D:\PUTRI\D4\SEMESTER 8 (4C)\skripsi\code\code_mhs\2341720111\m02\p03.ipynb,SUCCESS,Preprocessing berhasil
2026-03-04 11:20:54,D:\PUTRI\D4\SEMESTER 8 (4C)\skripsi\code\code_mhs\2341720111\m02\p04.ipynb,SUCCESS,Preprocessing berhasil
2026-03-04 11:20:54,D:\PUTRI\D4\SEMESTER 8 (4C)\skripsi\code\code_mhs\2341720111\m02\tp01.ipynb,SUCCESS,Preprocessing berhasil
2026-03-04 11:20:54,D:\PUTRI\D4\SEMESTER 8 (4C)\skripsi\code\code_mhs\2341720111\m03\p01.ipynb,SUCCESS,Preprocessing berhasil
2026-03-04 11:20:54,D:\PUTRI\D4\SEMESTER 8 (4C)\skripsi\code\code_mhs\2341720111\m03\p02.ipynb,SUCCESS,Preprocessing berhasil
2026-03-04 11:20:54,D:\PUTRI\D4\SEMESTER 8 (4C)\skripsi\code\code_mhs\2341720111\m03\p03.ipynb,SUCCESS,Preprocessing berhasil
2026-03-04 11:20:54,D:\PUTRI\D4\SEMESTER 8 (4C)\skripsi\code\code_mhs\2341720111\m03\p04.ipynb,SUCCESS,Preprocessing berhasil
2026-03-04 11:20:54,D:\PUTRI\D4\SEMESTER 8 (4C)\skripsi\code\code_mhs\2341720111\m03\tp01.ipynb,SUCCESS,Preprocessing berhasil
2026-03-04 11:20:54,D:\PUTRI\D4\SEMESTER 8 (4C)\skripsi\code\code_mhs\2341720111\m04\p01.ipynb,SUCCESS,Preprocessing berhasil
2026-03-04 11:20:55,D:\PUTRI\D4\SEMESTER 8 (4C)\skripsi\code\code_mhs\2341720111\m04\p02.ipynb,SUCCESS,Preprocessing berhasil
2026-03-04 11:20:55,D:\PUTRI\D4\SEMESTER 8 (4C)\skripsi\code\code_mhs\2341720111\m04\p03.ipynb,SUCCESS,Preprocessing berhasil
2026-03-04 11:20:55,D:\PUTRI\D4\SEMESTER 8 (4C)\skripsi\code\code_mhs\2341720111\m04\tp01.ipynb,SUCCESS,Preprocessing berhasil
2026-03-04 11:20:55,D:\PUTRI\D4\SEMESTER 8 (4C)\skripsi\code\code_mhs\2341720111\m05\p01.ipynb,SUCCESS,Preprocessing berhasil
2026-03-04 11:20:55,D:\PUTRI\D4\SEMESTER 8 (4C)\skripsi\code\code_mhs\2341720111\m05\p02.ipynb,SUCCESS,Preprocessing berhasil
2026-03-04 11:20:55,D:\PUTRI\D4\SEMESTER 8 (4C)\skripsi\code\code_mhs\2341720111\m05\tp01.ipynb,SUCCESS,Preprocessing berhasil
2026-03-04 11:20:55,D:\PUTRI\D4\SEMESTER 8 (4C)\skripsi\code\code_mhs\2341720111\m06\p01.ipynb,SUCCESS,Preprocessing berhasil
2026-03-04 11:20:55,D:\PUTRI\D4\SEMESTER 8 (4C)\skripsi\code\code_mhs\2341720111\m06\p02.ipynb,SUCCESS,Preprocessing berhasil
2026-03-04 11:20:55,D:\PUTRI\D4\SEMESTER 8 (4C)\skripsi\code\code_mhs\2341720111\m06\p03.ipynb,SUCCESS,Preprocessing berhasil
2026-03-04 11:20:55,D:\PUTRI\D4\SEMESTER 8 (4C)\skripsi\code\code_mhs\2341720111\m06\p04.ipynb,INVALID,SyntaxError baris 1: invalid syntax
2026-03-04 11:20:55,D:\PUTRI\D4\SEMESTER 8 (4C)\skripsi\code\code_mhs\2341720111\m06\p05.ipynb,INVALID,SyntaxError baris 1: invalid syntax
2026-03-04 11:20:55,D:\PUTRI\D4\SEMESTER 8 (4C)\skripsi\code\code_mhs\2341720111\m06\p06.ipynb,INVALID,SyntaxError baris 1: invalid syntax
2026-03-04 11:20:55,D:\PUTRI\D4\SEMESTER 8 (4C)\skripsi\code\code_mhs\2341720111\m06\tp01.ipynb,INVALID,SyntaxError baris 1: invalid syntax
2026-03-04 11:20:55,D:\PUTRI\D4\SEMESTER 8 (4C)\skripsi\code\code_mhs\2341720111\m07\p01.ipynb,SUCCESS,Preprocessing berhasil
2026-03-04 11:20:55,D:\PUTRI\D4\SEMESTER 8 (4C)\skripsi\code\code_mhs\2341720111\m07\p02.ipynb,SUCCESS,Preprocessing berhasil
2026-03-04 11:20:55,D:\PUTRI\D4\SEMESTER 8 (4C)\skripsi\code\code_mhs\2341720111\m07\tp01.ipynb,SUCCESS,Preprocessing berhasil
2026-03-04 11:20:56,D:\PUTRI\D4\SEMESTER 8 (4C)\skripsi\code\code_mhs\2341720111\m08\tp01.ipynb,SUCCESS,Preprocessing berhasil
2026-03-04 11:20:56,D:\PUTRI\D4\SEMESTER 8 (4C)\skripsi\code\code_mhs\2341720111\m09\p01.ipynb,SUCCESS,Preprocessing berhasil
2026-03-04 11:20:56,D:\PUTRI\D4\SEMESTER 8 (4C)\skripsi\code\code_mhs\2341720111\m09\p02.ipynb,SUCCESS,Preprocessing berhasil
2026-03-04 11:20:56,D:\PUTRI\D4\SEMESTER 8 (4C)\skripsi\code\code_mhs\2341720111\m09\p03.ipynb,SUCCESS,Preprocessing berhasil
2026-03-04 11:20:56,D:\PUTRI\D4\SEMESTER 8 (4C)\skripsi\code\code_mhs\2341720111\m09\tp01.ipynb,SUCCESS,Preprocessing berhasil
2026-03-04 11:20:56,D:\PUTRI\D4\SEMESTER 8 (4C)\skripsi\code\code_mhs\2341720111\m09\tp02.ipynb,SUCCESS,Preprocessing berhasil
2026-03-04 11:20:56,D:\PUTRI\D4\SEMESTER 8 (4C)\skripsi\code\code_mhs\2341720111\m11\p01.ipynb,FAILED,Identifier normalization gagal
2026-03-04 11:20:56,D:\PUTRI\D4\SEMESTER 8 (4C)\skripsi\code\code_mhs\2341720111\m11\p02.ipynb,SUCCESS,Preprocessing berhasil
2026-03-04 11:20:56,D:\PUTRI\D4\SEMESTER 8 (4C)\skripsi\code\code_mhs\2341720111\m11\p03.ipynb,SUCCESS,Preprocessing berhasil
2026-03-04 11:20:56,D:\PUTRI\D4\SEMESTER 8 (4C)\skripsi\code\code_mhs\2341720111\m11\p04.ipynb,SUCCESS,Preprocessing berhasil
2026-03-04 11:20:56,D:\PUTRI\D4\SEMESTER 8 (4C)\skripsi\code\code_mhs\2341720111\m11\p05.ipynb,SUCCESS,Preprocessing berhasil
2026-03-04 11:20:56,D:\PUTRI\D4\SEMESTER 8 (4C)\skripsi\code\code_mhs\2341720111\m11\tp02.ipynb,SUCCESS,Preprocessing berhasil
2026-03-04 11:20:56,D:\PUTRI\D4\SEMESTER 8 (4C)\skripsi\code\code_mhs\2341720111\m13\p01.ipynb,SUCCESS,Preprocessing berhasil
2026-03-04 11:20:56,D:\PUTRI\D4\SEMESTER 8 (4C)\skripsi\code\code_mhs\2341720111\m13\p02.ipynb,SUCCESS,Preprocessing berhasil
2026-03-04 11:20:56,D:\PUTRI\D4\SEMESTER 8 (4C)\skripsi\code\code_mhs\2341720111\m13\p03.ipynb,SUCCESS,Preprocessing berhasil
2026-03-04 11:20:56,D:\PUTRI\D4\SEMESTER 8 (4C)\skripsi\code\code_mhs\2341720111\m13\tp01.ipynb,SUCCESS,Preprocessing berhasil
2026-03-04 11:20:56,D:\PUTRI\D4\SEMESTER 8 (4C)\skripsi\code\code_mhs\2341720111\m14\p01.ipynb,SUCCESS,Preprocessing berhasil
2026-03-04 11:20:56,D:\PUTRI\D4\SEMESTER 8 (4C)\skripsi\code\code_mhs\2341720111\m14\p02.ipynb,SUCCESS,Preprocessing berhasil
2026-03-04 11:20:56,D:\PUTRI\D4\SEMESTER 8 (4C)\skripsi\code\code_mhs\2341720111\m14\tp01.ipynb,SUCCESS,Preprocessing berhasil
2026-03-04 11:20:56,D:\PUTRI\D4\SEMESTER 8 (4C)\skripsi\code\code_mhs\2341720111\m15\p01.ipynb,SUCCESS,Preprocessing berhasil
2026-03-04 11:20:57,D:\PUTRI\D4\SEMESTER 8 (4C)\skripsi\code\code_mhs\2341720111\m15\p02.ipynb,INVALID,File kosong
2026-03-04 11:20:57,D:\PUTRI\D4\SEMESTER 8 (4C)\skripsi\code\code_mhs\2341720111\m15\tp01.ipynb,INVALID,File kosong
2026-03-04 11:20:57,D:\PUTRI\D4\SEMESTER 8 (4C)\skripsi\code\code_mhs\2341720111\unclassified\tp02.ipynb,SUCCESS,Preprocessing berhasil
2026-03-04 11:20:57,D:\PUTRI\D4\SEMESTER 8 (4C)\skripsi\code\code_mhs\2341720111\unclassified\UAS.ipynb,SUCCESS,Preprocessing berhasil
2026-03-04 11:20:57,D:\PUTRI\D4\SEMESTER 8 (4C)\skripsi\code\code_mhs\2341720112\m01\p01.ipynb,FAILED,Cleaning gagal
2026-03-04 11:20:57,D:\PUTRI\D4\SEMESTER 8 (4C)\skripsi\code\code_mhs\2341720112\m02\p01.ipynb,SUCCESS,Preprocessing berhasil
2026-03-04 11:20:57,D:\PUTRI\D4\SEMESTER 8 (4C)\skripsi\code\code_mhs\2341720112\m02\p02.ipynb,SUCCESS,Preprocessing berhasil
2026-03-04 11:20:57,D:\PUTRI\D4\SEMESTER 8 (4C)\skripsi\code\code_mhs\2341720112\m02\p03.ipynb,SUCCESS,Preprocessing berhasil
2026-03-04 11:20:57,D:\PUTRI\D4\SEMESTER 8 (4C)\skripsi\code\code_mhs\2341720112\m02\p04.ipynb,SUCCESS,Preprocessing berhasil
2026-03-04 11:20:57,D:\PUTRI\D4\SEMESTER 8 (4C)\skripsi\code\code_mhs\2341720112\m02\tp01.ipynb,SUCCESS,Preprocessing berhasil
2026-03-04 11:20:57,D:\PUTRI\D4\SEMESTER 8 (4C)\skripsi\code\code_mhs\2341720112\m03\p01.ipynb,SUCCESS,Preprocessing berhasil
2026-03-04 11:20:57,D:\PUTRI\D4\SEMESTER 8 (4C)\skripsi\code\code_mhs\2341720112\m03\p02.ipynb,SUCCESS,Preprocessing berhasil
2026-03-04 11:20:57,D:\PUTRI\D4\SEMESTER 8 (4C)\skripsi\code\code_mhs\2341720112\m03\p03.ipynb,SUCCESS,Preprocessing berhasil
2026-03-04 11:20:57,D:\PUTRI\D4\SEMESTER 8 (4C)\skripsi\code\code_mhs\2341720112\m03\p04.ipynb,SUCCESS,Preprocessing berhasil
2026-03-04 11:20:57,D:\PUTRI\D4\SEMESTER 8 (4C)\skripsi\code\code_mhs\2341720112\m03\tp01.ipynb,SUCCESS,Preprocessing berhasil
2026-03-04 11:20:57,D:\PUTRI\D4\SEMESTER 8 (4C)\skripsi\code\code_mhs\2341720112\m04\p01.ipynb,SUCCESS,Preprocessing berhasil
2026-03-04 11:20:57,D:\PUTRI\D4\SEMESTER 8 (4C)\skripsi\code\code_mhs\2341720112\m04\p02.ipynb,SUCCESS,Preprocessing berhasil
2026-03-04 11:20:57,D:\PUTRI\D4\SEMESTER 8 (4C)\skripsi\code\code_mhs\2341720112\m04\p03.ipynb,SUCCESS,Preprocessing berhasil
2026-03-04 11:20:57,D:\PUTRI\D4\SEMESTER 8 (4C)\skripsi\code\code_mhs\2341720112\m04\tp01.ipynb,SUCCESS,Preprocessing berhasil
2026-03-04 11:20:57,D:\PUTRI\D4\SEMESTER 8 (4C)\skripsi\code\code_mhs\2341720112\m05\p01.ipynb,SUCCESS,Preprocessing berhasil
2026-03-04 11:20:58,D:\PUTRI\D4\SEMESTER 8 (4C)\skripsi\code\code_mhs\2341720112\m05\p02.ipynb,SUCCESS,Preprocessing berhasil
2026-03-04 11:20:58,D:\PUTRI\D4\SEMESTER 8 (4C)\skripsi\code\code_mhs\2341720112\m05\tp01.ipynb,SUCCESS,Preprocessing berhasil
2026-03-04 11:20:58,D:\PUTRI\D4\SEMESTER 8 (4C)\skripsi\code\code_mhs\2341720112\m06\p01.ipynb,SUCCESS,Preprocessing berhasil
2026-03-04 11:20:58,D:\PUTRI\D4\SEMESTER 8 (4C)\skripsi\code\code_mhs\2341720112\m06\p02.ipynb,SUCCESS,Preprocessing berhasil
2026-03-04 11:20:58,D:\PUTRI\D4\SEMESTER 8 (4C)\skripsi\code\code_mhs\2341720112\m06\tp01.ipynb,SUCCESS,Preprocessing berhasil
2026-03-04 11:20:58,D:\PUTRI\D4\SEMESTER 8 (4C)\skripsi\code\code_mhs\2341720112\m07\p01.ipynb,SUCCESS,Preprocessing berhasil
2026-03-04 11:20:58,D:\PUTRI\D4\SEMESTER 8 (4C)\skripsi\code\code_mhs\2341720112\m07\p02.ipynb,SUCCESS,Preprocessing berhasil
2026-03-04 11:20:58,D:\PUTRI\D4\SEMESTER 8 (4C)\skripsi\code\code_mhs\2341720112\m07\p03.ipynb,SUCCESS,Preprocessing berhasil
2026-03-04 11:20:58,D:\PUTRI\D4\SEMESTER 8 (4C)\skripsi\code\code_mhs\2341720112\m07\p04.ipynb,SUCCESS,Preprocessing berhasil
2026-03-04 11:20:58,D:\PUTRI\D4\SEMESTER 8 (4C)\skripsi\code\code_mhs\2341720112\m07\p05.ipynb,SUCCESS,Preprocessing berhasil
2026-03-04 11:20:58,D:\PUTRI\D4\SEMESTER 8 (4C)\skripsi\code\code_mhs\2341720112\m07\p06.ipynb,SUCCESS,Preprocessing berhasil
2026-03-04 11:20:58,D:\PUTRI\D4\SEMESTER 8 (4C)\skripsi\code\code_mhs\2341720112\m07\tp01.ipynb,SUCCESS,Preprocessing berhasil
2026-03-04 11:20:58,D:\PUTRI\D4\SEMESTER 8 (4C)\skripsi\code\code_mhs\2341720112\m08\tp01.ipynb,SUCCESS,Preprocessing berhasil
2026-03-04 11:20:58,D:\PUTRI\D4\SEMESTER 8 (4C)\skripsi\code\code_mhs\2341720112\m09\p01.ipynb,SUCCESS,Preprocessing berhasil
2026-03-04 11:20:58,D:\PUTRI\D4\SEMESTER 8 (4C)\skripsi\code\code_mhs\2341720112\m09\p02.ipynb,SUCCESS,Preprocessing berhasil
2026-03-04 11:20:58,D:\PUTRI\D4\SEMESTER 8 (4C)\skripsi\code\code_mhs\2341720112\m09\p03.ipynb,SUCCESS,Preprocessing berhasil
2026-03-04 11:20:58,D:\PUTRI\D4\SEMESTER 8 (4C)\skripsi\code\code_mhs\2341720112\m09\tp01.ipynb,SUCCESS,Preprocessing berhasil
2026-03-04 11:20:58,D:\PUTRI\D4\SEMESTER 8 (4C)\skripsi\code\code_mhs\2341720112\m09\tp02.ipynb,SUCCESS,Preprocessing berhasil
2026-03-04 11:20:59,D:\PUTRI\D4\SEMESTER 8 (4C)\skripsi\code\code_mhs\2341720112\m11\p01.ipynb,FAILED,Identifier normalization gagal
2026-03-04 11:20:59,D:\PUTRI\D4\SEMESTER 8 (4C)\skripsi\code\code_mhs\2341720112\m11\p02.ipynb,SUCCESS,Preprocessing berhasil
2026-03-04 11:20:59,D:\PUTRI\D4\SEMESTER 8 (4C)\skripsi\code\code_mhs\2341720112\m11\p03.ipynb,SUCCESS,Preprocessing berhasil
2026-03-04 11:20:59,D:\PUTRI\D4\SEMESTER 8 (4C)\skripsi\code\code_mhs\2341720112\m11\p04.ipynb,SUCCESS,Preprocessing berhasil
2026-03-04 11:20:59,D:\PUTRI\D4\SEMESTER 8 (4C)\skripsi\code\code_mhs\2341720112\m11\p05.ipynb,SUCCESS,Preprocessing berhasil
2026-03-04 11:20:59,D:\PUTRI\D4\SEMESTER 8 (4C)\skripsi\code\code_mhs\2341720112\m11\tp01.ipynb,FAILED,Identifier normalization gagal
2026-03-04 11:20:59,D:\PUTRI\D4\SEMESTER 8 (4C)\skripsi\code\code_mhs\2341720112\m13\p01.ipynb,SUCCESS,Preprocessing berhasil
2026-03-04 11:20:59,D:\PUTRI\D4\SEMESTER 8 (4C)\skripsi\code\code_mhs\2341720112\m13\p02.ipynb,SUCCESS,Preprocessing berhasil
2026-03-04 11:20:59,D:\PUTRI\D4\SEMESTER 8 (4C)\skripsi\code\code_mhs\2341720112\m13\p03.ipynb,SUCCESS,Preprocessing berhasil
2026-03-04 11:20:59,D:\PUTRI\D4\SEMESTER 8 (4C)\skripsi\code\code_mhs\2341720112\m13\tp01.ipynb,SUCCESS,Preprocessing berhasil
2026-03-04 11:20:59,D:\PUTRI\D4\SEMESTER 8 (4C)\skripsi\code\code_mhs\2341720112\m14\p01.ipynb,SUCCESS,Preprocessing berhasil
2026-03-04 11:20:59,D:\PUTRI\D4\SEMESTER 8 (4C)\skripsi\code\code_mhs\2341720112\m14\p02.ipynb,SUCCESS,Preprocessing berhasil
2026-03-04 11:20:59,D:\PUTRI\D4\SEMESTER 8 (4C)\skripsi\code\code_mhs\2341720112\m14\tp01.ipynb,SUCCESS,Preprocessing berhasil
2026-03-04 11:20:59,D:\PUTRI\D4\SEMESTER 8 (4C)\skripsi\code\code_mhs\2341720112\m15\p01.ipynb,SUCCESS,Preprocessing berhasil
2026-03-04 11:20:59,D:\PUTRI\D4\SEMESTER 8 (4C)\skripsi\code\code_mhs\2341720112\m15\tp01.ipynb,INVALID,File kosong
2026-03-04 11:20:59,D:\PUTRI\D4\SEMESTER 8 (4C)\skripsi\code\code_mhs\2341720112\unclassified\db_sportify.ipynb,INVALID,'utf-8' codec can't encode character '\udfaf' in position 48196: surrogates not allowed
2026-03-04 11:20:59,D:\PUTRI\D4\SEMESTER 8 (4C)\skripsi\code\code_mhs\2341720112\unclassified\Kmeans.ipynb,FAILED,Tidak bisa membaca file
2026-03-04 11:20:59,D:\PUTRI\D4\SEMESTER 8 (4C)\skripsi\code\code_mhs\2341720112\unclassified\KMeans_Clustering.ipynb,SUCCESS,Preprocessing berhasil
2026-03-04 11:20:59,D:\PUTRI\D4\SEMESTER 8 (4C)\skripsi\code\code_mhs\2341720112\unclassified\KMeans_Song_Mood_Clustering.ipynb,SUCCESS,Preprocessing berhasil
2026-03-04 11:21:00,D:\PUTRI\D4\SEMESTER 8 (4C)\skripsi\code\code_mhs\2341720112\unclassified\kmeans_sportify copy 2.ipynb,SUCCESS,Preprocessing berhasil
2026-03-04 11:21:00,D:\PUTRI\D4\SEMESTER 8 (4C)\skripsi\code\code_mhs\2341720112\unclassified\kmeans_sportify copy.ipynb,SUCCESS,Preprocessing berhasil
2026-03-04 11:21:00,D:\PUTRI\D4\SEMESTER 8 (4C)\skripsi\code\code_mhs\2341720112\unclassified\kmeans_sportify.ipynb,SUCCESS,Preprocessing berhasil
2026-03-04 11:21:00,D:\PUTRI\D4\SEMESTER 8 (4C)\skripsi\code\code_mhs\2341720112\unclassified\py.py,INVALID,File kosong
2026-03-04 11:21:00,D:\PUTRI\D4\SEMESTER 8 (4C)\skripsi\code\code_mhs\2341720117\m02\p01.ipynb,SUCCESS,Preprocessing berhasil
2026-03-04 11:21:01,D:\PUTRI\D4\SEMESTER 8 (4C)\skripsi\code\code_mhs\2341720117\m02\p02.ipynb,SUCCESS,Preprocessing berhasil
2026-03-04 11:21:01,D:\PUTRI\D4\SEMESTER 8 (4C)\skripsi\code\code_mhs\2341720117\m02\p03.ipynb,SUCCESS,Preprocessing berhasil
2026-03-04 11:21:01,D:\PUTRI\D4\SEMESTER 8 (4C)\skripsi\code\code_mhs\2341720117\m02\p04.ipynb,SUCCESS,Preprocessing berhasil
2026-03-04 11:21:01,D:\PUTRI\D4\SEMESTER 8 (4C)\skripsi\code\code_mhs\2341720117\m02\tp01.ipynb,SUCCESS,Preprocessing berhasil
2026-03-04 11:21:01,D:\PUTRI\D4\SEMESTER 8 (4C)\skripsi\code\code_mhs\2341720117\m03\p01.ipynb,SUCCESS,Preprocessing berhasil
2026-03-04 11:21:02,D:\PUTRI\D4\SEMESTER 8 (4C)\skripsi\code\code_mhs\2341720117\m03\p02.ipynb,SUCCESS,Preprocessing berhasil
2026-03-04 11:21:02,D:\PUTRI\D4\SEMESTER 8 (4C)\skripsi\code\code_mhs\2341720117\m03\p03.ipynb,SUCCESS,Preprocessing berhasil
2026-03-04 11:21:02,D:\PUTRI\D4\SEMESTER 8 (4C)\skripsi\code\code_mhs\2341720117\m03\p04.ipynb,SUCCESS,Preprocessing berhasil
2026-03-04 11:21:02,D:\PUTRI\D4\SEMESTER 8 (4C)\skripsi\code\code_mhs\2341720117\m03\tp01.ipynb,SUCCESS,Preprocessing berhasil
2026-03-04 11:21:02,D:\PUTRI\D4\SEMESTER 8 (4C)\skripsi\code\code_mhs\2341720117\m04\p01.ipynb,SUCCESS,Preprocessing berhasil
2026-03-04 11:21:02,D:\PUTRI\D4\SEMESTER 8 (4C)\skripsi\code\code_mhs\2341720117\m04\p02.ipynb,SUCCESS,Preprocessing berhasil
2026-03-04 11:21:02,D:\PUTRI\D4\SEMESTER 8 (4C)\skripsi\code\code_mhs\2341720117\m04\p03.ipynb,SUCCESS,Preprocessing berhasil
2026-03-04 11:21:03,D:\PUTRI\D4\SEMESTER 8 (4C)\skripsi\code\code_mhs\2341720117\m04\tp01.ipynb,SUCCESS,Preprocessing berhasil
2026-03-04 11:21:03,D:\PUTRI\D4\SEMESTER 8 (4C)\skripsi\code\code_mhs\2341720117\m05\p01.ipynb,SUCCESS,Preprocessing berhasil
2026-03-04 11:21:03,D:\PUTRI\D4\SEMESTER 8 (4C)\skripsi\code\code_mhs\2341720117\m05\p02.ipynb,SUCCESS,Preprocessing berhasil
2026-03-04 11:21:03,D:\PUTRI\D4\SEMESTER 8 (4C)\skripsi\code\code_mhs\2341720117\m05\tp01.ipynb,SUCCESS,Preprocessing berhasil
2026-03-04 11:21:03,D:\PUTRI\D4\SEMESTER 8 (4C)\skripsi\code\code_mhs\2341720117\m06\p01.ipynb,SUCCESS,Preprocessing berhasil
2026-03-04 11:21:03,D:\PUTRI\D4\SEMESTER 8 (4C)\skripsi\code\code_mhs\2341720117\m06\p02.ipynb,SUCCESS,Preprocessing berhasil
2026-03-04 11:21:03,D:\PUTRI\D4\SEMESTER 8 (4C)\skripsi\code\code_mhs\2341720117\m06\tp01.ipynb,SUCCESS,Preprocessing berhasil
2026-03-04 11:21:03,D:\PUTRI\D4\SEMESTER 8 (4C)\skripsi\code\code_mhs\2341720117\m07\p01.ipynb,SUCCESS,Preprocessing berhasil
2026-03-04 11:21:03,D:\PUTRI\D4\SEMESTER 8 (4C)\skripsi\code\code_mhs\2341720117\m07\p02.ipynb,SUCCESS,Preprocessing berhasil
2026-03-04 11:21:03,D:\PUTRI\D4\SEMESTER 8 (4C)\skripsi\code\code_mhs\2341720117\m07\p03.ipynb,SUCCESS,Preprocessing berhasil
2026-03-04 11:21:03,D:\PUTRI\D4\SEMESTER 8 (4C)\skripsi\code\code_mhs\2341720117\m07\p04.ipynb,SUCCESS,Preprocessing berhasil
2026-03-04 11:21:03,D:\PUTRI\D4\SEMESTER 8 (4C)\skripsi\code\code_mhs\2341720117\m07\p05.ipynb,SUCCESS,Preprocessing berhasil
2026-03-04 11:21:03,D:\PUTRI\D4\SEMESTER 8 (4C)\skripsi\code\code_mhs\2341720117\m07\p06.ipynb,SUCCESS,Preprocessing berhasil
2026-03-04 11:21:03,D:\PUTRI\D4\SEMESTER 8 (4C)\skripsi\code\code_mhs\2341720117\m07\tp01.ipynb,SUCCESS,Preprocessing berhasil
2026-03-04 11:21:03,D:\PUTRI\D4\SEMESTER 8 (4C)\skripsi\code\code_mhs\2341720117\m09\p01.ipynb,SUCCESS,Preprocessing berhasil
2026-03-04 11:21:04,D:\PUTRI\D4\SEMESTER 8 (4C)\skripsi\code\code_mhs\2341720117\m09\p02.ipynb,SUCCESS,Preprocessing berhasil
2026-03-04 11:21:04,D:\PUTRI\D4\SEMESTER 8 (4C)\skripsi\code\code_mhs\2341720117\m09\p03.ipynb,SUCCESS,Preprocessing berhasil
2026-03-04 11:21:04,D:\PUTRI\D4\SEMESTER 8 (4C)\skripsi\code\code_mhs\2341720117\m09\tp01.ipynb,SUCCESS,Preprocessing berhasil
2026-03-04 11:21:04,D:\PUTRI\D4\SEMESTER 8 (4C)\skripsi\code\code_mhs\2341720117\m09\tp02.ipynb,SUCCESS,Preprocessing berhasil
2026-03-04 11:21:04,D:\PUTRI\D4\SEMESTER 8 (4C)\skripsi\code\code_mhs\2341720117\m11\p01.ipynb,FAILED,Identifier normalization gagal
2026-03-04 11:21:04,D:\PUTRI\D4\SEMESTER 8 (4C)\skripsi\code\code_mhs\2341720117\m11\p02.ipynb,SUCCESS,Preprocessing berhasil
2026-03-04 11:21:04,D:\PUTRI\D4\SEMESTER 8 (4C)\skripsi\code\code_mhs\2341720117\m11\p03.ipynb,SUCCESS,Preprocessing berhasil
2026-03-04 11:21:04,D:\PUTRI\D4\SEMESTER 8 (4C)\skripsi\code\code_mhs\2341720117\m11\p04.ipynb,SUCCESS,Preprocessing berhasil
2026-03-04 11:21:04,D:\PUTRI\D4\SEMESTER 8 (4C)\skripsi\code\code_mhs\2341720117\m11\p05.ipynb,SUCCESS,Preprocessing berhasil
2026-03-04 11:21:04,D:\PUTRI\D4\SEMESTER 8 (4C)\skripsi\code\code_mhs\2341720117\m11\tp01.ipynb,SUCCESS,Preprocessing berhasil
2026-03-04 11:21:04,D:\PUTRI\D4\SEMESTER 8 (4C)\skripsi\code\code_mhs\2341720117\m13\p01.ipynb,SUCCESS,Preprocessing berhasil
2026-03-04 11:21:04,D:\PUTRI\D4\SEMESTER 8 (4C)\skripsi\code\code_mhs\2341720117\m13\p02.ipynb,SUCCESS,Preprocessing berhasil
2026-03-04 11:21:04,D:\PUTRI\D4\SEMESTER 8 (4C)\skripsi\code\code_mhs\2341720117\m13\p03.ipynb,SUCCESS,Preprocessing berhasil
2026-03-04 11:21:04,D:\PUTRI\D4\SEMESTER 8 (4C)\skripsi\code\code_mhs\2341720117\m13\tp01.ipynb,SUCCESS,Preprocessing berhasil
2026-03-04 11:21:04,D:\PUTRI\D4\SEMESTER 8 (4C)\skripsi\code\code_mhs\2341720117\m14\p01.ipynb,SUCCESS,Preprocessing berhasil
2026-03-04 11:21:05,D:\PUTRI\D4\SEMESTER 8 (4C)\skripsi\code\code_mhs\2341720117\m14\p02.ipynb,SUCCESS,Preprocessing berhasil
2026-03-04 11:21:05,D:\PUTRI\D4\SEMESTER 8 (4C)\skripsi\code\code_mhs\2341720117\m14\tp01.ipynb,SUCCESS,Preprocessing berhasil
2026-03-04 11:21:05,D:\PUTRI\D4\SEMESTER 8 (4C)\skripsi\code\code_mhs\2341720117\m15\app.py,SUCCESS,Preprocessing berhasil
2026-03-04 11:21:05,D:\PUTRI\D4\SEMESTER 8 (4C)\skripsi\code\code_mhs\2341720117\m15\p01.ipynb,SUCCESS,Preprocessing berhasil
2026-03-04 11:21:05,D:\PUTRI\D4\SEMESTER 8 (4C)\skripsi\code\code_mhs\2341720117\pbl\pbl.ipynb,SUCCESS,Preprocessing berhasil
2026-03-04 11:21:05,D:\PUTRI\D4\SEMESTER 8 (4C)\skripsi\code\code_mhs\2341720117\pbl\pbl.py,SUCCESS,Preprocessing berhasil
2026-03-04 11:21:05,D:\PUTRI\D4\SEMESTER 8 (4C)\skripsi\code\code_mhs\2341720117\unclassified\TG1_2341720117_OKTAVIAN_EKA_RAMADHAN.ipynb,SUCCESS,Preprocessing berhasil
2026-03-04 11:21:05,D:\PUTRI\D4\SEMESTER 8 (4C)\skripsi\code\code_mhs\2341720131\m02\p01.ipynb,SUCCESS,Preprocessing berhasil
2026-03-04 11:21:05,D:\PUTRI\D4\SEMESTER 8 (4C)\skripsi\code\code_mhs\2341720131\m02\p02.ipynb,SUCCESS,Preprocessing berhasil
2026-03-04 11:21:05,D:\PUTRI\D4\SEMESTER 8 (4C)\skripsi\code\code_mhs\2341720131\m02\p03.ipynb,SUCCESS,Preprocessing berhasil
2026-03-04 11:21:05,D:\PUTRI\D4\SEMESTER 8 (4C)\skripsi\code\code_mhs\2341720131\m02\p04.ipynb,SUCCESS,Preprocessing berhasil
2026-03-04 11:21:06,D:\PUTRI\D4\SEMESTER 8 (4C)\skripsi\code\code_mhs\2341720131\m02\tp01.ipynb,SUCCESS,Preprocessing berhasil
2026-03-04 11:21:06,D:\PUTRI\D4\SEMESTER 8 (4C)\skripsi\code\code_mhs\2341720131\m03\p01.ipynb,SUCCESS,Preprocessing berhasil
2026-03-04 11:21:06,D:\PUTRI\D4\SEMESTER 8 (4C)\skripsi\code\code_mhs\2341720131\m03\p02.ipynb,SUCCESS,Preprocessing berhasil
2026-03-04 11:21:06,D:\PUTRI\D4\SEMESTER 8 (4C)\skripsi\code\code_mhs\2341720131\m03\p03.ipynb,SUCCESS,Preprocessing berhasil
2026-03-04 11:21:06,D:\PUTRI\D4\SEMESTER 8 (4C)\skripsi\code\code_mhs\2341720131\m03\p04.ipynb,SUCCESS,Preprocessing berhasil
2026-03-04 11:21:06,D:\PUTRI\D4\SEMESTER 8 (4C)\skripsi\code\code_mhs\2341720131\m03\tp01.ipynb,SUCCESS,Preprocessing berhasil
2026-03-04 11:21:06,D:\PUTRI\D4\SEMESTER 8 (4C)\skripsi\code\code_mhs\2341720131\m04\p01.ipynb,SUCCESS,Preprocessing berhasil
2026-03-04 11:21:06,D:\PUTRI\D4\SEMESTER 8 (4C)\skripsi\code\code_mhs\2341720131\m04\p02.ipynb,SUCCESS,Preprocessing berhasil
2026-03-04 11:21:06,D:\PUTRI\D4\SEMESTER 8 (4C)\skripsi\code\code_mhs\2341720131\m04\p03.ipynb,SUCCESS,Preprocessing berhasil
2026-03-04 11:21:07,D:\PUTRI\D4\SEMESTER 8 (4C)\skripsi\code\code_mhs\2341720131\m04\tp01.ipynb,SUCCESS,Preprocessing berhasil
2026-03-04 11:21:07,D:\PUTRI\D4\SEMESTER 8 (4C)\skripsi\code\code_mhs\2341720131\m05\p01.ipynb,SUCCESS,Preprocessing berhasil
2026-03-04 11:21:07,D:\PUTRI\D4\SEMESTER 8 (4C)\skripsi\code\code_mhs\2341720131\m05\p02.ipynb,SUCCESS,Preprocessing berhasil
2026-03-04 11:21:07,D:\PUTRI\D4\SEMESTER 8 (4C)\skripsi\code\code_mhs\2341720131\m05\tp01.ipynb,SUCCESS,Preprocessing berhasil
2026-03-04 11:21:07,D:\PUTRI\D4\SEMESTER 8 (4C)\skripsi\code\code_mhs\2341720131\m06\p01.ipynb,SUCCESS,Preprocessing berhasil
2026-03-04 11:21:07,D:\PUTRI\D4\SEMESTER 8 (4C)\skripsi\code\code_mhs\2341720131\m06\p02.ipynb,SUCCESS,Preprocessing berhasil
2026-03-04 11:21:07,D:\PUTRI\D4\SEMESTER 8 (4C)\skripsi\code\code_mhs\2341720131\m06\tp01.ipynb,SUCCESS,Preprocessing berhasil
2026-03-04 11:21:07,D:\PUTRI\D4\SEMESTER 8 (4C)\skripsi\code\code_mhs\2341720131\m07\p01.ipynb,SUCCESS,Preprocessing berhasil
2026-03-04 11:21:07,D:\PUTRI\D4\SEMESTER 8 (4C)\skripsi\code\code_mhs\2341720131\m07\p02.ipynb,SUCCESS,Preprocessing berhasil
2026-03-04 11:21:07,D:\PUTRI\D4\SEMESTER 8 (4C)\skripsi\code\code_mhs\2341720131\m07\p03.ipynb,SUCCESS,Preprocessing berhasil
2026-03-04 11:21:07,D:\PUTRI\D4\SEMESTER 8 (4C)\skripsi\code\code_mhs\2341720131\m07\p04.ipynb,SUCCESS,Preprocessing berhasil
2026-03-04 11:21:07,D:\PUTRI\D4\SEMESTER 8 (4C)\skripsi\code\code_mhs\2341720131\m07\p05.ipynb,SUCCESS,Preprocessing berhasil
2026-03-04 11:21:07,D:\PUTRI\D4\SEMESTER 8 (4C)\skripsi\code\code_mhs\2341720131\m07\p06.ipynb,SUCCESS,Preprocessing berhasil
2026-03-04 11:21:07,D:\PUTRI\D4\SEMESTER 8 (4C)\skripsi\code\code_mhs\2341720131\m07\tp01.ipynb,SUCCESS,Preprocessing berhasil
2026-03-04 11:21:07,D:\PUTRI\D4\SEMESTER 8 (4C)\skripsi\code\code_mhs\2341720131\m08\tp01.ipynb,SUCCESS,Preprocessing berhasil
2026-03-04 11:21:08,D:\PUTRI\D4\SEMESTER 8 (4C)\skripsi\code\code_mhs\2341720131\m09\p01.ipynb,SUCCESS,Preprocessing berhasil
2026-03-04 11:21:08,D:\PUTRI\D4\SEMESTER 8 (4C)\skripsi\code\code_mhs\2341720131\m09\p02.ipynb,SUCCESS,Preprocessing berhasil
2026-03-04 11:21:08,D:\PUTRI\D4\SEMESTER 8 (4C)\skripsi\code\code_mhs\2341720131\m09\p03.ipynb,SUCCESS,Preprocessing berhasil
2026-03-04 11:21:08,D:\PUTRI\D4\SEMESTER 8 (4C)\skripsi\code\code_mhs\2341720131\m09\tp01.ipynb,SUCCESS,Preprocessing berhasil
2026-03-04 11:21:08,D:\PUTRI\D4\SEMESTER 8 (4C)\skripsi\code\code_mhs\2341720131\m09\tp02.ipynb,SUCCESS,Preprocessing berhasil
2026-03-04 11:21:08,D:\PUTRI\D4\SEMESTER 8 (4C)\skripsi\code\code_mhs\2341720131\m11\p01.ipynb,FAILED,Identifier normalization gagal
2026-03-04 11:21:08,D:\PUTRI\D4\SEMESTER 8 (4C)\skripsi\code\code_mhs\2341720131\m11\p02.ipynb,INVALID,SyntaxError baris 43: invalid syntax
2026-03-04 11:21:08,D:\PUTRI\D4\SEMESTER 8 (4C)\skripsi\code\code_mhs\2341720131\m11\p03.ipynb,SUCCESS,Preprocessing berhasil
2026-03-04 11:21:08,D:\PUTRI\D4\SEMESTER 8 (4C)\skripsi\code\code_mhs\2341720131\m11\p04.ipynb,SUCCESS,Preprocessing berhasil
2026-03-04 11:21:08,D:\PUTRI\D4\SEMESTER 8 (4C)\skripsi\code\code_mhs\2341720131\m11\p05.ipynb,SUCCESS,Preprocessing berhasil
2026-03-04 11:21:08,D:\PUTRI\D4\SEMESTER 8 (4C)\skripsi\code\code_mhs\2341720131\m11\tp01.ipynb,SUCCESS,Preprocessing berhasil
2026-03-04 11:21:09,D:\PUTRI\D4\SEMESTER 8 (4C)\skripsi\code\code_mhs\2341720131\m13\p01.ipynb,SUCCESS,Preprocessing berhasil
2026-03-04 11:21:09,D:\PUTRI\D4\SEMESTER 8 (4C)\skripsi\code\code_mhs\2341720131\m13\p02.ipynb,SUCCESS,Preprocessing berhasil
2026-03-04 11:21:09,D:\PUTRI\D4\SEMESTER 8 (4C)\skripsi\code\code_mhs\2341720131\m13\p03.ipynb,SUCCESS,Preprocessing berhasil
2026-03-04 11:21:09,D:\PUTRI\D4\SEMESTER 8 (4C)\skripsi\code\code_mhs\2341720131\m13\tp01.ipynb,SUCCESS,Preprocessing berhasil
2026-03-04 11:21:09,D:\PUTRI\D4\SEMESTER 8 (4C)\skripsi\code\code_mhs\2341720131\m14\p01.ipynb,SUCCESS,Preprocessing berhasil
2026-03-04 11:21:09,D:\PUTRI\D4\SEMESTER 8 (4C)\skripsi\code\code_mhs\2341720131\m14\p02.ipynb,SUCCESS,Preprocessing berhasil
2026-03-04 11:21:09,D:\PUTRI\D4\SEMESTER 8 (4C)\skripsi\code\code_mhs\2341720131\m14\tp01.ipynb,SUCCESS,Preprocessing berhasil
2026-03-04 11:21:09,D:\PUTRI\D4\SEMESTER 8 (4C)\skripsi\code\code_mhs\2341720131\m15\app.py,SUCCESS,Preprocessing berhasil
2026-03-04 11:21:09,D:\PUTRI\D4\SEMESTER 8 (4C)\skripsi\code\code_mhs\2341720131\m15\p01.ipynb,SUCCESS,Preprocessing berhasil
2026-03-04 11:21:09,D:\PUTRI\D4\SEMESTER 8 (4C)\skripsi\code\code_mhs\2341720131\unclassified\UAS.ipynb,SUCCESS,Preprocessing berhasil
2026-03-04 11:21:09,D:\PUTRI\D4\SEMESTER 8 (4C)\skripsi\code\code_mhs\2341720135\kelompok\kelompok.ipynb,SUCCESS,Preprocessing berhasil
2026-03-04 11:21:09,D:\PUTRI\D4\SEMESTER 8 (4C)\skripsi\code\code_mhs\2341720135\m02\p01.ipynb,SUCCESS,Preprocessing berhasil
2026-03-04 11:21:10,D:\PUTRI\D4\SEMESTER 8 (4C)\skripsi\code\code_mhs\2341720135\m02\p02.ipynb,SUCCESS,Preprocessing berhasil
2026-03-04 11:21:10,D:\PUTRI\D4\SEMESTER 8 (4C)\skripsi\code\code_mhs\2341720135\m02\p03.ipynb,SUCCESS,Preprocessing berhasil
2026-03-04 11:21:10,D:\PUTRI\D4\SEMESTER 8 (4C)\skripsi\code\code_mhs\2341720135\m02\p04.ipynb,SUCCESS,Preprocessing berhasil
2026-03-04 11:21:10,D:\PUTRI\D4\SEMESTER 8 (4C)\skripsi\code\code_mhs\2341720135\m02\tp01.ipynb,SUCCESS,Preprocessing berhasil
2026-03-04 11:21:10,D:\PUTRI\D4\SEMESTER 8 (4C)\skripsi\code\code_mhs\2341720135\m03\p01.ipynb,SUCCESS,Preprocessing berhasil
2026-03-04 11:21:10,D:\PUTRI\D4\SEMESTER 8 (4C)\skripsi\code\code_mhs\2341720135\m03\p02.ipynb,SUCCESS,Preprocessing berhasil
2026-03-04 11:21:10,D:\PUTRI\D4\SEMESTER 8 (4C)\skripsi\code\code_mhs\2341720135\m03\p03.ipynb,SUCCESS,Preprocessing berhasil
2026-03-04 11:21:10,D:\PUTRI\D4\SEMESTER 8 (4C)\skripsi\code\code_mhs\2341720135\m03\p04.ipynb,SUCCESS,Preprocessing berhasil
2026-03-04 11:21:10,D:\PUTRI\D4\SEMESTER 8 (4C)\skripsi\code\code_mhs\2341720135\m03\tp01.ipynb,SUCCESS,Preprocessing berhasil
2026-03-04 11:21:10,D:\PUTRI\D4\SEMESTER 8 (4C)\skripsi\code\code_mhs\2341720135\m04\p01.ipynb,SUCCESS,Preprocessing berhasil
2026-03-04 11:21:10,D:\PUTRI\D4\SEMESTER 8 (4C)\skripsi\code\code_mhs\2341720135\m04\p02.ipynb,SUCCESS,Preprocessing berhasil
2026-03-04 11:21:10,D:\PUTRI\D4\SEMESTER 8 (4C)\skripsi\code\code_mhs\2341720135\m04\p03.ipynb,SUCCESS,Preprocessing berhasil
2026-03-04 11:21:10,D:\PUTRI\D4\SEMESTER 8 (4C)\skripsi\code\code_mhs\2341720135\m04\tp01.ipynb,SUCCESS,Preprocessing berhasil
2026-03-04 11:21:10,D:\PUTRI\D4\SEMESTER 8 (4C)\skripsi\code\code_mhs\2341720135\m05\p01.ipynb,SUCCESS,Preprocessing berhasil
2026-03-04 11:21:10,D:\PUTRI\D4\SEMESTER 8 (4C)\skripsi\code\code_mhs\2341720135\m05\p02.ipynb,SUCCESS,Preprocessing berhasil
2026-03-04 11:21:10,D:\PUTRI\D4\SEMESTER 8 (4C)\skripsi\code\code_mhs\2341720135\m05\tp01.ipynb,SUCCESS,Preprocessing berhasil
2026-03-04 11:21:10,D:\PUTRI\D4\SEMESTER 8 (4C)\skripsi\code\code_mhs\2341720135\m06\p01.ipynb,SUCCESS,Preprocessing berhasil
2026-03-04 11:21:10,D:\PUTRI\D4\SEMESTER 8 (4C)\skripsi\code\code_mhs\2341720135\m06\p02.ipynb,SUCCESS,Preprocessing berhasil
2026-03-04 11:21:10,D:\PUTRI\D4\SEMESTER 8 (4C)\skripsi\code\code_mhs\2341720135\m06\tp01.ipynb,SUCCESS,Preprocessing berhasil
2026-03-04 11:21:10,D:\PUTRI\D4\SEMESTER 8 (4C)\skripsi\code\code_mhs\2341720135\m07\p01.ipynb,SUCCESS,Preprocessing berhasil
2026-03-04 11:21:10,D:\PUTRI\D4\SEMESTER 8 (4C)\skripsi\code\code_mhs\2341720135\m07\p02.ipynb,SUCCESS,Preprocessing berhasil
2026-03-04 11:21:10,D:\PUTRI\D4\SEMESTER 8 (4C)\skripsi\code\code_mhs\2341720135\m07\p03.ipynb,SUCCESS,Preprocessing berhasil
2026-03-04 11:21:10,D:\PUTRI\D4\SEMESTER 8 (4C)\skripsi\code\code_mhs\2341720135\m07\p04.ipynb,SUCCESS,Preprocessing berhasil
2026-03-04 11:21:10,D:\PUTRI\D4\SEMESTER 8 (4C)\skripsi\code\code_mhs\2341720135\m07\p05.ipynb,SUCCESS,Preprocessing berhasil
2026-03-04 11:21:10,D:\PUTRI\D4\SEMESTER 8 (4C)\skripsi\code\code_mhs\2341720135\m07\p06.ipynb,SUCCESS,Preprocessing berhasil
2026-03-04 11:21:10,D:\PUTRI\D4\SEMESTER 8 (4C)\skripsi\code\code_mhs\2341720135\m07\tp01.ipynb,SUCCESS,Preprocessing berhasil
2026-03-04 11:21:10,D:\PUTRI\D4\SEMESTER 8 (4C)\skripsi\code\code_mhs\2341720135\m08\tp01.ipynb,SUCCESS,Preprocessing berhasil
2026-03-04 11:21:10,D:\PUTRI\D4\SEMESTER 8 (4C)\skripsi\code\code_mhs\2341720135\m09\p01.ipynb,SUCCESS,Preprocessing berhasil
2026-03-04 11:21:11,D:\PUTRI\D4\SEMESTER 8 (4C)\skripsi\code\code_mhs\2341720135\m09\p02.ipynb,SUCCESS,Preprocessing berhasil
2026-03-04 11:21:11,D:\PUTRI\D4\SEMESTER 8 (4C)\skripsi\code\code_mhs\2341720135\m09\p03.ipynb,SUCCESS,Preprocessing berhasil
2026-03-04 11:21:11,D:\PUTRI\D4\SEMESTER 8 (4C)\skripsi\code\code_mhs\2341720135\m09\tp01.ipynb,SUCCESS,Preprocessing berhasil
2026-03-04 11:21:11,D:\PUTRI\D4\SEMESTER 8 (4C)\skripsi\code\code_mhs\2341720135\m09\tp02.ipynb,SUCCESS,Preprocessing berhasil
2026-03-04 11:21:11,D:\PUTRI\D4\SEMESTER 8 (4C)\skripsi\code\code_mhs\2341720135\m11\p01.ipynb,FAILED,Identifier normalization gagal
2026-03-04 11:21:11,D:\PUTRI\D4\SEMESTER 8 (4C)\skripsi\code\code_mhs\2341720135\m11\p02.ipynb,SUCCESS,Preprocessing berhasil
2026-03-04 11:21:11,D:\PUTRI\D4\SEMESTER 8 (4C)\skripsi\code\code_mhs\2341720135\m11\p03.ipynb,SUCCESS,Preprocessing berhasil
2026-03-04 11:21:11,D:\PUTRI\D4\SEMESTER 8 (4C)\skripsi\code\code_mhs\2341720135\m11\p04.ipynb,SUCCESS,Preprocessing berhasil
2026-03-04 11:21:11,D:\PUTRI\D4\SEMESTER 8 (4C)\skripsi\code\code_mhs\2341720135\m11\p05.ipynb,SUCCESS,Preprocessing berhasil
2026-03-04 11:21:11,D:\PUTRI\D4\SEMESTER 8 (4C)\skripsi\code\code_mhs\2341720135\m11\tp01.ipynb,SUCCESS,Preprocessing berhasil
2026-03-04 11:21:11,D:\PUTRI\D4\SEMESTER 8 (4C)\skripsi\code\code_mhs\2341720135\uts\uts.ipynb,SUCCESS,Preprocessing berhasil
2026-03-04 11:21:11,D:\PUTRI\D4\SEMESTER 8 (4C)\skripsi\code\code_mhs\2341720143\m02\p01.ipynb,SUCCESS,Preprocessing berhasil
2026-03-04 11:21:11,D:\PUTRI\D4\SEMESTER 8 (4C)\skripsi\code\code_mhs\2341720143\m02\p02.ipynb,SUCCESS,Preprocessing berhasil
2026-03-04 11:21:11,D:\PUTRI\D4\SEMESTER 8 (4C)\skripsi\code\code_mhs\2341720143\m02\p03.ipynb,SUCCESS,Preprocessing berhasil
2026-03-04 11:21:11,D:\PUTRI\D4\SEMESTER 8 (4C)\skripsi\code\code_mhs\2341720143\m02\p04.ipynb,SUCCESS,Preprocessing berhasil
2026-03-04 11:21:11,D:\PUTRI\D4\SEMESTER 8 (4C)\skripsi\code\code_mhs\2341720143\m02\tp01.ipynb,SUCCESS,Preprocessing berhasil
2026-03-04 11:21:11,D:\PUTRI\D4\SEMESTER 8 (4C)\skripsi\code\code_mhs\2341720143\m03\p01.ipynb,SUCCESS,Preprocessing berhasil
2026-03-04 11:21:11,D:\PUTRI\D4\SEMESTER 8 (4C)\skripsi\code\code_mhs\2341720143\m03\p02.ipynb,SUCCESS,Preprocessing berhasil
2026-03-04 11:21:11,D:\PUTRI\D4\SEMESTER 8 (4C)\skripsi\code\code_mhs\2341720143\m03\p03.ipynb,SUCCESS,Preprocessing berhasil
2026-03-04 11:21:11,D:\PUTRI\D4\SEMESTER 8 (4C)\skripsi\code\code_mhs\2341720143\m03\p04.ipynb,SUCCESS,Preprocessing berhasil
2026-03-04 11:21:11,D:\PUTRI\D4\SEMESTER 8 (4C)\skripsi\code\code_mhs\2341720143\m03\tp01.ipynb,SUCCESS,Preprocessing berhasil
2026-03-04 11:21:11,D:\PUTRI\D4\SEMESTER 8 (4C)\skripsi\code\code_mhs\2341720143\m04\p01.ipynb,SUCCESS,Preprocessing berhasil
2026-03-04 11:21:11,D:\PUTRI\D4\SEMESTER 8 (4C)\skripsi\code\code_mhs\2341720143\m04\p02.ipynb,SUCCESS,Preprocessing berhasil
2026-03-04 11:21:11,D:\PUTRI\D4\SEMESTER 8 (4C)\skripsi\code\code_mhs\2341720143\m04\p03.ipynb,SUCCESS,Preprocessing berhasil
2026-03-04 11:21:11,D:\PUTRI\D4\SEMESTER 8 (4C)\skripsi\code\code_mhs\2341720143\m04\tp01.ipynb,INVALID,SyntaxError baris 278: unmatched ')'
2026-03-04 11:21:11,D:\PUTRI\D4\SEMESTER 8 (4C)\skripsi\code\code_mhs\2341720143\m05\p01.ipynb,SUCCESS,Preprocessing berhasil
2026-03-04 11:21:11,D:\PUTRI\D4\SEMESTER 8 (4C)\skripsi\code\code_mhs\2341720143\m05\p02.ipynb,SUCCESS,Preprocessing berhasil
2026-03-04 11:21:12,D:\PUTRI\D4\SEMESTER 8 (4C)\skripsi\code\code_mhs\2341720143\m05\tp01.ipynb,FAILED,Identifier normalization gagal
2026-03-04 11:21:12,D:\PUTRI\D4\SEMESTER 8 (4C)\skripsi\code\code_mhs\2341720143\m06\p01.ipynb,SUCCESS,Preprocessing berhasil
2026-03-04 11:21:12,D:\PUTRI\D4\SEMESTER 8 (4C)\skripsi\code\code_mhs\2341720143\m06\p02.ipynb,SUCCESS,Preprocessing berhasil
2026-03-04 11:21:12,D:\PUTRI\D4\SEMESTER 8 (4C)\skripsi\code\code_mhs\2341720143\m06\p03.ipynb,SUCCESS,Preprocessing berhasil
2026-03-04 11:21:12,D:\PUTRI\D4\SEMESTER 8 (4C)\skripsi\code\code_mhs\2341720143\m06\p04.ipynb,SUCCESS,Preprocessing berhasil
2026-03-04 11:21:12,D:\PUTRI\D4\SEMESTER 8 (4C)\skripsi\code\code_mhs\2341720143\m06\p05.ipynb,SUCCESS,Preprocessing berhasil
2026-03-04 11:21:12,D:\PUTRI\D4\SEMESTER 8 (4C)\skripsi\code\code_mhs\2341720143\m06\p06.ipynb,SUCCESS,Preprocessing berhasil
2026-03-04 11:21:12,D:\PUTRI\D4\SEMESTER 8 (4C)\skripsi\code\code_mhs\2341720143\m06\tp01.ipynb,SUCCESS,Preprocessing berhasil
2026-03-04 11:21:12,D:\PUTRI\D4\SEMESTER 8 (4C)\skripsi\code\code_mhs\2341720143\m07\p01.ipynb,SUCCESS,Preprocessing berhasil
2026-03-04 11:21:12,D:\PUTRI\D4\SEMESTER 8 (4C)\skripsi\code\code_mhs\2341720143\m07\p02.ipynb,SUCCESS,Preprocessing berhasil
2026-03-04 11:21:12,D:\PUTRI\D4\SEMESTER 8 (4C)\skripsi\code\code_mhs\2341720143\m07\tp01.ipynb,SUCCESS,Preprocessing berhasil
2026-03-04 11:21:12,D:\PUTRI\D4\SEMESTER 8 (4C)\skripsi\code\code_mhs\2341720143\m08\tp01.ipynb,SUCCESS,Preprocessing berhasil
2026-03-04 11:21:12,D:\PUTRI\D4\SEMESTER 8 (4C)\skripsi\code\code_mhs\2341720143\m09\p01.ipynb,SUCCESS,Preprocessing berhasil
2026-03-04 11:21:12,D:\PUTRI\D4\SEMESTER 8 (4C)\skripsi\code\code_mhs\2341720143\m09\p02.ipynb,SUCCESS,Preprocessing berhasil
2026-03-04 11:21:12,D:\PUTRI\D4\SEMESTER 8 (4C)\skripsi\code\code_mhs\2341720143\m09\p03.ipynb,SUCCESS,Preprocessing berhasil
2026-03-04 11:21:12,D:\PUTRI\D4\SEMESTER 8 (4C)\skripsi\code\code_mhs\2341720143\m09\tp01.ipynb,FAILED,Identifier normalization gagal
2026-03-04 11:21:12,D:\PUTRI\D4\SEMESTER 8 (4C)\skripsi\code\code_mhs\2341720143\m09\tp02.ipynb,SUCCESS,Preprocessing berhasil
2026-03-04 11:21:12,D:\PUTRI\D4\SEMESTER 8 (4C)\skripsi\code\code_mhs\2341720143\m11\p01.ipynb,FAILED,Identifier normalization gagal
2026-03-04 11:21:12,D:\PUTRI\D4\SEMESTER 8 (4C)\skripsi\code\code_mhs\2341720143\m11\p02.ipynb,SUCCESS,Preprocessing berhasil
2026-03-04 11:21:12,D:\PUTRI\D4\SEMESTER 8 (4C)\skripsi\code\code_mhs\2341720143\m11\p03.ipynb,SUCCESS,Preprocessing berhasil
2026-03-04 11:21:12,D:\PUTRI\D4\SEMESTER 8 (4C)\skripsi\code\code_mhs\2341720143\m11\p04.ipynb,SUCCESS,Preprocessing berhasil
2026-03-04 11:21:12,D:\PUTRI\D4\SEMESTER 8 (4C)\skripsi\code\code_mhs\2341720143\m11\p05.ipynb,SUCCESS,Preprocessing berhasil
2026-03-04 11:21:12,D:\PUTRI\D4\SEMESTER 8 (4C)\skripsi\code\code_mhs\2341720143\m11\tp01.ipynb,SUCCESS,Preprocessing berhasil
2026-03-04 11:21:12,D:\PUTRI\D4\SEMESTER 8 (4C)\skripsi\code\code_mhs\2341720143\m13\p01.ipynb,SUCCESS,Preprocessing berhasil
2026-03-04 11:21:12,D:\PUTRI\D4\SEMESTER 8 (4C)\skripsi\code\code_mhs\2341720143\m13\p02.ipynb,SUCCESS,Preprocessing berhasil
2026-03-04 11:21:12,D:\PUTRI\D4\SEMESTER 8 (4C)\skripsi\code\code_mhs\2341720143\m13\p03.ipynb,SUCCESS,Preprocessing berhasil
2026-03-04 11:21:12,D:\PUTRI\D4\SEMESTER 8 (4C)\skripsi\code\code_mhs\2341720143\m13\tp01.ipynb,SUCCESS,Preprocessing berhasil
2026-03-04 11:21:12,D:\PUTRI\D4\SEMESTER 8 (4C)\skripsi\code\code_mhs\2341720143\m14\p01.ipynb,SUCCESS,Preprocessing berhasil
2026-03-04 11:21:12,D:\PUTRI\D4\SEMESTER 8 (4C)\skripsi\code\code_mhs\2341720143\m14\p02.ipynb,SUCCESS,Preprocessing berhasil
2026-03-04 11:21:12,D:\PUTRI\D4\SEMESTER 8 (4C)\skripsi\code\code_mhs\2341720143\m14\tp01.ipynb,SUCCESS,Preprocessing berhasil
2026-03-04 11:21:13,D:\PUTRI\D4\SEMESTER 8 (4C)\skripsi\code\code_mhs\2341720143\m15\p01.ipynb,SUCCESS,Preprocessing berhasil
2026-03-04 11:21:13,D:\PUTRI\D4\SEMESTER 8 (4C)\skripsi\code\code_mhs\2341720143\m15\p02.ipynb,FAILED,Identifier normalization gagal
2026-03-04 11:21:13,D:\PUTRI\D4\SEMESTER 8 (4C)\skripsi\code\code_mhs\2341720144\kuis\kuis.ipynb,SUCCESS,Preprocessing berhasil
2026-03-04 11:21:13,D:\PUTRI\D4\SEMESTER 8 (4C)\skripsi\code\code_mhs\2341720144\m01\p01.ipynb,INVALID,File kosong
2026-03-04 11:21:13,D:\PUTRI\D4\SEMESTER 8 (4C)\skripsi\code\code_mhs\2341720144\m01\tp01.ipynb,INVALID,File kosong
2026-03-04 11:21:13,D:\PUTRI\D4\SEMESTER 8 (4C)\skripsi\code\code_mhs\2341720144\m02\p01.ipynb,SUCCESS,Preprocessing berhasil
2026-03-04 11:21:13,D:\PUTRI\D4\SEMESTER 8 (4C)\skripsi\code\code_mhs\2341720144\m02\p02.ipynb,SUCCESS,Preprocessing berhasil
2026-03-04 11:21:13,D:\PUTRI\D4\SEMESTER 8 (4C)\skripsi\code\code_mhs\2341720144\m02\p03.ipynb,SUCCESS,Preprocessing berhasil
2026-03-04 11:21:13,D:\PUTRI\D4\SEMESTER 8 (4C)\skripsi\code\code_mhs\2341720144\m02\p04.ipynb,SUCCESS,Preprocessing berhasil
2026-03-04 11:21:13,D:\PUTRI\D4\SEMESTER 8 (4C)\skripsi\code\code_mhs\2341720144\m02\tp01.ipynb,SUCCESS,Preprocessing berhasil
2026-03-04 11:21:13,D:\PUTRI\D4\SEMESTER 8 (4C)\skripsi\code\code_mhs\2341720144\m03\p01.ipynb,SUCCESS,Preprocessing berhasil
2026-03-04 11:21:13,D:\PUTRI\D4\SEMESTER 8 (4C)\skripsi\code\code_mhs\2341720144\m03\p02.ipynb,SUCCESS,Preprocessing berhasil
2026-03-04 11:21:13,D:\PUTRI\D4\SEMESTER 8 (4C)\skripsi\code\code_mhs\2341720144\m03\p03.ipynb,SUCCESS,Preprocessing berhasil
2026-03-04 11:21:13,D:\PUTRI\D4\SEMESTER 8 (4C)\skripsi\code\code_mhs\2341720144\m03\p04.ipynb,SUCCESS,Preprocessing berhasil
2026-03-04 11:21:13,D:\PUTRI\D4\SEMESTER 8 (4C)\skripsi\code\code_mhs\2341720144\m03\tp01.ipynb,SUCCESS,Preprocessing berhasil
2026-03-04 11:21:13,D:\PUTRI\D4\SEMESTER 8 (4C)\skripsi\code\code_mhs\2341720144\m04\p01.ipynb,SUCCESS,Preprocessing berhasil
2026-03-04 11:21:13,D:\PUTRI\D4\SEMESTER 8 (4C)\skripsi\code\code_mhs\2341720144\m04\p02.ipynb,SUCCESS,Preprocessing berhasil
2026-03-04 11:21:13,D:\PUTRI\D4\SEMESTER 8 (4C)\skripsi\code\code_mhs\2341720144\m04\p03.ipynb,SUCCESS,Preprocessing berhasil
2026-03-04 11:21:13,D:\PUTRI\D4\SEMESTER 8 (4C)\skripsi\code\code_mhs\2341720144\m04\tp01.ipynb,SUCCESS,Preprocessing berhasil
2026-03-04 11:21:13,D:\PUTRI\D4\SEMESTER 8 (4C)\skripsi\code\code_mhs\2341720144\m05\p01.ipynb,SUCCESS,Preprocessing berhasil
2026-03-04 11:21:13,D:\PUTRI\D4\SEMESTER 8 (4C)\skripsi\code\code_mhs\2341720144\m05\p02.ipynb,SUCCESS,Preprocessing berhasil
2026-03-04 11:21:13,D:\PUTRI\D4\SEMESTER 8 (4C)\skripsi\code\code_mhs\2341720144\m05\tp01.ipynb,SUCCESS,Preprocessing berhasil
2026-03-04 11:21:13,D:\PUTRI\D4\SEMESTER 8 (4C)\skripsi\code\code_mhs\2341720144\m06\p01.ipynb,SUCCESS,Preprocessing berhasil
2026-03-04 11:21:13,D:\PUTRI\D4\SEMESTER 8 (4C)\skripsi\code\code_mhs\2341720144\m06\p02.ipynb,SUCCESS,Preprocessing berhasil
2026-03-04 11:21:13,D:\PUTRI\D4\SEMESTER 8 (4C)\skripsi\code\code_mhs\2341720144\m06\tp01.ipynb,SUCCESS,Preprocessing berhasil
2026-03-04 11:21:13,D:\PUTRI\D4\SEMESTER 8 (4C)\skripsi\code\code_mhs\2341720144\m07\p01.ipynb,SUCCESS,Preprocessing berhasil
2026-03-04 11:21:13,D:\PUTRI\D4\SEMESTER 8 (4C)\skripsi\code\code_mhs\2341720144\m07\p02.ipynb,SUCCESS,Preprocessing berhasil
2026-03-04 11:21:13,D:\PUTRI\D4\SEMESTER 8 (4C)\skripsi\code\code_mhs\2341720144\m07\p03.ipynb,SUCCESS,Preprocessing berhasil
2026-03-04 11:21:13,D:\PUTRI\D4\SEMESTER 8 (4C)\skripsi\code\code_mhs\2341720144\m07\p04.ipynb,SUCCESS,Preprocessing berhasil
2026-03-04 11:21:13,D:\PUTRI\D4\SEMESTER 8 (4C)\skripsi\code\code_mhs\2341720144\m07\p05.ipynb,SUCCESS,Preprocessing berhasil
2026-03-04 11:21:13,D:\PUTRI\D4\SEMESTER 8 (4C)\skripsi\code\code_mhs\2341720144\m07\p06.ipynb,SUCCESS,Preprocessing berhasil
2026-03-04 11:21:13,D:\PUTRI\D4\SEMESTER 8 (4C)\skripsi\code\code_mhs\2341720144\m07\tp01.ipynb,INVALID,File kosong
2026-03-04 11:21:13,D:\PUTRI\D4\SEMESTER 8 (4C)\skripsi\code\code_mhs\2341720144\m08\tp01.ipynb,SUCCESS,Preprocessing berhasil
2026-03-04 11:21:13,D:\PUTRI\D4\SEMESTER 8 (4C)\skripsi\code\code_mhs\2341720144\m09\p01.ipynb,SUCCESS,Preprocessing berhasil
2026-03-04 11:21:13,D:\PUTRI\D4\SEMESTER 8 (4C)\skripsi\code\code_mhs\2341720144\m09\p02.ipynb,SUCCESS,Preprocessing berhasil
2026-03-04 11:21:13,D:\PUTRI\D4\SEMESTER 8 (4C)\skripsi\code\code_mhs\2341720144\m09\p03.ipynb,SUCCESS,Preprocessing berhasil
2026-03-04 11:21:14,D:\PUTRI\D4\SEMESTER 8 (4C)\skripsi\code\code_mhs\2341720144\m09\tp01.ipynb,SUCCESS,Preprocessing berhasil
2026-03-04 11:21:14,D:\PUTRI\D4\SEMESTER 8 (4C)\skripsi\code\code_mhs\2341720144\m09\tp02.ipynb,FAILED,Identifier normalization gagal
2026-03-04 11:21:14,D:\PUTRI\D4\SEMESTER 8 (4C)\skripsi\code\code_mhs\2341720144\m11\p01.ipynb,FAILED,Identifier normalization gagal
2026-03-04 11:21:14,D:\PUTRI\D4\SEMESTER 8 (4C)\skripsi\code\code_mhs\2341720144\m11\p02.ipynb,SUCCESS,Preprocessing berhasil
2026-03-04 11:21:14,D:\PUTRI\D4\SEMESTER 8 (4C)\skripsi\code\code_mhs\2341720144\m11\p03.ipynb,SUCCESS,Preprocessing berhasil
2026-03-04 11:21:14,D:\PUTRI\D4\SEMESTER 8 (4C)\skripsi\code\code_mhs\2341720144\m11\p04.ipynb,SUCCESS,Preprocessing berhasil
2026-03-04 11:21:14,D:\PUTRI\D4\SEMESTER 8 (4C)\skripsi\code\code_mhs\2341720144\m11\p05.ipynb,SUCCESS,Preprocessing berhasil
2026-03-04 11:21:14,D:\PUTRI\D4\SEMESTER 8 (4C)\skripsi\code\code_mhs\2341720144\m11\tp01.ipynb,SUCCESS,Preprocessing berhasil
2026-03-04 11:21:14,D:\PUTRI\D4\SEMESTER 8 (4C)\skripsi\code\code_mhs\2341720144\m13\p01.ipynb,SUCCESS,Preprocessing berhasil
2026-03-04 11:21:14,D:\PUTRI\D4\SEMESTER 8 (4C)\skripsi\code\code_mhs\2341720144\m13\p02.ipynb,SUCCESS,Preprocessing berhasil
2026-03-04 11:21:14,D:\PUTRI\D4\SEMESTER 8 (4C)\skripsi\code\code_mhs\2341720144\m13\p03.ipynb,SUCCESS,Preprocessing berhasil
2026-03-04 11:21:14,D:\PUTRI\D4\SEMESTER 8 (4C)\skripsi\code\code_mhs\2341720144\m13\tp01.ipynb,SUCCESS,Preprocessing berhasil
2026-03-04 11:21:14,D:\PUTRI\D4\SEMESTER 8 (4C)\skripsi\code\code_mhs\2341720144\m14\p01.ipynb,SUCCESS,Preprocessing berhasil
2026-03-04 11:21:14,D:\PUTRI\D4\SEMESTER 8 (4C)\skripsi\code\code_mhs\2341720144\m14\p02.ipynb,SUCCESS,Preprocessing berhasil
2026-03-04 11:21:14,D:\PUTRI\D4\SEMESTER 8 (4C)\skripsi\code\code_mhs\2341720144\m14\tp01.ipynb,SUCCESS,Preprocessing berhasil
2026-03-04 11:21:14,D:\PUTRI\D4\SEMESTER 8 (4C)\skripsi\code\code_mhs\2341720144\m15\p01.ipynb,SUCCESS,Preprocessing berhasil
2026-03-04 11:21:14,D:\PUTRI\D4\SEMESTER 8 (4C)\skripsi\code\code_mhs\2341720144\m15\p02.ipynb,INVALID,File kosong
2026-03-04 11:21:14,D:\PUTRI\D4\SEMESTER 8 (4C)\skripsi\code\code_mhs\2341720144\m15\tp01.ipynb,FAILED,Tidak bisa membaca file
2026-03-04 11:21:14,D:\PUTRI\D4\SEMESTER 8 (4C)\skripsi\code\code_mhs\2341720144\unclassified\app.py,SUCCESS,Preprocessing berhasil
2026-03-04 11:21:14,D:\PUTRI\D4\SEMESTER 8 (4C)\skripsi\code\code_mhs\2341720147\m01\p01.ipynb,INVALID,File kosong
2026-03-04 11:21:14,D:\PUTRI\D4\SEMESTER 8 (4C)\skripsi\code\code_mhs\2341720147\m01\tp01.ipynb,INVALID,File kosong
2026-03-04 11:21:14,D:\PUTRI\D4\SEMESTER 8 (4C)\skripsi\code\code_mhs\2341720147\m02\p01.ipynb,SUCCESS,Preprocessing berhasil
2026-03-04 11:21:14,D:\PUTRI\D4\SEMESTER 8 (4C)\skripsi\code\code_mhs\2341720147\m02\p02.ipynb,SUCCESS,Preprocessing berhasil
2026-03-04 11:21:14,D:\PUTRI\D4\SEMESTER 8 (4C)\skripsi\code\code_mhs\2341720147\m02\p03.ipynb,SUCCESS,Preprocessing berhasil
2026-03-04 11:21:14,D:\PUTRI\D4\SEMESTER 8 (4C)\skripsi\code\code_mhs\2341720147\m02\p04.ipynb,SUCCESS,Preprocessing berhasil
2026-03-04 11:21:14,D:\PUTRI\D4\SEMESTER 8 (4C)\skripsi\code\code_mhs\2341720147\m02\tp01.ipynb,SUCCESS,Preprocessing berhasil
2026-03-04 11:21:14,D:\PUTRI\D4\SEMESTER 8 (4C)\skripsi\code\code_mhs\2341720147\m03\p01.ipynb,SUCCESS,Preprocessing berhasil
2026-03-04 11:21:14,D:\PUTRI\D4\SEMESTER 8 (4C)\skripsi\code\code_mhs\2341720147\m03\p02.ipynb,SUCCESS,Preprocessing berhasil
2026-03-04 11:21:14,D:\PUTRI\D4\SEMESTER 8 (4C)\skripsi\code\code_mhs\2341720147\m03\p03.ipynb,SUCCESS,Preprocessing berhasil
2026-03-04 11:21:14,D:\PUTRI\D4\SEMESTER 8 (4C)\skripsi\code\code_mhs\2341720147\m03\p04.ipynb,SUCCESS,Preprocessing berhasil
2026-03-04 11:21:14,D:\PUTRI\D4\SEMESTER 8 (4C)\skripsi\code\code_mhs\2341720147\m03\tp01.ipynb,SUCCESS,Preprocessing berhasil
2026-03-04 11:21:14,D:\PUTRI\D4\SEMESTER 8 (4C)\skripsi\code\code_mhs\2341720147\m04\p01.ipynb,SUCCESS,Preprocessing berhasil
2026-03-04 11:21:14,D:\PUTRI\D4\SEMESTER 8 (4C)\skripsi\code\code_mhs\2341720147\m04\p02.ipynb,SUCCESS,Preprocessing berhasil
2026-03-04 11:21:14,D:\PUTRI\D4\SEMESTER 8 (4C)\skripsi\code\code_mhs\2341720147\m04\p03.ipynb,SUCCESS,Preprocessing berhasil
2026-03-04 11:21:15,D:\PUTRI\D4\SEMESTER 8 (4C)\skripsi\code\code_mhs\2341720147\m04\tp01.ipynb,SUCCESS,Preprocessing berhasil
2026-03-04 11:21:15,D:\PUTRI\D4\SEMESTER 8 (4C)\skripsi\code\code_mhs\2341720147\m05\p01.ipynb,SUCCESS,Preprocessing berhasil
2026-03-04 11:21:15,D:\PUTRI\D4\SEMESTER 8 (4C)\skripsi\code\code_mhs\2341720147\m05\p02.ipynb,SUCCESS,Preprocessing berhasil
2026-03-04 11:21:15,D:\PUTRI\D4\SEMESTER 8 (4C)\skripsi\code\code_mhs\2341720147\m05\tp01.ipynb,SUCCESS,Preprocessing berhasil
2026-03-04 11:21:15,D:\PUTRI\D4\SEMESTER 8 (4C)\skripsi\code\code_mhs\2341720147\m06\p01.ipynb,SUCCESS,Preprocessing berhasil
2026-03-04 11:21:15,D:\PUTRI\D4\SEMESTER 8 (4C)\skripsi\code\code_mhs\2341720147\m06\p02.ipynb,INVALID,File kosong
2026-03-04 11:21:15,D:\PUTRI\D4\SEMESTER 8 (4C)\skripsi\code\code_mhs\2341720147\m06\tp01.ipynb,FAILED,Identifier normalization gagal
2026-03-04 11:21:15,D:\PUTRI\D4\SEMESTER 8 (4C)\skripsi\code\code_mhs\2341720147\m07\p01.ipynb,SUCCESS,Preprocessing berhasil
2026-03-04 11:21:15,D:\PUTRI\D4\SEMESTER 8 (4C)\skripsi\code\code_mhs\2341720147\m07\p02.ipynb,SUCCESS,Preprocessing berhasil
2026-03-04 11:21:15,D:\PUTRI\D4\SEMESTER 8 (4C)\skripsi\code\code_mhs\2341720147\m07\p03.ipynb,SUCCESS,Preprocessing berhasil
2026-03-04 11:21:15,D:\PUTRI\D4\SEMESTER 8 (4C)\skripsi\code\code_mhs\2341720147\m07\p04.ipynb,SUCCESS,Preprocessing berhasil
2026-03-04 11:21:15,D:\PUTRI\D4\SEMESTER 8 (4C)\skripsi\code\code_mhs\2341720147\m07\p05.ipynb,SUCCESS,Preprocessing berhasil
2026-03-04 11:21:15,D:\PUTRI\D4\SEMESTER 8 (4C)\skripsi\code\code_mhs\2341720147\m07\p06.ipynb,SUCCESS,Preprocessing berhasil
2026-03-04 11:21:15,D:\PUTRI\D4\SEMESTER 8 (4C)\skripsi\code\code_mhs\2341720147\m07\tp01.ipynb,SUCCESS,Preprocessing berhasil
2026-03-04 11:21:15,D:\PUTRI\D4\SEMESTER 8 (4C)\skripsi\code\code_mhs\2341720147\m08\tp01.ipynb,FAILED,Identifier normalization gagal
2026-03-04 11:21:15,D:\PUTRI\D4\SEMESTER 8 (4C)\skripsi\code\code_mhs\2341720147\m09\p01.ipynb,SUCCESS,Preprocessing berhasil
2026-03-04 11:21:15,D:\PUTRI\D4\SEMESTER 8 (4C)\skripsi\code\code_mhs\2341720147\m09\p02.ipynb,SUCCESS,Preprocessing berhasil
2026-03-04 11:21:15,D:\PUTRI\D4\SEMESTER 8 (4C)\skripsi\code\code_mhs\2341720147\m09\p03.ipynb,SUCCESS,Preprocessing berhasil
2026-03-04 11:21:15,D:\PUTRI\D4\SEMESTER 8 (4C)\skripsi\code\code_mhs\2341720147\m09\tp01.ipynb,SUCCESS,Preprocessing berhasil
2026-03-04 11:21:15,D:\PUTRI\D4\SEMESTER 8 (4C)\skripsi\code\code_mhs\2341720147\m09\tp02.ipynb,SUCCESS,Preprocessing berhasil
2026-03-04 11:21:15,D:\PUTRI\D4\SEMESTER 8 (4C)\skripsi\code\code_mhs\2341720147\m11\p01.ipynb,FAILED,Identifier normalization gagal
2026-03-04 11:21:15,D:\PUTRI\D4\SEMESTER 8 (4C)\skripsi\code\code_mhs\2341720147\m11\p02.ipynb,SUCCESS,Preprocessing berhasil
2026-03-04 11:21:15,D:\PUTRI\D4\SEMESTER 8 (4C)\skripsi\code\code_mhs\2341720147\m11\p03.ipynb,SUCCESS,Preprocessing berhasil
2026-03-04 11:21:15,D:\PUTRI\D4\SEMESTER 8 (4C)\skripsi\code\code_mhs\2341720147\m11\p04.ipynb,SUCCESS,Preprocessing berhasil
2026-03-04 11:21:15,D:\PUTRI\D4\SEMESTER 8 (4C)\skripsi\code\code_mhs\2341720147\m11\p05.ipynb,SUCCESS,Preprocessing berhasil
2026-03-04 11:21:15,D:\PUTRI\D4\SEMESTER 8 (4C)\skripsi\code\code_mhs\2341720147\m11\tp01.ipynb,SUCCESS,Preprocessing berhasil
2026-03-04 11:21:15,D:\PUTRI\D4\SEMESTER 8 (4C)\skripsi\code\code_mhs\2341720147\m13\p01.ipynb,SUCCESS,Preprocessing berhasil
2026-03-04 11:21:15,D:\PUTRI\D4\SEMESTER 8 (4C)\skripsi\code\code_mhs\2341720147\m13\p02.ipynb,SUCCESS,Preprocessing berhasil
2026-03-04 11:21:15,D:\PUTRI\D4\SEMESTER 8 (4C)\skripsi\code\code_mhs\2341720147\m13\p03.ipynb,SUCCESS,Preprocessing berhasil
2026-03-04 11:21:15,D:\PUTRI\D4\SEMESTER 8 (4C)\skripsi\code\code_mhs\2341720147\m13\TUGAS_JS13.ipynb,SUCCESS,Preprocessing berhasil
2026-03-04 11:21:15,D:\PUTRI\D4\SEMESTER 8 (4C)\skripsi\code\code_mhs\2341720147\m14\p01.ipynb,SUCCESS,Preprocessing berhasil
2026-03-04 11:21:15,D:\PUTRI\D4\SEMESTER 8 (4C)\skripsi\code\code_mhs\2341720147\m14\p02.ipynb,SUCCESS,Preprocessing berhasil
2026-03-04 11:21:15,D:\PUTRI\D4\SEMESTER 8 (4C)\skripsi\code\code_mhs\2341720147\m14\tp01.ipynb,SUCCESS,Preprocessing berhasil
2026-03-04 11:21:15,D:\PUTRI\D4\SEMESTER 8 (4C)\skripsi\code\code_mhs\2341720147\m15\p01.ipynb,SUCCESS,Preprocessing berhasil
2026-03-04 11:21:16,D:\PUTRI\D4\SEMESTER 8 (4C)\skripsi\code\code_mhs\2341720147\pbl\pbl.ipynb,INVALID,SyntaxError baris 13: invalid syntax
2026-03-04 11:21:16,D:\PUTRI\D4\SEMESTER 8 (4C)\skripsi\code\code_mhs\2341720153\kuis\kuis.ipynb,SUCCESS,Preprocessing berhasil
2026-03-04 11:21:16,D:\PUTRI\D4\SEMESTER 8 (4C)\skripsi\code\code_mhs\2341720153\m02\p01.ipynb,SUCCESS,Preprocessing berhasil
2026-03-04 11:21:16,D:\PUTRI\D4\SEMESTER 8 (4C)\skripsi\code\code_mhs\2341720153\m02\p02.ipynb,SUCCESS,Preprocessing berhasil
2026-03-04 11:21:16,D:\PUTRI\D4\SEMESTER 8 (4C)\skripsi\code\code_mhs\2341720153\m02\p03.ipynb,SUCCESS,Preprocessing berhasil
2026-03-04 11:21:16,D:\PUTRI\D4\SEMESTER 8 (4C)\skripsi\code\code_mhs\2341720153\m02\p04.ipynb,SUCCESS,Preprocessing berhasil
2026-03-04 11:21:16,D:\PUTRI\D4\SEMESTER 8 (4C)\skripsi\code\code_mhs\2341720153\m02\tp01.ipynb,SUCCESS,Preprocessing berhasil
2026-03-04 11:21:16,D:\PUTRI\D4\SEMESTER 8 (4C)\skripsi\code\code_mhs\2341720153\m03\p01.ipynb,SUCCESS,Preprocessing berhasil
2026-03-04 11:21:16,D:\PUTRI\D4\SEMESTER 8 (4C)\skripsi\code\code_mhs\2341720153\m03\p02.ipynb,SUCCESS,Preprocessing berhasil
2026-03-04 11:21:16,D:\PUTRI\D4\SEMESTER 8 (4C)\skripsi\code\code_mhs\2341720153\m03\p03.ipynb,SUCCESS,Preprocessing berhasil
2026-03-04 11:21:16,D:\PUTRI\D4\SEMESTER 8 (4C)\skripsi\code\code_mhs\2341720153\m03\p04.ipynb,SUCCESS,Preprocessing berhasil
2026-03-04 11:21:16,D:\PUTRI\D4\SEMESTER 8 (4C)\skripsi\code\code_mhs\2341720153\m03\tp01.ipynb,SUCCESS,Preprocessing berhasil
2026-03-04 11:21:16,D:\PUTRI\D4\SEMESTER 8 (4C)\skripsi\code\code_mhs\2341720153\m04\p01.ipynb,SUCCESS,Preprocessing berhasil
2026-03-04 11:21:16,D:\PUTRI\D4\SEMESTER 8 (4C)\skripsi\code\code_mhs\2341720153\m04\p02.ipynb,SUCCESS,Preprocessing berhasil
2026-03-04 11:21:16,D:\PUTRI\D4\SEMESTER 8 (4C)\skripsi\code\code_mhs\2341720153\m04\p03.ipynb,SUCCESS,Preprocessing berhasil
2026-03-04 11:21:16,D:\PUTRI\D4\SEMESTER 8 (4C)\skripsi\code\code_mhs\2341720153\m04\tp01.ipynb,INVALID,SyntaxError baris 278: unmatched ')'
2026-03-04 11:21:16,D:\PUTRI\D4\SEMESTER 8 (4C)\skripsi\code\code_mhs\2341720153\m05\p01.ipynb,SUCCESS,Preprocessing berhasil
2026-03-04 11:21:16,D:\PUTRI\D4\SEMESTER 8 (4C)\skripsi\code\code_mhs\2341720153\m05\p02.ipynb,SUCCESS,Preprocessing berhasil
2026-03-04 11:21:16,D:\PUTRI\D4\SEMESTER 8 (4C)\skripsi\code\code_mhs\2341720153\m05\tp01.ipynb,FAILED,Identifier normalization gagal
2026-03-04 11:21:16,D:\PUTRI\D4\SEMESTER 8 (4C)\skripsi\code\code_mhs\2341720153\m06\p01.ipynb,SUCCESS,Preprocessing berhasil
2026-03-04 11:21:16,D:\PUTRI\D4\SEMESTER 8 (4C)\skripsi\code\code_mhs\2341720153\m06\p02.ipynb,SUCCESS,Preprocessing berhasil
2026-03-04 11:21:16,D:\PUTRI\D4\SEMESTER 8 (4C)\skripsi\code\code_mhs\2341720153\m06\p03.ipynb,SUCCESS,Preprocessing berhasil
2026-03-04 11:21:16,D:\PUTRI\D4\SEMESTER 8 (4C)\skripsi\code\code_mhs\2341720153\m06\p04.ipynb,SUCCESS,Preprocessing berhasil
2026-03-04 11:21:16,D:\PUTRI\D4\SEMESTER 8 (4C)\skripsi\code\code_mhs\2341720153\m06\p05.ipynb,SUCCESS,Preprocessing berhasil
2026-03-04 11:21:16,D:\PUTRI\D4\SEMESTER 8 (4C)\skripsi\code\code_mhs\2341720153\m06\p06.ipynb,SUCCESS,Preprocessing berhasil
2026-03-04 11:21:16,D:\PUTRI\D4\SEMESTER 8 (4C)\skripsi\code\code_mhs\2341720153\m06\tp01.ipynb,SUCCESS,Preprocessing berhasil
2026-03-04 11:21:16,D:\PUTRI\D4\SEMESTER 8 (4C)\skripsi\code\code_mhs\2341720153\m07\p01.ipynb,SUCCESS,Preprocessing berhasil
2026-03-04 11:21:16,D:\PUTRI\D4\SEMESTER 8 (4C)\skripsi\code\code_mhs\2341720153\m07\p02.ipynb,SUCCESS,Preprocessing berhasil
2026-03-04 11:21:16,D:\PUTRI\D4\SEMESTER 8 (4C)\skripsi\code\code_mhs\2341720153\m07\tp01.ipynb,SUCCESS,Preprocessing berhasil
2026-03-04 11:21:16,D:\PUTRI\D4\SEMESTER 8 (4C)\skripsi\code\code_mhs\2341720153\m08\tp01.ipynb,SUCCESS,Preprocessing berhasil
2026-03-04 11:21:16,D:\PUTRI\D4\SEMESTER 8 (4C)\skripsi\code\code_mhs\2341720153\m09\p01.ipynb,SUCCESS,Preprocessing berhasil
2026-03-04 11:21:17,D:\PUTRI\D4\SEMESTER 8 (4C)\skripsi\code\code_mhs\2341720153\m09\p02.ipynb,SUCCESS,Preprocessing berhasil
2026-03-04 11:21:17,D:\PUTRI\D4\SEMESTER 8 (4C)\skripsi\code\code_mhs\2341720153\m09\p03.ipynb,SUCCESS,Preprocessing berhasil
2026-03-04 11:21:17,D:\PUTRI\D4\SEMESTER 8 (4C)\skripsi\code\code_mhs\2341720153\m09\tp01.ipynb,FAILED,Identifier normalization gagal
2026-03-04 11:21:17,D:\PUTRI\D4\SEMESTER 8 (4C)\skripsi\code\code_mhs\2341720153\m09\tp02.ipynb,SUCCESS,Preprocessing berhasil
2026-03-04 11:21:17,D:\PUTRI\D4\SEMESTER 8 (4C)\skripsi\code\code_mhs\2341720153\m11\p01.ipynb,FAILED,Identifier normalization gagal
2026-03-04 11:21:17,D:\PUTRI\D4\SEMESTER 8 (4C)\skripsi\code\code_mhs\2341720153\m11\p02.ipynb,SUCCESS,Preprocessing berhasil
2026-03-04 11:21:17,D:\PUTRI\D4\SEMESTER 8 (4C)\skripsi\code\code_mhs\2341720153\m11\p03.ipynb,SUCCESS,Preprocessing berhasil
2026-03-04 11:21:17,D:\PUTRI\D4\SEMESTER 8 (4C)\skripsi\code\code_mhs\2341720153\m11\p04.ipynb,SUCCESS,Preprocessing berhasil
2026-03-04 11:21:17,D:\PUTRI\D4\SEMESTER 8 (4C)\skripsi\code\code_mhs\2341720153\m11\p05.ipynb,SUCCESS,Preprocessing berhasil
2026-03-04 11:21:17,D:\PUTRI\D4\SEMESTER 8 (4C)\skripsi\code\code_mhs\2341720153\m11\tp01.ipynb,SUCCESS,Preprocessing berhasil
2026-03-04 11:21:17,D:\PUTRI\D4\SEMESTER 8 (4C)\skripsi\code\code_mhs\2341720153\m13\p01.ipynb,SUCCESS,Preprocessing berhasil
2026-03-04 11:21:17,D:\PUTRI\D4\SEMESTER 8 (4C)\skripsi\code\code_mhs\2341720153\m13\p02.ipynb,SUCCESS,Preprocessing berhasil
2026-03-04 11:21:17,D:\PUTRI\D4\SEMESTER 8 (4C)\skripsi\code\code_mhs\2341720153\m13\p03.ipynb,SUCCESS,Preprocessing berhasil
2026-03-04 11:21:17,D:\PUTRI\D4\SEMESTER 8 (4C)\skripsi\code\code_mhs\2341720153\m13\tp01.ipynb,SUCCESS,Preprocessing berhasil
2026-03-04 11:21:17,D:\PUTRI\D4\SEMESTER 8 (4C)\skripsi\code\code_mhs\2341720153\m14\p01.ipynb,SUCCESS,Preprocessing berhasil
2026-03-04 11:21:17,D:\PUTRI\D4\SEMESTER 8 (4C)\skripsi\code\code_mhs\2341720153\m14\p02.ipynb,SUCCESS,Preprocessing berhasil
2026-03-04 11:21:17,D:\PUTRI\D4\SEMESTER 8 (4C)\skripsi\code\code_mhs\2341720153\m14\tp01.ipynb,SUCCESS,Preprocessing berhasil
2026-03-04 11:21:17,D:\PUTRI\D4\SEMESTER 8 (4C)\skripsi\code\code_mhs\2341720153\m15\p01.ipynb,SUCCESS,Preprocessing berhasil
2026-03-04 11:21:17,D:\PUTRI\D4\SEMESTER 8 (4C)\skripsi\code\code_mhs\2341720153\m15\p02.ipynb,FAILED,Identifier normalization gagal
2026-03-04 11:21:17,D:\PUTRI\D4\SEMESTER 8 (4C)\skripsi\code\code_mhs\2341720153\unclassified\TG1_2341720153_Aqsa_Herry_Prastyo.ipynb,INVALID,File kosong
2026-03-04 11:21:17,D:\PUTRI\D4\SEMESTER 8 (4C)\skripsi\code\code_mhs\2341720153\unclassified\TG2_2341720153_AqsaHerryPrastyo.ipynb,SUCCESS,Preprocessing berhasil
2026-03-04 11:21:17,D:\PUTRI\D4\SEMESTER 8 (4C)\skripsi\code\code_mhs\2341720153\unclassified\TG3_2341720153_AqsaHerryPrastyo.ipynb,SUCCESS,Preprocessing berhasil
2026-03-04 11:21:17,D:\PUTRI\D4\SEMESTER 8 (4C)\skripsi\code\code_mhs\2341720157\m02\p01.ipynb,SUCCESS,Preprocessing berhasil
2026-03-04 11:21:17,D:\PUTRI\D4\SEMESTER 8 (4C)\skripsi\code\code_mhs\2341720157\m02\p02.ipynb,SUCCESS,Preprocessing berhasil
2026-03-04 11:21:17,D:\PUTRI\D4\SEMESTER 8 (4C)\skripsi\code\code_mhs\2341720157\m02\p03.ipynb,SUCCESS,Preprocessing berhasil
2026-03-04 11:21:17,D:\PUTRI\D4\SEMESTER 8 (4C)\skripsi\code\code_mhs\2341720157\m02\p04.ipynb,SUCCESS,Preprocessing berhasil
2026-03-04 11:21:17,D:\PUTRI\D4\SEMESTER 8 (4C)\skripsi\code\code_mhs\2341720157\m02\tp01.ipynb,SUCCESS,Preprocessing berhasil
2026-03-04 11:21:18,D:\PUTRI\D4\SEMESTER 8 (4C)\skripsi\code\code_mhs\2341720157\m03\p01.ipynb,SUCCESS,Preprocessing berhasil
2026-03-04 11:21:18,D:\PUTRI\D4\SEMESTER 8 (4C)\skripsi\code\code_mhs\2341720157\m03\p02.ipynb,SUCCESS,Preprocessing berhasil
2026-03-04 11:21:18,D:\PUTRI\D4\SEMESTER 8 (4C)\skripsi\code\code_mhs\2341720157\m03\p03.ipynb,SUCCESS,Preprocessing berhasil
2026-03-04 11:21:18,D:\PUTRI\D4\SEMESTER 8 (4C)\skripsi\code\code_mhs\2341720157\m03\p04.ipynb,SUCCESS,Preprocessing berhasil
2026-03-04 11:21:18,D:\PUTRI\D4\SEMESTER 8 (4C)\skripsi\code\code_mhs\2341720157\m03\tp01.ipynb,SUCCESS,Preprocessing berhasil
2026-03-04 11:21:18,D:\PUTRI\D4\SEMESTER 8 (4C)\skripsi\code\code_mhs\2341720157\m04\p01.ipynb,SUCCESS,Preprocessing berhasil
2026-03-04 11:21:18,D:\PUTRI\D4\SEMESTER 8 (4C)\skripsi\code\code_mhs\2341720157\m04\p02.ipynb,SUCCESS,Preprocessing berhasil
2026-03-04 11:21:18,D:\PUTRI\D4\SEMESTER 8 (4C)\skripsi\code\code_mhs\2341720157\m04\p03.ipynb,SUCCESS,Preprocessing berhasil
2026-03-04 11:21:18,D:\PUTRI\D4\SEMESTER 8 (4C)\skripsi\code\code_mhs\2341720157\m04\tp01.ipynb,SUCCESS,Preprocessing berhasil
2026-03-04 11:21:18,D:\PUTRI\D4\SEMESTER 8 (4C)\skripsi\code\code_mhs\2341720157\m05\p01.ipynb,SUCCESS,Preprocessing berhasil
2026-03-04 11:21:18,D:\PUTRI\D4\SEMESTER 8 (4C)\skripsi\code\code_mhs\2341720157\m05\p02.ipynb,SUCCESS,Preprocessing berhasil
2026-03-04 11:21:18,D:\PUTRI\D4\SEMESTER 8 (4C)\skripsi\code\code_mhs\2341720157\m05\tp01.ipynb,SUCCESS,Preprocessing berhasil
2026-03-04 11:21:18,D:\PUTRI\D4\SEMESTER 8 (4C)\skripsi\code\code_mhs\2341720157\m06\p01.ipynb,SUCCESS,Preprocessing berhasil
2026-03-04 11:21:18,D:\PUTRI\D4\SEMESTER 8 (4C)\skripsi\code\code_mhs\2341720157\m06\p02.ipynb,SUCCESS,Preprocessing berhasil
2026-03-04 11:21:18,D:\PUTRI\D4\SEMESTER 8 (4C)\skripsi\code\code_mhs\2341720157\m06\tp01.ipynb,SUCCESS,Preprocessing berhasil
2026-03-04 11:21:18,D:\PUTRI\D4\SEMESTER 8 (4C)\skripsi\code\code_mhs\2341720157\m07\p01.ipynb,SUCCESS,Preprocessing berhasil
2026-03-04 11:21:18,D:\PUTRI\D4\SEMESTER 8 (4C)\skripsi\code\code_mhs\2341720157\m07\p02.ipynb,SUCCESS,Preprocessing berhasil
2026-03-04 11:21:18,D:\PUTRI\D4\SEMESTER 8 (4C)\skripsi\code\code_mhs\2341720157\m07\p03.ipynb,SUCCESS,Preprocessing berhasil
2026-03-04 11:21:18,D:\PUTRI\D4\SEMESTER 8 (4C)\skripsi\code\code_mhs\2341720157\m07\p04.ipynb,SUCCESS,Preprocessing berhasil
2026-03-04 11:21:18,D:\PUTRI\D4\SEMESTER 8 (4C)\skripsi\code\code_mhs\2341720157\m07\p05.ipynb,SUCCESS,Preprocessing berhasil
2026-03-04 11:21:18,D:\PUTRI\D4\SEMESTER 8 (4C)\skripsi\code\code_mhs\2341720157\m07\p06.ipynb,SUCCESS,Preprocessing berhasil
2026-03-04 11:21:19,D:\PUTRI\D4\SEMESTER 8 (4C)\skripsi\code\code_mhs\2341720157\m07\tp01.ipynb,SUCCESS,Preprocessing berhasil
2026-03-04 11:21:19,D:\PUTRI\D4\SEMESTER 8 (4C)\skripsi\code\code_mhs\2341720157\m08\tp01.ipynb,SUCCESS,Preprocessing berhasil
2026-03-04 11:21:19,D:\PUTRI\D4\SEMESTER 8 (4C)\skripsi\code\code_mhs\2341720157\m09\p01.ipynb,SUCCESS,Preprocessing berhasil
2026-03-04 11:21:19,D:\PUTRI\D4\SEMESTER 8 (4C)\skripsi\code\code_mhs\2341720157\m09\p02.ipynb,SUCCESS,Preprocessing berhasil
2026-03-04 11:21:19,D:\PUTRI\D4\SEMESTER 8 (4C)\skripsi\code\code_mhs\2341720157\m09\p03.ipynb,SUCCESS,Preprocessing berhasil
2026-03-04 11:21:19,D:\PUTRI\D4\SEMESTER 8 (4C)\skripsi\code\code_mhs\2341720157\m09\tp01.ipynb,SUCCESS,Preprocessing berhasil
2026-03-04 11:21:19,D:\PUTRI\D4\SEMESTER 8 (4C)\skripsi\code\code_mhs\2341720157\m09\tp02.ipynb,SUCCESS,Preprocessing berhasil
2026-03-04 11:21:19,D:\PUTRI\D4\SEMESTER 8 (4C)\skripsi\code\code_mhs\2341720157\m11\p01.ipynb,FAILED,Identifier normalization gagal
2026-03-04 11:21:19,D:\PUTRI\D4\SEMESTER 8 (4C)\skripsi\code\code_mhs\2341720157\m11\p02.ipynb,SUCCESS,Preprocessing berhasil
2026-03-04 11:21:19,D:\PUTRI\D4\SEMESTER 8 (4C)\skripsi\code\code_mhs\2341720157\m11\p03.ipynb,SUCCESS,Preprocessing berhasil
2026-03-04 11:21:19,D:\PUTRI\D4\SEMESTER 8 (4C)\skripsi\code\code_mhs\2341720157\m11\p04.ipynb,SUCCESS,Preprocessing berhasil
2026-03-04 11:21:19,D:\PUTRI\D4\SEMESTER 8 (4C)\skripsi\code\code_mhs\2341720157\m11\p05.ipynb,SUCCESS,Preprocessing berhasil
2026-03-04 11:21:19,D:\PUTRI\D4\SEMESTER 8 (4C)\skripsi\code\code_mhs\2341720157\m11\tp01.ipynb,FAILED,Identifier normalization gagal
2026-03-04 11:21:19,D:\PUTRI\D4\SEMESTER 8 (4C)\skripsi\code\code_mhs\2341720157\m13\p01.ipynb,SUCCESS,Preprocessing berhasil
2026-03-04 11:21:19,D:\PUTRI\D4\SEMESTER 8 (4C)\skripsi\code\code_mhs\2341720157\m13\p02.ipynb,SUCCESS,Preprocessing berhasil
2026-03-04 11:21:19,D:\PUTRI\D4\SEMESTER 8 (4C)\skripsi\code\code_mhs\2341720157\m13\p03.ipynb,SUCCESS,Preprocessing berhasil
2026-03-04 11:21:19,D:\PUTRI\D4\SEMESTER 8 (4C)\skripsi\code\code_mhs\2341720157\m13\tp01.ipynb,SUCCESS,Preprocessing berhasil
2026-03-04 11:21:19,D:\PUTRI\D4\SEMESTER 8 (4C)\skripsi\code\code_mhs\2341720157\m14\p01.ipynb,SUCCESS,Preprocessing berhasil
2026-03-04 11:21:19,D:\PUTRI\D4\SEMESTER 8 (4C)\skripsi\code\code_mhs\2341720157\m14\p02.ipynb,SUCCESS,Preprocessing berhasil
2026-03-04 11:21:19,D:\PUTRI\D4\SEMESTER 8 (4C)\skripsi\code\code_mhs\2341720157\m14\tp01.ipynb,SUCCESS,Preprocessing berhasil
2026-03-04 11:21:19,D:\PUTRI\D4\SEMESTER 8 (4C)\skripsi\code\code_mhs\2341720157\m15\p01.ipynb,SUCCESS,Preprocessing berhasil
2026-03-04 11:21:19,D:\PUTRI\D4\SEMESTER 8 (4C)\skripsi\code\code_mhs\2341720157\m15\p02.ipynb,INVALID,File kosong
2026-03-04 11:21:19,D:\PUTRI\D4\SEMESTER 8 (4C)\skripsi\code\code_mhs\2341720157\m15\tp01.ipynb,INVALID,File kosong
2026-03-04 11:21:20,D:\PUTRI\D4\SEMESTER 8 (4C)\skripsi\code\code_mhs\2341720157\pbl\pbl.ipynb,FAILED,Identifier normalization gagal
2026-03-04 11:21:20,D:\PUTRI\D4\SEMESTER 8 (4C)\skripsi\code\code_mhs\2341720157\unclassified\DEMO-PRAK-1.ipynb,INVALID,File kosong
2026-03-04 11:21:20,D:\PUTRI\D4\SEMESTER 8 (4C)\skripsi\code\code_mhs\2341720157\unclassified\TG1_Hidayat Widi Saputra_2341720157.ipynb,FAILED,Cleaning gagal
2026-03-04 11:21:20,D:\PUTRI\D4\SEMESTER 8 (4C)\skripsi\code\code_mhs\2341720157\unclassified\Tugas_Jurnal_Hidayat_Widi_Saputra.ipynb,SUCCESS,Preprocessing berhasil
2026-03-04 11:21:20,D:\PUTRI\D4\SEMESTER 8 (4C)\skripsi\code\code_mhs\2341720158\m01\p01.ipynb,INVALID,File kosong
2026-03-04 11:21:20,D:\PUTRI\D4\SEMESTER 8 (4C)\skripsi\code\code_mhs\2341720158\m02\p01.ipynb,SUCCESS,Preprocessing berhasil
2026-03-04 11:21:20,D:\PUTRI\D4\SEMESTER 8 (4C)\skripsi\code\code_mhs\2341720158\m02\p02.ipynb,SUCCESS,Preprocessing berhasil
2026-03-04 11:21:20,D:\PUTRI\D4\SEMESTER 8 (4C)\skripsi\code\code_mhs\2341720158\m02\p03.ipynb,SUCCESS,Preprocessing berhasil
2026-03-04 11:21:20,D:\PUTRI\D4\SEMESTER 8 (4C)\skripsi\code\code_mhs\2341720158\m02\p04.ipynb,SUCCESS,Preprocessing berhasil
2026-03-04 11:21:20,D:\PUTRI\D4\SEMESTER 8 (4C)\skripsi\code\code_mhs\2341720158\m02\tp01.ipynb,SUCCESS,Preprocessing berhasil
2026-03-04 11:21:20,D:\PUTRI\D4\SEMESTER 8 (4C)\skripsi\code\code_mhs\2341720158\m03\p01.ipynb,SUCCESS,Preprocessing berhasil
2026-03-04 11:21:20,D:\PUTRI\D4\SEMESTER 8 (4C)\skripsi\code\code_mhs\2341720158\m03\p02.ipynb,SUCCESS,Preprocessing berhasil
2026-03-04 11:21:20,D:\PUTRI\D4\SEMESTER 8 (4C)\skripsi\code\code_mhs\2341720158\m03\p03.ipynb,SUCCESS,Preprocessing berhasil
2026-03-04 11:21:20,D:\PUTRI\D4\SEMESTER 8 (4C)\skripsi\code\code_mhs\2341720158\m03\p04.ipynb,SUCCESS,Preprocessing berhasil
2026-03-04 11:21:21,D:\PUTRI\D4\SEMESTER 8 (4C)\skripsi\code\code_mhs\2341720158\m03\tp01.ipynb,SUCCESS,Preprocessing berhasil
2026-03-04 11:21:21,D:\PUTRI\D4\SEMESTER 8 (4C)\skripsi\code\code_mhs\2341720158\m04\p01.ipynb,SUCCESS,Preprocessing berhasil
2026-03-04 11:21:21,D:\PUTRI\D4\SEMESTER 8 (4C)\skripsi\code\code_mhs\2341720158\m04\p02.ipynb,SUCCESS,Preprocessing berhasil
2026-03-04 11:21:21,D:\PUTRI\D4\SEMESTER 8 (4C)\skripsi\code\code_mhs\2341720158\m04\p03.ipynb,SUCCESS,Preprocessing berhasil
2026-03-04 11:21:21,D:\PUTRI\D4\SEMESTER 8 (4C)\skripsi\code\code_mhs\2341720158\m04\tp01.ipynb,SUCCESS,Preprocessing berhasil
2026-03-04 11:21:21,D:\PUTRI\D4\SEMESTER 8 (4C)\skripsi\code\code_mhs\2341720158\m05\p01.ipynb,SUCCESS,Preprocessing berhasil
2026-03-04 11:21:21,D:\PUTRI\D4\SEMESTER 8 (4C)\skripsi\code\code_mhs\2341720158\m05\p02.ipynb,SUCCESS,Preprocessing berhasil
2026-03-04 11:21:21,D:\PUTRI\D4\SEMESTER 8 (4C)\skripsi\code\code_mhs\2341720158\m05\tp01.ipynb,SUCCESS,Preprocessing berhasil
2026-03-04 11:21:21,D:\PUTRI\D4\SEMESTER 8 (4C)\skripsi\code\code_mhs\2341720158\m06\p01.ipynb,SUCCESS,Preprocessing berhasil
2026-03-04 11:21:21,D:\PUTRI\D4\SEMESTER 8 (4C)\skripsi\code\code_mhs\2341720158\m06\p02.ipynb,SUCCESS,Preprocessing berhasil
2026-03-04 11:21:21,D:\PUTRI\D4\SEMESTER 8 (4C)\skripsi\code\code_mhs\2341720158\m06\tp01.ipynb,SUCCESS,Preprocessing berhasil
2026-03-04 11:21:21,D:\PUTRI\D4\SEMESTER 8 (4C)\skripsi\code\code_mhs\2341720158\m07\p01.ipynb,SUCCESS,Preprocessing berhasil
2026-03-04 11:21:21,D:\PUTRI\D4\SEMESTER 8 (4C)\skripsi\code\code_mhs\2341720158\m07\p02.ipynb,SUCCESS,Preprocessing berhasil
2026-03-04 11:21:21,D:\PUTRI\D4\SEMESTER 8 (4C)\skripsi\code\code_mhs\2341720158\m07\p03.ipynb,SUCCESS,Preprocessing berhasil
2026-03-04 11:21:21,D:\PUTRI\D4\SEMESTER 8 (4C)\skripsi\code\code_mhs\2341720158\m07\p04.ipynb,SUCCESS,Preprocessing berhasil
2026-03-04 11:21:21,D:\PUTRI\D4\SEMESTER 8 (4C)\skripsi\code\code_mhs\2341720158\m07\p05.ipynb,SUCCESS,Preprocessing berhasil
2026-03-04 11:21:21,D:\PUTRI\D4\SEMESTER 8 (4C)\skripsi\code\code_mhs\2341720158\m07\p06.ipynb,SUCCESS,Preprocessing berhasil
2026-03-04 11:21:21,D:\PUTRI\D4\SEMESTER 8 (4C)\skripsi\code\code_mhs\2341720158\m07\tp01.ipynb,SUCCESS,Preprocessing berhasil
2026-03-04 11:21:21,D:\PUTRI\D4\SEMESTER 8 (4C)\skripsi\code\code_mhs\2341720158\m08\tp01.ipynb,SUCCESS,Preprocessing berhasil
2026-03-04 11:21:21,D:\PUTRI\D4\SEMESTER 8 (4C)\skripsi\code\code_mhs\2341720158\m09\p01.ipynb,SUCCESS,Preprocessing berhasil
2026-03-04 11:21:21,D:\PUTRI\D4\SEMESTER 8 (4C)\skripsi\code\code_mhs\2341720158\m09\p02.ipynb,SUCCESS,Preprocessing berhasil
2026-03-04 11:21:21,D:\PUTRI\D4\SEMESTER 8 (4C)\skripsi\code\code_mhs\2341720158\m09\p03.ipynb,SUCCESS,Preprocessing berhasil
2026-03-04 11:21:21,D:\PUTRI\D4\SEMESTER 8 (4C)\skripsi\code\code_mhs\2341720158\m09\tp01.ipynb,SUCCESS,Preprocessing berhasil
2026-03-04 11:21:21,D:\PUTRI\D4\SEMESTER 8 (4C)\skripsi\code\code_mhs\2341720158\m09\tp02.ipynb,FAILED,Identifier normalization gagal
2026-03-04 11:21:21,D:\PUTRI\D4\SEMESTER 8 (4C)\skripsi\code\code_mhs\2341720158\m11\p01.ipynb,FAILED,Identifier normalization gagal
2026-03-04 11:21:21,D:\PUTRI\D4\SEMESTER 8 (4C)\skripsi\code\code_mhs\2341720158\m11\p02.ipynb,SUCCESS,Preprocessing berhasil
2026-03-04 11:21:21,D:\PUTRI\D4\SEMESTER 8 (4C)\skripsi\code\code_mhs\2341720158\m11\p03.ipynb,SUCCESS,Preprocessing berhasil
2026-03-04 11:21:21,D:\PUTRI\D4\SEMESTER 8 (4C)\skripsi\code\code_mhs\2341720158\m11\p04.ipynb,SUCCESS,Preprocessing berhasil
2026-03-04 11:21:21,D:\PUTRI\D4\SEMESTER 8 (4C)\skripsi\code\code_mhs\2341720158\m11\p05.ipynb,SUCCESS,Preprocessing berhasil
2026-03-04 11:21:21,D:\PUTRI\D4\SEMESTER 8 (4C)\skripsi\code\code_mhs\2341720158\m11\tp01.ipynb,SUCCESS,Preprocessing berhasil
2026-03-04 11:21:21,D:\PUTRI\D4\SEMESTER 8 (4C)\skripsi\code\code_mhs\2341720158\m13\p01.ipynb,SUCCESS,Preprocessing berhasil
2026-03-04 11:21:22,D:\PUTRI\D4\SEMESTER 8 (4C)\skripsi\code\code_mhs\2341720158\m13\p02.ipynb,FAILED,Identifier normalization gagal
2026-03-04 11:21:22,D:\PUTRI\D4\SEMESTER 8 (4C)\skripsi\code\code_mhs\2341720158\m13\p03.ipynb,SUCCESS,Preprocessing berhasil
2026-03-04 11:21:22,D:\PUTRI\D4\SEMESTER 8 (4C)\skripsi\code\code_mhs\2341720158\m13\tp01.ipynb,SUCCESS,Preprocessing berhasil
2026-03-04 11:21:22,D:\PUTRI\D4\SEMESTER 8 (4C)\skripsi\code\code_mhs\2341720158\m14\p01.ipynb,SUCCESS,Preprocessing berhasil
2026-03-04 11:21:22,D:\PUTRI\D4\SEMESTER 8 (4C)\skripsi\code\code_mhs\2341720158\m14\p02.ipynb,SUCCESS,Preprocessing berhasil
2026-03-04 11:21:22,D:\PUTRI\D4\SEMESTER 8 (4C)\skripsi\code\code_mhs\2341720158\m14\tp01.ipynb,SUCCESS,Preprocessing berhasil
2026-03-04 11:21:22,D:\PUTRI\D4\SEMESTER 8 (4C)\skripsi\code\code_mhs\2341720158\m15\p01.ipynb,SUCCESS,Preprocessing berhasil
2026-03-04 11:21:22,D:\PUTRI\D4\SEMESTER 8 (4C)\skripsi\code\code_mhs\2341720160\m01\tp01.ipynb,INVALID,File kosong
2026-03-04 11:21:22,D:\PUTRI\D4\SEMESTER 8 (4C)\skripsi\code\code_mhs\2341720160\m02\p01.ipynb,SUCCESS,Preprocessing berhasil
2026-03-04 11:21:22,D:\PUTRI\D4\SEMESTER 8 (4C)\skripsi\code\code_mhs\2341720160\m02\p02.ipynb,SUCCESS,Preprocessing berhasil
2026-03-04 11:21:22,D:\PUTRI\D4\SEMESTER 8 (4C)\skripsi\code\code_mhs\2341720160\m02\p03.ipynb,SUCCESS,Preprocessing berhasil
2026-03-04 11:21:22,D:\PUTRI\D4\SEMESTER 8 (4C)\skripsi\code\code_mhs\2341720160\m02\p04.ipynb,SUCCESS,Preprocessing berhasil
2026-03-04 11:21:22,D:\PUTRI\D4\SEMESTER 8 (4C)\skripsi\code\code_mhs\2341720160\m02\tp01.ipynb,SUCCESS,Preprocessing berhasil
2026-03-04 11:21:22,D:\PUTRI\D4\SEMESTER 8 (4C)\skripsi\code\code_mhs\2341720160\m03\p01.ipynb,SUCCESS,Preprocessing berhasil
2026-03-04 11:21:22,D:\PUTRI\D4\SEMESTER 8 (4C)\skripsi\code\code_mhs\2341720160\m03\p02.ipynb,SUCCESS,Preprocessing berhasil
2026-03-04 11:21:22,D:\PUTRI\D4\SEMESTER 8 (4C)\skripsi\code\code_mhs\2341720160\m03\p03.ipynb,SUCCESS,Preprocessing berhasil
2026-03-04 11:21:22,D:\PUTRI\D4\SEMESTER 8 (4C)\skripsi\code\code_mhs\2341720160\m03\p04.ipynb,SUCCESS,Preprocessing berhasil
2026-03-04 11:21:22,D:\PUTRI\D4\SEMESTER 8 (4C)\skripsi\code\code_mhs\2341720160\m03\tp01.ipynb,SUCCESS,Preprocessing berhasil
2026-03-04 11:21:22,D:\PUTRI\D4\SEMESTER 8 (4C)\skripsi\code\code_mhs\2341720160\m04\p01.ipynb,SUCCESS,Preprocessing berhasil
2026-03-04 11:21:22,D:\PUTRI\D4\SEMESTER 8 (4C)\skripsi\code\code_mhs\2341720160\m04\p02.ipynb,SUCCESS,Preprocessing berhasil
2026-03-04 11:21:22,D:\PUTRI\D4\SEMESTER 8 (4C)\skripsi\code\code_mhs\2341720160\m04\p03.ipynb,SUCCESS,Preprocessing berhasil
2026-03-04 11:21:22,D:\PUTRI\D4\SEMESTER 8 (4C)\skripsi\code\code_mhs\2341720160\m04\tp01.ipynb,SUCCESS,Preprocessing berhasil
2026-03-04 11:21:22,D:\PUTRI\D4\SEMESTER 8 (4C)\skripsi\code\code_mhs\2341720160\m05\p01.ipynb,SUCCESS,Preprocessing berhasil
2026-03-04 11:21:22,D:\PUTRI\D4\SEMESTER 8 (4C)\skripsi\code\code_mhs\2341720160\m05\p02.ipynb,SUCCESS,Preprocessing berhasil
2026-03-04 11:21:23,D:\PUTRI\D4\SEMESTER 8 (4C)\skripsi\code\code_mhs\2341720160\m05\tp01.ipynb,SUCCESS,Preprocessing berhasil
2026-03-04 11:21:23,D:\PUTRI\D4\SEMESTER 8 (4C)\skripsi\code\code_mhs\2341720160\m06\p01.ipynb,SUCCESS,Preprocessing berhasil
2026-03-04 11:21:23,D:\PUTRI\D4\SEMESTER 8 (4C)\skripsi\code\code_mhs\2341720160\m06\p02.ipynb,SUCCESS,Preprocessing berhasil
2026-03-04 11:21:23,D:\PUTRI\D4\SEMESTER 8 (4C)\skripsi\code\code_mhs\2341720160\m06\tp01.ipynb,SUCCESS,Preprocessing berhasil
2026-03-04 11:21:23,D:\PUTRI\D4\SEMESTER 8 (4C)\skripsi\code\code_mhs\2341720160\m07\p01.ipynb,SUCCESS,Preprocessing berhasil
2026-03-04 11:21:23,D:\PUTRI\D4\SEMESTER 8 (4C)\skripsi\code\code_mhs\2341720160\m07\p02.ipynb,SUCCESS,Preprocessing berhasil
2026-03-04 11:21:23,D:\PUTRI\D4\SEMESTER 8 (4C)\skripsi\code\code_mhs\2341720160\m07\p03.ipynb,SUCCESS,Preprocessing berhasil
2026-03-04 11:21:23,D:\PUTRI\D4\SEMESTER 8 (4C)\skripsi\code\code_mhs\2341720160\m07\p04.ipynb,SUCCESS,Preprocessing berhasil
2026-03-04 11:21:23,D:\PUTRI\D4\SEMESTER 8 (4C)\skripsi\code\code_mhs\2341720160\m07\p05.ipynb,SUCCESS,Preprocessing berhasil
2026-03-04 11:21:23,D:\PUTRI\D4\SEMESTER 8 (4C)\skripsi\code\code_mhs\2341720160\m07\p06.ipynb,SUCCESS,Preprocessing berhasil
2026-03-04 11:21:23,D:\PUTRI\D4\SEMESTER 8 (4C)\skripsi\code\code_mhs\2341720160\m07\tp01.ipynb,SUCCESS,Preprocessing berhasil
2026-03-04 11:21:23,D:\PUTRI\D4\SEMESTER 8 (4C)\skripsi\code\code_mhs\2341720160\m08\tp01.ipynb,SUCCESS,Preprocessing berhasil
2026-03-04 11:21:23,D:\PUTRI\D4\SEMESTER 8 (4C)\skripsi\code\code_mhs\2341720160\m09\p01.ipynb,SUCCESS,Preprocessing berhasil
2026-03-04 11:21:23,D:\PUTRI\D4\SEMESTER 8 (4C)\skripsi\code\code_mhs\2341720160\m09\p02.ipynb,SUCCESS,Preprocessing berhasil
2026-03-04 11:21:23,D:\PUTRI\D4\SEMESTER 8 (4C)\skripsi\code\code_mhs\2341720160\m09\p03.ipynb,SUCCESS,Preprocessing berhasil
2026-03-04 11:21:23,D:\PUTRI\D4\SEMESTER 8 (4C)\skripsi\code\code_mhs\2341720160\m09\tp01.ipynb,SUCCESS,Preprocessing berhasil
2026-03-04 11:21:23,D:\PUTRI\D4\SEMESTER 8 (4C)\skripsi\code\code_mhs\2341720160\m09\tp02.ipynb,SUCCESS,Preprocessing berhasil
2026-03-04 11:21:23,D:\PUTRI\D4\SEMESTER 8 (4C)\skripsi\code\code_mhs\2341720160\m11\p01.ipynb,FAILED,Identifier normalization gagal
2026-03-04 11:21:23,D:\PUTRI\D4\SEMESTER 8 (4C)\skripsi\code\code_mhs\2341720160\m11\p02.ipynb,SUCCESS,Preprocessing berhasil
2026-03-04 11:21:23,D:\PUTRI\D4\SEMESTER 8 (4C)\skripsi\code\code_mhs\2341720160\m11\p03.ipynb,SUCCESS,Preprocessing berhasil
2026-03-04 11:21:23,D:\PUTRI\D4\SEMESTER 8 (4C)\skripsi\code\code_mhs\2341720160\m11\p04.ipynb,SUCCESS,Preprocessing berhasil
2026-03-04 11:21:23,D:\PUTRI\D4\SEMESTER 8 (4C)\skripsi\code\code_mhs\2341720160\m11\p05.ipynb,SUCCESS,Preprocessing berhasil
2026-03-04 11:21:24,D:\PUTRI\D4\SEMESTER 8 (4C)\skripsi\code\code_mhs\2341720160\m11\tp01.ipynb,SUCCESS,Preprocessing berhasil
2026-03-04 11:21:24,D:\PUTRI\D4\SEMESTER 8 (4C)\skripsi\code\code_mhs\2341720160\m13\p01.ipynb,SUCCESS,Preprocessing berhasil
2026-03-04 11:21:24,D:\PUTRI\D4\SEMESTER 8 (4C)\skripsi\code\code_mhs\2341720160\m13\p02.ipynb,SUCCESS,Preprocessing berhasil
2026-03-04 11:21:24,D:\PUTRI\D4\SEMESTER 8 (4C)\skripsi\code\code_mhs\2341720160\m13\p03.ipynb,SUCCESS,Preprocessing berhasil
2026-03-04 11:21:24,D:\PUTRI\D4\SEMESTER 8 (4C)\skripsi\code\code_mhs\2341720160\m13\tp01.ipynb,SUCCESS,Preprocessing berhasil
2026-03-04 11:21:24,D:\PUTRI\D4\SEMESTER 8 (4C)\skripsi\code\code_mhs\2341720160\m14\p01.ipynb,SUCCESS,Preprocessing berhasil
2026-03-04 11:21:24,D:\PUTRI\D4\SEMESTER 8 (4C)\skripsi\code\code_mhs\2341720160\m14\p02.ipynb,SUCCESS,Preprocessing berhasil
2026-03-04 11:21:24,D:\PUTRI\D4\SEMESTER 8 (4C)\skripsi\code\code_mhs\2341720160\m14\tp01.ipynb,SUCCESS,Preprocessing berhasil
2026-03-04 11:21:24,D:\PUTRI\D4\SEMESTER 8 (4C)\skripsi\code\code_mhs\2341720160\m15\app.py,SUCCESS,Preprocessing berhasil
2026-03-04 11:21:24,D:\PUTRI\D4\SEMESTER 8 (4C)\skripsi\code\code_mhs\2341720160\unclassified\DEMO-PRAK-1.ipynb,INVALID,File kosong
2026-03-04 11:21:24,D:\PUTRI\D4\SEMESTER 8 (4C)\skripsi\code\code_mhs\2341720160\unclassified\Tugas_DBSCAN_Maulana Rengga Ramadan.ipynb,SUCCESS,Preprocessing berhasil
2026-03-04 11:21:24,D:\PUTRI\D4\SEMESTER 8 (4C)\skripsi\code\code_mhs\2341720160\unclassified\Tugas_Pendahuluan.ipynb,SUCCESS,Preprocessing berhasil
2026-03-04 11:21:24,D:\PUTRI\D4\SEMESTER 8 (4C)\skripsi\code\code_mhs\2341720160\unclassified\Untitled0.ipynb,SUCCESS,Preprocessing berhasil
2026-03-04 11:21:24,D:\PUTRI\D4\SEMESTER 8 (4C)\skripsi\code\code_mhs\2341720162\m02\p01.ipynb,SUCCESS,Preprocessing berhasil
2026-03-04 11:21:24,D:\PUTRI\D4\SEMESTER 8 (4C)\skripsi\code\code_mhs\2341720162\m02\p02.ipynb,SUCCESS,Preprocessing berhasil
2026-03-04 11:21:24,D:\PUTRI\D4\SEMESTER 8 (4C)\skripsi\code\code_mhs\2341720162\m02\p03.ipynb,SUCCESS,Preprocessing berhasil
2026-03-04 11:21:24,D:\PUTRI\D4\SEMESTER 8 (4C)\skripsi\code\code_mhs\2341720162\m02\p04.ipynb,SUCCESS,Preprocessing berhasil
2026-03-04 11:21:24,D:\PUTRI\D4\SEMESTER 8 (4C)\skripsi\code\code_mhs\2341720162\m02\tp01.ipynb,SUCCESS,Preprocessing berhasil
2026-03-04 11:21:25,D:\PUTRI\D4\SEMESTER 8 (4C)\skripsi\code\code_mhs\2341720162\m03\p01.ipynb,SUCCESS,Preprocessing berhasil
2026-03-04 11:21:25,D:\PUTRI\D4\SEMESTER 8 (4C)\skripsi\code\code_mhs\2341720162\m03\p02.ipynb,SUCCESS,Preprocessing berhasil
2026-03-04 11:21:25,D:\PUTRI\D4\SEMESTER 8 (4C)\skripsi\code\code_mhs\2341720162\m03\p03.ipynb,SUCCESS,Preprocessing berhasil
2026-03-04 11:21:25,D:\PUTRI\D4\SEMESTER 8 (4C)\skripsi\code\code_mhs\2341720162\m03\p04.ipynb,SUCCESS,Preprocessing berhasil
2026-03-04 11:21:25,D:\PUTRI\D4\SEMESTER 8 (4C)\skripsi\code\code_mhs\2341720162\m03\tp01.ipynb,SUCCESS,Preprocessing berhasil
2026-03-04 11:21:25,D:\PUTRI\D4\SEMESTER 8 (4C)\skripsi\code\code_mhs\2341720162\m04\p01.ipynb,SUCCESS,Preprocessing berhasil
2026-03-04 11:21:25,D:\PUTRI\D4\SEMESTER 8 (4C)\skripsi\code\code_mhs\2341720162\m04\p02.ipynb,SUCCESS,Preprocessing berhasil
2026-03-04 11:21:25,D:\PUTRI\D4\SEMESTER 8 (4C)\skripsi\code\code_mhs\2341720162\m04\p03.ipynb,SUCCESS,Preprocessing berhasil
2026-03-04 11:21:25,D:\PUTRI\D4\SEMESTER 8 (4C)\skripsi\code\code_mhs\2341720162\m04\tp01.ipynb,SUCCESS,Preprocessing berhasil
2026-03-04 11:21:25,D:\PUTRI\D4\SEMESTER 8 (4C)\skripsi\code\code_mhs\2341720162\m05\p01.ipynb,SUCCESS,Preprocessing berhasil
2026-03-04 11:21:25,D:\PUTRI\D4\SEMESTER 8 (4C)\skripsi\code\code_mhs\2341720162\m05\p02.ipynb,SUCCESS,Preprocessing berhasil
2026-03-04 11:21:25,D:\PUTRI\D4\SEMESTER 8 (4C)\skripsi\code\code_mhs\2341720162\m05\tp01.ipynb,SUCCESS,Preprocessing berhasil
2026-03-04 11:21:26,D:\PUTRI\D4\SEMESTER 8 (4C)\skripsi\code\code_mhs\2341720162\m06\JS6_ML_11_Diana_Rahmawati.ipynb,SUCCESS,Preprocessing berhasil
2026-03-04 11:21:26,D:\PUTRI\D4\SEMESTER 8 (4C)\skripsi\code\code_mhs\2341720162\m06\p01.ipynb,SUCCESS,Preprocessing berhasil
2026-03-04 11:21:26,D:\PUTRI\D4\SEMESTER 8 (4C)\skripsi\code\code_mhs\2341720162\m06\p02.ipynb,SUCCESS,Preprocessing berhasil
2026-03-04 11:21:26,D:\PUTRI\D4\SEMESTER 8 (4C)\skripsi\code\code_mhs\2341720162\m06\tp01.ipynb,SUCCESS,Preprocessing berhasil
2026-03-04 11:21:26,D:\PUTRI\D4\SEMESTER 8 (4C)\skripsi\code\code_mhs\2341720162\m07\p01.ipynb,SUCCESS,Preprocessing berhasil
2026-03-04 11:21:26,D:\PUTRI\D4\SEMESTER 8 (4C)\skripsi\code\code_mhs\2341720162\m07\p02.ipynb,SUCCESS,Preprocessing berhasil
2026-03-04 11:21:26,D:\PUTRI\D4\SEMESTER 8 (4C)\skripsi\code\code_mhs\2341720162\m07\p03.ipynb,SUCCESS,Preprocessing berhasil
2026-03-04 11:21:26,D:\PUTRI\D4\SEMESTER 8 (4C)\skripsi\code\code_mhs\2341720162\m07\p04.ipynb,SUCCESS,Preprocessing berhasil
2026-03-04 11:21:26,D:\PUTRI\D4\SEMESTER 8 (4C)\skripsi\code\code_mhs\2341720162\m07\p05.ipynb,SUCCESS,Preprocessing berhasil
2026-03-04 11:21:26,D:\PUTRI\D4\SEMESTER 8 (4C)\skripsi\code\code_mhs\2341720162\m07\p06.ipynb,SUCCESS,Preprocessing berhasil
2026-03-04 11:21:26,D:\PUTRI\D4\SEMESTER 8 (4C)\skripsi\code\code_mhs\2341720162\m07\tp01.ipynb,SUCCESS,Preprocessing berhasil
2026-03-04 11:21:26,D:\PUTRI\D4\SEMESTER 8 (4C)\skripsi\code\code_mhs\2341720162\m08\tp01.ipynb,SUCCESS,Preprocessing berhasil
2026-03-04 11:21:26,D:\PUTRI\D4\SEMESTER 8 (4C)\skripsi\code\code_mhs\2341720162\m09\p01.ipynb,SUCCESS,Preprocessing berhasil
2026-03-04 11:21:26,D:\PUTRI\D4\SEMESTER 8 (4C)\skripsi\code\code_mhs\2341720162\m09\p02.ipynb,SUCCESS,Preprocessing berhasil
2026-03-04 11:21:26,D:\PUTRI\D4\SEMESTER 8 (4C)\skripsi\code\code_mhs\2341720162\m09\p03.ipynb,SUCCESS,Preprocessing berhasil
2026-03-04 11:21:26,D:\PUTRI\D4\SEMESTER 8 (4C)\skripsi\code\code_mhs\2341720162\m09\tp01.ipynb,SUCCESS,Preprocessing berhasil
2026-03-04 11:21:26,D:\PUTRI\D4\SEMESTER 8 (4C)\skripsi\code\code_mhs\2341720162\m09\tp02.ipynb,SUCCESS,Preprocessing berhasil
2026-03-04 11:21:27,D:\PUTRI\D4\SEMESTER 8 (4C)\skripsi\code\code_mhs\2341720162\m11\p01.ipynb,FAILED,Identifier normalization gagal
2026-03-04 11:21:27,D:\PUTRI\D4\SEMESTER 8 (4C)\skripsi\code\code_mhs\2341720162\m11\p02.ipynb,SUCCESS,Preprocessing berhasil
2026-03-04 11:21:27,D:\PUTRI\D4\SEMESTER 8 (4C)\skripsi\code\code_mhs\2341720162\m11\p03.ipynb,SUCCESS,Preprocessing berhasil
2026-03-04 11:21:27,D:\PUTRI\D4\SEMESTER 8 (4C)\skripsi\code\code_mhs\2341720162\m11\p04.ipynb,SUCCESS,Preprocessing berhasil
2026-03-04 11:21:27,D:\PUTRI\D4\SEMESTER 8 (4C)\skripsi\code\code_mhs\2341720162\m11\p05.ipynb,SUCCESS,Preprocessing berhasil
2026-03-04 11:21:27,D:\PUTRI\D4\SEMESTER 8 (4C)\skripsi\code\code_mhs\2341720162\m11\tp01.ipynb,SUCCESS,Preprocessing berhasil
2026-03-04 11:21:27,D:\PUTRI\D4\SEMESTER 8 (4C)\skripsi\code\code_mhs\2341720162\m13\p01.ipynb,SUCCESS,Preprocessing berhasil
2026-03-04 11:21:27,D:\PUTRI\D4\SEMESTER 8 (4C)\skripsi\code\code_mhs\2341720162\m13\p02.ipynb,SUCCESS,Preprocessing berhasil
2026-03-04 11:21:27,D:\PUTRI\D4\SEMESTER 8 (4C)\skripsi\code\code_mhs\2341720162\m13\p03.ipynb,SUCCESS,Preprocessing berhasil
2026-03-04 11:21:27,D:\PUTRI\D4\SEMESTER 8 (4C)\skripsi\code\code_mhs\2341720162\m13\tp01.ipynb,SUCCESS,Preprocessing berhasil
2026-03-04 11:21:27,D:\PUTRI\D4\SEMESTER 8 (4C)\skripsi\code\code_mhs\2341720162\m14\p01.ipynb,SUCCESS,Preprocessing berhasil
2026-03-04 11:21:27,D:\PUTRI\D4\SEMESTER 8 (4C)\skripsi\code\code_mhs\2341720162\m14\p02.ipynb,SUCCESS,Preprocessing berhasil
2026-03-04 11:21:27,D:\PUTRI\D4\SEMESTER 8 (4C)\skripsi\code\code_mhs\2341720162\m14\tp01.ipynb,INVALID,SyntaxError baris 1: invalid syntax
2026-03-04 11:21:27,D:\PUTRI\D4\SEMESTER 8 (4C)\skripsi\code\code_mhs\2341720162\m15\p01.ipynb,SUCCESS,Preprocessing berhasil
2026-03-04 11:21:27,D:\PUTRI\D4\SEMESTER 8 (4C)\skripsi\code\code_mhs\2341720162\m15\p02.ipynb,INVALID,File kosong
2026-03-04 11:21:27,D:\PUTRI\D4\SEMESTER 8 (4C)\skripsi\code\code_mhs\2341720162\m15\tp01.ipynb,INVALID,File kosong
2026-03-04 11:21:27,D:\PUTRI\D4\SEMESTER 8 (4C)\skripsi\code\code_mhs\2341720162\unclassified\TG1_2341720162_Diana_Rahmawati.ipynb,SUCCESS,Preprocessing berhasil
2026-03-04 11:21:27,D:\PUTRI\D4\SEMESTER 8 (4C)\skripsi\code\code_mhs\2341720163\kuis\kuis.ipynb,SUCCESS,Preprocessing berhasil
2026-03-04 11:21:28,D:\PUTRI\D4\SEMESTER 8 (4C)\skripsi\code\code_mhs\2341720163\m02\JS2_2341720163_Satrio_Ahmad_Ramadhani.ipynb,SUCCESS,Preprocessing berhasil
2026-03-04 11:21:28,D:\PUTRI\D4\SEMESTER 8 (4C)\skripsi\code\code_mhs\2341720163\m03\JS3_2341720163_Satrio_Ahmad_Ramadhani.ipynb,SUCCESS,Preprocessing berhasil
2026-03-04 11:21:28,D:\PUTRI\D4\SEMESTER 8 (4C)\skripsi\code\code_mhs\2341720163\unclassified\TG1_2341720163_Satrio_Ahmad_Ramadhani.ipynb,INVALID,File kosong
2026-03-04 11:21:28,D:\PUTRI\D4\SEMESTER 8 (4C)\skripsi\code\code_mhs\2341720164\m01\tp01.ipynb,INVALID,File kosong
2026-03-04 11:21:28,D:\PUTRI\D4\SEMESTER 8 (4C)\skripsi\code\code_mhs\2341720164\m02\p01.ipynb,SUCCESS,Preprocessing berhasil
2026-03-04 11:21:28,D:\PUTRI\D4\SEMESTER 8 (4C)\skripsi\code\code_mhs\2341720164\m02\p02.ipynb,SUCCESS,Preprocessing berhasil
2026-03-04 11:21:28,D:\PUTRI\D4\SEMESTER 8 (4C)\skripsi\code\code_mhs\2341720164\m02\p03.ipynb,SUCCESS,Preprocessing berhasil
2026-03-04 11:21:29,D:\PUTRI\D4\SEMESTER 8 (4C)\skripsi\code\code_mhs\2341720164\m02\p04.ipynb,SUCCESS,Preprocessing berhasil
2026-03-04 11:21:29,D:\PUTRI\D4\SEMESTER 8 (4C)\skripsi\code\code_mhs\2341720164\m02\tp01.ipynb,SUCCESS,Preprocessing berhasil
2026-03-04 11:21:29,D:\PUTRI\D4\SEMESTER 8 (4C)\skripsi\code\code_mhs\2341720164\m03\p01.ipynb,SUCCESS,Preprocessing berhasil
2026-03-04 11:21:29,D:\PUTRI\D4\SEMESTER 8 (4C)\skripsi\code\code_mhs\2341720164\m03\p02.ipynb,SUCCESS,Preprocessing berhasil
2026-03-04 11:21:29,D:\PUTRI\D4\SEMESTER 8 (4C)\skripsi\code\code_mhs\2341720164\m03\p03.ipynb,SUCCESS,Preprocessing berhasil
2026-03-04 11:21:29,D:\PUTRI\D4\SEMESTER 8 (4C)\skripsi\code\code_mhs\2341720164\m03\p04.ipynb,SUCCESS,Preprocessing berhasil
2026-03-04 11:21:29,D:\PUTRI\D4\SEMESTER 8 (4C)\skripsi\code\code_mhs\2341720164\m03\tp01.ipynb,SUCCESS,Preprocessing berhasil
2026-03-04 11:21:29,D:\PUTRI\D4\SEMESTER 8 (4C)\skripsi\code\code_mhs\2341720164\m04\p01.ipynb,SUCCESS,Preprocessing berhasil
2026-03-04 11:21:29,D:\PUTRI\D4\SEMESTER 8 (4C)\skripsi\code\code_mhs\2341720164\m04\p02.ipynb,SUCCESS,Preprocessing berhasil
2026-03-04 11:21:29,D:\PUTRI\D4\SEMESTER 8 (4C)\skripsi\code\code_mhs\2341720164\m04\p03.ipynb,SUCCESS,Preprocessing berhasil
2026-03-04 11:21:29,D:\PUTRI\D4\SEMESTER 8 (4C)\skripsi\code\code_mhs\2341720164\m04\tp01.ipynb,SUCCESS,Preprocessing berhasil
2026-03-04 11:21:29,D:\PUTRI\D4\SEMESTER 8 (4C)\skripsi\code\code_mhs\2341720164\m05\p01.ipynb,SUCCESS,Preprocessing berhasil
2026-03-04 11:21:29,D:\PUTRI\D4\SEMESTER 8 (4C)\skripsi\code\code_mhs\2341720164\m05\p02.ipynb,SUCCESS,Preprocessing berhasil
2026-03-04 11:21:29,D:\PUTRI\D4\SEMESTER 8 (4C)\skripsi\code\code_mhs\2341720164\m05\tp01.ipynb,SUCCESS,Preprocessing berhasil
2026-03-04 11:21:29,D:\PUTRI\D4\SEMESTER 8 (4C)\skripsi\code\code_mhs\2341720164\m06\p01.ipynb,SUCCESS,Preprocessing berhasil
2026-03-04 11:21:29,D:\PUTRI\D4\SEMESTER 8 (4C)\skripsi\code\code_mhs\2341720164\m06\p02.ipynb,SUCCESS,Preprocessing berhasil
2026-03-04 11:21:29,D:\PUTRI\D4\SEMESTER 8 (4C)\skripsi\code\code_mhs\2341720164\m06\p03.ipynb,SUCCESS,Preprocessing berhasil
2026-03-04 11:21:29,D:\PUTRI\D4\SEMESTER 8 (4C)\skripsi\code\code_mhs\2341720164\m06\p04.ipynb,SUCCESS,Preprocessing berhasil
2026-03-04 11:21:29,D:\PUTRI\D4\SEMESTER 8 (4C)\skripsi\code\code_mhs\2341720164\m06\p05.ipynb,SUCCESS,Preprocessing berhasil
2026-03-04 11:21:29,D:\PUTRI\D4\SEMESTER 8 (4C)\skripsi\code\code_mhs\2341720164\m06\p06.ipynb,SUCCESS,Preprocessing berhasil
2026-03-04 11:21:29,D:\PUTRI\D4\SEMESTER 8 (4C)\skripsi\code\code_mhs\2341720164\m06\tp01.ipynb,SUCCESS,Preprocessing berhasil
2026-03-04 11:21:29,D:\PUTRI\D4\SEMESTER 8 (4C)\skripsi\code\code_mhs\2341720164\m06\tp02.ipynb,SUCCESS,Preprocessing berhasil
2026-03-04 11:21:30,D:\PUTRI\D4\SEMESTER 8 (4C)\skripsi\code\code_mhs\2341720164\m08\tp01.ipynb,FAILED,Identifier normalization gagal
2026-03-04 11:21:30,D:\PUTRI\D4\SEMESTER 8 (4C)\skripsi\code\code_mhs\2341720164\m09\p01.ipynb,SUCCESS,Preprocessing berhasil
2026-03-04 11:21:30,D:\PUTRI\D4\SEMESTER 8 (4C)\skripsi\code\code_mhs\2341720164\m09\p02.ipynb,SUCCESS,Preprocessing berhasil
2026-03-04 11:21:30,D:\PUTRI\D4\SEMESTER 8 (4C)\skripsi\code\code_mhs\2341720164\m09\p03.ipynb,SUCCESS,Preprocessing berhasil
2026-03-04 11:21:30,D:\PUTRI\D4\SEMESTER 8 (4C)\skripsi\code\code_mhs\2341720164\m09\tp01.ipynb,SUCCESS,Preprocessing berhasil
2026-03-04 11:21:30,D:\PUTRI\D4\SEMESTER 8 (4C)\skripsi\code\code_mhs\2341720164\m09\tp02.ipynb,SUCCESS,Preprocessing berhasil
2026-03-04 11:21:30,D:\PUTRI\D4\SEMESTER 8 (4C)\skripsi\code\code_mhs\2341720164\m11\p01.ipynb,FAILED,Identifier normalization gagal
2026-03-04 11:21:30,D:\PUTRI\D4\SEMESTER 8 (4C)\skripsi\code\code_mhs\2341720164\m11\p02.ipynb,SUCCESS,Preprocessing berhasil
2026-03-04 11:21:30,D:\PUTRI\D4\SEMESTER 8 (4C)\skripsi\code\code_mhs\2341720164\m11\p03.ipynb,SUCCESS,Preprocessing berhasil
2026-03-04 11:21:30,D:\PUTRI\D4\SEMESTER 8 (4C)\skripsi\code\code_mhs\2341720164\m11\p04.ipynb,SUCCESS,Preprocessing berhasil
2026-03-04 11:21:30,D:\PUTRI\D4\SEMESTER 8 (4C)\skripsi\code\code_mhs\2341720164\m11\p05.ipynb,SUCCESS,Preprocessing berhasil
2026-03-04 11:21:30,D:\PUTRI\D4\SEMESTER 8 (4C)\skripsi\code\code_mhs\2341720164\m11\tp01.ipynb,SUCCESS,Preprocessing berhasil
2026-03-04 11:21:30,D:\PUTRI\D4\SEMESTER 8 (4C)\skripsi\code\code_mhs\2341720164\m13\p01.ipynb,SUCCESS,Preprocessing berhasil
2026-03-04 11:21:30,D:\PUTRI\D4\SEMESTER 8 (4C)\skripsi\code\code_mhs\2341720164\m13\p02.ipynb,SUCCESS,Preprocessing berhasil
2026-03-04 11:21:30,D:\PUTRI\D4\SEMESTER 8 (4C)\skripsi\code\code_mhs\2341720164\m13\p03.ipynb,SUCCESS,Preprocessing berhasil
2026-03-04 11:21:30,D:\PUTRI\D4\SEMESTER 8 (4C)\skripsi\code\code_mhs\2341720164\m13\tp01.ipynb,SUCCESS,Preprocessing berhasil
2026-03-04 11:21:30,D:\PUTRI\D4\SEMESTER 8 (4C)\skripsi\code\code_mhs\2341720164\m14\p01.ipynb,SUCCESS,Preprocessing berhasil
2026-03-04 11:21:30,D:\PUTRI\D4\SEMESTER 8 (4C)\skripsi\code\code_mhs\2341720164\m14\p02.ipynb,SUCCESS,Preprocessing berhasil
2026-03-04 11:21:30,D:\PUTRI\D4\SEMESTER 8 (4C)\skripsi\code\code_mhs\2341720164\m14\tp01.ipynb,SUCCESS,Preprocessing berhasil
2026-03-04 11:21:30,D:\PUTRI\D4\SEMESTER 8 (4C)\skripsi\code\code_mhs\2341720164\m15\p01.ipynb,SUCCESS,Preprocessing berhasil
2026-03-04 11:21:30,D:\PUTRI\D4\SEMESTER 8 (4C)\skripsi\code\code_mhs\2341720168\m02\p01.ipynb,SUCCESS,Preprocessing berhasil
2026-03-04 11:21:30,D:\PUTRI\D4\SEMESTER 8 (4C)\skripsi\code\code_mhs\2341720168\m02\p02.ipynb,SUCCESS,Preprocessing berhasil
2026-03-04 11:21:31,D:\PUTRI\D4\SEMESTER 8 (4C)\skripsi\code\code_mhs\2341720168\m02\p03.ipynb,SUCCESS,Preprocessing berhasil
2026-03-04 11:21:31,D:\PUTRI\D4\SEMESTER 8 (4C)\skripsi\code\code_mhs\2341720168\m02\p04.ipynb,SUCCESS,Preprocessing berhasil
2026-03-04 11:21:31,D:\PUTRI\D4\SEMESTER 8 (4C)\skripsi\code\code_mhs\2341720168\m02\tp01.ipynb,SUCCESS,Preprocessing berhasil
2026-03-04 11:21:31,D:\PUTRI\D4\SEMESTER 8 (4C)\skripsi\code\code_mhs\2341720168\m03\p01.ipynb,SUCCESS,Preprocessing berhasil
2026-03-04 11:21:31,D:\PUTRI\D4\SEMESTER 8 (4C)\skripsi\code\code_mhs\2341720168\m03\p02.ipynb,SUCCESS,Preprocessing berhasil
2026-03-04 11:21:31,D:\PUTRI\D4\SEMESTER 8 (4C)\skripsi\code\code_mhs\2341720168\m03\p03.ipynb,SUCCESS,Preprocessing berhasil
2026-03-04 11:21:31,D:\PUTRI\D4\SEMESTER 8 (4C)\skripsi\code\code_mhs\2341720168\m03\p04.ipynb,SUCCESS,Preprocessing berhasil
2026-03-04 11:21:31,D:\PUTRI\D4\SEMESTER 8 (4C)\skripsi\code\code_mhs\2341720168\m03\tp01.ipynb,SUCCESS,Preprocessing berhasil
2026-03-04 11:21:31,D:\PUTRI\D4\SEMESTER 8 (4C)\skripsi\code\code_mhs\2341720168\m04\p01.ipynb,SUCCESS,Preprocessing berhasil
2026-03-04 11:21:31,D:\PUTRI\D4\SEMESTER 8 (4C)\skripsi\code\code_mhs\2341720168\m04\p02.ipynb,SUCCESS,Preprocessing berhasil
2026-03-04 11:21:31,D:\PUTRI\D4\SEMESTER 8 (4C)\skripsi\code\code_mhs\2341720168\m04\p03.ipynb,SUCCESS,Preprocessing berhasil
2026-03-04 11:21:31,D:\PUTRI\D4\SEMESTER 8 (4C)\skripsi\code\code_mhs\2341720168\m04\tp01.ipynb,SUCCESS,Preprocessing berhasil
2026-03-04 11:21:31,D:\PUTRI\D4\SEMESTER 8 (4C)\skripsi\code\code_mhs\2341720168\m05\p01.ipynb,SUCCESS,Preprocessing berhasil
2026-03-04 11:21:32,D:\PUTRI\D4\SEMESTER 8 (4C)\skripsi\code\code_mhs\2341720168\m05\p02.ipynb,SUCCESS,Preprocessing berhasil
2026-03-04 11:21:32,D:\PUTRI\D4\SEMESTER 8 (4C)\skripsi\code\code_mhs\2341720168\m05\tp01.ipynb,SUCCESS,Preprocessing berhasil
2026-03-04 11:21:32,D:\PUTRI\D4\SEMESTER 8 (4C)\skripsi\code\code_mhs\2341720168\m06\p01.ipynb,SUCCESS,Preprocessing berhasil
2026-03-04 11:21:32,D:\PUTRI\D4\SEMESTER 8 (4C)\skripsi\code\code_mhs\2341720168\m06\p02.ipynb,SUCCESS,Preprocessing berhasil
2026-03-04 11:21:32,D:\PUTRI\D4\SEMESTER 8 (4C)\skripsi\code\code_mhs\2341720168\m06\tp01.ipynb,SUCCESS,Preprocessing berhasil
2026-03-04 11:21:32,D:\PUTRI\D4\SEMESTER 8 (4C)\skripsi\code\code_mhs\2341720168\m07\p01.ipynb,SUCCESS,Preprocessing berhasil
2026-03-04 11:21:32,D:\PUTRI\D4\SEMESTER 8 (4C)\skripsi\code\code_mhs\2341720168\m07\p02.ipynb,SUCCESS,Preprocessing berhasil
2026-03-04 11:21:32,D:\PUTRI\D4\SEMESTER 8 (4C)\skripsi\code\code_mhs\2341720168\m07\p03.ipynb,SUCCESS,Preprocessing berhasil
2026-03-04 11:21:32,D:\PUTRI\D4\SEMESTER 8 (4C)\skripsi\code\code_mhs\2341720168\m07\p04.ipynb,SUCCESS,Preprocessing berhasil
2026-03-04 11:21:32,D:\PUTRI\D4\SEMESTER 8 (4C)\skripsi\code\code_mhs\2341720168\m07\p05.ipynb,SUCCESS,Preprocessing berhasil
2026-03-04 11:21:32,D:\PUTRI\D4\SEMESTER 8 (4C)\skripsi\code\code_mhs\2341720168\m07\p06.ipynb,SUCCESS,Preprocessing berhasil
2026-03-04 11:21:32,D:\PUTRI\D4\SEMESTER 8 (4C)\skripsi\code\code_mhs\2341720168\m07\tp01.ipynb,SUCCESS,Preprocessing berhasil
2026-03-04 11:21:32,D:\PUTRI\D4\SEMESTER 8 (4C)\skripsi\code\code_mhs\2341720168\m08\tp01.ipynb,SUCCESS,Preprocessing berhasil
2026-03-04 11:21:32,D:\PUTRI\D4\SEMESTER 8 (4C)\skripsi\code\code_mhs\2341720168\m09\p01.ipynb,SUCCESS,Preprocessing berhasil
2026-03-04 11:21:32,D:\PUTRI\D4\SEMESTER 8 (4C)\skripsi\code\code_mhs\2341720168\m09\p02.ipynb,SUCCESS,Preprocessing berhasil
2026-03-04 11:21:32,D:\PUTRI\D4\SEMESTER 8 (4C)\skripsi\code\code_mhs\2341720168\m09\p03.ipynb,SUCCESS,Preprocessing berhasil
2026-03-04 11:21:32,D:\PUTRI\D4\SEMESTER 8 (4C)\skripsi\code\code_mhs\2341720168\m09\tp01.ipynb,SUCCESS,Preprocessing berhasil
2026-03-04 11:21:32,D:\PUTRI\D4\SEMESTER 8 (4C)\skripsi\code\code_mhs\2341720168\m09\tp02.ipynb,SUCCESS,Preprocessing berhasil
2026-03-04 11:21:32,D:\PUTRI\D4\SEMESTER 8 (4C)\skripsi\code\code_mhs\2341720168\m11\p01.ipynb,FAILED,Identifier normalization gagal
2026-03-04 11:21:32,D:\PUTRI\D4\SEMESTER 8 (4C)\skripsi\code\code_mhs\2341720168\m11\p02.ipynb,SUCCESS,Preprocessing berhasil
2026-03-04 11:21:32,D:\PUTRI\D4\SEMESTER 8 (4C)\skripsi\code\code_mhs\2341720168\m11\p03.ipynb,SUCCESS,Preprocessing berhasil
2026-03-04 11:21:32,D:\PUTRI\D4\SEMESTER 8 (4C)\skripsi\code\code_mhs\2341720168\m11\p04.ipynb,SUCCESS,Preprocessing berhasil
2026-03-04 11:21:32,D:\PUTRI\D4\SEMESTER 8 (4C)\skripsi\code\code_mhs\2341720168\m11\p05.ipynb,SUCCESS,Preprocessing berhasil
2026-03-04 11:21:32,D:\PUTRI\D4\SEMESTER 8 (4C)\skripsi\code\code_mhs\2341720168\m11\tp01.ipynb,SUCCESS,Preprocessing berhasil
2026-03-04 11:21:32,D:\PUTRI\D4\SEMESTER 8 (4C)\skripsi\code\code_mhs\2341720168\m13\p01.ipynb,SUCCESS,Preprocessing berhasil
2026-03-04 11:21:32,D:\PUTRI\D4\SEMESTER 8 (4C)\skripsi\code\code_mhs\2341720168\m13\p02.ipynb,SUCCESS,Preprocessing berhasil
2026-03-04 11:21:32,D:\PUTRI\D4\SEMESTER 8 (4C)\skripsi\code\code_mhs\2341720168\m13\p03.ipynb,SUCCESS,Preprocessing berhasil
2026-03-04 11:21:33,D:\PUTRI\D4\SEMESTER 8 (4C)\skripsi\code\code_mhs\2341720168\m13\tp01.ipynb,SUCCESS,Preprocessing berhasil
2026-03-04 11:21:33,D:\PUTRI\D4\SEMESTER 8 (4C)\skripsi\code\code_mhs\2341720168\m14\p01.ipynb,SUCCESS,Preprocessing berhasil
2026-03-04 11:21:33,D:\PUTRI\D4\SEMESTER 8 (4C)\skripsi\code\code_mhs\2341720168\m14\p02.ipynb,SUCCESS,Preprocessing berhasil
2026-03-04 11:21:33,D:\PUTRI\D4\SEMESTER 8 (4C)\skripsi\code\code_mhs\2341720168\m14\tp01.ipynb,SUCCESS,Preprocessing berhasil
2026-03-04 11:21:33,D:\PUTRI\D4\SEMESTER 8 (4C)\skripsi\code\code_mhs\2341720168\m15\p01.ipynb,SUCCESS,Preprocessing berhasil
2026-03-04 11:21:33,D:\PUTRI\D4\SEMESTER 8 (4C)\skripsi\code\code_mhs\2341720168\pbl\pbl.ipynb,SUCCESS,Preprocessing berhasil
2026-03-04 11:21:33,D:\PUTRI\D4\SEMESTER 8 (4C)\skripsi\code\code_mhs\2341720168\unclassified\app.py,SUCCESS,Preprocessing berhasil
2026-03-04 11:21:33,D:\PUTRI\D4\SEMESTER 8 (4C)\skripsi\code\code_mhs\2341720174\m01\tp01.ipynb,FAILED,Cleaning gagal
2026-03-04 11:21:33,D:\PUTRI\D4\SEMESTER 8 (4C)\skripsi\code\code_mhs\2341720174\m01\tp02.ipynb,SUCCESS,Preprocessing berhasil
2026-03-04 11:21:33,D:\PUTRI\D4\SEMESTER 8 (4C)\skripsi\code\code_mhs\2341720174\m02\p01.ipynb,SUCCESS,Preprocessing berhasil
2026-03-04 11:21:33,D:\PUTRI\D4\SEMESTER 8 (4C)\skripsi\code\code_mhs\2341720174\m02\p02.ipynb,SUCCESS,Preprocessing berhasil
2026-03-04 11:21:33,D:\PUTRI\D4\SEMESTER 8 (4C)\skripsi\code\code_mhs\2341720174\m02\p03.ipynb,SUCCESS,Preprocessing berhasil
2026-03-04 11:21:33,D:\PUTRI\D4\SEMESTER 8 (4C)\skripsi\code\code_mhs\2341720174\m02\p04.ipynb,SUCCESS,Preprocessing berhasil
2026-03-04 11:21:33,D:\PUTRI\D4\SEMESTER 8 (4C)\skripsi\code\code_mhs\2341720174\m02\tp01.ipynb,SUCCESS,Preprocessing berhasil
2026-03-04 11:21:33,D:\PUTRI\D4\SEMESTER 8 (4C)\skripsi\code\code_mhs\2341720174\m03\p01.ipynb,SUCCESS,Preprocessing berhasil
2026-03-04 11:21:33,D:\PUTRI\D4\SEMESTER 8 (4C)\skripsi\code\code_mhs\2341720174\m03\p02.ipynb,SUCCESS,Preprocessing berhasil
2026-03-04 11:21:33,D:\PUTRI\D4\SEMESTER 8 (4C)\skripsi\code\code_mhs\2341720174\m03\p03.ipynb,SUCCESS,Preprocessing berhasil
2026-03-04 11:21:33,D:\PUTRI\D4\SEMESTER 8 (4C)\skripsi\code\code_mhs\2341720174\m03\p04.ipynb,SUCCESS,Preprocessing berhasil
2026-03-04 11:21:33,D:\PUTRI\D4\SEMESTER 8 (4C)\skripsi\code\code_mhs\2341720174\m03\tp01.ipynb,SUCCESS,Preprocessing berhasil
2026-03-04 11:21:33,D:\PUTRI\D4\SEMESTER 8 (4C)\skripsi\code\code_mhs\2341720174\m04\p01.ipynb,SUCCESS,Preprocessing berhasil
2026-03-04 11:21:33,D:\PUTRI\D4\SEMESTER 8 (4C)\skripsi\code\code_mhs\2341720174\m04\p02.ipynb,SUCCESS,Preprocessing berhasil
2026-03-04 11:21:33,D:\PUTRI\D4\SEMESTER 8 (4C)\skripsi\code\code_mhs\2341720174\m04\p03.ipynb,SUCCESS,Preprocessing berhasil
2026-03-04 11:21:33,D:\PUTRI\D4\SEMESTER 8 (4C)\skripsi\code\code_mhs\2341720174\m04\tp01.ipynb,SUCCESS,Preprocessing berhasil
2026-03-04 11:21:33,D:\PUTRI\D4\SEMESTER 8 (4C)\skripsi\code\code_mhs\2341720174\m05\p01.ipynb,SUCCESS,Preprocessing berhasil
2026-03-04 11:21:33,D:\PUTRI\D4\SEMESTER 8 (4C)\skripsi\code\code_mhs\2341720174\m05\p02.ipynb,SUCCESS,Preprocessing berhasil
2026-03-04 11:21:33,D:\PUTRI\D4\SEMESTER 8 (4C)\skripsi\code\code_mhs\2341720174\m05\tp01.ipynb,SUCCESS,Preprocessing berhasil
2026-03-04 11:21:33,D:\PUTRI\D4\SEMESTER 8 (4C)\skripsi\code\code_mhs\2341720174\m06\p01.ipynb,SUCCESS,Preprocessing berhasil
2026-03-04 11:21:33,D:\PUTRI\D4\SEMESTER 8 (4C)\skripsi\code\code_mhs\2341720174\m06\p02.ipynb,SUCCESS,Preprocessing berhasil
2026-03-04 11:21:33,D:\PUTRI\D4\SEMESTER 8 (4C)\skripsi\code\code_mhs\2341720174\m06\tp01.ipynb,SUCCESS,Preprocessing berhasil
2026-03-04 11:21:33,D:\PUTRI\D4\SEMESTER 8 (4C)\skripsi\code\code_mhs\2341720174\m07\p01.ipynb,SUCCESS,Preprocessing berhasil
2026-03-04 11:21:33,D:\PUTRI\D4\SEMESTER 8 (4C)\skripsi\code\code_mhs\2341720174\m07\p02.ipynb,SUCCESS,Preprocessing berhasil
2026-03-04 11:21:33,D:\PUTRI\D4\SEMESTER 8 (4C)\skripsi\code\code_mhs\2341720174\m07\p03.ipynb,SUCCESS,Preprocessing berhasil
2026-03-04 11:21:33,D:\PUTRI\D4\SEMESTER 8 (4C)\skripsi\code\code_mhs\2341720174\m07\p04.ipynb,SUCCESS,Preprocessing berhasil
2026-03-04 11:21:33,D:\PUTRI\D4\SEMESTER 8 (4C)\skripsi\code\code_mhs\2341720174\m07\p05.ipynb,SUCCESS,Preprocessing berhasil
2026-03-04 11:21:33,D:\PUTRI\D4\SEMESTER 8 (4C)\skripsi\code\code_mhs\2341720174\m07\p06.ipynb,SUCCESS,Preprocessing berhasil
2026-03-04 11:21:34,D:\PUTRI\D4\SEMESTER 8 (4C)\skripsi\code\code_mhs\2341720174\m07\tp01.ipynb,SUCCESS,Preprocessing berhasil
2026-03-04 11:21:34,D:\PUTRI\D4\SEMESTER 8 (4C)\skripsi\code\code_mhs\2341720174\m08\tp01.ipynb,SUCCESS,Preprocessing berhasil
2026-03-04 11:21:34,D:\PUTRI\D4\SEMESTER 8 (4C)\skripsi\code\code_mhs\2341720174\m09\p01.ipynb,SUCCESS,Preprocessing berhasil
2026-03-04 11:21:34,D:\PUTRI\D4\SEMESTER 8 (4C)\skripsi\code\code_mhs\2341720174\m09\p02.ipynb,SUCCESS,Preprocessing berhasil
2026-03-04 11:21:34,D:\PUTRI\D4\SEMESTER 8 (4C)\skripsi\code\code_mhs\2341720174\m09\p03.ipynb,SUCCESS,Preprocessing berhasil
2026-03-04 11:21:34,D:\PUTRI\D4\SEMESTER 8 (4C)\skripsi\code\code_mhs\2341720174\m09\tp01.ipynb,SUCCESS,Preprocessing berhasil
2026-03-04 11:21:34,D:\PUTRI\D4\SEMESTER 8 (4C)\skripsi\code\code_mhs\2341720174\m09\tp02.ipynb,SUCCESS,Preprocessing berhasil
2026-03-04 11:21:34,D:\PUTRI\D4\SEMESTER 8 (4C)\skripsi\code\code_mhs\2341720174\m11\p01.ipynb,FAILED,Identifier normalization gagal
2026-03-04 11:21:34,D:\PUTRI\D4\SEMESTER 8 (4C)\skripsi\code\code_mhs\2341720174\m11\p02.ipynb,SUCCESS,Preprocessing berhasil
2026-03-04 11:21:34,D:\PUTRI\D4\SEMESTER 8 (4C)\skripsi\code\code_mhs\2341720174\m11\p03.ipynb,SUCCESS,Preprocessing berhasil
2026-03-04 11:21:34,D:\PUTRI\D4\SEMESTER 8 (4C)\skripsi\code\code_mhs\2341720174\m11\p04.ipynb,SUCCESS,Preprocessing berhasil
2026-03-04 11:21:34,D:\PUTRI\D4\SEMESTER 8 (4C)\skripsi\code\code_mhs\2341720174\m11\p05.ipynb,SUCCESS,Preprocessing berhasil
2026-03-04 11:21:34,D:\PUTRI\D4\SEMESTER 8 (4C)\skripsi\code\code_mhs\2341720174\m11\tp01.ipynb,SUCCESS,Preprocessing berhasil
2026-03-04 11:21:34,D:\PUTRI\D4\SEMESTER 8 (4C)\skripsi\code\code_mhs\2341720174\m13\p01.ipynb,SUCCESS,Preprocessing berhasil
2026-03-04 11:21:34,D:\PUTRI\D4\SEMESTER 8 (4C)\skripsi\code\code_mhs\2341720174\m13\p02.ipynb,SUCCESS,Preprocessing berhasil
2026-03-04 11:21:34,D:\PUTRI\D4\SEMESTER 8 (4C)\skripsi\code\code_mhs\2341720174\m13\p03.ipynb,SUCCESS,Preprocessing berhasil
2026-03-04 11:21:34,D:\PUTRI\D4\SEMESTER 8 (4C)\skripsi\code\code_mhs\2341720174\m13\tp01.ipynb,SUCCESS,Preprocessing berhasil
2026-03-04 11:21:34,D:\PUTRI\D4\SEMESTER 8 (4C)\skripsi\code\code_mhs\2341720174\m14\p01.ipynb,SUCCESS,Preprocessing berhasil
2026-03-04 11:21:34,D:\PUTRI\D4\SEMESTER 8 (4C)\skripsi\code\code_mhs\2341720174\m14\p02.ipynb,SUCCESS,Preprocessing berhasil
2026-03-04 11:21:34,D:\PUTRI\D4\SEMESTER 8 (4C)\skripsi\code\code_mhs\2341720174\m14\tp01.ipynb,SUCCESS,Preprocessing berhasil
2026-03-04 11:21:34,D:\PUTRI\D4\SEMESTER 8 (4C)\skripsi\code\code_mhs\2341720174\m15\app.py,FAILED,Identifier normalization gagal
2026-03-04 11:21:34,D:\PUTRI\D4\SEMESTER 8 (4C)\skripsi\code\code_mhs\2341720174\m15\p01.ipynb,SUCCESS,Preprocessing berhasil
2026-03-04 11:21:34,D:\PUTRI\D4\SEMESTER 8 (4C)\skripsi\code\code_mhs\2341720174\pbl\pbl.ipynb,SUCCESS,Preprocessing berhasil
2026-03-04 11:21:34,D:\PUTRI\D4\SEMESTER 8 (4C)\skripsi\code\code_mhs\2341720176\m01\p01.ipynb,INVALID,File kosong
2026-03-04 11:21:34,D:\PUTRI\D4\SEMESTER 8 (4C)\skripsi\code\code_mhs\2341720176\m01\tp01.ipynb,SUCCESS,Preprocessing berhasil
2026-03-04 11:21:34,D:\PUTRI\D4\SEMESTER 8 (4C)\skripsi\code\code_mhs\2341720176\m02\p01.ipynb,SUCCESS,Preprocessing berhasil
2026-03-04 11:21:34,D:\PUTRI\D4\SEMESTER 8 (4C)\skripsi\code\code_mhs\2341720176\m02\p02.ipynb,SUCCESS,Preprocessing berhasil
2026-03-04 11:21:35,D:\PUTRI\D4\SEMESTER 8 (4C)\skripsi\code\code_mhs\2341720176\m02\p03.ipynb,SUCCESS,Preprocessing berhasil
2026-03-04 11:21:35,D:\PUTRI\D4\SEMESTER 8 (4C)\skripsi\code\code_mhs\2341720176\m02\p04.ipynb,SUCCESS,Preprocessing berhasil
2026-03-04 11:21:35,D:\PUTRI\D4\SEMESTER 8 (4C)\skripsi\code\code_mhs\2341720176\m02\tp01.ipynb,SUCCESS,Preprocessing berhasil
2026-03-04 11:21:35,D:\PUTRI\D4\SEMESTER 8 (4C)\skripsi\code\code_mhs\2341720176\m03\p01.ipynb,SUCCESS,Preprocessing berhasil
2026-03-04 11:21:35,D:\PUTRI\D4\SEMESTER 8 (4C)\skripsi\code\code_mhs\2341720176\m03\p02.ipynb,SUCCESS,Preprocessing berhasil
2026-03-04 11:21:35,D:\PUTRI\D4\SEMESTER 8 (4C)\skripsi\code\code_mhs\2341720176\m03\p03.ipynb,SUCCESS,Preprocessing berhasil
2026-03-04 11:21:35,D:\PUTRI\D4\SEMESTER 8 (4C)\skripsi\code\code_mhs\2341720176\m03\p04.ipynb,SUCCESS,Preprocessing berhasil
2026-03-04 11:21:35,D:\PUTRI\D4\SEMESTER 8 (4C)\skripsi\code\code_mhs\2341720176\m03\tp01.ipynb,SUCCESS,Preprocessing berhasil
2026-03-04 11:21:35,D:\PUTRI\D4\SEMESTER 8 (4C)\skripsi\code\code_mhs\2341720176\m04\KUIS_1.ipynb,SUCCESS,Preprocessing berhasil
2026-03-04 11:21:35,D:\PUTRI\D4\SEMESTER 8 (4C)\skripsi\code\code_mhs\2341720176\m04\p01.ipynb,SUCCESS,Preprocessing berhasil
2026-03-04 11:21:35,D:\PUTRI\D4\SEMESTER 8 (4C)\skripsi\code\code_mhs\2341720176\m04\p02.ipynb,SUCCESS,Preprocessing berhasil
2026-03-04 11:21:35,D:\PUTRI\D4\SEMESTER 8 (4C)\skripsi\code\code_mhs\2341720176\m04\p03.ipynb,SUCCESS,Preprocessing berhasil
2026-03-04 11:21:35,D:\PUTRI\D4\SEMESTER 8 (4C)\skripsi\code\code_mhs\2341720176\m04\tp01.ipynb,SUCCESS,Preprocessing berhasil
2026-03-04 11:21:35,D:\PUTRI\D4\SEMESTER 8 (4C)\skripsi\code\code_mhs\2341720176\m05\p01.ipynb,SUCCESS,Preprocessing berhasil
2026-03-04 11:21:35,D:\PUTRI\D4\SEMESTER 8 (4C)\skripsi\code\code_mhs\2341720176\m05\p02.ipynb,SUCCESS,Preprocessing berhasil
2026-03-04 11:21:35,D:\PUTRI\D4\SEMESTER 8 (4C)\skripsi\code\code_mhs\2341720176\m05\tp01.ipynb,SUCCESS,Preprocessing berhasil
2026-03-04 11:21:35,D:\PUTRI\D4\SEMESTER 8 (4C)\skripsi\code\code_mhs\2341720176\m06\p01.ipynb,SUCCESS,Preprocessing berhasil
2026-03-04 11:21:35,D:\PUTRI\D4\SEMESTER 8 (4C)\skripsi\code\code_mhs\2341720176\m06\p02.ipynb,SUCCESS,Preprocessing berhasil
2026-03-04 11:21:35,D:\PUTRI\D4\SEMESTER 8 (4C)\skripsi\code\code_mhs\2341720176\m06\tp01.ipynb,SUCCESS,Preprocessing berhasil
2026-03-04 11:21:35,D:\PUTRI\D4\SEMESTER 8 (4C)\skripsi\code\code_mhs\2341720176\m07\p01.ipynb,SUCCESS,Preprocessing berhasil
2026-03-04 11:21:35,D:\PUTRI\D4\SEMESTER 8 (4C)\skripsi\code\code_mhs\2341720176\m07\p02.ipynb,SUCCESS,Preprocessing berhasil
2026-03-04 11:21:35,D:\PUTRI\D4\SEMESTER 8 (4C)\skripsi\code\code_mhs\2341720176\m07\p03.ipynb,SUCCESS,Preprocessing berhasil
2026-03-04 11:21:36,D:\PUTRI\D4\SEMESTER 8 (4C)\skripsi\code\code_mhs\2341720176\m07\p04.ipynb,SUCCESS,Preprocessing berhasil
2026-03-04 11:21:36,D:\PUTRI\D4\SEMESTER 8 (4C)\skripsi\code\code_mhs\2341720176\m07\p05.ipynb,SUCCESS,Preprocessing berhasil
2026-03-04 11:21:36,D:\PUTRI\D4\SEMESTER 8 (4C)\skripsi\code\code_mhs\2341720176\m07\p06.ipynb,SUCCESS,Preprocessing berhasil
2026-03-04 11:21:36,D:\PUTRI\D4\SEMESTER 8 (4C)\skripsi\code\code_mhs\2341720176\m07\tp01.ipynb,SUCCESS,Preprocessing berhasil
2026-03-04 11:21:36,D:\PUTRI\D4\SEMESTER 8 (4C)\skripsi\code\code_mhs\2341720176\m08\tp01.ipynb,SUCCESS,Preprocessing berhasil
2026-03-04 11:21:36,D:\PUTRI\D4\SEMESTER 8 (4C)\skripsi\code\code_mhs\2341720176\m09\p01.ipynb,SUCCESS,Preprocessing berhasil
2026-03-04 11:21:36,D:\PUTRI\D4\SEMESTER 8 (4C)\skripsi\code\code_mhs\2341720176\m09\p02.ipynb,SUCCESS,Preprocessing berhasil
2026-03-04 11:21:36,D:\PUTRI\D4\SEMESTER 8 (4C)\skripsi\code\code_mhs\2341720176\m09\p03.ipynb,SUCCESS,Preprocessing berhasil
2026-03-04 11:21:36,D:\PUTRI\D4\SEMESTER 8 (4C)\skripsi\code\code_mhs\2341720176\m09\tp01.ipynb,SUCCESS,Preprocessing berhasil
2026-03-04 11:21:36,D:\PUTRI\D4\SEMESTER 8 (4C)\skripsi\code\code_mhs\2341720176\m09\tp02.ipynb,SUCCESS,Preprocessing berhasil
2026-03-04 11:21:36,D:\PUTRI\D4\SEMESTER 8 (4C)\skripsi\code\code_mhs\2341720176\m11\p01.ipynb,FAILED,Identifier normalization gagal
2026-03-04 11:21:36,D:\PUTRI\D4\SEMESTER 8 (4C)\skripsi\code\code_mhs\2341720176\m11\p02.ipynb,SUCCESS,Preprocessing berhasil
2026-03-04 11:21:36,D:\PUTRI\D4\SEMESTER 8 (4C)\skripsi\code\code_mhs\2341720176\m11\p03.ipynb,SUCCESS,Preprocessing berhasil
2026-03-04 11:21:36,D:\PUTRI\D4\SEMESTER 8 (4C)\skripsi\code\code_mhs\2341720176\m11\p04.ipynb,SUCCESS,Preprocessing berhasil
2026-03-04 11:21:36,D:\PUTRI\D4\SEMESTER 8 (4C)\skripsi\code\code_mhs\2341720176\m11\p05.ipynb,SUCCESS,Preprocessing berhasil
2026-03-04 11:21:36,D:\PUTRI\D4\SEMESTER 8 (4C)\skripsi\code\code_mhs\2341720176\m11\tp01.ipynb,SUCCESS,Preprocessing berhasil
2026-03-04 11:21:36,D:\PUTRI\D4\SEMESTER 8 (4C)\skripsi\code\code_mhs\2341720176\m13\p01.ipynb,SUCCESS,Preprocessing berhasil
2026-03-04 11:21:36,D:\PUTRI\D4\SEMESTER 8 (4C)\skripsi\code\code_mhs\2341720176\m13\p02.ipynb,SUCCESS,Preprocessing berhasil
2026-03-04 11:21:36,D:\PUTRI\D4\SEMESTER 8 (4C)\skripsi\code\code_mhs\2341720176\m13\p03.ipynb,SUCCESS,Preprocessing berhasil
2026-03-04 11:21:36,D:\PUTRI\D4\SEMESTER 8 (4C)\skripsi\code\code_mhs\2341720176\m13\tp01.ipynb,SUCCESS,Preprocessing berhasil
2026-03-04 11:21:36,D:\PUTRI\D4\SEMESTER 8 (4C)\skripsi\code\code_mhs\2341720176\m14\p01.ipynb,SUCCESS,Preprocessing berhasil
2026-03-04 11:21:36,D:\PUTRI\D4\SEMESTER 8 (4C)\skripsi\code\code_mhs\2341720176\m14\p02.ipynb,SUCCESS,Preprocessing berhasil
2026-03-04 11:21:36,D:\PUTRI\D4\SEMESTER 8 (4C)\skripsi\code\code_mhs\2341720176\m14\tp01.ipynb,SUCCESS,Preprocessing berhasil
2026-03-04 11:21:36,D:\PUTRI\D4\SEMESTER 8 (4C)\skripsi\code\code_mhs\2341720176\m15\p01.ipynb,SUCCESS,Preprocessing berhasil
2026-03-04 11:21:36,D:\PUTRI\D4\SEMESTER 8 (4C)\skripsi\code\code_mhs\2341720176\m15\p02.ipynb,SUCCESS,Preprocessing berhasil
2026-03-04 11:21:36,D:\PUTRI\D4\SEMESTER 8 (4C)\skripsi\code\code_mhs\2341720187\m01\tp01.ipynb,INVALID,File kosong
2026-03-04 11:21:37,D:\PUTRI\D4\SEMESTER 8 (4C)\skripsi\code\code_mhs\2341720187\m02\p01.ipynb,SUCCESS,Preprocessing berhasil
2026-03-04 11:21:37,D:\PUTRI\D4\SEMESTER 8 (4C)\skripsi\code\code_mhs\2341720187\m02\p02.ipynb,SUCCESS,Preprocessing berhasil
2026-03-04 11:21:37,D:\PUTRI\D4\SEMESTER 8 (4C)\skripsi\code\code_mhs\2341720187\m02\p03.ipynb,SUCCESS,Preprocessing berhasil
2026-03-04 11:21:37,D:\PUTRI\D4\SEMESTER 8 (4C)\skripsi\code\code_mhs\2341720187\m02\p04.ipynb,SUCCESS,Preprocessing berhasil
2026-03-04 11:21:37,D:\PUTRI\D4\SEMESTER 8 (4C)\skripsi\code\code_mhs\2341720187\m02\tp01.ipynb,SUCCESS,Preprocessing berhasil
2026-03-04 11:21:37,D:\PUTRI\D4\SEMESTER 8 (4C)\skripsi\code\code_mhs\2341720187\m03\p01.ipynb,SUCCESS,Preprocessing berhasil
2026-03-04 11:21:37,D:\PUTRI\D4\SEMESTER 8 (4C)\skripsi\code\code_mhs\2341720187\m03\p02.ipynb,SUCCESS,Preprocessing berhasil
2026-03-04 11:21:37,D:\PUTRI\D4\SEMESTER 8 (4C)\skripsi\code\code_mhs\2341720187\m03\p03.ipynb,INVALID,SyntaxError baris 29: invalid syntax
2026-03-04 11:21:37,D:\PUTRI\D4\SEMESTER 8 (4C)\skripsi\code\code_mhs\2341720187\m03\p04.ipynb,SUCCESS,Preprocessing berhasil
2026-03-04 11:21:37,D:\PUTRI\D4\SEMESTER 8 (4C)\skripsi\code\code_mhs\2341720187\m03\tp01.ipynb,SUCCESS,Preprocessing berhasil
2026-03-04 11:21:37,D:\PUTRI\D4\SEMESTER 8 (4C)\skripsi\code\code_mhs\2341720187\m04\p01.ipynb,SUCCESS,Preprocessing berhasil
2026-03-04 11:21:37,D:\PUTRI\D4\SEMESTER 8 (4C)\skripsi\code\code_mhs\2341720187\m04\p02.ipynb,SUCCESS,Preprocessing berhasil
2026-03-04 11:21:37,D:\PUTRI\D4\SEMESTER 8 (4C)\skripsi\code\code_mhs\2341720187\m04\p03.ipynb,SUCCESS,Preprocessing berhasil
2026-03-04 11:21:37,D:\PUTRI\D4\SEMESTER 8 (4C)\skripsi\code\code_mhs\2341720187\m04\tp01.ipynb,SUCCESS,Preprocessing berhasil
2026-03-04 11:21:37,D:\PUTRI\D4\SEMESTER 8 (4C)\skripsi\code\code_mhs\2341720187\m05\p01.ipynb,SUCCESS,Preprocessing berhasil
2026-03-04 11:21:37,D:\PUTRI\D4\SEMESTER 8 (4C)\skripsi\code\code_mhs\2341720187\m05\p02.ipynb,SUCCESS,Preprocessing berhasil
2026-03-04 11:21:37,D:\PUTRI\D4\SEMESTER 8 (4C)\skripsi\code\code_mhs\2341720187\m05\tp01.ipynb,SUCCESS,Preprocessing berhasil
2026-03-04 11:21:37,D:\PUTRI\D4\SEMESTER 8 (4C)\skripsi\code\code_mhs\2341720187\m06\tp01.ipynb,SUCCESS,Preprocessing berhasil
2026-03-04 11:21:37,D:\PUTRI\D4\SEMESTER 8 (4C)\skripsi\code\code_mhs\2341720187\m07\p01.ipynb,SUCCESS,Preprocessing berhasil
2026-03-04 11:21:37,D:\PUTRI\D4\SEMESTER 8 (4C)\skripsi\code\code_mhs\2341720187\m07\p02.ipynb,SUCCESS,Preprocessing berhasil
2026-03-04 11:21:37,D:\PUTRI\D4\SEMESTER 8 (4C)\skripsi\code\code_mhs\2341720187\m07\p03.ipynb,SUCCESS,Preprocessing berhasil
2026-03-04 11:21:37,D:\PUTRI\D4\SEMESTER 8 (4C)\skripsi\code\code_mhs\2341720187\m07\p04.ipynb,SUCCESS,Preprocessing berhasil
2026-03-04 11:21:37,D:\PUTRI\D4\SEMESTER 8 (4C)\skripsi\code\code_mhs\2341720187\m07\p05.ipynb,SUCCESS,Preprocessing berhasil
2026-03-04 11:21:37,D:\PUTRI\D4\SEMESTER 8 (4C)\skripsi\code\code_mhs\2341720187\m07\p06.ipynb,SUCCESS,Preprocessing berhasil
2026-03-04 11:21:37,D:\PUTRI\D4\SEMESTER 8 (4C)\skripsi\code\code_mhs\2341720187\m07\tp01.ipynb,SUCCESS,Preprocessing berhasil
2026-03-04 11:21:37,D:\PUTRI\D4\SEMESTER 8 (4C)\skripsi\code\code_mhs\2341720187\m08\tp01.ipynb,SUCCESS,Preprocessing berhasil
2026-03-04 11:21:38,D:\PUTRI\D4\SEMESTER 8 (4C)\skripsi\code\code_mhs\2341720187\m09\p01.ipynb,SUCCESS,Preprocessing berhasil
2026-03-04 11:21:38,D:\PUTRI\D4\SEMESTER 8 (4C)\skripsi\code\code_mhs\2341720187\m09\p02.ipynb,SUCCESS,Preprocessing berhasil
2026-03-04 11:21:38,D:\PUTRI\D4\SEMESTER 8 (4C)\skripsi\code\code_mhs\2341720187\m09\p03.ipynb,SUCCESS,Preprocessing berhasil
2026-03-04 11:21:38,D:\PUTRI\D4\SEMESTER 8 (4C)\skripsi\code\code_mhs\2341720187\m09\tp01.ipynb,SUCCESS,Preprocessing berhasil
2026-03-04 11:21:38,D:\PUTRI\D4\SEMESTER 8 (4C)\skripsi\code\code_mhs\2341720187\m09\tp02.ipynb,SUCCESS,Preprocessing berhasil
2026-03-04 11:21:38,D:\PUTRI\D4\SEMESTER 8 (4C)\skripsi\code\code_mhs\2341720187\m11\p01.ipynb,FAILED,Identifier normalization gagal
2026-03-04 11:21:38,D:\PUTRI\D4\SEMESTER 8 (4C)\skripsi\code\code_mhs\2341720187\m11\p02.ipynb,SUCCESS,Preprocessing berhasil
2026-03-04 11:21:38,D:\PUTRI\D4\SEMESTER 8 (4C)\skripsi\code\code_mhs\2341720187\m11\p03.ipynb,SUCCESS,Preprocessing berhasil
2026-03-04 11:21:38,D:\PUTRI\D4\SEMESTER 8 (4C)\skripsi\code\code_mhs\2341720187\m11\p04.ipynb,SUCCESS,Preprocessing berhasil
2026-03-04 11:21:38,D:\PUTRI\D4\SEMESTER 8 (4C)\skripsi\code\code_mhs\2341720187\m11\p05.ipynb,SUCCESS,Preprocessing berhasil
2026-03-04 11:21:38,D:\PUTRI\D4\SEMESTER 8 (4C)\skripsi\code\code_mhs\2341720187\m11\tp01.ipynb,SUCCESS,Preprocessing berhasil
2026-03-04 11:21:38,D:\PUTRI\D4\SEMESTER 8 (4C)\skripsi\code\code_mhs\2341720187\m13\p01.ipynb,SUCCESS,Preprocessing berhasil
2026-03-04 11:21:38,D:\PUTRI\D4\SEMESTER 8 (4C)\skripsi\code\code_mhs\2341720187\m13\p02.ipynb,SUCCESS,Preprocessing berhasil
2026-03-04 11:21:38,D:\PUTRI\D4\SEMESTER 8 (4C)\skripsi\code\code_mhs\2341720187\m13\p03.ipynb,SUCCESS,Preprocessing berhasil
2026-03-04 11:21:38,D:\PUTRI\D4\SEMESTER 8 (4C)\skripsi\code\code_mhs\2341720187\m13\tp01.ipynb,SUCCESS,Preprocessing berhasil
2026-03-04 11:21:38,D:\PUTRI\D4\SEMESTER 8 (4C)\skripsi\code\code_mhs\2341720187\m14\p01.ipynb,INVALID,SyntaxError baris 1: invalid syntax
2026-03-04 11:21:38,D:\PUTRI\D4\SEMESTER 8 (4C)\skripsi\code\code_mhs\2341720187\m14\p02.ipynb,SUCCESS,Preprocessing berhasil
2026-03-04 11:21:38,D:\PUTRI\D4\SEMESTER 8 (4C)\skripsi\code\code_mhs\2341720187\m14\tp01.ipynb,SUCCESS,Preprocessing berhasil
2026-03-04 11:21:38,D:\PUTRI\D4\SEMESTER 8 (4C)\skripsi\code\code_mhs\2341720187\m15\app.py,SUCCESS,Preprocessing berhasil
2026-03-04 11:21:38,D:\PUTRI\D4\SEMESTER 8 (4C)\skripsi\code\code_mhs\2341720187\m15\p01.ipynb,SUCCESS,Preprocessing berhasil
2026-03-04 11:21:38,D:\PUTRI\D4\SEMESTER 8 (4C)\skripsi\code\code_mhs\2341720187\m15\p02.ipynb,SUCCESS,Preprocessing berhasil
2026-03-04 11:21:38,D:\PUTRI\D4\SEMESTER 8 (4C)\skripsi\code\code_mhs\2341720187\unclassified\p01.ipynb,SUCCESS,Preprocessing berhasil
2026-03-04 11:21:38,D:\PUTRI\D4\SEMESTER 8 (4C)\skripsi\code\code_mhs\2341720187\unclassified\p02.ipynb,SUCCESS,Preprocessing berhasil
2026-03-04 11:21:38,D:\PUTRI\D4\SEMESTER 8 (4C)\skripsi\code\code_mhs\2341720187\unclassified\UAS.ipynb,SUCCESS,Preprocessing berhasil
2026-03-04 11:21:38,D:\PUTRI\D4\SEMESTER 8 (4C)\skripsi\code\code_mhs\2341720191\kuis\kuis.ipynb,SUCCESS,Preprocessing berhasil
2026-03-04 11:21:38,D:\PUTRI\D4\SEMESTER 8 (4C)\skripsi\code\code_mhs\2341720191\m01\p01.ipynb,SUCCESS,Preprocessing berhasil
2026-03-04 11:21:38,D:\PUTRI\D4\SEMESTER 8 (4C)\skripsi\code\code_mhs\2341720191\m02\p01.ipynb,SUCCESS,Preprocessing berhasil
2026-03-04 11:21:38,D:\PUTRI\D4\SEMESTER 8 (4C)\skripsi\code\code_mhs\2341720191\m02\p02.ipynb,SUCCESS,Preprocessing berhasil
2026-03-04 11:21:39,D:\PUTRI\D4\SEMESTER 8 (4C)\skripsi\code\code_mhs\2341720191\m02\p03.ipynb,SUCCESS,Preprocessing berhasil
2026-03-04 11:21:39,D:\PUTRI\D4\SEMESTER 8 (4C)\skripsi\code\code_mhs\2341720191\m02\p04.ipynb,SUCCESS,Preprocessing berhasil
2026-03-04 11:21:39,D:\PUTRI\D4\SEMESTER 8 (4C)\skripsi\code\code_mhs\2341720191\m02\tp01.ipynb,SUCCESS,Preprocessing berhasil
2026-03-04 11:21:39,D:\PUTRI\D4\SEMESTER 8 (4C)\skripsi\code\code_mhs\2341720191\m03\p01.ipynb,SUCCESS,Preprocessing berhasil
2026-03-04 11:21:39,D:\PUTRI\D4\SEMESTER 8 (4C)\skripsi\code\code_mhs\2341720191\m03\p02.ipynb,SUCCESS,Preprocessing berhasil
2026-03-04 11:21:39,D:\PUTRI\D4\SEMESTER 8 (4C)\skripsi\code\code_mhs\2341720191\m03\p03.ipynb,SUCCESS,Preprocessing berhasil
2026-03-04 11:21:39,D:\PUTRI\D4\SEMESTER 8 (4C)\skripsi\code\code_mhs\2341720191\m03\p04.ipynb,SUCCESS,Preprocessing berhasil
2026-03-04 11:21:39,D:\PUTRI\D4\SEMESTER 8 (4C)\skripsi\code\code_mhs\2341720191\m03\tp01.ipynb,SUCCESS,Preprocessing berhasil
2026-03-04 11:21:39,D:\PUTRI\D4\SEMESTER 8 (4C)\skripsi\code\code_mhs\2341720191\m04\JS04_prkatikum.ipynb,SUCCESS,Preprocessing berhasil
2026-03-04 11:21:39,D:\PUTRI\D4\SEMESTER 8 (4C)\skripsi\code\code_mhs\2341720191\m04\p01.ipynb,SUCCESS,Preprocessing berhasil
2026-03-04 11:21:39,D:\PUTRI\D4\SEMESTER 8 (4C)\skripsi\code\code_mhs\2341720191\m04\p02.ipynb,SUCCESS,Preprocessing berhasil
2026-03-04 11:21:39,D:\PUTRI\D4\SEMESTER 8 (4C)\skripsi\code\code_mhs\2341720191\m04\p03.ipynb,SUCCESS,Preprocessing berhasil
2026-03-04 11:21:39,D:\PUTRI\D4\SEMESTER 8 (4C)\skripsi\code\code_mhs\2341720191\m04\tp01.ipynb,SUCCESS,Preprocessing berhasil
2026-03-04 11:21:39,D:\PUTRI\D4\SEMESTER 8 (4C)\skripsi\code\code_mhs\2341720191\m05\JS05_praktikum.ipynb,SUCCESS,Preprocessing berhasil
2026-03-04 11:21:39,D:\PUTRI\D4\SEMESTER 8 (4C)\skripsi\code\code_mhs\2341720191\m05\p01.ipynb,SUCCESS,Preprocessing berhasil
2026-03-04 11:21:39,D:\PUTRI\D4\SEMESTER 8 (4C)\skripsi\code\code_mhs\2341720191\m05\p02.ipynb,SUCCESS,Preprocessing berhasil
2026-03-04 11:21:39,D:\PUTRI\D4\SEMESTER 8 (4C)\skripsi\code\code_mhs\2341720191\m05\tp01.ipynb,SUCCESS,Preprocessing berhasil
2026-03-04 11:21:40,D:\PUTRI\D4\SEMESTER 8 (4C)\skripsi\code\code_mhs\2341720191\m06\JS06_Praktikum.ipynb,SUCCESS,Preprocessing berhasil
2026-03-04 11:21:40,D:\PUTRI\D4\SEMESTER 8 (4C)\skripsi\code\code_mhs\2341720191\m06\p01.ipynb,SUCCESS,Preprocessing berhasil
2026-03-04 11:21:40,D:\PUTRI\D4\SEMESTER 8 (4C)\skripsi\code\code_mhs\2341720191\m06\p02.ipynb,SUCCESS,Preprocessing berhasil
2026-03-04 11:21:40,D:\PUTRI\D4\SEMESTER 8 (4C)\skripsi\code\code_mhs\2341720191\m06\tp01.ipynb,SUCCESS,Preprocessing berhasil
2026-03-04 11:21:40,D:\PUTRI\D4\SEMESTER 8 (4C)\skripsi\code\code_mhs\2341720191\m07\JS07_Praktikum.ipynb,SUCCESS,Preprocessing berhasil
2026-03-04 11:21:40,D:\PUTRI\D4\SEMESTER 8 (4C)\skripsi\code\code_mhs\2341720191\m07\p01.ipynb,SUCCESS,Preprocessing berhasil
2026-03-04 11:21:40,D:\PUTRI\D4\SEMESTER 8 (4C)\skripsi\code\code_mhs\2341720191\m07\p02.ipynb,SUCCESS,Preprocessing berhasil
2026-03-04 11:21:40,D:\PUTRI\D4\SEMESTER 8 (4C)\skripsi\code\code_mhs\2341720191\m07\p03.ipynb,SUCCESS,Preprocessing berhasil
2026-03-04 11:21:40,D:\PUTRI\D4\SEMESTER 8 (4C)\skripsi\code\code_mhs\2341720191\m07\p04.ipynb,SUCCESS,Preprocessing berhasil
2026-03-04 11:21:40,D:\PUTRI\D4\SEMESTER 8 (4C)\skripsi\code\code_mhs\2341720191\m07\p05.ipynb,SUCCESS,Preprocessing berhasil
2026-03-04 11:21:40,D:\PUTRI\D4\SEMESTER 8 (4C)\skripsi\code\code_mhs\2341720191\m07\p06.ipynb,SUCCESS,Preprocessing berhasil
2026-03-04 11:21:40,D:\PUTRI\D4\SEMESTER 8 (4C)\skripsi\code\code_mhs\2341720191\m07\tp01.ipynb,SUCCESS,Preprocessing berhasil
2026-03-04 11:21:40,D:\PUTRI\D4\SEMESTER 8 (4C)\skripsi\code\code_mhs\2341720191\m08\tp01.ipynb,SUCCESS,Preprocessing berhasil
2026-03-04 11:21:40,D:\PUTRI\D4\SEMESTER 8 (4C)\skripsi\code\code_mhs\2341720191\m09\JS09_Praktikum.ipynb,SUCCESS,Preprocessing berhasil
2026-03-04 11:21:40,D:\PUTRI\D4\SEMESTER 8 (4C)\skripsi\code\code_mhs\2341720191\m09\p01.ipynb,SUCCESS,Preprocessing berhasil
2026-03-04 11:21:41,D:\PUTRI\D4\SEMESTER 8 (4C)\skripsi\code\code_mhs\2341720191\m09\p02.ipynb,SUCCESS,Preprocessing berhasil
2026-03-04 11:21:41,D:\PUTRI\D4\SEMESTER 8 (4C)\skripsi\code\code_mhs\2341720191\m09\p03.ipynb,SUCCESS,Preprocessing berhasil
2026-03-04 11:21:41,D:\PUTRI\D4\SEMESTER 8 (4C)\skripsi\code\code_mhs\2341720191\m09\tp01.ipynb,SUCCESS,Preprocessing berhasil
2026-03-04 11:21:41,D:\PUTRI\D4\SEMESTER 8 (4C)\skripsi\code\code_mhs\2341720191\m09\tp02.ipynb,SUCCESS,Preprocessing berhasil
2026-03-04 11:21:41,D:\PUTRI\D4\SEMESTER 8 (4C)\skripsi\code\code_mhs\2341720191\m11\JS11_Praktikum.ipynb,FAILED,Identifier normalization gagal
2026-03-04 11:21:41,D:\PUTRI\D4\SEMESTER 8 (4C)\skripsi\code\code_mhs\2341720191\m11\p01.ipynb,FAILED,Identifier normalization gagal
2026-03-04 11:21:41,D:\PUTRI\D4\SEMESTER 8 (4C)\skripsi\code\code_mhs\2341720191\m11\p02.ipynb,SUCCESS,Preprocessing berhasil
2026-03-04 11:21:41,D:\PUTRI\D4\SEMESTER 8 (4C)\skripsi\code\code_mhs\2341720191\m11\p03.ipynb,SUCCESS,Preprocessing berhasil
2026-03-04 11:21:41,D:\PUTRI\D4\SEMESTER 8 (4C)\skripsi\code\code_mhs\2341720191\m11\p04.ipynb,SUCCESS,Preprocessing berhasil
2026-03-04 11:21:41,D:\PUTRI\D4\SEMESTER 8 (4C)\skripsi\code\code_mhs\2341720191\m11\p05.ipynb,SUCCESS,Preprocessing berhasil
2026-03-04 11:21:41,D:\PUTRI\D4\SEMESTER 8 (4C)\skripsi\code\code_mhs\2341720191\m11\tp01.ipynb,SUCCESS,Preprocessing berhasil
2026-03-04 11:21:41,D:\PUTRI\D4\SEMESTER 8 (4C)\skripsi\code\code_mhs\2341720191\m13\JS13_Praktikum.ipynb,SUCCESS,Preprocessing berhasil
2026-03-04 11:21:41,D:\PUTRI\D4\SEMESTER 8 (4C)\skripsi\code\code_mhs\2341720191\m13\p01.ipynb,SUCCESS,Preprocessing berhasil
2026-03-04 11:21:41,D:\PUTRI\D4\SEMESTER 8 (4C)\skripsi\code\code_mhs\2341720191\m13\p02.ipynb,SUCCESS,Preprocessing berhasil
2026-03-04 11:21:41,D:\PUTRI\D4\SEMESTER 8 (4C)\skripsi\code\code_mhs\2341720191\m13\p03.ipynb,SUCCESS,Preprocessing berhasil
2026-03-04 11:21:41,D:\PUTRI\D4\SEMESTER 8 (4C)\skripsi\code\code_mhs\2341720191\m13\tp01.ipynb,SUCCESS,Preprocessing berhasil
2026-03-04 11:21:41,D:\PUTRI\D4\SEMESTER 8 (4C)\skripsi\code\code_mhs\2341720191\m14\JS14_Praktikum.ipynb,SUCCESS,Preprocessing berhasil
2026-03-04 11:21:41,D:\PUTRI\D4\SEMESTER 8 (4C)\skripsi\code\code_mhs\2341720191\m14\p01.ipynb,SUCCESS,Preprocessing berhasil
2026-03-04 11:21:41,D:\PUTRI\D4\SEMESTER 8 (4C)\skripsi\code\code_mhs\2341720191\m14\p02.ipynb,SUCCESS,Preprocessing berhasil
2026-03-04 11:21:41,D:\PUTRI\D4\SEMESTER 8 (4C)\skripsi\code\code_mhs\2341720191\m14\tp01.ipynb,SUCCESS,Preprocessing berhasil
2026-03-04 11:21:41,D:\PUTRI\D4\SEMESTER 8 (4C)\skripsi\code\code_mhs\2341720191\m15\p01.ipynb,SUCCESS,Preprocessing berhasil
2026-03-04 11:21:41,D:\PUTRI\D4\SEMESTER 8 (4C)\skripsi\code\code_mhs\2341720191\m15\tp01.ipynb,FAILED,Tidak bisa membaca file
2026-03-04 11:21:41,D:\PUTRI\D4\SEMESTER 8 (4C)\skripsi\code\code_mhs\2341720191\pbl\pbl.ipynb,SUCCESS,Preprocessing berhasil
2026-03-04 11:21:41,D:\PUTRI\D4\SEMESTER 8 (4C)\skripsi\code\code_mhs\2341720191\unclassified\abc.py,SUCCESS,Preprocessing berhasil
2026-03-04 11:21:41,D:\PUTRI\D4\SEMESTER 8 (4C)\skripsi\code\code_mhs\2341720191\unclassified\actions.py,SUCCESS,Preprocessing berhasil
2026-03-04 11:21:42,D:\PUTRI\D4\SEMESTER 8 (4C)\skripsi\code\code_mhs\2341720191\unclassified\adapter.py,SUCCESS,Preprocessing berhasil
2026-03-04 11:21:42,D:\PUTRI\D4\SEMESTER 8 (4C)\skripsi\code\code_mhs\2341720191\unclassified\adapters.py,SUCCESS,Preprocessing berhasil
2026-03-04 11:21:42,D:\PUTRI\D4\SEMESTER 8 (4C)\skripsi\code\code_mhs\2341720191\unclassified\after.py,FAILED,Identifier normalization gagal
2026-03-04 11:21:42,D:\PUTRI\D4\SEMESTER 8 (4C)\skripsi\code\code_mhs\2341720191\unclassified\align.py,SUCCESS,Preprocessing berhasil
2026-03-04 11:21:42,D:\PUTRI\D4\SEMESTER 8 (4C)\skripsi\code\code_mhs\2341720191\unclassified\android.py,SUCCESS,Preprocessing berhasil
2026-03-04 11:21:42,D:\PUTRI\D4\SEMESTER 8 (4C)\skripsi\code\code_mhs\2341720191\unclassified\ansi.py,SUCCESS,Preprocessing berhasil
2026-03-04 11:21:42,D:\PUTRI\D4\SEMESTER 8 (4C)\skripsi\code\code_mhs\2341720191\unclassified\ansitowin32.py,SUCCESS,Preprocessing berhasil
2026-03-04 11:21:42,D:\PUTRI\D4\SEMESTER 8 (4C)\skripsi\code\code_mhs\2341720191\unclassified\ansitowin32_test.py,SUCCESS,Preprocessing berhasil
2026-03-04 11:21:42,D:\PUTRI\D4\SEMESTER 8 (4C)\skripsi\code\code_mhs\2341720191\unclassified\ansi_test.py,SUCCESS,Preprocessing berhasil
2026-03-04 11:21:42,D:\PUTRI\D4\SEMESTER 8 (4C)\skripsi\code\code_mhs\2341720191\unclassified\api.py,SUCCESS,Preprocessing berhasil
2026-03-04 11:21:42,D:\PUTRI\D4\SEMESTER 8 (4C)\skripsi\code\code_mhs\2341720191\unclassified\appdirs.py,SUCCESS,Preprocessing berhasil
2026-03-04 11:21:42,D:\PUTRI\D4\SEMESTER 8 (4C)\skripsi\code\code_mhs\2341720191\unclassified\appengine.py,SUCCESS,Preprocessing berhasil
2026-03-04 11:21:42,D:\PUTRI\D4\SEMESTER 8 (4C)\skripsi\code\code_mhs\2341720191\unclassified\auth.py,SUCCESS,Preprocessing berhasil
2026-03-04 11:21:42,D:\PUTRI\D4\SEMESTER 8 (4C)\skripsi\code\code_mhs\2341720191\unclassified\autocompletion.py,SUCCESS,Preprocessing berhasil
2026-03-04 11:21:42,D:\PUTRI\D4\SEMESTER 8 (4C)\skripsi\code\code_mhs\2341720191\unclassified\bar.py,SUCCESS,Preprocessing berhasil
2026-03-04 11:21:42,D:\PUTRI\D4\SEMESTER 8 (4C)\skripsi\code\code_mhs\2341720191\unclassified\base.py,SUCCESS,Preprocessing berhasil
2026-03-04 11:21:42,D:\PUTRI\D4\SEMESTER 8 (4C)\skripsi\code\code_mhs\2341720191\unclassified\base_command.py,SUCCESS,Preprocessing berhasil
2026-03-04 11:21:42,D:\PUTRI\D4\SEMESTER 8 (4C)\skripsi\code\code_mhs\2341720191\unclassified\bazaar.py,SUCCESS,Preprocessing berhasil
2026-03-04 11:21:42,D:\PUTRI\D4\SEMESTER 8 (4C)\skripsi\code\code_mhs\2341720191\unclassified\bbcode.py,FAILED,Identifier normalization gagal
2026-03-04 11:21:42,D:\PUTRI\D4\SEMESTER 8 (4C)\skripsi\code\code_mhs\2341720191\unclassified\before.py,FAILED,Identifier normalization gagal
2026-03-04 11:21:42,D:\PUTRI\D4\SEMESTER 8 (4C)\skripsi\code\code_mhs\2341720191\unclassified\before_sleep.py,FAILED,Identifier normalization gagal
2026-03-04 11:21:42,D:\PUTRI\D4\SEMESTER 8 (4C)\skripsi\code\code_mhs\2341720191\unclassified\big5freq.py,SUCCESS,Preprocessing berhasil
2026-03-04 11:21:42,D:\PUTRI\D4\SEMESTER 8 (4C)\skripsi\code\code_mhs\2341720191\unclassified\big5prober.py,SUCCESS,Preprocessing berhasil
2026-03-04 11:21:42,D:\PUTRI\D4\SEMESTER 8 (4C)\skripsi\code\code_mhs\2341720191\unclassified\bindings.py,SUCCESS,Preprocessing berhasil
2026-03-04 11:21:42,D:\PUTRI\D4\SEMESTER 8 (4C)\skripsi\code\code_mhs\2341720191\unclassified\box.py,SUCCESS,Preprocessing berhasil
2026-03-04 11:21:42,D:\PUTRI\D4\SEMESTER 8 (4C)\skripsi\code\code_mhs\2341720191\unclassified\build_env.py,FAILED,Identifier normalization gagal
2026-03-04 11:21:42,D:\PUTRI\D4\SEMESTER 8 (4C)\skripsi\code\code_mhs\2341720191\unclassified\build_tracker.py,SUCCESS,Preprocessing berhasil
2026-03-04 11:21:42,D:\PUTRI\D4\SEMESTER 8 (4C)\skripsi\code\code_mhs\2341720191\unclassified\cache.py,SUCCESS,Preprocessing berhasil
2026-03-04 11:21:42,D:\PUTRI\D4\SEMESTER 8 (4C)\skripsi\code\code_mhs\2341720191\unclassified\candidate.py,SUCCESS,Preprocessing berhasil
2026-03-04 11:21:42,D:\PUTRI\D4\SEMESTER 8 (4C)\skripsi\code\code_mhs\2341720191\unclassified\candidates.py,SUCCESS,Preprocessing berhasil
2026-03-04 11:21:42,D:\PUTRI\D4\SEMESTER 8 (4C)\skripsi\code\code_mhs\2341720191\unclassified\cells.py,SUCCESS,Preprocessing berhasil
2026-03-04 11:21:42,D:\PUTRI\D4\SEMESTER 8 (4C)\skripsi\code\code_mhs\2341720191\unclassified\certs.py,SUCCESS,Preprocessing berhasil
2026-03-04 11:21:42,D:\PUTRI\D4\SEMESTER 8 (4C)\skripsi\code\code_mhs\2341720191\unclassified\chardetect.py,SUCCESS,Preprocessing berhasil
2026-03-04 11:21:42,D:\PUTRI\D4\SEMESTER 8 (4C)\skripsi\code\code_mhs\2341720191\unclassified\chardistribution.py,SUCCESS,Preprocessing berhasil
2026-03-04 11:21:42,D:\PUTRI\D4\SEMESTER 8 (4C)\skripsi\code\code_mhs\2341720191\unclassified\charsetgroupprober.py,SUCCESS,Preprocessing berhasil
2026-03-04 11:21:42,D:\PUTRI\D4\SEMESTER 8 (4C)\skripsi\code\code_mhs\2341720191\unclassified\check.py,SUCCESS,Preprocessing berhasil
2026-03-04 11:21:42,D:\PUTRI\D4\SEMESTER 8 (4C)\skripsi\code\code_mhs\2341720191\unclassified\cmdline.py,SUCCESS,Preprocessing berhasil
2026-03-04 11:21:42,D:\PUTRI\D4\SEMESTER 8 (4C)\skripsi\code\code_mhs\2341720191\unclassified\cmdoptions.py,SUCCESS,Preprocessing berhasil
2026-03-04 11:21:42,D:\PUTRI\D4\SEMESTER 8 (4C)\skripsi\code\code_mhs\2341720191\unclassified\codec.py,SUCCESS,Preprocessing berhasil
2026-03-04 11:21:42,D:\PUTRI\D4\SEMESTER 8 (4C)\skripsi\code\code_mhs\2341720191\unclassified\codingstatemachine.py,SUCCESS,Preprocessing berhasil
2026-03-04 11:21:42,D:\PUTRI\D4\SEMESTER 8 (4C)\skripsi\code\code_mhs\2341720191\unclassified\codingstatemachinedict.py,SUCCESS,Preprocessing berhasil
2026-03-04 11:21:42,D:\PUTRI\D4\SEMESTER 8 (4C)\skripsi\code\code_mhs\2341720191\unclassified\collections_abc.py,SUCCESS,Preprocessing berhasil
2026-03-04 11:21:42,D:\PUTRI\D4\SEMESTER 8 (4C)\skripsi\code\code_mhs\2341720191\unclassified\collector.py,FAILED,Identifier normalization gagal
2026-03-04 11:21:42,D:\PUTRI\D4\SEMESTER 8 (4C)\skripsi\code\code_mhs\2341720191\unclassified\color.py,FAILED,Identifier normalization gagal
2026-03-04 11:21:42,D:\PUTRI\D4\SEMESTER 8 (4C)\skripsi\code\code_mhs\2341720191\unclassified\color_triplet.py,FAILED,Identifier normalization gagal
2026-03-04 11:21:42,D:\PUTRI\D4\SEMESTER 8 (4C)\skripsi\code\code_mhs\2341720191\unclassified\columns.py,SUCCESS,Preprocessing berhasil
2026-03-04 11:21:42,D:\PUTRI\D4\SEMESTER 8 (4C)\skripsi\code\code_mhs\2341720191\unclassified\command_context.py,SUCCESS,Preprocessing berhasil
2026-03-04 11:21:42,D:\PUTRI\D4\SEMESTER 8 (4C)\skripsi\code\code_mhs\2341720191\unclassified\common.py,FAILED,Identifier normalization gagal
2026-03-04 11:21:42,D:\PUTRI\D4\SEMESTER 8 (4C)\skripsi\code\code_mhs\2341720191\unclassified\compat.py,SUCCESS,Preprocessing berhasil
2026-03-04 11:21:42,D:\PUTRI\D4\SEMESTER 8 (4C)\skripsi\code\code_mhs\2341720191\unclassified\compatibility_tags.py,SUCCESS,Preprocessing berhasil
2026-03-04 11:21:42,D:\PUTRI\D4\SEMESTER 8 (4C)\skripsi\code\code_mhs\2341720191\unclassified\completion.py,FAILED,Identifier normalization gagal
2026-03-04 11:21:42,D:\PUTRI\D4\SEMESTER 8 (4C)\skripsi\code\code_mhs\2341720191\unclassified\configuration.py,SUCCESS,Preprocessing berhasil
2026-03-04 11:21:42,D:\PUTRI\D4\SEMESTER 8 (4C)\skripsi\code\code_mhs\2341720191\unclassified\connection.py,SUCCESS,Preprocessing berhasil
2026-03-04 11:21:42,D:\PUTRI\D4\SEMESTER 8 (4C)\skripsi\code\code_mhs\2341720191\unclassified\connectionpool.py,FAILED,Identifier normalization gagal
2026-03-04 11:21:42,D:\PUTRI\D4\SEMESTER 8 (4C)\skripsi\code\code_mhs\2341720191\unclassified\console.py,FAILED,Identifier normalization gagal
2026-03-04 11:21:42,D:\PUTRI\D4\SEMESTER 8 (4C)\skripsi\code\code_mhs\2341720191\unclassified\constrain.py,SUCCESS,Preprocessing berhasil
2026-03-04 11:21:42,D:\PUTRI\D4\SEMESTER 8 (4C)\skripsi\code\code_mhs\2341720191\unclassified\constructors.py,FAILED,Identifier normalization gagal
2026-03-04 11:21:42,D:\PUTRI\D4\SEMESTER 8 (4C)\skripsi\code\code_mhs\2341720191\unclassified\containers.py,SUCCESS,Preprocessing berhasil
2026-03-04 11:21:42,D:\PUTRI\D4\SEMESTER 8 (4C)\skripsi\code\code_mhs\2341720191\unclassified\control.py,SUCCESS,Preprocessing berhasil
2026-03-04 11:21:42,D:\PUTRI\D4\SEMESTER 8 (4C)\skripsi\code\code_mhs\2341720191\unclassified\controller.py,FAILED,Identifier normalization gagal
2026-03-04 11:21:42,D:\PUTRI\D4\SEMESTER 8 (4C)\skripsi\code\code_mhs\2341720191\unclassified\cookies.py,FAILED,Identifier normalization gagal
2026-03-04 11:21:43,D:\PUTRI\D4\SEMESTER 8 (4C)\skripsi\code\code_mhs\2341720191\unclassified\core.py,FAILED,Identifier normalization gagal
2026-03-04 11:21:43,D:\PUTRI\D4\SEMESTER 8 (4C)\skripsi\code\code_mhs\2341720191\unclassified\cp949prober.py,SUCCESS,Preprocessing berhasil
2026-03-04 11:21:43,D:\PUTRI\D4\SEMESTER 8 (4C)\skripsi\code\code_mhs\2341720191\unclassified\database.py,SUCCESS,Preprocessing berhasil
2026-03-04 11:21:43,D:\PUTRI\D4\SEMESTER 8 (4C)\skripsi\code\code_mhs\2341720191\unclassified\datetime.py,SUCCESS,Preprocessing berhasil
2026-03-04 11:21:43,D:\PUTRI\D4\SEMESTER 8 (4C)\skripsi\code\code_mhs\2341720191\unclassified\debug.py,INVALID,SyntaxError baris 161: unterminated triple-quoted string literal (detected at line 199)
2026-03-04 11:21:43,D:\PUTRI\D4\SEMESTER 8 (4C)\skripsi\code\code_mhs\2341720191\unclassified\default_styles.py,SUCCESS,Preprocessing berhasil
2026-03-04 11:21:43,D:\PUTRI\D4\SEMESTER 8 (4C)\skripsi\code\code_mhs\2341720191\unclassified\deprecation.py,SUCCESS,Preprocessing berhasil
2026-03-04 11:21:43,D:\PUTRI\D4\SEMESTER 8 (4C)\skripsi\code\code_mhs\2341720191\unclassified\diagnose.py,SUCCESS,Preprocessing berhasil
2026-03-04 11:21:43,D:\PUTRI\D4\SEMESTER 8 (4C)\skripsi\code\code_mhs\2341720191\unclassified\direct_url.py,SUCCESS,Preprocessing berhasil
2026-03-04 11:21:43,D:\PUTRI\D4\SEMESTER 8 (4C)\skripsi\code\code_mhs\2341720191\unclassified\direct_url_helpers.py,FAILED,Identifier normalization gagal
2026-03-04 11:21:43,D:\PUTRI\D4\SEMESTER 8 (4C)\skripsi\code\code_mhs\2341720191\unclassified\distro.py,SUCCESS,Preprocessing berhasil
2026-03-04 11:21:43,D:\PUTRI\D4\SEMESTER 8 (4C)\skripsi\code\code_mhs\2341720191\unclassified\download.py,FAILED,Identifier normalization gagal
2026-03-04 11:21:43,D:\PUTRI\D4\SEMESTER 8 (4C)\skripsi\code\code_mhs\2341720191\unclassified\editable_legacy.py,SUCCESS,Preprocessing berhasil
2026-03-04 11:21:43,D:\PUTRI\D4\SEMESTER 8 (4C)\skripsi\code\code_mhs\2341720191\unclassified\egg_link.py,SUCCESS,Preprocessing berhasil
2026-03-04 11:21:43,D:\PUTRI\D4\SEMESTER 8 (4C)\skripsi\code\code_mhs\2341720191\unclassified\emoji.py,FAILED,Identifier normalization gagal
2026-03-04 11:21:43,D:\PUTRI\D4\SEMESTER 8 (4C)\skripsi\code\code_mhs\2341720191\unclassified\encoding.py,FAILED,Identifier normalization gagal
2026-03-04 11:21:43,D:\PUTRI\D4\SEMESTER 8 (4C)\skripsi\code\code_mhs\2341720191\unclassified\entrypoints.py,SUCCESS,Preprocessing berhasil
2026-03-04 11:21:43,D:\PUTRI\D4\SEMESTER 8 (4C)\skripsi\code\code_mhs\2341720191\unclassified\enums.py,SUCCESS,Preprocessing berhasil
2026-03-04 11:21:43,D:\PUTRI\D4\SEMESTER 8 (4C)\skripsi\code\code_mhs\2341720191\unclassified\errors.py,FAILED,Identifier normalization gagal
2026-03-04 11:21:43,D:\PUTRI\D4\SEMESTER 8 (4C)\skripsi\code\code_mhs\2341720191\unclassified\escprober.py,SUCCESS,Preprocessing berhasil
2026-03-04 11:21:43,D:\PUTRI\D4\SEMESTER 8 (4C)\skripsi\code\code_mhs\2341720191\unclassified\escsm.py,SUCCESS,Preprocessing berhasil
2026-03-04 11:21:43,D:\PUTRI\D4\SEMESTER 8 (4C)\skripsi\code\code_mhs\2341720191\unclassified\eucjpprober.py,SUCCESS,Preprocessing berhasil
2026-03-04 11:21:43,D:\PUTRI\D4\SEMESTER 8 (4C)\skripsi\code\code_mhs\2341720191\unclassified\euckrfreq.py,SUCCESS,Preprocessing berhasil
2026-03-04 11:21:43,D:\PUTRI\D4\SEMESTER 8 (4C)\skripsi\code\code_mhs\2341720191\unclassified\euckrprober.py,SUCCESS,Preprocessing berhasil
2026-03-04 11:21:43,D:\PUTRI\D4\SEMESTER 8 (4C)\skripsi\code\code_mhs\2341720191\unclassified\euctwfreq.py,SUCCESS,Preprocessing berhasil
2026-03-04 11:21:43,D:\PUTRI\D4\SEMESTER 8 (4C)\skripsi\code\code_mhs\2341720191\unclassified\euctwprober.py,SUCCESS,Preprocessing berhasil
2026-03-04 11:21:43,D:\PUTRI\D4\SEMESTER 8 (4C)\skripsi\code\code_mhs\2341720191\unclassified\exceptions.py,SUCCESS,Preprocessing berhasil
2026-03-04 11:21:43,D:\PUTRI\D4\SEMESTER 8 (4C)\skripsi\code\code_mhs\2341720191\unclassified\ext.py,SUCCESS,Preprocessing berhasil
2026-03-04 11:21:43,D:\PUTRI\D4\SEMESTER 8 (4C)\skripsi\code\code_mhs\2341720191\unclassified\factory.py,FAILED,Identifier normalization gagal
2026-03-04 11:21:43,D:\PUTRI\D4\SEMESTER 8 (4C)\skripsi\code\code_mhs\2341720191\unclassified\fallback.py,SUCCESS,Preprocessing berhasil
2026-03-04 11:21:43,D:\PUTRI\D4\SEMESTER 8 (4C)\skripsi\code\code_mhs\2341720191\unclassified\fields.py,SUCCESS,Preprocessing berhasil
2026-03-04 11:21:43,D:\PUTRI\D4\SEMESTER 8 (4C)\skripsi\code\code_mhs\2341720191\unclassified\filepost.py,SUCCESS,Preprocessing berhasil
2026-03-04 11:21:43,D:\PUTRI\D4\SEMESTER 8 (4C)\skripsi\code\code_mhs\2341720191\unclassified\filesize.py,SUCCESS,Preprocessing berhasil
2026-03-04 11:21:43,D:\PUTRI\D4\SEMESTER 8 (4C)\skripsi\code\code_mhs\2341720191\unclassified\filesystem.py,SUCCESS,Preprocessing berhasil
2026-03-04 11:21:43,D:\PUTRI\D4\SEMESTER 8 (4C)\skripsi\code\code_mhs\2341720191\unclassified\filetypes.py,SUCCESS,Preprocessing berhasil
2026-03-04 11:21:43,D:\PUTRI\D4\SEMESTER 8 (4C)\skripsi\code\code_mhs\2341720191\unclassified\filewrapper.py,SUCCESS,Preprocessing berhasil
2026-03-04 11:21:43,D:\PUTRI\D4\SEMESTER 8 (4C)\skripsi\code\code_mhs\2341720191\unclassified\file_cache.py,SUCCESS,Preprocessing berhasil
2026-03-04 11:21:43,D:\PUTRI\D4\SEMESTER 8 (4C)\skripsi\code\code_mhs\2341720191\unclassified\file_proxy.py,SUCCESS,Preprocessing berhasil
2026-03-04 11:21:43,D:\PUTRI\D4\SEMESTER 8 (4C)\skripsi\code\code_mhs\2341720191\unclassified\filter.py,SUCCESS,Preprocessing berhasil
2026-03-04 11:21:43,D:\PUTRI\D4\SEMESTER 8 (4C)\skripsi\code\code_mhs\2341720191\unclassified\formatter.py,SUCCESS,Preprocessing berhasil
2026-03-04 11:21:43,D:\PUTRI\D4\SEMESTER 8 (4C)\skripsi\code\code_mhs\2341720191\unclassified\format_control.py,SUCCESS,Preprocessing berhasil
2026-03-04 11:21:43,D:\PUTRI\D4\SEMESTER 8 (4C)\skripsi\code\code_mhs\2341720191\unclassified\found_candidates.py,SUCCESS,Preprocessing berhasil
2026-03-04 11:21:43,D:\PUTRI\D4\SEMESTER 8 (4C)\skripsi\code\code_mhs\2341720191\unclassified\freeze.py,FAILED,Identifier normalization gagal
2026-03-04 11:21:43,D:\PUTRI\D4\SEMESTER 8 (4C)\skripsi\code\code_mhs\2341720191\unclassified\gb2312freq.py,SUCCESS,Preprocessing berhasil
2026-03-04 11:21:43,D:\PUTRI\D4\SEMESTER 8 (4C)\skripsi\code\code_mhs\2341720191\unclassified\gb2312prober.py,SUCCESS,Preprocessing berhasil
2026-03-04 11:21:43,D:\PUTRI\D4\SEMESTER 8 (4C)\skripsi\code\code_mhs\2341720191\unclassified\git.py,FAILED,Identifier normalization gagal
2026-03-04 11:21:43,D:\PUTRI\D4\SEMESTER 8 (4C)\skripsi\code\code_mhs\2341720191\unclassified\glibc.py,SUCCESS,Preprocessing berhasil
2026-03-04 11:21:43,D:\PUTRI\D4\SEMESTER 8 (4C)\skripsi\code\code_mhs\2341720191\unclassified\groff.py,FAILED,Identifier normalization gagal
2026-03-04 11:21:43,D:\PUTRI\D4\SEMESTER 8 (4C)\skripsi\code\code_mhs\2341720191\unclassified\hash.py,SUCCESS,Preprocessing berhasil
2026-03-04 11:21:43,D:\PUTRI\D4\SEMESTER 8 (4C)\skripsi\code\code_mhs\2341720191\unclassified\hashes.py,SUCCESS,Preprocessing berhasil
2026-03-04 11:21:43,D:\PUTRI\D4\SEMESTER 8 (4C)\skripsi\code\code_mhs\2341720191\unclassified\hebrewprober.py,SUCCESS,Preprocessing berhasil
2026-03-04 11:21:43,D:\PUTRI\D4\SEMESTER 8 (4C)\skripsi\code\code_mhs\2341720191\unclassified\help.py,SUCCESS,Preprocessing berhasil
2026-03-04 11:21:43,D:\PUTRI\D4\SEMESTER 8 (4C)\skripsi\code\code_mhs\2341720191\unclassified\helpers.py,FAILED,Identifier normalization gagal
2026-03-04 11:21:43,D:\PUTRI\D4\SEMESTER 8 (4C)\skripsi\code\code_mhs\2341720191\unclassified\heuristics.py,SUCCESS,Preprocessing berhasil
2026-03-04 11:21:43,D:\PUTRI\D4\SEMESTER 8 (4C)\skripsi\code\code_mhs\2341720191\unclassified\highlighter.py,FAILED,Identifier normalization gagal
2026-03-04 11:21:43,D:\PUTRI\D4\SEMESTER 8 (4C)\skripsi\code\code_mhs\2341720191\unclassified\hooks.py,SUCCESS,Preprocessing berhasil
2026-03-04 11:21:44,D:\PUTRI\D4\SEMESTER 8 (4C)\skripsi\code\code_mhs\2341720191\unclassified\html.py,FAILED,Identifier normalization gagal
2026-03-04 11:21:44,D:\PUTRI\D4\SEMESTER 8 (4C)\skripsi\code\code_mhs\2341720191\unclassified\idnadata.py,SUCCESS,Preprocessing berhasil
2026-03-04 11:21:44,D:\PUTRI\D4\SEMESTER 8 (4C)\skripsi\code\code_mhs\2341720191\unclassified\img.py,FAILED,Identifier normalization gagal
2026-03-04 11:21:44,D:\PUTRI\D4\SEMESTER 8 (4C)\skripsi\code\code_mhs\2341720191\unclassified\index.py,INVALID,SyntaxError baris 430: '(' was never closed
2026-03-04 11:21:44,D:\PUTRI\D4\SEMESTER 8 (4C)\skripsi\code\code_mhs\2341720191\unclassified\initialise.py,SUCCESS,Preprocessing berhasil
2026-03-04 11:21:44,D:\PUTRI\D4\SEMESTER 8 (4C)\skripsi\code\code_mhs\2341720191\unclassified\initialise_test.py,SUCCESS,Preprocessing berhasil
2026-03-04 11:21:44,D:\PUTRI\D4\SEMESTER 8 (4C)\skripsi\code\code_mhs\2341720191\unclassified\inject_securetransport.py,SUCCESS,Preprocessing berhasil
2026-03-04 11:21:44,D:\PUTRI\D4\SEMESTER 8 (4C)\skripsi\code\code_mhs\2341720191\unclassified\inspect.py,INVALID,SyntaxError baris 25: unterminated triple-quoted string literal (detected at line 92)
2026-03-04 11:21:44,D:\PUTRI\D4\SEMESTER 8 (4C)\skripsi\code\code_mhs\2341720191\unclassified\install.py,INVALID,SyntaxError baris 730: unterminated triple-quoted string literal (detected at line 778)
2026-03-04 11:21:44,D:\PUTRI\D4\SEMESTER 8 (4C)\skripsi\code\code_mhs\2341720191\unclassified\installation_report.py,SUCCESS,Preprocessing berhasil
2026-03-04 11:21:44,D:\PUTRI\D4\SEMESTER 8 (4C)\skripsi\code\code_mhs\2341720191\unclassified\installed.py,SUCCESS,Preprocessing berhasil
2026-03-04 11:21:44,D:\PUTRI\D4\SEMESTER 8 (4C)\skripsi\code\code_mhs\2341720191\unclassified\intranges.py,SUCCESS,Preprocessing berhasil
2026-03-04 11:21:44,D:\PUTRI\D4\SEMESTER 8 (4C)\skripsi\code\code_mhs\2341720191\unclassified\irc.py,SUCCESS,Preprocessing berhasil
2026-03-04 11:21:44,D:\PUTRI\D4\SEMESTER 8 (4C)\skripsi\code\code_mhs\2341720191\unclassified\isatty_test.py,SUCCESS,Preprocessing berhasil
2026-03-04 11:21:44,D:\PUTRI\D4\SEMESTER 8 (4C)\skripsi\code\code_mhs\2341720191\unclassified\jisfreq.py,SUCCESS,Preprocessing berhasil
2026-03-04 11:21:44,D:\PUTRI\D4\SEMESTER 8 (4C)\skripsi\code\code_mhs\2341720191\unclassified\johabfreq.py,SUCCESS,Preprocessing berhasil
2026-03-04 11:21:44,D:\PUTRI\D4\SEMESTER 8 (4C)\skripsi\code\code_mhs\2341720191\unclassified\johabprober.py,SUCCESS,Preprocessing berhasil
2026-03-04 11:21:44,D:\PUTRI\D4\SEMESTER 8 (4C)\skripsi\code\code_mhs\2341720191\unclassified\jpcntx.py,SUCCESS,Preprocessing berhasil
2026-03-04 11:21:44,D:\PUTRI\D4\SEMESTER 8 (4C)\skripsi\code\code_mhs\2341720191\unclassified\json.py,SUCCESS,Preprocessing berhasil
2026-03-04 11:21:44,D:\PUTRI\D4\SEMESTER 8 (4C)\skripsi\code\code_mhs\2341720191\unclassified\JS_15_keseluruhan.ipynb,SUCCESS,Preprocessing berhasil
2026-03-04 11:21:44,D:\PUTRI\D4\SEMESTER 8 (4C)\skripsi\code\code_mhs\2341720191\unclassified\jupyter.py,SUCCESS,Preprocessing berhasil
2026-03-04 11:21:44,D:\PUTRI\D4\SEMESTER 8 (4C)\skripsi\code\code_mhs\2341720191\unclassified\labels.py,SUCCESS,Preprocessing berhasil
2026-03-04 11:21:44,D:\PUTRI\D4\SEMESTER 8 (4C)\skripsi\code\code_mhs\2341720191\unclassified\langbulgarianmodel.py,SUCCESS,Preprocessing berhasil
2026-03-04 11:21:44,D:\PUTRI\D4\SEMESTER 8 (4C)\skripsi\code\code_mhs\2341720191\unclassified\langgreekmodel.py,SUCCESS,Preprocessing berhasil
2026-03-04 11:21:45,D:\PUTRI\D4\SEMESTER 8 (4C)\skripsi\code\code_mhs\2341720191\unclassified\langhebrewmodel.py,SUCCESS,Preprocessing berhasil
2026-03-04 11:21:45,D:\PUTRI\D4\SEMESTER 8 (4C)\skripsi\code\code_mhs\2341720191\unclassified\langhungarianmodel.py,SUCCESS,Preprocessing berhasil
2026-03-04 11:21:45,D:\PUTRI\D4\SEMESTER 8 (4C)\skripsi\code\code_mhs\2341720191\unclassified\langrussianmodel.py,SUCCESS,Preprocessing berhasil
2026-03-04 11:21:46,D:\PUTRI\D4\SEMESTER 8 (4C)\skripsi\code\code_mhs\2341720191\unclassified\langthaimodel.py,SUCCESS,Preprocessing berhasil
2026-03-04 11:21:46,D:\PUTRI\D4\SEMESTER 8 (4C)\skripsi\code\code_mhs\2341720191\unclassified\langturkishmodel.py,SUCCESS,Preprocessing berhasil
2026-03-04 11:21:46,D:\PUTRI\D4\SEMESTER 8 (4C)\skripsi\code\code_mhs\2341720191\unclassified\languages.py,SUCCESS,Preprocessing berhasil
2026-03-04 11:21:46,D:\PUTRI\D4\SEMESTER 8 (4C)\skripsi\code\code_mhs\2341720191\unclassified\latex.py,FAILED,Identifier normalization gagal
2026-03-04 11:21:46,D:\PUTRI\D4\SEMESTER 8 (4C)\skripsi\code\code_mhs\2341720191\unclassified\latin1prober.py,SUCCESS,Preprocessing berhasil
2026-03-04 11:21:46,D:\PUTRI\D4\SEMESTER 8 (4C)\skripsi\code\code_mhs\2341720191\unclassified\layout.py,FAILED,Identifier normalization gagal
2026-03-04 11:21:46,D:\PUTRI\D4\SEMESTER 8 (4C)\skripsi\code\code_mhs\2341720191\unclassified\lazy_wheel.py,SUCCESS,Preprocessing berhasil
2026-03-04 11:21:46,D:\PUTRI\D4\SEMESTER 8 (4C)\skripsi\code\code_mhs\2341720191\unclassified\lexer.py,FAILED,Identifier normalization gagal
2026-03-04 11:21:46,D:\PUTRI\D4\SEMESTER 8 (4C)\skripsi\code\code_mhs\2341720191\unclassified\link.py,FAILED,Identifier normalization gagal
2026-03-04 11:21:46,D:\PUTRI\D4\SEMESTER 8 (4C)\skripsi\code\code_mhs\2341720191\unclassified\list.py,INVALID,SyntaxError baris 142: unexpected indent
2026-03-04 11:21:46,D:\PUTRI\D4\SEMESTER 8 (4C)\skripsi\code\code_mhs\2341720191\unclassified\live.py,SUCCESS,Preprocessing berhasil
2026-03-04 11:21:46,D:\PUTRI\D4\SEMESTER 8 (4C)\skripsi\code\code_mhs\2341720191\unclassified\live_render.py,SUCCESS,Preprocessing berhasil
2026-03-04 11:21:46,D:\PUTRI\D4\SEMESTER 8 (4C)\skripsi\code\code_mhs\2341720191\unclassified\locators.py,FAILED,Identifier normalization gagal
2026-03-04 11:21:46,D:\PUTRI\D4\SEMESTER 8 (4C)\skripsi\code\code_mhs\2341720191\unclassified\logging.py,SUCCESS,Preprocessing berhasil
2026-03-04 11:21:46,D:\PUTRI\D4\SEMESTER 8 (4C)\skripsi\code\code_mhs\2341720191\unclassified\low_level.py,SUCCESS,Preprocessing berhasil
2026-03-04 11:21:46,D:\PUTRI\D4\SEMESTER 8 (4C)\skripsi\code\code_mhs\2341720191\unclassified\macos.py,SUCCESS,Preprocessing berhasil
2026-03-04 11:21:46,D:\PUTRI\D4\SEMESTER 8 (4C)\skripsi\code\code_mhs\2341720191\unclassified\macromanprober.py,SUCCESS,Preprocessing berhasil
2026-03-04 11:21:46,D:\PUTRI\D4\SEMESTER 8 (4C)\skripsi\code\code_mhs\2341720191\unclassified\main.py,SUCCESS,Preprocessing berhasil
2026-03-04 11:21:46,D:\PUTRI\D4\SEMESTER 8 (4C)\skripsi\code\code_mhs\2341720191\unclassified\main_parser.py,SUCCESS,Preprocessing berhasil
2026-03-04 11:21:46,D:\PUTRI\D4\SEMESTER 8 (4C)\skripsi\code\code_mhs\2341720191\unclassified\makefile.py,SUCCESS,Preprocessing berhasil
2026-03-04 11:21:46,D:\PUTRI\D4\SEMESTER 8 (4C)\skripsi\code\code_mhs\2341720191\unclassified\manifest.py,FAILED,Identifier normalization gagal
2026-03-04 11:21:46,D:\PUTRI\D4\SEMESTER 8 (4C)\skripsi\code\code_mhs\2341720191\unclassified\markers.py,FAILED,Identifier normalization gagal
2026-03-04 11:21:46,D:\PUTRI\D4\SEMESTER 8 (4C)\skripsi\code\code_mhs\2341720191\unclassified\markup.py,FAILED,Identifier normalization gagal
2026-03-04 11:21:46,D:\PUTRI\D4\SEMESTER 8 (4C)\skripsi\code\code_mhs\2341720191\unclassified\mbcsgroupprober.py,SUCCESS,Preprocessing berhasil
2026-03-04 11:21:46,D:\PUTRI\D4\SEMESTER 8 (4C)\skripsi\code\code_mhs\2341720191\unclassified\mbcssm.py,SUCCESS,Preprocessing berhasil
2026-03-04 11:21:46,D:\PUTRI\D4\SEMESTER 8 (4C)\skripsi\code\code_mhs\2341720191\unclassified\measure.py,SUCCESS,Preprocessing berhasil
2026-03-04 11:21:46,D:\PUTRI\D4\SEMESTER 8 (4C)\skripsi\code\code_mhs\2341720191\unclassified\mercurial.py,SUCCESS,Preprocessing berhasil
2026-03-04 11:21:46,D:\PUTRI\D4\SEMESTER 8 (4C)\skripsi\code\code_mhs\2341720191\unclassified\metadata.py,FAILED,Identifier normalization gagal
2026-03-04 11:21:46,D:\PUTRI\D4\SEMESTER 8 (4C)\skripsi\code\code_mhs\2341720191\unclassified\metadata_editable.py,SUCCESS,Preprocessing berhasil
2026-03-04 11:21:46,D:\PUTRI\D4\SEMESTER 8 (4C)\skripsi\code\code_mhs\2341720191\unclassified\metadata_legacy.py,SUCCESS,Preprocessing berhasil
2026-03-04 11:21:46,D:\PUTRI\D4\SEMESTER 8 (4C)\skripsi\code\code_mhs\2341720191\unclassified\misc.py,SUCCESS,Preprocessing berhasil
2026-03-04 11:21:46,D:\PUTRI\D4\SEMESTER 8 (4C)\skripsi\code\code_mhs\2341720191\unclassified\mklabels.py,FAILED,Identifier normalization gagal
2026-03-04 11:21:46,D:\PUTRI\D4\SEMESTER 8 (4C)\skripsi\code\code_mhs\2341720191\unclassified\modeline.py,SUCCESS,Preprocessing berhasil
2026-03-04 11:21:46,D:\PUTRI\D4\SEMESTER 8 (4C)\skripsi\code\code_mhs\2341720191\unclassified\models.py,SUCCESS,Preprocessing berhasil
2026-03-04 11:21:46,D:\PUTRI\D4\SEMESTER 8 (4C)\skripsi\code\code_mhs\2341720191\unclassified\nap.py,SUCCESS,Preprocessing berhasil
2026-03-04 11:21:46,D:\PUTRI\D4\SEMESTER 8 (4C)\skripsi\code\code_mhs\2341720191\unclassified\ntlmpool.py,SUCCESS,Preprocessing berhasil
2026-03-04 11:21:46,D:\PUTRI\D4\SEMESTER 8 (4C)\skripsi\code\code_mhs\2341720191\unclassified\other.py,SUCCESS,Preprocessing berhasil
2026-03-04 11:21:46,D:\PUTRI\D4\SEMESTER 8 (4C)\skripsi\code\code_mhs\2341720191\unclassified\packages.py,SUCCESS,Preprocessing berhasil
2026-03-04 11:21:46,D:\PUTRI\D4\SEMESTER 8 (4C)\skripsi\code\code_mhs\2341720191\unclassified\package_data.py,SUCCESS,Preprocessing berhasil
2026-03-04 11:21:46,D:\PUTRI\D4\SEMESTER 8 (4C)\skripsi\code\code_mhs\2341720191\unclassified\package_finder.py,SUCCESS,Preprocessing berhasil
2026-03-04 11:21:46,D:\PUTRI\D4\SEMESTER 8 (4C)\skripsi\code\code_mhs\2341720191\unclassified\packaging.py,SUCCESS,Preprocessing berhasil
2026-03-04 11:21:46,D:\PUTRI\D4\SEMESTER 8 (4C)\skripsi\code\code_mhs\2341720191\unclassified\padding.py,SUCCESS,Preprocessing berhasil
2026-03-04 11:21:46,D:\PUTRI\D4\SEMESTER 8 (4C)\skripsi\code\code_mhs\2341720191\unclassified\pager.py,FAILED,Identifier normalization gagal
2026-03-04 11:21:46,D:\PUTRI\D4\SEMESTER 8 (4C)\skripsi\code\code_mhs\2341720191\unclassified\palette.py,SUCCESS,Preprocessing berhasil
2026-03-04 11:21:46,D:\PUTRI\D4\SEMESTER 8 (4C)\skripsi\code\code_mhs\2341720191\unclassified\panel.py,SUCCESS,Preprocessing berhasil
2026-03-04 11:21:46,D:\PUTRI\D4\SEMESTER 8 (4C)\skripsi\code\code_mhs\2341720191\unclassified\pangomarkup.py,FAILED,Identifier normalization gagal
2026-03-04 11:21:46,D:\PUTRI\D4\SEMESTER 8 (4C)\skripsi\code\code_mhs\2341720191\unclassified\parser.py,SUCCESS,Preprocessing berhasil
2026-03-04 11:21:47,D:\PUTRI\D4\SEMESTER 8 (4C)\skripsi\code\code_mhs\2341720191\unclassified\pkg_resources.py,SUCCESS,Preprocessing berhasil
2026-03-04 11:21:47,D:\PUTRI\D4\SEMESTER 8 (4C)\skripsi\code\code_mhs\2341720191\unclassified\plugin.py,SUCCESS,Preprocessing berhasil
2026-03-04 11:21:47,D:\PUTRI\D4\SEMESTER 8 (4C)\skripsi\code\code_mhs\2341720191\unclassified\poolmanager.py,SUCCESS,Preprocessing berhasil
2026-03-04 11:21:47,D:\PUTRI\D4\SEMESTER 8 (4C)\skripsi\code\code_mhs\2341720191\unclassified\prepare.py,FAILED,Identifier normalization gagal
2026-03-04 11:21:47,D:\PUTRI\D4\SEMESTER 8 (4C)\skripsi\code\code_mhs\2341720191\unclassified\pretty.py,SUCCESS,Preprocessing berhasil
2026-03-04 11:21:47,D:\PUTRI\D4\SEMESTER 8 (4C)\skripsi\code\code_mhs\2341720191\unclassified\progress.py,FAILED,Identifier normalization gagal
2026-03-04 11:21:47,D:\PUTRI\D4\SEMESTER 8 (4C)\skripsi\code\code_mhs\2341720191\unclassified\progress_bar.py,SUCCESS,Preprocessing berhasil
2026-03-04 11:21:47,D:\PUTRI\D4\SEMESTER 8 (4C)\skripsi\code\code_mhs\2341720191\unclassified\progress_bars.py,SUCCESS,Preprocessing berhasil
2026-03-04 11:21:47,D:\PUTRI\D4\SEMESTER 8 (4C)\skripsi\code\code_mhs\2341720191\unclassified\prompt.py,FAILED,Identifier normalization gagal
2026-03-04 11:21:47,D:\PUTRI\D4\SEMESTER 8 (4C)\skripsi\code\code_mhs\2341720191\unclassified\protocol.py,SUCCESS,Preprocessing berhasil
2026-03-04 11:21:47,D:\PUTRI\D4\SEMESTER 8 (4C)\skripsi\code\code_mhs\2341720191\unclassified\provider.py,SUCCESS,Preprocessing berhasil
2026-03-04 11:21:47,D:\PUTRI\D4\SEMESTER 8 (4C)\skripsi\code\code_mhs\2341720191\unclassified\providers.py,SUCCESS,Preprocessing berhasil
2026-03-04 11:21:47,D:\PUTRI\D4\SEMESTER 8 (4C)\skripsi\code\code_mhs\2341720191\unclassified\proxy.py,SUCCESS,Preprocessing berhasil
2026-03-04 11:21:47,D:\PUTRI\D4\SEMESTER 8 (4C)\skripsi\code\code_mhs\2341720191\unclassified\pyopenssl.py,SUCCESS,Preprocessing berhasil
2026-03-04 11:21:47,D:\PUTRI\D4\SEMESTER 8 (4C)\skripsi\code\code_mhs\2341720191\unclassified\pyproject.py,SUCCESS,Preprocessing berhasil
2026-03-04 11:21:47,D:\PUTRI\D4\SEMESTER 8 (4C)\skripsi\code\code_mhs\2341720191\unclassified\python.py,FAILED,Identifier normalization gagal
2026-03-04 11:21:47,D:\PUTRI\D4\SEMESTER 8 (4C)\skripsi\code\code_mhs\2341720191\unclassified\queue.py,SUCCESS,Preprocessing berhasil
2026-03-04 11:21:47,D:\PUTRI\D4\SEMESTER 8 (4C)\skripsi\code\code_mhs\2341720191\unclassified\redis_cache.py,SUCCESS,Preprocessing berhasil
2026-03-04 11:21:47,D:\PUTRI\D4\SEMESTER 8 (4C)\skripsi\code\code_mhs\2341720191\unclassified\regexopt.py,SUCCESS,Preprocessing berhasil
2026-03-04 11:21:47,D:\PUTRI\D4\SEMESTER 8 (4C)\skripsi\code\code_mhs\2341720191\unclassified\region.py,SUCCESS,Preprocessing berhasil
2026-03-04 11:21:47,D:\PUTRI\D4\SEMESTER 8 (4C)\skripsi\code\code_mhs\2341720191\unclassified\reporter.py,SUCCESS,Preprocessing berhasil
2026-03-04 11:21:47,D:\PUTRI\D4\SEMESTER 8 (4C)\skripsi\code\code_mhs\2341720191\unclassified\reporters.py,FAILED,Identifier normalization gagal
2026-03-04 11:21:47,D:\PUTRI\D4\SEMESTER 8 (4C)\skripsi\code\code_mhs\2341720191\unclassified\repr.py,FAILED,Identifier normalization gagal
2026-03-04 11:21:47,D:\PUTRI\D4\SEMESTER 8 (4C)\skripsi\code\code_mhs\2341720191\unclassified\request.py,SUCCESS,Preprocessing berhasil
2026-03-04 11:21:47,D:\PUTRI\D4\SEMESTER 8 (4C)\skripsi\code\code_mhs\2341720191\unclassified\requirements.py,FAILED,Identifier normalization gagal
2026-03-04 11:21:47,D:\PUTRI\D4\SEMESTER 8 (4C)\skripsi\code\code_mhs\2341720191\unclassified\req_command.py,SUCCESS,Preprocessing berhasil
2026-03-04 11:21:47,D:\PUTRI\D4\SEMESTER 8 (4C)\skripsi\code\code_mhs\2341720191\unclassified\req_file.py,FAILED,Identifier normalization gagal
2026-03-04 11:21:47,D:\PUTRI\D4\SEMESTER 8 (4C)\skripsi\code\code_mhs\2341720191\unclassified\req_install.py,FAILED,Identifier normalization gagal
2026-03-04 11:21:47,D:\PUTRI\D4\SEMESTER 8 (4C)\skripsi\code\code_mhs\2341720191\unclassified\req_set.py,SUCCESS,Preprocessing berhasil
2026-03-04 11:21:47,D:\PUTRI\D4\SEMESTER 8 (4C)\skripsi\code\code_mhs\2341720191\unclassified\req_uninstall.py,SUCCESS,Preprocessing berhasil
2026-03-04 11:21:47,D:\PUTRI\D4\SEMESTER 8 (4C)\skripsi\code\code_mhs\2341720191\unclassified\resolver.py,SUCCESS,Preprocessing berhasil
2026-03-04 11:21:47,D:\PUTRI\D4\SEMESTER 8 (4C)\skripsi\code\code_mhs\2341720191\unclassified\resolvers.py,FAILED,Identifier normalization gagal
2026-03-04 11:21:47,D:\PUTRI\D4\SEMESTER 8 (4C)\skripsi\code\code_mhs\2341720191\unclassified\resources.py,SUCCESS,Preprocessing berhasil
2026-03-04 11:21:47,D:\PUTRI\D4\SEMESTER 8 (4C)\skripsi\code\code_mhs\2341720191\unclassified\response.py,SUCCESS,Preprocessing berhasil
2026-03-04 11:21:47,D:\PUTRI\D4\SEMESTER 8 (4C)\skripsi\code\code_mhs\2341720191\unclassified\resultdict.py,SUCCESS,Preprocessing berhasil
2026-03-04 11:21:47,D:\PUTRI\D4\SEMESTER 8 (4C)\skripsi\code\code_mhs\2341720191\unclassified\results.py,INVALID,SyntaxError baris 706: unmatched ')'
2026-03-04 11:21:47,D:\PUTRI\D4\SEMESTER 8 (4C)\skripsi\code\code_mhs\2341720191\unclassified\retry.py,SUCCESS,Preprocessing berhasil
2026-03-04 11:21:47,D:\PUTRI\D4\SEMESTER 8 (4C)\skripsi\code\code_mhs\2341720191\unclassified\rtf.py,SUCCESS,Preprocessing berhasil
2026-03-04 11:21:47,D:\PUTRI\D4\SEMESTER 8 (4C)\skripsi\code\code_mhs\2341720191\unclassified\rule.py,SUCCESS,Preprocessing berhasil
2026-03-04 11:21:47,D:\PUTRI\D4\SEMESTER 8 (4C)\skripsi\code\code_mhs\2341720191\unclassified\sbcsgroupprober.py,SUCCESS,Preprocessing berhasil
2026-03-04 11:21:47,D:\PUTRI\D4\SEMESTER 8 (4C)\skripsi\code\code_mhs\2341720191\unclassified\scanner.py,FAILED,Identifier normalization gagal
2026-03-04 11:21:47,D:\PUTRI\D4\SEMESTER 8 (4C)\skripsi\code\code_mhs\2341720191\unclassified\scheme.py,SUCCESS,Preprocessing berhasil
2026-03-04 11:21:47,D:\PUTRI\D4\SEMESTER 8 (4C)\skripsi\code\code_mhs\2341720191\unclassified\scope.py,SUCCESS,Preprocessing berhasil
2026-03-04 11:21:47,D:\PUTRI\D4\SEMESTER 8 (4C)\skripsi\code\code_mhs\2341720191\unclassified\screen.py,SUCCESS,Preprocessing berhasil
2026-03-04 11:21:47,D:\PUTRI\D4\SEMESTER 8 (4C)\skripsi\code\code_mhs\2341720191\unclassified\scripts.py,FAILED,Identifier normalization gagal
2026-03-04 11:21:47,D:\PUTRI\D4\SEMESTER 8 (4C)\skripsi\code\code_mhs\2341720191\unclassified\sdist.py,SUCCESS,Preprocessing berhasil
2026-03-04 11:21:47,D:\PUTRI\D4\SEMESTER 8 (4C)\skripsi\code\code_mhs\2341720191\unclassified\search.py,INVALID,SyntaxError baris 93: unterminated triple-quoted string literal (detected at line 174)
2026-03-04 11:21:47,D:\PUTRI\D4\SEMESTER 8 (4C)\skripsi\code\code_mhs\2341720191\unclassified\search_scope.py,SUCCESS,Preprocessing berhasil
2026-03-04 11:21:47,D:\PUTRI\D4\SEMESTER 8 (4C)\skripsi\code\code_mhs\2341720191\unclassified\securetransport.py,SUCCESS,Preprocessing berhasil
2026-03-04 11:21:47,D:\PUTRI\D4\SEMESTER 8 (4C)\skripsi\code\code_mhs\2341720191\unclassified\segment.py,SUCCESS,Preprocessing berhasil
2026-03-04 11:21:47,D:\PUTRI\D4\SEMESTER 8 (4C)\skripsi\code\code_mhs\2341720191\unclassified\selection_prefs.py,SUCCESS,Preprocessing berhasil
2026-03-04 11:21:47,D:\PUTRI\D4\SEMESTER 8 (4C)\skripsi\code\code_mhs\2341720191\unclassified\self_outdated_check.py,SUCCESS,Preprocessing berhasil
2026-03-04 11:21:47,D:\PUTRI\D4\SEMESTER 8 (4C)\skripsi\code\code_mhs\2341720191\unclassified\serialize.py,SUCCESS,Preprocessing berhasil
2026-03-04 11:21:47,D:\PUTRI\D4\SEMESTER 8 (4C)\skripsi\code\code_mhs\2341720191\unclassified\session.py,SUCCESS,Preprocessing berhasil
2026-03-04 11:21:47,D:\PUTRI\D4\SEMESTER 8 (4C)\skripsi\code\code_mhs\2341720191\unclassified\sessions.py,SUCCESS,Preprocessing berhasil
2026-03-04 11:21:47,D:\PUTRI\D4\SEMESTER 8 (4C)\skripsi\code\code_mhs\2341720191\unclassified\setuptools_build.py,FAILED,Identifier normalization gagal
2026-03-04 11:21:47,D:\PUTRI\D4\SEMESTER 8 (4C)\skripsi\code\code_mhs\2341720191\unclassified\show.py,INVALID,SyntaxError baris 148: unterminated triple-quoted string literal (detected at line 189)
2026-03-04 11:21:47,D:\PUTRI\D4\SEMESTER 8 (4C)\skripsi\code\code_mhs\2341720191\unclassified\six.py,FAILED,Identifier normalization gagal
2026-03-04 11:21:47,D:\PUTRI\D4\SEMESTER 8 (4C)\skripsi\code\code_mhs\2341720191\unclassified\sjisprober.py,SUCCESS,Preprocessing berhasil
2026-03-04 11:21:47,D:\PUTRI\D4\SEMESTER 8 (4C)\skripsi\code\code_mhs\2341720191\unclassified\socks.py,FAILED,Identifier normalization gagal
2026-03-04 11:21:47,D:\PUTRI\D4\SEMESTER 8 (4C)\skripsi\code\code_mhs\2341720191\unclassified\sources.py,SUCCESS,Preprocessing berhasil
2026-03-04 11:21:48,D:\PUTRI\D4\SEMESTER 8 (4C)\skripsi\code\code_mhs\2341720191\unclassified\specifiers.py,FAILED,Identifier normalization gagal
2026-03-04 11:21:48,D:\PUTRI\D4\SEMESTER 8 (4C)\skripsi\code\code_mhs\2341720191\unclassified\sphinxext.py,SUCCESS,Preprocessing berhasil
2026-03-04 11:21:48,D:\PUTRI\D4\SEMESTER 8 (4C)\skripsi\code\code_mhs\2341720191\unclassified\spinner.py,SUCCESS,Preprocessing berhasil
2026-03-04 11:21:48,D:\PUTRI\D4\SEMESTER 8 (4C)\skripsi\code\code_mhs\2341720191\unclassified\spinners.py,SUCCESS,Preprocessing berhasil
2026-03-04 11:21:48,D:\PUTRI\D4\SEMESTER 8 (4C)\skripsi\code\code_mhs\2341720191\unclassified\ssltransport.py,SUCCESS,Preprocessing berhasil
2026-03-04 11:21:48,D:\PUTRI\D4\SEMESTER 8 (4C)\skripsi\code\code_mhs\2341720191\unclassified\ssl_.py,FAILED,Identifier normalization gagal
2026-03-04 11:21:48,D:\PUTRI\D4\SEMESTER 8 (4C)\skripsi\code\code_mhs\2341720191\unclassified\ssl_match_hostname.py,SUCCESS,Preprocessing berhasil
2026-03-04 11:21:48,D:\PUTRI\D4\SEMESTER 8 (4C)\skripsi\code\code_mhs\2341720191\unclassified\status.py,SUCCESS,Preprocessing berhasil
2026-03-04 11:21:48,D:\PUTRI\D4\SEMESTER 8 (4C)\skripsi\code\code_mhs\2341720191\unclassified\status_codes.py,SUCCESS,Preprocessing berhasil
2026-03-04 11:21:48,D:\PUTRI\D4\SEMESTER 8 (4C)\skripsi\code\code_mhs\2341720191\unclassified\stop.py,SUCCESS,Preprocessing berhasil
2026-03-04 11:21:48,D:\PUTRI\D4\SEMESTER 8 (4C)\skripsi\code\code_mhs\2341720191\unclassified\structs.py,SUCCESS,Preprocessing berhasil
2026-03-04 11:21:48,D:\PUTRI\D4\SEMESTER 8 (4C)\skripsi\code\code_mhs\2341720191\unclassified\structures.py,SUCCESS,Preprocessing berhasil
2026-03-04 11:21:48,D:\PUTRI\D4\SEMESTER 8 (4C)\skripsi\code\code_mhs\2341720191\unclassified\style.py,SUCCESS,Preprocessing berhasil
2026-03-04 11:21:48,D:\PUTRI\D4\SEMESTER 8 (4C)\skripsi\code\code_mhs\2341720191\unclassified\styled.py,SUCCESS,Preprocessing berhasil
2026-03-04 11:21:48,D:\PUTRI\D4\SEMESTER 8 (4C)\skripsi\code\code_mhs\2341720191\unclassified\subprocess.py,SUCCESS,Preprocessing berhasil
2026-03-04 11:21:48,D:\PUTRI\D4\SEMESTER 8 (4C)\skripsi\code\code_mhs\2341720191\unclassified\subversion.py,SUCCESS,Preprocessing berhasil
2026-03-04 11:21:48,D:\PUTRI\D4\SEMESTER 8 (4C)\skripsi\code\code_mhs\2341720191\unclassified\svg.py,FAILED,Identifier normalization gagal
2026-03-04 11:21:48,D:\PUTRI\D4\SEMESTER 8 (4C)\skripsi\code\code_mhs\2341720191\unclassified\syntax.py,FAILED,Identifier normalization gagal
2026-03-04 11:21:48,D:\PUTRI\D4\SEMESTER 8 (4C)\skripsi\code\code_mhs\2341720191\unclassified\table.py,SUCCESS,Preprocessing berhasil
2026-03-04 11:21:48,D:\PUTRI\D4\SEMESTER 8 (4C)\skripsi\code\code_mhs\2341720191\unclassified\tags.py,SUCCESS,Preprocessing berhasil
2026-03-04 11:21:48,D:\PUTRI\D4\SEMESTER 8 (4C)\skripsi\code\code_mhs\2341720191\unclassified\target_python.py,SUCCESS,Preprocessing berhasil
2026-03-04 11:21:48,D:\PUTRI\D4\SEMESTER 8 (4C)\skripsi\code\code_mhs\2341720191\unclassified\temp_dir.py,SUCCESS,Preprocessing berhasil
2026-03-04 11:21:48,D:\PUTRI\D4\SEMESTER 8 (4C)\skripsi\code\code_mhs\2341720191\unclassified\terminal.py,SUCCESS,Preprocessing berhasil
2026-03-04 11:21:48,D:\PUTRI\D4\SEMESTER 8 (4C)\skripsi\code\code_mhs\2341720191\unclassified\terminal256.py,SUCCESS,Preprocessing berhasil
2026-03-04 11:21:48,D:\PUTRI\D4\SEMESTER 8 (4C)\skripsi\code\code_mhs\2341720191\unclassified\terminal_theme.py,SUCCESS,Preprocessing berhasil
2026-03-04 11:21:48,D:\PUTRI\D4\SEMESTER 8 (4C)\skripsi\code\code_mhs\2341720191\unclassified\testing.py,SUCCESS,Preprocessing berhasil
2026-03-04 11:21:48,D:\PUTRI\D4\SEMESTER 8 (4C)\skripsi\code\code_mhs\2341720191\unclassified\tests.py,FAILED,Identifier normalization gagal
2026-03-04 11:21:48,D:\PUTRI\D4\SEMESTER 8 (4C)\skripsi\code\code_mhs\2341720191\unclassified\text.py,SUCCESS,Preprocessing berhasil
2026-03-04 11:21:49,D:\PUTRI\D4\SEMESTER 8 (4C)\skripsi\code\code_mhs\2341720191\unclassified\TG1_2341720191_Soultan_Mohammad_Agnar_Bisyarah.ipynb,SUCCESS,Preprocessing berhasil
2026-03-04 11:21:49,D:\PUTRI\D4\SEMESTER 8 (4C)\skripsi\code\code_mhs\2341720191\unclassified\theme.py,FAILED,Identifier normalization gagal
2026-03-04 11:21:49,D:\PUTRI\D4\SEMESTER 8 (4C)\skripsi\code\code_mhs\2341720191\unclassified\themes.py,SUCCESS,Preprocessing berhasil
2026-03-04 11:21:49,D:\PUTRI\D4\SEMESTER 8 (4C)\skripsi\code\code_mhs\2341720191\unclassified\timeout.py,SUCCESS,Preprocessing berhasil
2026-03-04 11:21:49,D:\PUTRI\D4\SEMESTER 8 (4C)\skripsi\code\code_mhs\2341720191\unclassified\token.py,SUCCESS,Preprocessing berhasil
2026-03-04 11:21:49,D:\PUTRI\D4\SEMESTER 8 (4C)\skripsi\code\code_mhs\2341720191\unclassified\tornadoweb.py,SUCCESS,Preprocessing berhasil
2026-03-04 11:21:49,D:\PUTRI\D4\SEMESTER 8 (4C)\skripsi\code\code_mhs\2341720191\unclassified\tp04.py,SUCCESS,Preprocessing berhasil
2026-03-04 11:21:49,D:\PUTRI\D4\SEMESTER 8 (4C)\skripsi\code\code_mhs\2341720191\unclassified\tp05.py,SUCCESS,Preprocessing berhasil
2026-03-04 11:21:49,D:\PUTRI\D4\SEMESTER 8 (4C)\skripsi\code\code_mhs\2341720191\unclassified\tp06.py,SUCCESS,Preprocessing berhasil
2026-03-04 11:21:49,D:\PUTRI\D4\SEMESTER 8 (4C)\skripsi\code\code_mhs\2341720191\unclassified\traceback.py,FAILED,Identifier normalization gagal
2026-03-04 11:21:49,D:\PUTRI\D4\SEMESTER 8 (4C)\skripsi\code\code_mhs\2341720191\unclassified\tree.py,FAILED,Identifier normalization gagal
2026-03-04 11:21:49,D:\PUTRI\D4\SEMESTER 8 (4C)\skripsi\code\code_mhs\2341720191\unclassified\typing_extensions.py,FAILED,Identifier normalization gagal
2026-03-04 11:21:49,D:\PUTRI\D4\SEMESTER 8 (4C)\skripsi\code\code_mhs\2341720191\unclassified\unicode.py,FAILED,Identifier normalization gagal
2026-03-04 11:21:49,D:\PUTRI\D4\SEMESTER 8 (4C)\skripsi\code\code_mhs\2341720191\unclassified\uninstall.py,INVALID,SyntaxError baris 36: unterminated triple-quoted string literal (detected at line 113)
2026-03-04 11:21:49,D:\PUTRI\D4\SEMESTER 8 (4C)\skripsi\code\code_mhs\2341720191\unclassified\unistring.py,FAILED,Identifier normalization gagal
2026-03-04 11:21:49,D:\PUTRI\D4\SEMESTER 8 (4C)\skripsi\code\code_mhs\2341720191\unclassified\universaldetector.py,SUCCESS,Preprocessing berhasil
2026-03-04 11:21:49,D:\PUTRI\D4\SEMESTER 8 (4C)\skripsi\code\code_mhs\2341720191\unclassified\unix.py,SUCCESS,Preprocessing berhasil
2026-03-04 11:21:49,D:\PUTRI\D4\SEMESTER 8 (4C)\skripsi\code\code_mhs\2341720191\unclassified\unpacking.py,SUCCESS,Preprocessing berhasil
2026-03-04 11:21:49,D:\PUTRI\D4\SEMESTER 8 (4C)\skripsi\code\code_mhs\2341720191\unclassified\url.py,FAILED,Identifier normalization gagal
2026-03-04 11:21:49,D:\PUTRI\D4\SEMESTER 8 (4C)\skripsi\code\code_mhs\2341720191\unclassified\urls.py,SUCCESS,Preprocessing berhasil
2026-03-04 11:21:49,D:\PUTRI\D4\SEMESTER 8 (4C)\skripsi\code\code_mhs\2341720191\unclassified\utf1632prober.py,SUCCESS,Preprocessing berhasil
2026-03-04 11:21:49,D:\PUTRI\D4\SEMESTER 8 (4C)\skripsi\code\code_mhs\2341720191\unclassified\utf8prober.py,SUCCESS,Preprocessing berhasil
2026-03-04 11:21:49,D:\PUTRI\D4\SEMESTER 8 (4C)\skripsi\code\code_mhs\2341720191\unclassified\util.py,SUCCESS,Preprocessing berhasil
2026-03-04 11:21:49,D:\PUTRI\D4\SEMESTER 8 (4C)\skripsi\code\code_mhs\2341720191\unclassified\utils.py,FAILED,Identifier normalization gagal
2026-03-04 11:21:49,D:\PUTRI\D4\SEMESTER 8 (4C)\skripsi\code\code_mhs\2341720191\unclassified\version.py,SUCCESS,Preprocessing berhasil
2026-03-04 11:21:49,D:\PUTRI\D4\SEMESTER 8 (4C)\skripsi\code\code_mhs\2341720191\unclassified\versioncontrol.py,FAILED,Identifier normalization gagal
2026-03-04 11:21:49,D:\PUTRI\D4\SEMESTER 8 (4C)\skripsi\code\code_mhs\2341720191\unclassified\virtualenv.py,SUCCESS,Preprocessing berhasil
2026-03-04 11:21:49,D:\PUTRI\D4\SEMESTER 8 (4C)\skripsi\code\code_mhs\2341720191\unclassified\wait.py,SUCCESS,Preprocessing berhasil
2026-03-04 11:21:49,D:\PUTRI\D4\SEMESTER 8 (4C)\skripsi\code\code_mhs\2341720191\unclassified\weakref_finalize.py,FAILED,Identifier normalization gagal
2026-03-04 11:21:49,D:\PUTRI\D4\SEMESTER 8 (4C)\skripsi\code\code_mhs\2341720191\unclassified\wheel.py,FAILED,Identifier normalization gagal
2026-03-04 11:21:49,D:\PUTRI\D4\SEMESTER 8 (4C)\skripsi\code\code_mhs\2341720191\unclassified\wheel_builder.py,SUCCESS,Preprocessing berhasil
2026-03-04 11:21:49,D:\PUTRI\D4\SEMESTER 8 (4C)\skripsi\code\code_mhs\2341720191\unclassified\wheel_editable.py,SUCCESS,Preprocessing berhasil
2026-03-04 11:21:49,D:\PUTRI\D4\SEMESTER 8 (4C)\skripsi\code\code_mhs\2341720191\unclassified\wheel_legacy.py,SUCCESS,Preprocessing berhasil
2026-03-04 11:21:49,D:\PUTRI\D4\SEMESTER 8 (4C)\skripsi\code\code_mhs\2341720191\unclassified\win32.py,SUCCESS,Preprocessing berhasil
2026-03-04 11:21:49,D:\PUTRI\D4\SEMESTER 8 (4C)\skripsi\code\code_mhs\2341720191\unclassified\windows.py,SUCCESS,Preprocessing berhasil
2026-03-04 11:21:49,D:\PUTRI\D4\SEMESTER 8 (4C)\skripsi\code\code_mhs\2341720191\unclassified\winterm.py,SUCCESS,Preprocessing berhasil
2026-03-04 11:21:49,D:\PUTRI\D4\SEMESTER 8 (4C)\skripsi\code\code_mhs\2341720191\unclassified\winterm_test.py,SUCCESS,Preprocessing berhasil
2026-03-04 11:21:49,D:\PUTRI\D4\SEMESTER 8 (4C)\skripsi\code\code_mhs\2341720191\unclassified\wrapper.py,SUCCESS,Preprocessing berhasil
2026-03-04 11:21:49,D:\PUTRI\D4\SEMESTER 8 (4C)\skripsi\code\code_mhs\2341720191\unclassified\xmlrpc.py,SUCCESS,Preprocessing berhasil
2026-03-04 11:21:49,D:\PUTRI\D4\SEMESTER 8 (4C)\skripsi\code\code_mhs\2341720191\unclassified\x_user_defined.py,FAILED,Identifier normalization gagal
2026-03-04 11:21:49,D:\PUTRI\D4\SEMESTER 8 (4C)\skripsi\code\code_mhs\2341720191\unclassified\_appengine_environ.py,SUCCESS,Preprocessing berhasil
2026-03-04 11:21:49,D:\PUTRI\D4\SEMESTER 8 (4C)\skripsi\code\code_mhs\2341720191\unclassified\_asyncio.py,SUCCESS,Preprocessing berhasil
2026-03-04 11:21:49,D:\PUTRI\D4\SEMESTER 8 (4C)\skripsi\code\code_mhs\2341720191\unclassified\_cell_widths.py,SUCCESS,Preprocessing berhasil
2026-03-04 11:21:49,D:\PUTRI\D4\SEMESTER 8 (4C)\skripsi\code\code_mhs\2341720191\unclassified\_cmd.py,SUCCESS,Preprocessing berhasil
2026-03-04 11:21:49,D:\PUTRI\D4\SEMESTER 8 (4C)\skripsi\code\code_mhs\2341720191\unclassified\_collections.py,SUCCESS,Preprocessing berhasil
2026-03-04 11:21:49,D:\PUTRI\D4\SEMESTER 8 (4C)\skripsi\code\code_mhs\2341720191\unclassified\_compat.py,SUCCESS,Preprocessing berhasil
2026-03-04 11:21:49,D:\PUTRI\D4\SEMESTER 8 (4C)\skripsi\code\code_mhs\2341720191\unclassified\_dists.py,SUCCESS,Preprocessing berhasil
2026-03-04 11:21:49,D:\PUTRI\D4\SEMESTER 8 (4C)\skripsi\code\code_mhs\2341720191\unclassified\_distutils.py,SUCCESS,Preprocessing berhasil
2026-03-04 11:21:49,D:\PUTRI\D4\SEMESTER 8 (4C)\skripsi\code\code_mhs\2341720191\unclassified\_emoji_codes.py,FAILED,Identifier normalization gagal
2026-03-04 11:21:49,D:\PUTRI\D4\SEMESTER 8 (4C)\skripsi\code\code_mhs\2341720191\unclassified\_emoji_replace.py,SUCCESS,Preprocessing berhasil
2026-03-04 11:21:50,D:\PUTRI\D4\SEMESTER 8 (4C)\skripsi\code\code_mhs\2341720191\unclassified\_envs.py,SUCCESS,Preprocessing berhasil
2026-03-04 11:21:50,D:\PUTRI\D4\SEMESTER 8 (4C)\skripsi\code\code_mhs\2341720191\unclassified\_export_format.py,FAILED,Identifier normalization gagal
2026-03-04 11:21:50,D:\PUTRI\D4\SEMESTER 8 (4C)\skripsi\code\code_mhs\2341720191\unclassified\_extension.py,SUCCESS,Preprocessing berhasil
2026-03-04 11:21:50,D:\PUTRI\D4\SEMESTER 8 (4C)\skripsi\code\code_mhs\2341720191\unclassified\_fileno.py,SUCCESS,Preprocessing berhasil
2026-03-04 11:21:50,D:\PUTRI\D4\SEMESTER 8 (4C)\skripsi\code\code_mhs\2341720191\unclassified\_impl.py,SUCCESS,Preprocessing berhasil
2026-03-04 11:21:50,D:\PUTRI\D4\SEMESTER 8 (4C)\skripsi\code\code_mhs\2341720191\unclassified\_inspect.py,SUCCESS,Preprocessing berhasil
2026-03-04 11:21:50,D:\PUTRI\D4\SEMESTER 8 (4C)\skripsi\code\code_mhs\2341720191\unclassified\_internal_utils.py,SUCCESS,Preprocessing berhasil
2026-03-04 11:21:50,D:\PUTRI\D4\SEMESTER 8 (4C)\skripsi\code\code_mhs\2341720191\unclassified\_in_process.py,FAILED,Identifier normalization gagal
2026-03-04 11:21:50,D:\PUTRI\D4\SEMESTER 8 (4C)\skripsi\code\code_mhs\2341720191\unclassified\_jaraco_text.py,FAILED,Identifier normalization gagal
2026-03-04 11:21:50,D:\PUTRI\D4\SEMESTER 8 (4C)\skripsi\code\code_mhs\2341720191\unclassified\_json.py,SUCCESS,Preprocessing berhasil
2026-03-04 11:21:50,D:\PUTRI\D4\SEMESTER 8 (4C)\skripsi\code\code_mhs\2341720191\unclassified\_log.py,SUCCESS,Preprocessing berhasil
2026-03-04 11:21:50,D:\PUTRI\D4\SEMESTER 8 (4C)\skripsi\code\code_mhs\2341720191\unclassified\_log_render.py,FAILED,Identifier normalization gagal
2026-03-04 11:21:50,D:\PUTRI\D4\SEMESTER 8 (4C)\skripsi\code\code_mhs\2341720191\unclassified\_loop.py,SUCCESS,Preprocessing berhasil
2026-03-04 11:21:50,D:\PUTRI\D4\SEMESTER 8 (4C)\skripsi\code\code_mhs\2341720191\unclassified\_manylinux.py,FAILED,Identifier normalization gagal
2026-03-04 11:21:50,D:\PUTRI\D4\SEMESTER 8 (4C)\skripsi\code\code_mhs\2341720191\unclassified\_mapping.py,FAILED,Identifier normalization gagal
2026-03-04 11:21:50,D:\PUTRI\D4\SEMESTER 8 (4C)\skripsi\code\code_mhs\2341720191\unclassified\_musllinux.py,SUCCESS,Preprocessing berhasil
2026-03-04 11:21:50,D:\PUTRI\D4\SEMESTER 8 (4C)\skripsi\code\code_mhs\2341720191\unclassified\_null_file.py,SUCCESS,Preprocessing berhasil
2026-03-04 11:21:50,D:\PUTRI\D4\SEMESTER 8 (4C)\skripsi\code\code_mhs\2341720191\unclassified\_palettes.py,SUCCESS,Preprocessing berhasil
2026-03-04 11:21:50,D:\PUTRI\D4\SEMESTER 8 (4C)\skripsi\code\code_mhs\2341720191\unclassified\_parser.py,FAILED,Identifier normalization gagal
2026-03-04 11:21:50,D:\PUTRI\D4\SEMESTER 8 (4C)\skripsi\code\code_mhs\2341720191\unclassified\_pick.py,SUCCESS,Preprocessing berhasil
2026-03-04 11:21:50,D:\PUTRI\D4\SEMESTER 8 (4C)\skripsi\code\code_mhs\2341720191\unclassified\_ratio.py,SUCCESS,Preprocessing berhasil
2026-03-04 11:21:50,D:\PUTRI\D4\SEMESTER 8 (4C)\skripsi\code\code_mhs\2341720191\unclassified\_re.py,FAILED,Identifier normalization gagal
2026-03-04 11:21:50,D:\PUTRI\D4\SEMESTER 8 (4C)\skripsi\code\code_mhs\2341720191\unclassified\_spinners.py,SUCCESS,Preprocessing berhasil
2026-03-04 11:21:50,D:\PUTRI\D4\SEMESTER 8 (4C)\skripsi\code\code_mhs\2341720191\unclassified\_stack.py,SUCCESS,Preprocessing berhasil
2026-03-04 11:21:50,D:\PUTRI\D4\SEMESTER 8 (4C)\skripsi\code\code_mhs\2341720191\unclassified\_structures.py,SUCCESS,Preprocessing berhasil
2026-03-04 11:21:50,D:\PUTRI\D4\SEMESTER 8 (4C)\skripsi\code\code_mhs\2341720191\unclassified\_sysconfig.py,SUCCESS,Preprocessing berhasil
2026-03-04 11:21:50,D:\PUTRI\D4\SEMESTER 8 (4C)\skripsi\code\code_mhs\2341720191\unclassified\_timer.py,SUCCESS,Preprocessing berhasil
2026-03-04 11:21:50,D:\PUTRI\D4\SEMESTER 8 (4C)\skripsi\code\code_mhs\2341720191\unclassified\_types.py,SUCCESS,Preprocessing berhasil
2026-03-04 11:21:50,D:\PUTRI\D4\SEMESTER 8 (4C)\skripsi\code\code_mhs\2341720191\unclassified\_utils.py,SUCCESS,Preprocessing berhasil
2026-03-04 11:21:50,D:\PUTRI\D4\SEMESTER 8 (4C)\skripsi\code\code_mhs\2341720191\unclassified\_version.py,SUCCESS,Preprocessing berhasil
2026-03-04 11:21:50,D:\PUTRI\D4\SEMESTER 8 (4C)\skripsi\code\code_mhs\2341720191\unclassified\_win32_console.py,FAILED,Identifier normalization gagal
2026-03-04 11:21:50,D:\PUTRI\D4\SEMESTER 8 (4C)\skripsi\code\code_mhs\2341720191\unclassified\_windows.py,SUCCESS,Preprocessing berhasil
2026-03-04 11:21:50,D:\PUTRI\D4\SEMESTER 8 (4C)\skripsi\code\code_mhs\2341720191\unclassified\_windows_renderer.py,SUCCESS,Preprocessing berhasil
2026-03-04 11:21:50,D:\PUTRI\D4\SEMESTER 8 (4C)\skripsi\code\code_mhs\2341720191\unclassified\_wrap.py,SUCCESS,Preprocessing berhasil
2026-03-04 11:21:50,D:\PUTRI\D4\SEMESTER 8 (4C)\skripsi\code\code_mhs\2341720191\unclassified\__about__.py,SUCCESS,Preprocessing berhasil
2026-03-04 11:21:50,D:\PUTRI\D4\SEMESTER 8 (4C)\skripsi\code\code_mhs\2341720191\unclassified\__init__.py,SUCCESS,Preprocessing berhasil
2026-03-04 11:21:50,D:\PUTRI\D4\SEMESTER 8 (4C)\skripsi\code\code_mhs\2341720191\unclassified\__main__.py,FAILED,Identifier normalization gagal
2026-03-04 11:21:50,D:\PUTRI\D4\SEMESTER 8 (4C)\skripsi\code\code_mhs\2341720191\unclassified\__pip-runner__.py,SUCCESS,Preprocessing berhasil
2026-03-04 11:21:50,D:\PUTRI\D4\SEMESTER 8 (4C)\skripsi\code\code_mhs\2341720191\unclassified\__version__.py,SUCCESS,Preprocessing berhasil
2026-03-04 11:21:50,D:\PUTRI\D4\SEMESTER 8 (4C)\skripsi\code\code_mhs\2341720191\uts\uts.ipynb,SUCCESS,Preprocessing berhasil
2026-03-04 11:21:51,D:\PUTRI\D4\SEMESTER 8 (4C)\skripsi\code\code_mhs\2341720191\uts\uts.py,FAILED,Identifier normalization gagal
2026-03-04 11:21:51,D:\PUTRI\D4\SEMESTER 8 (4C)\skripsi\code\code_mhs\2341720200\kelompok\kelompok.ipynb,SUCCESS,Preprocessing berhasil
2026-03-04 11:21:51,D:\PUTRI\D4\SEMESTER 8 (4C)\skripsi\code\code_mhs\2341720200\kuis\kuis.ipynb,SUCCESS,Preprocessing berhasil
2026-03-04 11:21:51,D:\PUTRI\D4\SEMESTER 8 (4C)\skripsi\code\code_mhs\2341720200\m01\Tugas_JS01.ipynb,INVALID,File kosong
2026-03-04 11:21:51,D:\PUTRI\D4\SEMESTER 8 (4C)\skripsi\code\code_mhs\2341720200\m02\p01.ipynb,SUCCESS,Preprocessing berhasil
2026-03-04 11:21:51,D:\PUTRI\D4\SEMESTER 8 (4C)\skripsi\code\code_mhs\2341720200\m02\p02.ipynb,SUCCESS,Preprocessing berhasil
2026-03-04 11:21:51,D:\PUTRI\D4\SEMESTER 8 (4C)\skripsi\code\code_mhs\2341720200\m02\p03.ipynb,SUCCESS,Preprocessing berhasil
2026-03-04 11:21:51,D:\PUTRI\D4\SEMESTER 8 (4C)\skripsi\code\code_mhs\2341720200\m02\p04.ipynb,SUCCESS,Preprocessing berhasil
2026-03-04 11:21:51,D:\PUTRI\D4\SEMESTER 8 (4C)\skripsi\code\code_mhs\2341720200\m02\Tugas_JS02.ipynb,SUCCESS,Preprocessing berhasil
2026-03-04 11:21:52,D:\PUTRI\D4\SEMESTER 8 (4C)\skripsi\code\code_mhs\2341720200\m03\p01.ipynb,SUCCESS,Preprocessing berhasil
2026-03-04 11:21:52,D:\PUTRI\D4\SEMESTER 8 (4C)\skripsi\code\code_mhs\2341720200\m03\p02.ipynb,SUCCESS,Preprocessing berhasil
2026-03-04 11:21:52,D:\PUTRI\D4\SEMESTER 8 (4C)\skripsi\code\code_mhs\2341720200\m03\p03.ipynb,SUCCESS,Preprocessing berhasil
2026-03-04 11:21:52,D:\PUTRI\D4\SEMESTER 8 (4C)\skripsi\code\code_mhs\2341720200\m03\p04.ipynb,SUCCESS,Preprocessing berhasil
2026-03-04 11:21:52,D:\PUTRI\D4\SEMESTER 8 (4C)\skripsi\code\code_mhs\2341720200\m03\Tugas_JS03.ipynb,SUCCESS,Preprocessing berhasil
2026-03-04 11:21:52,D:\PUTRI\D4\SEMESTER 8 (4C)\skripsi\code\code_mhs\2341720200\m05\p01.ipynb,SUCCESS,Preprocessing berhasil
2026-03-04 11:21:52,D:\PUTRI\D4\SEMESTER 8 (4C)\skripsi\code\code_mhs\2341720200\m05\p02.ipynb,SUCCESS,Preprocessing berhasil
2026-03-04 11:21:52,D:\PUTRI\D4\SEMESTER 8 (4C)\skripsi\code\code_mhs\2341720200\m05\p03.ipynb,SUCCESS,Preprocessing berhasil
2026-03-04 11:21:52,D:\PUTRI\D4\SEMESTER 8 (4C)\skripsi\code\code_mhs\2341720200\m05\Tugas_JS05.ipynb,SUCCESS,Preprocessing berhasil
2026-03-04 11:21:52,D:\PUTRI\D4\SEMESTER 8 (4C)\skripsi\code\code_mhs\2341720200\m06\p01.ipynb,SUCCESS,Preprocessing berhasil
2026-03-04 11:21:52,D:\PUTRI\D4\SEMESTER 8 (4C)\skripsi\code\code_mhs\2341720200\m06\Tugas_JS06.ipynb,SUCCESS,Preprocessing berhasil
2026-03-04 11:21:52,D:\PUTRI\D4\SEMESTER 8 (4C)\skripsi\code\code_mhs\2341720200\m07\p01.ipynb,SUCCESS,Preprocessing berhasil
2026-03-04 11:21:52,D:\PUTRI\D4\SEMESTER 8 (4C)\skripsi\code\code_mhs\2341720200\m07\p02.ipynb,SUCCESS,Preprocessing berhasil
2026-03-04 11:21:52,D:\PUTRI\D4\SEMESTER 8 (4C)\skripsi\code\code_mhs\2341720200\m07\p03.ipynb,SUCCESS,Preprocessing berhasil
2026-03-04 11:21:52,D:\PUTRI\D4\SEMESTER 8 (4C)\skripsi\code\code_mhs\2341720200\m07\p04.ipynb,SUCCESS,Preprocessing berhasil
2026-03-04 11:21:52,D:\PUTRI\D4\SEMESTER 8 (4C)\skripsi\code\code_mhs\2341720200\m07\p05.ipynb,SUCCESS,Preprocessing berhasil
2026-03-04 11:21:52,D:\PUTRI\D4\SEMESTER 8 (4C)\skripsi\code\code_mhs\2341720200\m07\p06.ipynb,SUCCESS,Preprocessing berhasil
2026-03-04 11:21:52,D:\PUTRI\D4\SEMESTER 8 (4C)\skripsi\code\code_mhs\2341720200\m07\Tugas_JS07.ipynb,SUCCESS,Preprocessing berhasil
2026-03-04 11:21:52,D:\PUTRI\D4\SEMESTER 8 (4C)\skripsi\code\code_mhs\2341720200\m08\p01.ipynb,SUCCESS,Preprocessing berhasil
2026-03-04 11:21:52,D:\PUTRI\D4\SEMESTER 8 (4C)\skripsi\code\code_mhs\2341720200\m08\p02.ipynb,SUCCESS,Preprocessing berhasil
2026-03-04 11:21:52,D:\PUTRI\D4\SEMESTER 8 (4C)\skripsi\code\code_mhs\2341720200\m08\Tugas_JS08.ipynb,SUCCESS,Preprocessing berhasil
2026-03-04 11:21:52,D:\PUTRI\D4\SEMESTER 8 (4C)\skripsi\code\code_mhs\2341720200\m09\p01.ipynb,SUCCESS,Preprocessing berhasil
2026-03-04 11:21:52,D:\PUTRI\D4\SEMESTER 8 (4C)\skripsi\code\code_mhs\2341720200\m09\p02.ipynb,SUCCESS,Preprocessing berhasil
2026-03-04 11:21:52,D:\PUTRI\D4\SEMESTER 8 (4C)\skripsi\code\code_mhs\2341720200\m09\p03.ipynb,SUCCESS,Preprocessing berhasil
2026-03-04 11:21:52,D:\PUTRI\D4\SEMESTER 8 (4C)\skripsi\code\code_mhs\2341720200\m09\Tugas1no1_JS09.ipynb,SUCCESS,Preprocessing berhasil
2026-03-04 11:21:52,D:\PUTRI\D4\SEMESTER 8 (4C)\skripsi\code\code_mhs\2341720200\m09\Tugas1_JS09.ipynb,SUCCESS,Preprocessing berhasil
2026-03-04 11:21:52,D:\PUTRI\D4\SEMESTER 8 (4C)\skripsi\code\code_mhs\2341720200\m11\p01.ipynb,FAILED,Identifier normalization gagal
2026-03-04 11:21:52,D:\PUTRI\D4\SEMESTER 8 (4C)\skripsi\code\code_mhs\2341720200\m11\p02.ipynb,SUCCESS,Preprocessing berhasil
2026-03-04 11:21:52,D:\PUTRI\D4\SEMESTER 8 (4C)\skripsi\code\code_mhs\2341720200\m11\p03.ipynb,SUCCESS,Preprocessing berhasil
2026-03-04 11:21:53,D:\PUTRI\D4\SEMESTER 8 (4C)\skripsi\code\code_mhs\2341720200\m11\p04.ipynb,SUCCESS,Preprocessing berhasil
2026-03-04 11:21:53,D:\PUTRI\D4\SEMESTER 8 (4C)\skripsi\code\code_mhs\2341720200\m11\p05.ipynb,SUCCESS,Preprocessing berhasil
2026-03-04 11:21:53,D:\PUTRI\D4\SEMESTER 8 (4C)\skripsi\code\code_mhs\2341720200\m11\Tugas_JS11.ipynb,FAILED,Identifier normalization gagal
2026-03-04 11:21:53,D:\PUTRI\D4\SEMESTER 8 (4C)\skripsi\code\code_mhs\2341720200\m13\p01.ipynb,SUCCESS,Preprocessing berhasil
2026-03-04 11:21:53,D:\PUTRI\D4\SEMESTER 8 (4C)\skripsi\code\code_mhs\2341720200\m13\p02.ipynb,SUCCESS,Preprocessing berhasil
2026-03-04 11:21:53,D:\PUTRI\D4\SEMESTER 8 (4C)\skripsi\code\code_mhs\2341720200\m13\p03.ipynb,SUCCESS,Preprocessing berhasil
2026-03-04 11:21:53,D:\PUTRI\D4\SEMESTER 8 (4C)\skripsi\code\code_mhs\2341720200\m13\Tugas_JS13.ipynb,SUCCESS,Preprocessing berhasil
2026-03-04 11:21:53,D:\PUTRI\D4\SEMESTER 8 (4C)\skripsi\code\code_mhs\2341720200\m14\p01.ipynb,SUCCESS,Preprocessing berhasil
2026-03-04 11:21:53,D:\PUTRI\D4\SEMESTER 8 (4C)\skripsi\code\code_mhs\2341720200\m14\p02.ipynb,SUCCESS,Preprocessing berhasil
2026-03-04 11:21:53,D:\PUTRI\D4\SEMESTER 8 (4C)\skripsi\code\code_mhs\2341720200\m14\tp01.ipynb,SUCCESS,Preprocessing berhasil
2026-03-04 11:21:53,D:\PUTRI\D4\SEMESTER 8 (4C)\skripsi\code\code_mhs\2341720200\m15\p01.ipynb,SUCCESS,Preprocessing berhasil
2026-03-04 11:21:54,D:\PUTRI\D4\SEMESTER 8 (4C)\skripsi\code\code_mhs\2341720200\pbl\pbl.ipynb,FAILED,Identifier normalization gagal
2026-03-04 11:21:54,D:\PUTRI\D4\SEMESTER 8 (4C)\skripsi\code\code_mhs\2341720218\m02\JS02.ipynb,INVALID,File kosong
2026-03-04 11:21:54,D:\PUTRI\D4\SEMESTER 8 (4C)\skripsi\code\code_mhs\2341720218\m03\JS03.ipynb,SUCCESS,Preprocessing berhasil
2026-03-04 11:21:55,D:\PUTRI\D4\SEMESTER 8 (4C)\skripsi\code\code_mhs\2341720218\m04\JS04.ipynb,SUCCESS,Preprocessing berhasil
2026-03-04 11:21:55,D:\PUTRI\D4\SEMESTER 8 (4C)\skripsi\code\code_mhs\2341720218\m05\JS05.ipynb,FAILED,Tidak bisa membaca file
2026-03-04 11:21:55,D:\PUTRI\D4\SEMESTER 8 (4C)\skripsi\code\code_mhs\2341720218\m06\JS06.ipynb,SUCCESS,Preprocessing berhasil
2026-03-04 11:21:55,D:\PUTRI\D4\SEMESTER 8 (4C)\skripsi\code\code_mhs\2341720218\m07\JS07.ipynb,SUCCESS,Preprocessing berhasil
2026-03-04 11:21:56,D:\PUTRI\D4\SEMESTER 8 (4C)\skripsi\code\code_mhs\2341720218\m08\JS08.ipynb,SUCCESS,Preprocessing berhasil
2026-03-04 11:21:56,D:\PUTRI\D4\SEMESTER 8 (4C)\skripsi\code\code_mhs\2341720218\m09\JS09.ipynb,SUCCESS,Preprocessing berhasil
2026-03-04 11:21:56,D:\PUTRI\D4\SEMESTER 8 (4C)\skripsi\code\code_mhs\2341720218\m11\JS11.ipynb,FAILED,Identifier normalization gagal
2026-03-04 11:21:56,D:\PUTRI\D4\SEMESTER 8 (4C)\skripsi\code\code_mhs\2341720218\m13\JS13.ipynb,SUCCESS,Preprocessing berhasil
2026-03-04 11:21:56,D:\PUTRI\D4\SEMESTER 8 (4C)\skripsi\code\code_mhs\2341720218\uts\uts.ipynb,SUCCESS,Preprocessing berhasil
2026-03-04 11:21:57,D:\PUTRI\D4\SEMESTER 8 (4C)\skripsi\code\code_mhs\2341720227\kelompok\kelompok.ipynb,SUCCESS,Preprocessing berhasil
2026-03-04 11:21:57,D:\PUTRI\D4\SEMESTER 8 (4C)\skripsi\code\code_mhs\2341720227\m01\JS01_Pengenalan_Pembelajaran_Mesin_TG1_2341720227_PetrusTyangA_R.ipynb,SUCCESS,Preprocessing berhasil
2026-03-04 11:21:57,D:\PUTRI\D4\SEMESTER 8 (4C)\skripsi\code\code_mhs\2341720227\m01\tp01.ipynb,SUCCESS,Preprocessing berhasil
2026-03-04 11:21:57,D:\PUTRI\D4\SEMESTER 8 (4C)\skripsi\code\code_mhs\2341720227\m02\p01.ipynb,SUCCESS,Preprocessing berhasil
2026-03-04 11:21:57,D:\PUTRI\D4\SEMESTER 8 (4C)\skripsi\code\code_mhs\2341720227\m02\p02.ipynb,SUCCESS,Preprocessing berhasil
2026-03-04 11:21:57,D:\PUTRI\D4\SEMESTER 8 (4C)\skripsi\code\code_mhs\2341720227\m02\p03.ipynb,SUCCESS,Preprocessing berhasil
2026-03-04 11:21:57,D:\PUTRI\D4\SEMESTER 8 (4C)\skripsi\code\code_mhs\2341720227\m02\p04.ipynb,SUCCESS,Preprocessing berhasil
2026-03-04 11:21:57,D:\PUTRI\D4\SEMESTER 8 (4C)\skripsi\code\code_mhs\2341720227\m02\tp01.ipynb,SUCCESS,Preprocessing berhasil
2026-03-04 11:21:57,D:\PUTRI\D4\SEMESTER 8 (4C)\skripsi\code\code_mhs\2341720227\m03\p01.ipynb,SUCCESS,Preprocessing berhasil
2026-03-04 11:21:57,D:\PUTRI\D4\SEMESTER 8 (4C)\skripsi\code\code_mhs\2341720227\m03\p02.ipynb,SUCCESS,Preprocessing berhasil
2026-03-04 11:21:58,D:\PUTRI\D4\SEMESTER 8 (4C)\skripsi\code\code_mhs\2341720227\m03\p03.ipynb,SUCCESS,Preprocessing berhasil
2026-03-04 11:21:58,D:\PUTRI\D4\SEMESTER 8 (4C)\skripsi\code\code_mhs\2341720227\m03\tp01.ipynb,SUCCESS,Preprocessing berhasil
2026-03-04 11:21:58,D:\PUTRI\D4\SEMESTER 8 (4C)\skripsi\code\code_mhs\2341720227\m04\p01.ipynb,SUCCESS,Preprocessing berhasil
2026-03-04 11:21:58,D:\PUTRI\D4\SEMESTER 8 (4C)\skripsi\code\code_mhs\2341720227\m04\p02.ipynb,SUCCESS,Preprocessing berhasil
2026-03-04 11:21:58,D:\PUTRI\D4\SEMESTER 8 (4C)\skripsi\code\code_mhs\2341720227\m04\p03.ipynb,SUCCESS,Preprocessing berhasil
2026-03-04 11:21:58,D:\PUTRI\D4\SEMESTER 8 (4C)\skripsi\code\code_mhs\2341720227\m04\tp01.ipynb,SUCCESS,Preprocessing berhasil
2026-03-04 11:21:58,D:\PUTRI\D4\SEMESTER 8 (4C)\skripsi\code\code_mhs\2341720227\m04\tp02.ipynb,SUCCESS,Preprocessing berhasil
2026-03-04 11:21:58,D:\PUTRI\D4\SEMESTER 8 (4C)\skripsi\code\code_mhs\2341720227\m04\tp03.ipynb,SUCCESS,Preprocessing berhasil
2026-03-04 11:21:58,D:\PUTRI\D4\SEMESTER 8 (4C)\skripsi\code\code_mhs\2341720227\m05\p01.ipynb,SUCCESS,Preprocessing berhasil
2026-03-04 11:21:58,D:\PUTRI\D4\SEMESTER 8 (4C)\skripsi\code\code_mhs\2341720227\m05\p02.ipynb,SUCCESS,Preprocessing berhasil
2026-03-04 11:21:58,D:\PUTRI\D4\SEMESTER 8 (4C)\skripsi\code\code_mhs\2341720227\m05\tp01.ipynb,SUCCESS,Preprocessing berhasil
2026-03-04 11:21:58,D:\PUTRI\D4\SEMESTER 8 (4C)\skripsi\code\code_mhs\2341720227\m06\JS06_ANN_(Approximate_Nearest_Neighbors).ipynb,SUCCESS,Preprocessing berhasil
2026-03-04 11:21:58,D:\PUTRI\D4\SEMESTER 8 (4C)\skripsi\code\code_mhs\2341720227\m06\JS06_Regresi.ipynb,SUCCESS,Preprocessing berhasil
2026-03-04 11:21:58,D:\PUTRI\D4\SEMESTER 8 (4C)\skripsi\code\code_mhs\2341720227\m06\p01.ipynb,SUCCESS,Preprocessing berhasil
2026-03-04 11:21:59,D:\PUTRI\D4\SEMESTER 8 (4C)\skripsi\code\code_mhs\2341720227\m06\p02.ipynb,SUCCESS,Preprocessing berhasil
2026-03-04 11:21:59,D:\PUTRI\D4\SEMESTER 8 (4C)\skripsi\code\code_mhs\2341720227\m06\tp01.ipynb,SUCCESS,Preprocessing berhasil
2026-03-04 11:21:59,D:\PUTRI\D4\SEMESTER 8 (4C)\skripsi\code\code_mhs\2341720227\m07\JS07_Approximate_Nearest_Neighbors_(ANN)_2341720227_Petrus_Tyang_A_R.ipynb,SUCCESS,Preprocessing berhasil
2026-03-04 11:21:59,D:\PUTRI\D4\SEMESTER 8 (4C)\skripsi\code\code_mhs\2341720227\m07\p01.ipynb,SUCCESS,Preprocessing berhasil
2026-03-04 11:21:59,D:\PUTRI\D4\SEMESTER 8 (4C)\skripsi\code\code_mhs\2341720227\m07\p02.ipynb,SUCCESS,Preprocessing berhasil
2026-03-04 11:21:59,D:\PUTRI\D4\SEMESTER 8 (4C)\skripsi\code\code_mhs\2341720227\m07\p03.ipynb,SUCCESS,Preprocessing berhasil
2026-03-04 11:21:59,D:\PUTRI\D4\SEMESTER 8 (4C)\skripsi\code\code_mhs\2341720227\m07\p04.ipynb,SUCCESS,Preprocessing berhasil
2026-03-04 11:21:59,D:\PUTRI\D4\SEMESTER 8 (4C)\skripsi\code\code_mhs\2341720227\m07\p05.ipynb,SUCCESS,Preprocessing berhasil
2026-03-04 11:21:59,D:\PUTRI\D4\SEMESTER 8 (4C)\skripsi\code\code_mhs\2341720227\m07\p06.ipynb,SUCCESS,Preprocessing berhasil
2026-03-04 11:21:59,D:\PUTRI\D4\SEMESTER 8 (4C)\skripsi\code\code_mhs\2341720227\m07\tp01.ipynb,SUCCESS,Preprocessing berhasil
2026-03-04 11:21:59,D:\PUTRI\D4\SEMESTER 8 (4C)\skripsi\code\code_mhs\2341720227\m08\tp01.ipynb,SUCCESS,Preprocessing berhasil
2026-03-04 11:22:00,D:\PUTRI\D4\SEMESTER 8 (4C)\skripsi\code\code_mhs\2341720227\m09\JS09_Klasifikasi.ipynb,SUCCESS,Preprocessing berhasil
2026-03-04 11:22:00,D:\PUTRI\D4\SEMESTER 8 (4C)\skripsi\code\code_mhs\2341720227\m09\p01.ipynb,SUCCESS,Preprocessing berhasil
2026-03-04 11:22:00,D:\PUTRI\D4\SEMESTER 8 (4C)\skripsi\code\code_mhs\2341720227\m09\p02.ipynb,SUCCESS,Preprocessing berhasil
2026-03-04 11:22:00,D:\PUTRI\D4\SEMESTER 8 (4C)\skripsi\code\code_mhs\2341720227\m09\p03.ipynb,SUCCESS,Preprocessing berhasil
2026-03-04 11:22:00,D:\PUTRI\D4\SEMESTER 8 (4C)\skripsi\code\code_mhs\2341720227\m09\tp01.ipynb,SUCCESS,Preprocessing berhasil
2026-03-04 11:22:00,D:\PUTRI\D4\SEMESTER 8 (4C)\skripsi\code\code_mhs\2341720227\m09\tp02.ipynb,SUCCESS,Preprocessing berhasil
2026-03-04 11:22:00,D:\PUTRI\D4\SEMESTER 8 (4C)\skripsi\code\code_mhs\2341720227\m11\JS11_Klasifikasi_2.ipynb,FAILED,Identifier normalization gagal
2026-03-04 11:22:00,D:\PUTRI\D4\SEMESTER 8 (4C)\skripsi\code\code_mhs\2341720227\m11\p01.ipynb,FAILED,Identifier normalization gagal
2026-03-04 11:22:00,D:\PUTRI\D4\SEMESTER 8 (4C)\skripsi\code\code_mhs\2341720227\m11\p03.ipynb,SUCCESS,Preprocessing berhasil
2026-03-04 11:22:00,D:\PUTRI\D4\SEMESTER 8 (4C)\skripsi\code\code_mhs\2341720227\m11\p04.ipynb,SUCCESS,Preprocessing berhasil
2026-03-04 11:22:00,D:\PUTRI\D4\SEMESTER 8 (4C)\skripsi\code\code_mhs\2341720227\m11\p05.ipynb,SUCCESS,Preprocessing berhasil
2026-03-04 11:22:00,D:\PUTRI\D4\SEMESTER 8 (4C)\skripsi\code\code_mhs\2341720227\m11\tp01.ipynb,SUCCESS,Preprocessing berhasil
2026-03-04 11:22:00,D:\PUTRI\D4\SEMESTER 8 (4C)\skripsi\code\code_mhs\2341720227\m13\JS13_Artificial_Neural_Network_(ANN)_dan_Evaluasi_Classifier.ipynb,SUCCESS,Preprocessing berhasil
2026-03-04 11:22:00,D:\PUTRI\D4\SEMESTER 8 (4C)\skripsi\code\code_mhs\2341720227\m13\p01.ipynb,SUCCESS,Preprocessing berhasil
2026-03-04 11:22:00,D:\PUTRI\D4\SEMESTER 8 (4C)\skripsi\code\code_mhs\2341720227\m13\p02.ipynb,SUCCESS,Preprocessing berhasil
2026-03-04 11:22:00,D:\PUTRI\D4\SEMESTER 8 (4C)\skripsi\code\code_mhs\2341720227\m13\tp01.ipynb,SUCCESS,Preprocessing berhasil
2026-03-04 11:22:00,D:\PUTRI\D4\SEMESTER 8 (4C)\skripsi\code\code_mhs\2341720227\m13\tp02.ipynb,SUCCESS,Preprocessing berhasil
2026-03-04 11:22:00,D:\PUTRI\D4\SEMESTER 8 (4C)\skripsi\code\code_mhs\2341720227\m13\tp03.ipynb,SUCCESS,Preprocessing berhasil
2026-03-04 11:22:01,D:\PUTRI\D4\SEMESTER 8 (4C)\skripsi\code\code_mhs\2341720227\m13\tp04.ipynb,SUCCESS,Preprocessing berhasil
2026-03-04 11:22:01,D:\PUTRI\D4\SEMESTER 8 (4C)\skripsi\code\code_mhs\2341720227\m14\p01.ipynb,SUCCESS,Preprocessing berhasil
2026-03-04 11:22:01,D:\PUTRI\D4\SEMESTER 8 (4C)\skripsi\code\code_mhs\2341720227\m14\p02.ipynb,SUCCESS,Preprocessing berhasil
2026-03-04 11:22:01,D:\PUTRI\D4\SEMESTER 8 (4C)\skripsi\code\code_mhs\2341720227\m15\p01.ipynb,SUCCESS,Preprocessing berhasil
2026-03-04 11:22:01,D:\PUTRI\D4\SEMESTER 8 (4C)\skripsi\code\code_mhs\2341720227\pbl\pbl.ipynb,FAILED,Identifier normalization gagal
2026-03-04 11:22:01,D:\PUTRI\D4\SEMESTER 8 (4C)\skripsi\code\code_mhs\2341720227\unclassified\app.py,SUCCESS,Preprocessing berhasil
2026-03-04 11:22:02,D:\PUTRI\D4\SEMESTER 8 (4C)\skripsi\code\code_mhs\2341720234\m02\p01.ipynb,SUCCESS,Preprocessing berhasil
2026-03-04 11:22:02,D:\PUTRI\D4\SEMESTER 8 (4C)\skripsi\code\code_mhs\2341720234\m02\p02.ipynb,SUCCESS,Preprocessing berhasil
2026-03-04 11:22:02,D:\PUTRI\D4\SEMESTER 8 (4C)\skripsi\code\code_mhs\2341720234\m02\p03.ipynb,SUCCESS,Preprocessing berhasil
2026-03-04 11:22:02,D:\PUTRI\D4\SEMESTER 8 (4C)\skripsi\code\code_mhs\2341720234\m02\p04.ipynb,SUCCESS,Preprocessing berhasil
2026-03-04 11:22:02,D:\PUTRI\D4\SEMESTER 8 (4C)\skripsi\code\code_mhs\2341720234\m02\tp01.ipynb,SUCCESS,Preprocessing berhasil
2026-03-04 11:22:02,D:\PUTRI\D4\SEMESTER 8 (4C)\skripsi\code\code_mhs\2341720234\m03\p01.ipynb,SUCCESS,Preprocessing berhasil
2026-03-04 11:22:02,D:\PUTRI\D4\SEMESTER 8 (4C)\skripsi\code\code_mhs\2341720234\m03\p02.ipynb,SUCCESS,Preprocessing berhasil
2026-03-04 11:22:02,D:\PUTRI\D4\SEMESTER 8 (4C)\skripsi\code\code_mhs\2341720234\m03\p03.ipynb,SUCCESS,Preprocessing berhasil
2026-03-04 11:22:02,D:\PUTRI\D4\SEMESTER 8 (4C)\skripsi\code\code_mhs\2341720234\m03\p04.ipynb,SUCCESS,Preprocessing berhasil
2026-03-04 11:22:02,D:\PUTRI\D4\SEMESTER 8 (4C)\skripsi\code\code_mhs\2341720234\m03\tp01.ipynb,SUCCESS,Preprocessing berhasil
2026-03-04 11:22:02,D:\PUTRI\D4\SEMESTER 8 (4C)\skripsi\code\code_mhs\2341720234\m04\p01.ipynb,SUCCESS,Preprocessing berhasil
2026-03-04 11:22:02,D:\PUTRI\D4\SEMESTER 8 (4C)\skripsi\code\code_mhs\2341720234\m04\p02.ipynb,SUCCESS,Preprocessing berhasil
2026-03-04 11:22:02,D:\PUTRI\D4\SEMESTER 8 (4C)\skripsi\code\code_mhs\2341720234\m04\p03.ipynb,SUCCESS,Preprocessing berhasil
2026-03-04 11:22:02,D:\PUTRI\D4\SEMESTER 8 (4C)\skripsi\code\code_mhs\2341720234\m04\tp01.ipynb,SUCCESS,Preprocessing berhasil
2026-03-04 11:22:02,D:\PUTRI\D4\SEMESTER 8 (4C)\skripsi\code\code_mhs\2341720234\m05\p01.ipynb,SUCCESS,Preprocessing berhasil
2026-03-04 11:22:02,D:\PUTRI\D4\SEMESTER 8 (4C)\skripsi\code\code_mhs\2341720234\m05\p02.ipynb,SUCCESS,Preprocessing berhasil
2026-03-04 11:22:02,D:\PUTRI\D4\SEMESTER 8 (4C)\skripsi\code\code_mhs\2341720234\m05\tp01.ipynb,SUCCESS,Preprocessing berhasil
2026-03-04 11:22:02,D:\PUTRI\D4\SEMESTER 8 (4C)\skripsi\code\code_mhs\2341720234\m06\p01.ipynb,SUCCESS,Preprocessing berhasil
2026-03-04 11:22:02,D:\PUTRI\D4\SEMESTER 8 (4C)\skripsi\code\code_mhs\2341720234\m06\p02.ipynb,SUCCESS,Preprocessing berhasil
2026-03-04 11:22:02,D:\PUTRI\D4\SEMESTER 8 (4C)\skripsi\code\code_mhs\2341720234\m06\tp01.ipynb,SUCCESS,Preprocessing berhasil
2026-03-04 11:22:02,D:\PUTRI\D4\SEMESTER 8 (4C)\skripsi\code\code_mhs\2341720234\m07\p01.ipynb,SUCCESS,Preprocessing berhasil
2026-03-04 11:22:02,D:\PUTRI\D4\SEMESTER 8 (4C)\skripsi\code\code_mhs\2341720234\m07\p02.ipynb,SUCCESS,Preprocessing berhasil
2026-03-04 11:22:02,D:\PUTRI\D4\SEMESTER 8 (4C)\skripsi\code\code_mhs\2341720234\m07\p03.ipynb,SUCCESS,Preprocessing berhasil
2026-03-04 11:22:02,D:\PUTRI\D4\SEMESTER 8 (4C)\skripsi\code\code_mhs\2341720234\m07\p04.ipynb,SUCCESS,Preprocessing berhasil
2026-03-04 11:22:02,D:\PUTRI\D4\SEMESTER 8 (4C)\skripsi\code\code_mhs\2341720234\m07\p05.ipynb,SUCCESS,Preprocessing berhasil
2026-03-04 11:22:02,D:\PUTRI\D4\SEMESTER 8 (4C)\skripsi\code\code_mhs\2341720234\m07\p06.ipynb,SUCCESS,Preprocessing berhasil
2026-03-04 11:22:03,D:\PUTRI\D4\SEMESTER 8 (4C)\skripsi\code\code_mhs\2341720234\m07\tp01.ipynb,SUCCESS,Preprocessing berhasil
2026-03-04 11:22:03,D:\PUTRI\D4\SEMESTER 8 (4C)\skripsi\code\code_mhs\2341720234\m08\tp01.ipynb,SUCCESS,Preprocessing berhasil
2026-03-04 11:22:03,D:\PUTRI\D4\SEMESTER 8 (4C)\skripsi\code\code_mhs\2341720234\m09\p01.ipynb,SUCCESS,Preprocessing berhasil
2026-03-04 11:22:03,D:\PUTRI\D4\SEMESTER 8 (4C)\skripsi\code\code_mhs\2341720234\m09\p02.ipynb,SUCCESS,Preprocessing berhasil
2026-03-04 11:22:03,D:\PUTRI\D4\SEMESTER 8 (4C)\skripsi\code\code_mhs\2341720234\m09\p03.ipynb,SUCCESS,Preprocessing berhasil
2026-03-04 11:22:03,D:\PUTRI\D4\SEMESTER 8 (4C)\skripsi\code\code_mhs\2341720234\m09\tp01.ipynb,SUCCESS,Preprocessing berhasil
2026-03-04 11:22:03,D:\PUTRI\D4\SEMESTER 8 (4C)\skripsi\code\code_mhs\2341720234\m09\tp02.ipynb,SUCCESS,Preprocessing berhasil
2026-03-04 11:22:03,D:\PUTRI\D4\SEMESTER 8 (4C)\skripsi\code\code_mhs\2341720234\m11\p01.ipynb,FAILED,Identifier normalization gagal
2026-03-04 11:22:03,D:\PUTRI\D4\SEMESTER 8 (4C)\skripsi\code\code_mhs\2341720234\m11\p02.ipynb,SUCCESS,Preprocessing berhasil
2026-03-04 11:22:03,D:\PUTRI\D4\SEMESTER 8 (4C)\skripsi\code\code_mhs\2341720234\m11\p03.ipynb,SUCCESS,Preprocessing berhasil
2026-03-04 11:22:03,D:\PUTRI\D4\SEMESTER 8 (4C)\skripsi\code\code_mhs\2341720234\m11\p04.ipynb,SUCCESS,Preprocessing berhasil
2026-03-04 11:22:03,D:\PUTRI\D4\SEMESTER 8 (4C)\skripsi\code\code_mhs\2341720234\m11\p05.ipynb,SUCCESS,Preprocessing berhasil
2026-03-04 11:22:03,D:\PUTRI\D4\SEMESTER 8 (4C)\skripsi\code\code_mhs\2341720234\m11\tp01.ipynb,SUCCESS,Preprocessing berhasil
2026-03-04 11:22:03,D:\PUTRI\D4\SEMESTER 8 (4C)\skripsi\code\code_mhs\2341720234\m13\p01.ipynb,SUCCESS,Preprocessing berhasil
2026-03-04 11:22:03,D:\PUTRI\D4\SEMESTER 8 (4C)\skripsi\code\code_mhs\2341720234\m13\p02.ipynb,SUCCESS,Preprocessing berhasil
2026-03-04 11:22:03,D:\PUTRI\D4\SEMESTER 8 (4C)\skripsi\code\code_mhs\2341720234\m13\p03.ipynb,SUCCESS,Preprocessing berhasil
2026-03-04 11:22:03,D:\PUTRI\D4\SEMESTER 8 (4C)\skripsi\code\code_mhs\2341720234\m13\tp01.ipynb,SUCCESS,Preprocessing berhasil
2026-03-04 11:22:03,D:\PUTRI\D4\SEMESTER 8 (4C)\skripsi\code\code_mhs\2341720234\m14\p01.ipynb,SUCCESS,Preprocessing berhasil
2026-03-04 11:22:03,D:\PUTRI\D4\SEMESTER 8 (4C)\skripsi\code\code_mhs\2341720234\m14\p02.ipynb,SUCCESS,Preprocessing berhasil
2026-03-04 11:22:03,D:\PUTRI\D4\SEMESTER 8 (4C)\skripsi\code\code_mhs\2341720234\m14\tp01.ipynb,SUCCESS,Preprocessing berhasil
2026-03-04 11:22:03,D:\PUTRI\D4\SEMESTER 8 (4C)\skripsi\code\code_mhs\2341720234\m15\p01.ipynb,SUCCESS,Preprocessing berhasil
2026-03-04 11:22:03,D:\PUTRI\D4\SEMESTER 8 (4C)\skripsi\code\code_mhs\2341720234\pbl\pbl.ipynb,SUCCESS,Preprocessing berhasil
2026-03-04 11:22:04,D:\PUTRI\D4\SEMESTER 8 (4C)\skripsi\code\code_mhs\2341720248\kelompok\kelompok.ipynb,SUCCESS,Preprocessing berhasil
2026-03-04 11:22:04,D:\PUTRI\D4\SEMESTER 8 (4C)\skripsi\code\code_mhs\2341720248\m02\p01.ipynb,SUCCESS,Preprocessing berhasil
2026-03-04 11:22:04,D:\PUTRI\D4\SEMESTER 8 (4C)\skripsi\code\code_mhs\2341720248\m02\p02.ipynb,SUCCESS,Preprocessing berhasil
2026-03-04 11:22:04,D:\PUTRI\D4\SEMESTER 8 (4C)\skripsi\code\code_mhs\2341720248\m02\p03.ipynb,SUCCESS,Preprocessing berhasil
2026-03-04 11:22:04,D:\PUTRI\D4\SEMESTER 8 (4C)\skripsi\code\code_mhs\2341720248\m02\p04.ipynb,SUCCESS,Preprocessing berhasil
2026-03-04 11:22:04,D:\PUTRI\D4\SEMESTER 8 (4C)\skripsi\code\code_mhs\2341720248\m02\tp01.ipynb,SUCCESS,Preprocessing berhasil
2026-03-04 11:22:04,D:\PUTRI\D4\SEMESTER 8 (4C)\skripsi\code\code_mhs\2341720248\m03\p01.ipynb,SUCCESS,Preprocessing berhasil
2026-03-04 11:22:04,D:\PUTRI\D4\SEMESTER 8 (4C)\skripsi\code\code_mhs\2341720248\m03\p02.ipynb,SUCCESS,Preprocessing berhasil
2026-03-04 11:22:04,D:\PUTRI\D4\SEMESTER 8 (4C)\skripsi\code\code_mhs\2341720248\m03\p03.ipynb,SUCCESS,Preprocessing berhasil
2026-03-04 11:22:04,D:\PUTRI\D4\SEMESTER 8 (4C)\skripsi\code\code_mhs\2341720248\m03\p04.ipynb,SUCCESS,Preprocessing berhasil
2026-03-04 11:22:05,D:\PUTRI\D4\SEMESTER 8 (4C)\skripsi\code\code_mhs\2341720248\m03\tp01.ipynb,SUCCESS,Preprocessing berhasil
2026-03-04 11:22:05,D:\PUTRI\D4\SEMESTER 8 (4C)\skripsi\code\code_mhs\2341720248\m04\p01.ipynb,SUCCESS,Preprocessing berhasil
2026-03-04 11:22:05,D:\PUTRI\D4\SEMESTER 8 (4C)\skripsi\code\code_mhs\2341720248\m04\p02.ipynb,SUCCESS,Preprocessing berhasil
2026-03-04 11:22:05,D:\PUTRI\D4\SEMESTER 8 (4C)\skripsi\code\code_mhs\2341720248\m04\p03.ipynb,SUCCESS,Preprocessing berhasil
2026-03-04 11:22:05,D:\PUTRI\D4\SEMESTER 8 (4C)\skripsi\code\code_mhs\2341720248\m04\tp01.ipynb,SUCCESS,Preprocessing berhasil
2026-03-04 11:22:05,D:\PUTRI\D4\SEMESTER 8 (4C)\skripsi\code\code_mhs\2341720248\m05\p01.ipynb,SUCCESS,Preprocessing berhasil
2026-03-04 11:22:05,D:\PUTRI\D4\SEMESTER 8 (4C)\skripsi\code\code_mhs\2341720248\m05\tp01.ipynb,SUCCESS,Preprocessing berhasil
2026-03-04 11:22:05,D:\PUTRI\D4\SEMESTER 8 (4C)\skripsi\code\code_mhs\2341720248\m06\p01.ipynb,SUCCESS,Preprocessing berhasil
2026-03-04 11:22:05,D:\PUTRI\D4\SEMESTER 8 (4C)\skripsi\code\code_mhs\2341720248\m06\p02.ipynb,SUCCESS,Preprocessing berhasil
2026-03-04 11:22:05,D:\PUTRI\D4\SEMESTER 8 (4C)\skripsi\code\code_mhs\2341720248\m06\tp01.ipynb,SUCCESS,Preprocessing berhasil
2026-03-04 11:22:05,D:\PUTRI\D4\SEMESTER 8 (4C)\skripsi\code\code_mhs\2341720248\m07\p01.ipynb,SUCCESS,Preprocessing berhasil
2026-03-04 11:22:05,D:\PUTRI\D4\SEMESTER 8 (4C)\skripsi\code\code_mhs\2341720248\m07\p02.ipynb,SUCCESS,Preprocessing berhasil
2026-03-04 11:22:05,D:\PUTRI\D4\SEMESTER 8 (4C)\skripsi\code\code_mhs\2341720248\m07\p03.ipynb,SUCCESS,Preprocessing berhasil
2026-03-04 11:22:05,D:\PUTRI\D4\SEMESTER 8 (4C)\skripsi\code\code_mhs\2341720248\m07\p04.ipynb,SUCCESS,Preprocessing berhasil
2026-03-04 11:22:05,D:\PUTRI\D4\SEMESTER 8 (4C)\skripsi\code\code_mhs\2341720248\m07\p05.ipynb,SUCCESS,Preprocessing berhasil
2026-03-04 11:22:05,D:\PUTRI\D4\SEMESTER 8 (4C)\skripsi\code\code_mhs\2341720248\m07\p06.ipynb,SUCCESS,Preprocessing berhasil
2026-03-04 11:22:06,D:\PUTRI\D4\SEMESTER 8 (4C)\skripsi\code\code_mhs\2341720248\m07\tp01.ipynb,SUCCESS,Preprocessing berhasil
2026-03-04 11:22:06,D:\PUTRI\D4\SEMESTER 8 (4C)\skripsi\code\code_mhs\2341720248\m08\tp01.ipynb,SUCCESS,Preprocessing berhasil
2026-03-04 11:22:06,D:\PUTRI\D4\SEMESTER 8 (4C)\skripsi\code\code_mhs\2341720248\m09\p01.ipynb,SUCCESS,Preprocessing berhasil
2026-03-04 11:22:06,D:\PUTRI\D4\SEMESTER 8 (4C)\skripsi\code\code_mhs\2341720248\m09\p02.ipynb,SUCCESS,Preprocessing berhasil
2026-03-04 11:22:06,D:\PUTRI\D4\SEMESTER 8 (4C)\skripsi\code\code_mhs\2341720248\m09\p03.ipynb,SUCCESS,Preprocessing berhasil
2026-03-04 11:22:06,D:\PUTRI\D4\SEMESTER 8 (4C)\skripsi\code\code_mhs\2341720248\m09\tp01.ipynb,SUCCESS,Preprocessing berhasil
2026-03-04 11:22:06,D:\PUTRI\D4\SEMESTER 8 (4C)\skripsi\code\code_mhs\2341720248\m09\tp02.ipynb,SUCCESS,Preprocessing berhasil
2026-03-04 11:22:06,D:\PUTRI\D4\SEMESTER 8 (4C)\skripsi\code\code_mhs\2341720248\m11\p01.ipynb,FAILED,Identifier normalization gagal
2026-03-04 11:22:06,D:\PUTRI\D4\SEMESTER 8 (4C)\skripsi\code\code_mhs\2341720248\m11\p02.ipynb,SUCCESS,Preprocessing berhasil
2026-03-04 11:22:06,D:\PUTRI\D4\SEMESTER 8 (4C)\skripsi\code\code_mhs\2341720248\m11\p03.ipynb,SUCCESS,Preprocessing berhasil
2026-03-04 11:22:06,D:\PUTRI\D4\SEMESTER 8 (4C)\skripsi\code\code_mhs\2341720248\m11\p04.ipynb,SUCCESS,Preprocessing berhasil
2026-03-04 11:22:06,D:\PUTRI\D4\SEMESTER 8 (4C)\skripsi\code\code_mhs\2341720248\m11\p05.ipynb,SUCCESS,Preprocessing berhasil
2026-03-04 11:22:07,D:\PUTRI\D4\SEMESTER 8 (4C)\skripsi\code\code_mhs\2341720248\m11\tp01.ipynb,SUCCESS,Preprocessing berhasil
2026-03-04 11:22:07,D:\PUTRI\D4\SEMESTER 8 (4C)\skripsi\code\code_mhs\2341720248\m13\p01.ipynb,SUCCESS,Preprocessing berhasil
2026-03-04 11:22:07,D:\PUTRI\D4\SEMESTER 8 (4C)\skripsi\code\code_mhs\2341720248\m13\p02.ipynb,SUCCESS,Preprocessing berhasil
2026-03-04 11:22:07,D:\PUTRI\D4\SEMESTER 8 (4C)\skripsi\code\code_mhs\2341720248\m13\p03.ipynb,SUCCESS,Preprocessing berhasil
2026-03-04 11:22:07,D:\PUTRI\D4\SEMESTER 8 (4C)\skripsi\code\code_mhs\2341720248\m13\tp01.ipynb,SUCCESS,Preprocessing berhasil
2026-03-04 11:22:07,D:\PUTRI\D4\SEMESTER 8 (4C)\skripsi\code\code_mhs\2341720248\m14\p01.ipynb,SUCCESS,Preprocessing berhasil
2026-03-04 11:22:07,D:\PUTRI\D4\SEMESTER 8 (4C)\skripsi\code\code_mhs\2341720248\m14\p02.ipynb,SUCCESS,Preprocessing berhasil
2026-03-04 11:22:07,D:\PUTRI\D4\SEMESTER 8 (4C)\skripsi\code\code_mhs\2341720248\m14\tp01.ipynb,SUCCESS,Preprocessing berhasil
2026-03-04 11:22:07,D:\PUTRI\D4\SEMESTER 8 (4C)\skripsi\code\code_mhs\2341720248\m15\app.py,SUCCESS,Preprocessing berhasil
2026-03-04 11:22:07,D:\PUTRI\D4\SEMESTER 8 (4C)\skripsi\code\code_mhs\2341720248\m15\p01.ipynb,SUCCESS,Preprocessing berhasil
2026-03-04 11:22:08,D:\PUTRI\D4\SEMESTER 8 (4C)\skripsi\code\code_mhs\2341720248\unclassified\TG11_2341720248.ipynb,FAILED,Identifier normalization gagal
2026-03-04 11:22:08,D:\PUTRI\D4\SEMESTER 8 (4C)\skripsi\code\code_mhs\2341720248\unclassified\TG14_2341720248_Rangga_Dwi_Saputra.ipynb,SUCCESS,Preprocessing berhasil
2026-03-04 11:22:08,D:\PUTRI\D4\SEMESTER 8 (4C)\skripsi\code\code_mhs\2341720248\unclassified\TG1_2341720248_Rangga_Dwi_Saputra.ipynb,INVALID,File kosong
2026-03-04 11:22:08,D:\PUTRI\D4\SEMESTER 8 (4C)\skripsi\code\code_mhs\2341720248\unclassified\TG2_2341720248_Rangga_Dwi_Saputra.ipynb,SUCCESS,Preprocessing berhasil
2026-03-04 11:22:09,D:\PUTRI\D4\SEMESTER 8 (4C)\skripsi\code\code_mhs\2341720248\unclassified\TG3_2341720248_Rangga_Dwi_Saputra.ipynb,SUCCESS,Preprocessing berhasil
2026-03-04 11:22:09,D:\PUTRI\D4\SEMESTER 8 (4C)\skripsi\code\code_mhs\2341720248\unclassified\TG4_2341720248_Rangga_Dwi_Saputra.ipynb,SUCCESS,Preprocessing berhasil
2026-03-04 11:22:09,D:\PUTRI\D4\SEMESTER 8 (4C)\skripsi\code\code_mhs\2341720248\unclassified\TG5_2341720248_Rangga_Dwi_Saputra.ipynb,SUCCESS,Preprocessing berhasil
2026-03-04 11:22:09,D:\PUTRI\D4\SEMESTER 8 (4C)\skripsi\code\code_mhs\2341720248\unclassified\TG6_2341720248_Rangga_Dwi_Saputra copy.ipynb,SUCCESS,Preprocessing berhasil
2026-03-04 11:22:09,D:\PUTRI\D4\SEMESTER 8 (4C)\skripsi\code\code_mhs\2341720248\unclassified\TG6_2341720248_Rangga_Dwi_Saputra_.ipynb,SUCCESS,Preprocessing berhasil
2026-03-04 11:22:10,D:\PUTRI\D4\SEMESTER 8 (4C)\skripsi\code\code_mhs\2341720248\unclassified\TG9_2341720248.ipynb,SUCCESS,Preprocessing berhasil
2026-03-04 11:22:10,D:\PUTRI\D4\SEMESTER 8 (4C)\skripsi\code\code_mhs\2341720248\unclassified\TGS13_2341720248_Rangga_Dwi_Saputra_ANN.ipynb,SUCCESS,Preprocessing berhasil
2026-03-04 11:22:10,D:\PUTRI\D4\SEMESTER 8 (4C)\skripsi\code\code_mhs\2341720250\kelompok\kelompok.ipynb,SUCCESS,Preprocessing berhasil
2026-03-04 11:22:11,D:\PUTRI\D4\SEMESTER 8 (4C)\skripsi\code\code_mhs\2341720250\kuis\kuis.ipynb,SUCCESS,Preprocessing berhasil
2026-03-04 11:22:11,D:\PUTRI\D4\SEMESTER 8 (4C)\skripsi\code\code_mhs\2341720250\m02\p01.ipynb,SUCCESS,Preprocessing berhasil
2026-03-04 11:22:11,D:\PUTRI\D4\SEMESTER 8 (4C)\skripsi\code\code_mhs\2341720250\m02\p02.ipynb,SUCCESS,Preprocessing berhasil
2026-03-04 11:22:11,D:\PUTRI\D4\SEMESTER 8 (4C)\skripsi\code\code_mhs\2341720250\m02\p03.ipynb,SUCCESS,Preprocessing berhasil
2026-03-04 11:22:11,D:\PUTRI\D4\SEMESTER 8 (4C)\skripsi\code\code_mhs\2341720250\m02\p04.ipynb,SUCCESS,Preprocessing berhasil
2026-03-04 11:22:11,D:\PUTRI\D4\SEMESTER 8 (4C)\skripsi\code\code_mhs\2341720250\m02\tp01.ipynb,SUCCESS,Preprocessing berhasil
2026-03-04 11:22:11,D:\PUTRI\D4\SEMESTER 8 (4C)\skripsi\code\code_mhs\2341720250\m03\p01.ipynb,SUCCESS,Preprocessing berhasil
2026-03-04 11:22:11,D:\PUTRI\D4\SEMESTER 8 (4C)\skripsi\code\code_mhs\2341720250\m03\p02.ipynb,SUCCESS,Preprocessing berhasil
2026-03-04 11:22:11,D:\PUTRI\D4\SEMESTER 8 (4C)\skripsi\code\code_mhs\2341720250\m03\p03.ipynb,SUCCESS,Preprocessing berhasil
2026-03-04 11:22:11,D:\PUTRI\D4\SEMESTER 8 (4C)\skripsi\code\code_mhs\2341720250\m03\p04.ipynb,SUCCESS,Preprocessing berhasil
2026-03-04 11:22:11,D:\PUTRI\D4\SEMESTER 8 (4C)\skripsi\code\code_mhs\2341720250\m03\tp01.ipynb,SUCCESS,Preprocessing berhasil
2026-03-04 11:22:11,D:\PUTRI\D4\SEMESTER 8 (4C)\skripsi\code\code_mhs\2341720250\m04\p01.ipynb,SUCCESS,Preprocessing berhasil
2026-03-04 11:22:11,D:\PUTRI\D4\SEMESTER 8 (4C)\skripsi\code\code_mhs\2341720250\m04\p02.ipynb,SUCCESS,Preprocessing berhasil
2026-03-04 11:22:11,D:\PUTRI\D4\SEMESTER 8 (4C)\skripsi\code\code_mhs\2341720250\m04\p03.ipynb,SUCCESS,Preprocessing berhasil
2026-03-04 11:22:11,D:\PUTRI\D4\SEMESTER 8 (4C)\skripsi\code\code_mhs\2341720250\m04\tp01.ipynb,SUCCESS,Preprocessing berhasil
2026-03-04 11:22:11,D:\PUTRI\D4\SEMESTER 8 (4C)\skripsi\code\code_mhs\2341720250\m05\p01.ipynb,SUCCESS,Preprocessing berhasil
2026-03-04 11:22:11,D:\PUTRI\D4\SEMESTER 8 (4C)\skripsi\code\code_mhs\2341720250\m05\p02.ipynb,SUCCESS,Preprocessing berhasil
2026-03-04 11:22:11,D:\PUTRI\D4\SEMESTER 8 (4C)\skripsi\code\code_mhs\2341720250\m05\tp01.ipynb,SUCCESS,Preprocessing berhasil
2026-03-04 11:22:11,D:\PUTRI\D4\SEMESTER 8 (4C)\skripsi\code\code_mhs\2341720250\m06\p01.ipynb,SUCCESS,Preprocessing berhasil
2026-03-04 11:22:11,D:\PUTRI\D4\SEMESTER 8 (4C)\skripsi\code\code_mhs\2341720250\m06\p02.ipynb,SUCCESS,Preprocessing berhasil
2026-03-04 11:22:11,D:\PUTRI\D4\SEMESTER 8 (4C)\skripsi\code\code_mhs\2341720250\m06\tp01.ipynb,SUCCESS,Preprocessing berhasil
2026-03-04 11:22:11,D:\PUTRI\D4\SEMESTER 8 (4C)\skripsi\code\code_mhs\2341720250\m07\p01.ipynb,SUCCESS,Preprocessing berhasil
2026-03-04 11:22:11,D:\PUTRI\D4\SEMESTER 8 (4C)\skripsi\code\code_mhs\2341720250\m07\p02.ipynb,SUCCESS,Preprocessing berhasil
2026-03-04 11:22:11,D:\PUTRI\D4\SEMESTER 8 (4C)\skripsi\code\code_mhs\2341720250\m07\p03.ipynb,SUCCESS,Preprocessing berhasil
2026-03-04 11:22:11,D:\PUTRI\D4\SEMESTER 8 (4C)\skripsi\code\code_mhs\2341720250\m07\p04.ipynb,SUCCESS,Preprocessing berhasil
2026-03-04 11:22:12,D:\PUTRI\D4\SEMESTER 8 (4C)\skripsi\code\code_mhs\2341720250\m07\p05.ipynb,SUCCESS,Preprocessing berhasil
2026-03-04 11:22:12,D:\PUTRI\D4\SEMESTER 8 (4C)\skripsi\code\code_mhs\2341720250\m07\p06.ipynb,SUCCESS,Preprocessing berhasil
2026-03-04 11:22:12,D:\PUTRI\D4\SEMESTER 8 (4C)\skripsi\code\code_mhs\2341720250\m07\tp01.ipynb,SUCCESS,Preprocessing berhasil
2026-03-04 11:22:12,D:\PUTRI\D4\SEMESTER 8 (4C)\skripsi\code\code_mhs\2341720250\m08\tp01.ipynb,SUCCESS,Preprocessing berhasil
2026-03-04 11:22:12,D:\PUTRI\D4\SEMESTER 8 (4C)\skripsi\code\code_mhs\2341720250\m09\p01.ipynb,SUCCESS,Preprocessing berhasil
2026-03-04 11:22:12,D:\PUTRI\D4\SEMESTER 8 (4C)\skripsi\code\code_mhs\2341720250\m09\p02.ipynb,SUCCESS,Preprocessing berhasil
2026-03-04 11:22:12,D:\PUTRI\D4\SEMESTER 8 (4C)\skripsi\code\code_mhs\2341720250\m09\p03.ipynb,SUCCESS,Preprocessing berhasil
2026-03-04 11:22:12,D:\PUTRI\D4\SEMESTER 8 (4C)\skripsi\code\code_mhs\2341720250\m09\tp01.ipynb,SUCCESS,Preprocessing berhasil
2026-03-04 11:22:12,D:\PUTRI\D4\SEMESTER 8 (4C)\skripsi\code\code_mhs\2341720250\m09\tp02.ipynb,SUCCESS,Preprocessing berhasil
2026-03-04 11:22:12,D:\PUTRI\D4\SEMESTER 8 (4C)\skripsi\code\code_mhs\2341720250\m11\p01.ipynb,FAILED,Identifier normalization gagal
2026-03-04 11:22:12,D:\PUTRI\D4\SEMESTER 8 (4C)\skripsi\code\code_mhs\2341720250\m11\p02.ipynb,SUCCESS,Preprocessing berhasil
2026-03-04 11:22:12,D:\PUTRI\D4\SEMESTER 8 (4C)\skripsi\code\code_mhs\2341720250\m11\p03.ipynb,SUCCESS,Preprocessing berhasil
2026-03-04 11:22:12,D:\PUTRI\D4\SEMESTER 8 (4C)\skripsi\code\code_mhs\2341720250\m11\p04.ipynb,SUCCESS,Preprocessing berhasil
2026-03-04 11:22:12,D:\PUTRI\D4\SEMESTER 8 (4C)\skripsi\code\code_mhs\2341720250\m11\p05.ipynb,SUCCESS,Preprocessing berhasil
2026-03-04 11:22:12,D:\PUTRI\D4\SEMESTER 8 (4C)\skripsi\code\code_mhs\2341720250\m11\tp01.ipynb,SUCCESS,Preprocessing berhasil
2026-03-04 11:22:12,D:\PUTRI\D4\SEMESTER 8 (4C)\skripsi\code\code_mhs\2341720250\m13\p01.ipynb,SUCCESS,Preprocessing berhasil
2026-03-04 11:22:12,D:\PUTRI\D4\SEMESTER 8 (4C)\skripsi\code\code_mhs\2341720250\m13\p02.ipynb,SUCCESS,Preprocessing berhasil
2026-03-04 11:22:12,D:\PUTRI\D4\SEMESTER 8 (4C)\skripsi\code\code_mhs\2341720250\m13\p03.ipynb,SUCCESS,Preprocessing berhasil
2026-03-04 11:22:12,D:\PUTRI\D4\SEMESTER 8 (4C)\skripsi\code\code_mhs\2341720250\m13\tp01.ipynb,SUCCESS,Preprocessing berhasil
2026-03-04 11:22:13,D:\PUTRI\D4\SEMESTER 8 (4C)\skripsi\code\code_mhs\2341720250\m14\p01.ipynb,SUCCESS,Preprocessing berhasil
2026-03-04 11:22:13,D:\PUTRI\D4\SEMESTER 8 (4C)\skripsi\code\code_mhs\2341720250\m14\p02.ipynb,SUCCESS,Preprocessing berhasil
2026-03-04 11:22:13,D:\PUTRI\D4\SEMESTER 8 (4C)\skripsi\code\code_mhs\2341720250\m14\tp01.ipynb,SUCCESS,Preprocessing berhasil
2026-03-04 11:22:13,D:\PUTRI\D4\SEMESTER 8 (4C)\skripsi\code\code_mhs\2341720250\m15\app.ipynb,SUCCESS,Preprocessing berhasil
2026-03-04 11:22:13,D:\PUTRI\D4\SEMESTER 8 (4C)\skripsi\code\code_mhs\2341720250\m15\p01.ipynb,SUCCESS,Preprocessing berhasil
2026-03-04 11:22:13,D:\PUTRI\D4\SEMESTER 8 (4C)\skripsi\code\code_mhs\2341720250\unclassified\TG1_2341720250_Afifah_Khoirunnisa.ipynb,INVALID,File kosong
2026-03-04 11:22:13,D:\PUTRI\D4\SEMESTER 8 (4C)\skripsi\code\code_mhs\2341720251\m01\p01.ipynb,INVALID,File kosong
2026-03-04 11:22:13,D:\PUTRI\D4\SEMESTER 8 (4C)\skripsi\code\code_mhs\2341720251\m01\tp01.ipynb,INVALID,File kosong
2026-03-04 11:22:13,D:\PUTRI\D4\SEMESTER 8 (4C)\skripsi\code\code_mhs\2341720251\m02\p01.ipynb,SUCCESS,Preprocessing berhasil
2026-03-04 11:22:13,D:\PUTRI\D4\SEMESTER 8 (4C)\skripsi\code\code_mhs\2341720251\m02\p02.ipynb,SUCCESS,Preprocessing berhasil
2026-03-04 11:22:13,D:\PUTRI\D4\SEMESTER 8 (4C)\skripsi\code\code_mhs\2341720251\m02\p03.ipynb,SUCCESS,Preprocessing berhasil
2026-03-04 11:22:13,D:\PUTRI\D4\SEMESTER 8 (4C)\skripsi\code\code_mhs\2341720251\m02\p04.ipynb,SUCCESS,Preprocessing berhasil
2026-03-04 11:22:13,D:\PUTRI\D4\SEMESTER 8 (4C)\skripsi\code\code_mhs\2341720251\m02\tp01.ipynb,SUCCESS,Preprocessing berhasil
2026-03-04 11:22:13,D:\PUTRI\D4\SEMESTER 8 (4C)\skripsi\code\code_mhs\2341720251\m03\p01.ipynb,SUCCESS,Preprocessing berhasil
2026-03-04 11:22:13,D:\PUTRI\D4\SEMESTER 8 (4C)\skripsi\code\code_mhs\2341720251\m03\p02.ipynb,SUCCESS,Preprocessing berhasil
2026-03-04 11:22:13,D:\PUTRI\D4\SEMESTER 8 (4C)\skripsi\code\code_mhs\2341720251\m03\p03.ipynb,SUCCESS,Preprocessing berhasil
2026-03-04 11:22:13,D:\PUTRI\D4\SEMESTER 8 (4C)\skripsi\code\code_mhs\2341720251\m03\p04.ipynb,SUCCESS,Preprocessing berhasil
2026-03-04 11:22:13,D:\PUTRI\D4\SEMESTER 8 (4C)\skripsi\code\code_mhs\2341720251\m03\tp01.ipynb,SUCCESS,Preprocessing berhasil
2026-03-04 11:22:13,D:\PUTRI\D4\SEMESTER 8 (4C)\skripsi\code\code_mhs\2341720251\m04\p01.ipynb,SUCCESS,Preprocessing berhasil
2026-03-04 11:22:13,D:\PUTRI\D4\SEMESTER 8 (4C)\skripsi\code\code_mhs\2341720251\m04\p02.ipynb,SUCCESS,Preprocessing berhasil
2026-03-04 11:22:13,D:\PUTRI\D4\SEMESTER 8 (4C)\skripsi\code\code_mhs\2341720251\m04\p03.ipynb,SUCCESS,Preprocessing berhasil
2026-03-04 11:22:13,D:\PUTRI\D4\SEMESTER 8 (4C)\skripsi\code\code_mhs\2341720251\m04\tp01.ipynb,SUCCESS,Preprocessing berhasil
2026-03-04 11:22:13,D:\PUTRI\D4\SEMESTER 8 (4C)\skripsi\code\code_mhs\2341720251\m05\p01.ipynb,SUCCESS,Preprocessing berhasil
2026-03-04 11:22:13,D:\PUTRI\D4\SEMESTER 8 (4C)\skripsi\code\code_mhs\2341720251\m05\p02.ipynb,SUCCESS,Preprocessing berhasil
2026-03-04 11:22:13,D:\PUTRI\D4\SEMESTER 8 (4C)\skripsi\code\code_mhs\2341720251\m05\tp01.ipynb,SUCCESS,Preprocessing berhasil
2026-03-04 11:22:13,D:\PUTRI\D4\SEMESTER 8 (4C)\skripsi\code\code_mhs\2341720251\m06\p01.ipynb,SUCCESS,Preprocessing berhasil
2026-03-04 11:22:13,D:\PUTRI\D4\SEMESTER 8 (4C)\skripsi\code\code_mhs\2341720251\m06\p02.ipynb,SUCCESS,Preprocessing berhasil
2026-03-04 11:22:14,D:\PUTRI\D4\SEMESTER 8 (4C)\skripsi\code\code_mhs\2341720251\m06\tp01.ipynb,SUCCESS,Preprocessing berhasil
2026-03-04 11:22:14,D:\PUTRI\D4\SEMESTER 8 (4C)\skripsi\code\code_mhs\2341720251\m07\p01.ipynb,SUCCESS,Preprocessing berhasil
2026-03-04 11:22:14,D:\PUTRI\D4\SEMESTER 8 (4C)\skripsi\code\code_mhs\2341720251\m07\p02.ipynb,SUCCESS,Preprocessing berhasil
2026-03-04 11:22:14,D:\PUTRI\D4\SEMESTER 8 (4C)\skripsi\code\code_mhs\2341720251\m07\p03.ipynb,SUCCESS,Preprocessing berhasil
2026-03-04 11:22:14,D:\PUTRI\D4\SEMESTER 8 (4C)\skripsi\code\code_mhs\2341720251\m07\p04.ipynb,SUCCESS,Preprocessing berhasil
2026-03-04 11:22:14,D:\PUTRI\D4\SEMESTER 8 (4C)\skripsi\code\code_mhs\2341720251\m07\p05.ipynb,SUCCESS,Preprocessing berhasil
2026-03-04 11:22:14,D:\PUTRI\D4\SEMESTER 8 (4C)\skripsi\code\code_mhs\2341720251\m07\p06.ipynb,SUCCESS,Preprocessing berhasil
2026-03-04 11:22:14,D:\PUTRI\D4\SEMESTER 8 (4C)\skripsi\code\code_mhs\2341720251\m07\tp01.ipynb,SUCCESS,Preprocessing berhasil
2026-03-04 11:22:14,D:\PUTRI\D4\SEMESTER 8 (4C)\skripsi\code\code_mhs\2341720251\m08\tp01.ipynb,SUCCESS,Preprocessing berhasil
2026-03-04 11:22:14,D:\PUTRI\D4\SEMESTER 8 (4C)\skripsi\code\code_mhs\2341720251\m09\p01.ipynb,SUCCESS,Preprocessing berhasil
2026-03-04 11:22:14,D:\PUTRI\D4\SEMESTER 8 (4C)\skripsi\code\code_mhs\2341720251\m09\p02.ipynb,SUCCESS,Preprocessing berhasil
2026-03-04 11:22:14,D:\PUTRI\D4\SEMESTER 8 (4C)\skripsi\code\code_mhs\2341720251\m09\p03.ipynb,SUCCESS,Preprocessing berhasil
2026-03-04 11:22:14,D:\PUTRI\D4\SEMESTER 8 (4C)\skripsi\code\code_mhs\2341720251\m09\tp01.ipynb,SUCCESS,Preprocessing berhasil
2026-03-04 11:22:14,D:\PUTRI\D4\SEMESTER 8 (4C)\skripsi\code\code_mhs\2341720251\m09\tp02.ipynb,SUCCESS,Preprocessing berhasil
2026-03-04 11:22:14,D:\PUTRI\D4\SEMESTER 8 (4C)\skripsi\code\code_mhs\2341720251\m11\p01.ipynb,FAILED,Identifier normalization gagal
2026-03-04 11:22:14,D:\PUTRI\D4\SEMESTER 8 (4C)\skripsi\code\code_mhs\2341720251\m11\p02.ipynb,SUCCESS,Preprocessing berhasil
2026-03-04 11:22:15,D:\PUTRI\D4\SEMESTER 8 (4C)\skripsi\code\code_mhs\2341720251\m11\p03.ipynb,SUCCESS,Preprocessing berhasil
2026-03-04 11:22:15,D:\PUTRI\D4\SEMESTER 8 (4C)\skripsi\code\code_mhs\2341720251\m11\p04.ipynb,SUCCESS,Preprocessing berhasil
2026-03-04 11:22:15,D:\PUTRI\D4\SEMESTER 8 (4C)\skripsi\code\code_mhs\2341720251\m11\p05.ipynb,SUCCESS,Preprocessing berhasil
2026-03-04 11:22:15,D:\PUTRI\D4\SEMESTER 8 (4C)\skripsi\code\code_mhs\2341720251\m11\tp01.ipynb,SUCCESS,Preprocessing berhasil
2026-03-04 11:22:15,D:\PUTRI\D4\SEMESTER 8 (4C)\skripsi\code\code_mhs\2341720251\m13\p01.ipynb,SUCCESS,Preprocessing berhasil
2026-03-04 11:22:15,D:\PUTRI\D4\SEMESTER 8 (4C)\skripsi\code\code_mhs\2341720251\m13\p02.ipynb,SUCCESS,Preprocessing berhasil
2026-03-04 11:22:15,D:\PUTRI\D4\SEMESTER 8 (4C)\skripsi\code\code_mhs\2341720251\m13\p03.ipynb,SUCCESS,Preprocessing berhasil
2026-03-04 11:22:15,D:\PUTRI\D4\SEMESTER 8 (4C)\skripsi\code\code_mhs\2341720251\m13\tp01.ipynb,SUCCESS,Preprocessing berhasil
2026-03-04 11:22:15,D:\PUTRI\D4\SEMESTER 8 (4C)\skripsi\code\code_mhs\2341720251\m14\p01.ipynb,SUCCESS,Preprocessing berhasil
2026-03-04 11:22:15,D:\PUTRI\D4\SEMESTER 8 (4C)\skripsi\code\code_mhs\2341720251\m14\p02.ipynb,SUCCESS,Preprocessing berhasil
2026-03-04 11:22:15,D:\PUTRI\D4\SEMESTER 8 (4C)\skripsi\code\code_mhs\2341720251\m14\tp01.ipynb,SUCCESS,Preprocessing berhasil
2026-03-04 11:22:15,D:\PUTRI\D4\SEMESTER 8 (4C)\skripsi\code\code_mhs\2341720251\pbl\pbl.ipynb,INVALID,SyntaxError baris 13: invalid syntax
2026-03-04 11:22:16,D:\PUTRI\D4\SEMESTER 8 (4C)\skripsi\code\code_mhs\244107023008\m01\tp01.ipynb,FAILED,Cleaning gagal
2026-03-04 11:22:16,D:\PUTRI\D4\SEMESTER 8 (4C)\skripsi\code\code_mhs\244107023008\m02\p01.ipynb,SUCCESS,Preprocessing berhasil
2026-03-04 11:22:16,D:\PUTRI\D4\SEMESTER 8 (4C)\skripsi\code\code_mhs\244107023008\m02\p02.ipynb,SUCCESS,Preprocessing berhasil
2026-03-04 11:22:16,D:\PUTRI\D4\SEMESTER 8 (4C)\skripsi\code\code_mhs\244107023008\m02\p03.ipynb,SUCCESS,Preprocessing berhasil
2026-03-04 11:22:16,D:\PUTRI\D4\SEMESTER 8 (4C)\skripsi\code\code_mhs\244107023008\m02\p04.ipynb,SUCCESS,Preprocessing berhasil
2026-03-04 11:22:16,D:\PUTRI\D4\SEMESTER 8 (4C)\skripsi\code\code_mhs\244107023008\m02\tp01.ipynb,SUCCESS,Preprocessing berhasil
2026-03-04 11:22:16,D:\PUTRI\D4\SEMESTER 8 (4C)\skripsi\code\code_mhs\244107023008\m03\p01.ipynb,SUCCESS,Preprocessing berhasil
2026-03-04 11:22:17,D:\PUTRI\D4\SEMESTER 8 (4C)\skripsi\code\code_mhs\244107023008\m03\p02.ipynb,SUCCESS,Preprocessing berhasil
2026-03-04 11:22:17,D:\PUTRI\D4\SEMESTER 8 (4C)\skripsi\code\code_mhs\244107023008\m03\p03.ipynb,SUCCESS,Preprocessing berhasil
2026-03-04 11:22:17,D:\PUTRI\D4\SEMESTER 8 (4C)\skripsi\code\code_mhs\244107023008\m03\p04.ipynb,SUCCESS,Preprocessing berhasil
2026-03-04 11:22:17,D:\PUTRI\D4\SEMESTER 8 (4C)\skripsi\code\code_mhs\244107023008\m03\tp01.ipynb,SUCCESS,Preprocessing berhasil
2026-03-04 11:22:17,D:\PUTRI\D4\SEMESTER 8 (4C)\skripsi\code\code_mhs\244107023008\m04\p01.ipynb,SUCCESS,Preprocessing berhasil
2026-03-04 11:22:17,D:\PUTRI\D4\SEMESTER 8 (4C)\skripsi\code\code_mhs\244107023008\m04\p02.ipynb,SUCCESS,Preprocessing berhasil
2026-03-04 11:22:17,D:\PUTRI\D4\SEMESTER 8 (4C)\skripsi\code\code_mhs\244107023008\m04\p03.ipynb,SUCCESS,Preprocessing berhasil
2026-03-04 11:22:17,D:\PUTRI\D4\SEMESTER 8 (4C)\skripsi\code\code_mhs\244107023008\m04\tp01.ipynb,SUCCESS,Preprocessing berhasil
2026-03-04 11:22:17,D:\PUTRI\D4\SEMESTER 8 (4C)\skripsi\code\code_mhs\244107023008\m05\p01.ipynb,SUCCESS,Preprocessing berhasil
2026-03-04 11:22:17,D:\PUTRI\D4\SEMESTER 8 (4C)\skripsi\code\code_mhs\244107023008\m05\p02.ipynb,SUCCESS,Preprocessing berhasil
2026-03-04 11:22:17,D:\PUTRI\D4\SEMESTER 8 (4C)\skripsi\code\code_mhs\244107023008\m05\tp01.ipynb,SUCCESS,Preprocessing berhasil
2026-03-04 11:22:17,D:\PUTRI\D4\SEMESTER 8 (4C)\skripsi\code\code_mhs\244107023008\m06\p01.ipynb,SUCCESS,Preprocessing berhasil
2026-03-04 11:22:17,D:\PUTRI\D4\SEMESTER 8 (4C)\skripsi\code\code_mhs\244107023008\m06\p02.ipynb,SUCCESS,Preprocessing berhasil
2026-03-04 11:22:17,D:\PUTRI\D4\SEMESTER 8 (4C)\skripsi\code\code_mhs\244107023008\m06\tp01.ipynb,SUCCESS,Preprocessing berhasil
2026-03-04 11:22:17,D:\PUTRI\D4\SEMESTER 8 (4C)\skripsi\code\code_mhs\244107023008\m07\p01.ipynb,SUCCESS,Preprocessing berhasil
2026-03-04 11:22:17,D:\PUTRI\D4\SEMESTER 8 (4C)\skripsi\code\code_mhs\244107023008\m07\p02.ipynb,SUCCESS,Preprocessing berhasil
2026-03-04 11:22:17,D:\PUTRI\D4\SEMESTER 8 (4C)\skripsi\code\code_mhs\244107023008\m07\p03.ipynb,SUCCESS,Preprocessing berhasil
2026-03-04 11:22:18,D:\PUTRI\D4\SEMESTER 8 (4C)\skripsi\code\code_mhs\244107023008\m07\p04.ipynb,SUCCESS,Preprocessing berhasil
2026-03-04 11:22:18,D:\PUTRI\D4\SEMESTER 8 (4C)\skripsi\code\code_mhs\244107023008\m07\p05.ipynb,SUCCESS,Preprocessing berhasil
2026-03-04 11:22:18,D:\PUTRI\D4\SEMESTER 8 (4C)\skripsi\code\code_mhs\244107023008\m07\p06.ipynb,SUCCESS,Preprocessing berhasil
2026-03-04 11:22:18,D:\PUTRI\D4\SEMESTER 8 (4C)\skripsi\code\code_mhs\244107023008\m07\tp01.ipynb,SUCCESS,Preprocessing berhasil
2026-03-04 11:22:18,D:\PUTRI\D4\SEMESTER 8 (4C)\skripsi\code\code_mhs\244107023008\m08\tp01.ipynb,SUCCESS,Preprocessing berhasil
2026-03-04 11:22:18,D:\PUTRI\D4\SEMESTER 8 (4C)\skripsi\code\code_mhs\244107023008\m09\p01.ipynb,SUCCESS,Preprocessing berhasil
2026-03-04 11:22:18,D:\PUTRI\D4\SEMESTER 8 (4C)\skripsi\code\code_mhs\244107023008\m09\p02.ipynb,SUCCESS,Preprocessing berhasil
2026-03-04 11:22:18,D:\PUTRI\D4\SEMESTER 8 (4C)\skripsi\code\code_mhs\244107023008\m09\p03.ipynb,SUCCESS,Preprocessing berhasil
2026-03-04 11:22:18,D:\PUTRI\D4\SEMESTER 8 (4C)\skripsi\code\code_mhs\244107023008\m09\tp01.ipynb,SUCCESS,Preprocessing berhasil
2026-03-04 11:22:18,D:\PUTRI\D4\SEMESTER 8 (4C)\skripsi\code\code_mhs\244107023008\m09\tp02.ipynb,SUCCESS,Preprocessing berhasil
2026-03-04 11:22:18,D:\PUTRI\D4\SEMESTER 8 (4C)\skripsi\code\code_mhs\244107023008\m11\p01.ipynb,FAILED,Identifier normalization gagal
2026-03-04 11:22:18,D:\PUTRI\D4\SEMESTER 8 (4C)\skripsi\code\code_mhs\244107023008\m11\p02.ipynb,SUCCESS,Preprocessing berhasil
2026-03-04 11:22:18,D:\PUTRI\D4\SEMESTER 8 (4C)\skripsi\code\code_mhs\244107023008\m11\p03.ipynb,SUCCESS,Preprocessing berhasil
2026-03-04 11:22:18,D:\PUTRI\D4\SEMESTER 8 (4C)\skripsi\code\code_mhs\244107023008\m11\p04.ipynb,SUCCESS,Preprocessing berhasil
2026-03-04 11:22:18,D:\PUTRI\D4\SEMESTER 8 (4C)\skripsi\code\code_mhs\244107023008\m11\p05.ipynb,SUCCESS,Preprocessing berhasil
2026-03-04 11:22:18,D:\PUTRI\D4\SEMESTER 8 (4C)\skripsi\code\code_mhs\244107023008\m11\tp01.ipynb,SUCCESS,Preprocessing berhasil
2026-03-04 11:22:18,D:\PUTRI\D4\SEMESTER 8 (4C)\skripsi\code\code_mhs\244107023008\m13\tp01.ipynb,SUCCESS,Preprocessing berhasil
2026-03-04 11:22:18,D:\PUTRI\D4\SEMESTER 8 (4C)\skripsi\code\code_mhs\244107023008\m14\p01.ipynb,SUCCESS,Preprocessing berhasil
2026-03-04 11:22:18,D:\PUTRI\D4\SEMESTER 8 (4C)\skripsi\code\code_mhs\244107023008\m14\p02.ipynb,SUCCESS,Preprocessing berhasil
2026-03-04 11:22:18,D:\PUTRI\D4\SEMESTER 8 (4C)\skripsi\code\code_mhs\244107023008\m14\tp01.ipynb,SUCCESS,Preprocessing berhasil
2026-03-04 11:22:18,D:\PUTRI\D4\SEMESTER 8 (4C)\skripsi\code\code_mhs\244107023008\m15\p01.ipynb,SUCCESS,Preprocessing berhasil
2026-03-04 11:22:18,D:\PUTRI\D4\SEMESTER 8 (4C)\skripsi\code\code_mhs\244107023008\m15\p02.ipynb,FAILED,Tidak bisa membaca file
2026-03-04 14:00:56,D:\PUTRI\D4\SEMESTER 8 (4C)\skripsi\code\code_mhs(COBAPY)\2241720132\m01\JS01_hitung.py,SUCCESS,Preprocessing berhasil
2026-03-04 14:00:56,D:\PUTRI\D4\SEMESTER 8 (4C)\skripsi\code\code_mhs(COBAPY)\2241720132\m02\JS02_persegi.py,SUCCESS,Preprocessing berhasil
2026-03-04 14:00:56,D:\PUTRI\D4\SEMESTER 8 (4C)\skripsi\code\code_mhs(COBAPY)\2241720132\m03\JS03_hitungg.py,SUCCESS,Preprocessing berhasil
2026-03-09 13:34:55,D:\PUTRI\D4\SEMESTER 8 (4C)\skripsi\code\code_mhs\2241720092\unclassified\p01.ipynb,SUCCESS,Preprocessing berhasil
2026-03-09 13:34:55,D:\PUTRI\D4\SEMESTER 8 (4C)\skripsi\code\code_mhs\2241720092\unclassified\p02.ipynb,SUCCESS,Preprocessing berhasil
2026-03-09 13:34:55,D:\PUTRI\D4\SEMESTER 8 (4C)\skripsi\code\code_mhs\2241720092\unclassified\p03.ipynb,SUCCESS,Preprocessing berhasil
2026-03-09 13:34:55,D:\PUTRI\D4\SEMESTER 8 (4C)\skripsi\code\code_mhs\2241720092\unclassified\p04.ipynb,SUCCESS,Preprocessing berhasil
2026-03-09 13:34:55,D:\PUTRI\D4\SEMESTER 8 (4C)\skripsi\code\code_mhs\2241720092\unclassified\tp01.ipynb,SUCCESS,Preprocessing berhasil
2026-03-09 13:34:55,D:\PUTRI\D4\SEMESTER 8 (4C)\skripsi\code\code_mhs\2241720092\unclassified\tp02.ipynb,SUCCESS,Preprocessing berhasil
2026-03-09 13:34:55,D:\PUTRI\D4\SEMESTER 8 (4C)\skripsi\code\code_mhs\2241720092\unclassified\tp03.ipynb,SUCCESS,Preprocessing berhasil
2026-03-09 13:34:55,D:\PUTRI\D4\SEMESTER 8 (4C)\skripsi\code\code_mhs\2241720092\unclassified\tp04.ipynb,SUCCESS,Preprocessing berhasil
2026-03-09 13:34:55,D:\PUTRI\D4\SEMESTER 8 (4C)\skripsi\code\code_mhs\2241720092\unclassified\tp05.ipynb,SUCCESS,Preprocessing berhasil
2026-03-09 13:34:55,D:\PUTRI\D4\SEMESTER 8 (4C)\skripsi\code\code_mhs\2241720092\uts\uts.ipynb,SUCCESS,Preprocessing berhasil
2026-03-09 13:34:55,D:\PUTRI\D4\SEMESTER 8 (4C)\skripsi\code\code_mhs\2341720003\pbl\pbl.ipynb,SUCCESS,Preprocessing berhasil
2026-03-09 13:34:56,D:\PUTRI\D4\SEMESTER 8 (4C)\skripsi\code\code_mhs\2341720003\unclassified\p01.ipynb,SUCCESS,Preprocessing berhasil
2026-03-09 13:34:56,D:\PUTRI\D4\SEMESTER 8 (4C)\skripsi\code\code_mhs\2341720003\unclassified\p02.ipynb,FAILED,Tidak bisa membaca file
2026-03-09 13:34:56,D:\PUTRI\D4\SEMESTER 8 (4C)\skripsi\code\code_mhs\2341720003\unclassified\p03.ipynb,SUCCESS,Preprocessing berhasil
2026-03-09 13:34:56,D:\PUTRI\D4\SEMESTER 8 (4C)\skripsi\code\code_mhs\2341720003\unclassified\p04.ipynb,SUCCESS,Preprocessing berhasil
2026-03-09 13:34:56,D:\PUTRI\D4\SEMESTER 8 (4C)\skripsi\code\code_mhs\2341720003\unclassified\p05.ipynb,SUCCESS,Preprocessing berhasil
2026-03-09 13:34:56,D:\PUTRI\D4\SEMESTER 8 (4C)\skripsi\code\code_mhs\2341720003\unclassified\p06.ipynb,SUCCESS,Preprocessing berhasil
2026-03-09 13:34:56,D:\PUTRI\D4\SEMESTER 8 (4C)\skripsi\code\code_mhs\2341720003\unclassified\TG1_2341720003_FATIKAH_SALSABILLA.ipynb,INVALID,File kosong
2026-03-09 13:34:56,D:\PUTRI\D4\SEMESTER 8 (4C)\skripsi\code\code_mhs\2341720003\unclassified\tp01.ipynb,SUCCESS,Preprocessing berhasil
2026-03-09 13:34:56,D:\PUTRI\D4\SEMESTER 8 (4C)\skripsi\code\code_mhs\2341720003\unclassified\tp02.ipynb,SUCCESS,Preprocessing berhasil
2026-03-09 13:34:56,D:\PUTRI\D4\SEMESTER 8 (4C)\skripsi\code\code_mhs\2341720003\unclassified\tp03.ipynb,SUCCESS,Preprocessing berhasil
2026-03-09 13:34:56,D:\PUTRI\D4\SEMESTER 8 (4C)\skripsi\code\code_mhs\2341720003\unclassified\tp04.ipynb,SUCCESS,Preprocessing berhasil
2026-03-09 13:34:56,D:\PUTRI\D4\SEMESTER 8 (4C)\skripsi\code\code_mhs\2341720003\unclassified\tp05.ipynb,SUCCESS,Preprocessing berhasil
2026-03-09 13:34:56,D:\PUTRI\D4\SEMESTER 8 (4C)\skripsi\code\code_mhs\2341720003\unclassified\tp06.ipynb,INVALID,File kosong
2026-03-09 13:34:56,D:\PUTRI\D4\SEMESTER 8 (4C)\skripsi\code\code_mhs\2341720003\unclassified\tp07.ipynb,SUCCESS,Preprocessing berhasil
2026-03-09 13:34:56,D:\PUTRI\D4\SEMESTER 8 (4C)\skripsi\code\code_mhs\2341720003\unclassified\tp08.ipynb,SUCCESS,Preprocessing berhasil
2026-03-09 13:34:56,D:\PUTRI\D4\SEMESTER 8 (4C)\skripsi\code\code_mhs\2341720003\unclassified\tp09.ipynb,SUCCESS,Preprocessing berhasil
2026-03-09 13:34:56,D:\PUTRI\D4\SEMESTER 8 (4C)\skripsi\code\code_mhs\2341720003\unclassified\tp10.ipynb,SUCCESS,Preprocessing berhasil
2026-03-09 13:34:56,D:\PUTRI\D4\SEMESTER 8 (4C)\skripsi\code\code_mhs\2341720003\unclassified\tp11.ipynb,SUCCESS,Preprocessing berhasil
2026-03-09 13:34:56,D:\PUTRI\D4\SEMESTER 8 (4C)\skripsi\code\code_mhs\2341720003\unclassified\tp12.ipynb,SUCCESS,Preprocessing berhasil
2026-03-09 13:34:56,D:\PUTRI\D4\SEMESTER 8 (4C)\skripsi\code\code_mhs\2341720005\kelompok\kelompok.ipynb,SUCCESS,Preprocessing berhasil
2026-03-09 13:34:56,D:\PUTRI\D4\SEMESTER 8 (4C)\skripsi\code\code_mhs\2341720005\kuis\kuis.ipynb,INVALID,SyntaxError baris 153: unterminated triple-quoted string literal (detected at line 232)
2026-03-09 13:34:57,D:\PUTRI\D4\SEMESTER 8 (4C)\skripsi\code\code_mhs\2341720005\pbl\pbl.ipynb,SUCCESS,Preprocessing berhasil
2026-03-09 13:34:57,D:\PUTRI\D4\SEMESTER 8 (4C)\skripsi\code\code_mhs\2341720005\unclassified\p01.ipynb,SUCCESS,Preprocessing berhasil
2026-03-09 13:34:57,D:\PUTRI\D4\SEMESTER 8 (4C)\skripsi\code\code_mhs\2341720005\unclassified\p02.ipynb,INVALID,SyntaxError baris 73: invalid syntax
2026-03-09 13:34:57,D:\PUTRI\D4\SEMESTER 8 (4C)\skripsi\code\code_mhs\2341720005\unclassified\p03.ipynb,SUCCESS,Preprocessing berhasil
2026-03-09 13:34:57,D:\PUTRI\D4\SEMESTER 8 (4C)\skripsi\code\code_mhs\2341720005\unclassified\p04.ipynb,SUCCESS,Preprocessing berhasil
2026-03-09 13:34:58,D:\PUTRI\D4\SEMESTER 8 (4C)\skripsi\code\code_mhs\2341720005\unclassified\p05.ipynb,SUCCESS,Preprocessing berhasil
2026-03-09 13:34:58,D:\PUTRI\D4\SEMESTER 8 (4C)\skripsi\code\code_mhs\2341720005\unclassified\p06.ipynb,SUCCESS,Preprocessing berhasil
2026-03-09 13:34:58,D:\PUTRI\D4\SEMESTER 8 (4C)\skripsi\code\code_mhs\2341720005\unclassified\tp01.ipynb,INVALID,File kosong
2026-03-09 13:34:58,D:\PUTRI\D4\SEMESTER 8 (4C)\skripsi\code\code_mhs\2341720005\unclassified\tp02.ipynb,SUCCESS,Preprocessing berhasil
2026-03-09 13:34:58,D:\PUTRI\D4\SEMESTER 8 (4C)\skripsi\code\code_mhs\2341720005\unclassified\tp03.ipynb,SUCCESS,Preprocessing berhasil
2026-03-09 13:34:58,D:\PUTRI\D4\SEMESTER 8 (4C)\skripsi\code\code_mhs\2341720005\unclassified\tp04.ipynb,SUCCESS,Preprocessing berhasil
2026-03-09 13:34:58,D:\PUTRI\D4\SEMESTER 8 (4C)\skripsi\code\code_mhs\2341720005\unclassified\tp05.ipynb,SUCCESS,Preprocessing berhasil
2026-03-09 13:34:59,D:\PUTRI\D4\SEMESTER 8 (4C)\skripsi\code\code_mhs\2341720005\unclassified\tp06.ipynb,SUCCESS,Preprocessing berhasil
2026-03-09 13:34:59,D:\PUTRI\D4\SEMESTER 8 (4C)\skripsi\code\code_mhs\2341720005\unclassified\tp07.ipynb,SUCCESS,Preprocessing berhasil
2026-03-09 13:34:59,D:\PUTRI\D4\SEMESTER 8 (4C)\skripsi\code\code_mhs\2341720005\unclassified\tp08.ipynb,SUCCESS,Preprocessing berhasil
2026-03-09 13:34:59,D:\PUTRI\D4\SEMESTER 8 (4C)\skripsi\code\code_mhs\2341720005\unclassified\tp09.ipynb,SUCCESS,Preprocessing berhasil
2026-03-09 13:34:59,D:\PUTRI\D4\SEMESTER 8 (4C)\skripsi\code\code_mhs\2341720005\unclassified\tp10.ipynb,SUCCESS,Preprocessing berhasil
2026-03-09 13:34:59,D:\PUTRI\D4\SEMESTER 8 (4C)\skripsi\code\code_mhs\2341720005\unclassified\tp11.ipynb,SUCCESS,Preprocessing berhasil
2026-03-09 13:34:59,D:\PUTRI\D4\SEMESTER 8 (4C)\skripsi\code\code_mhs\2341720005\unclassified\tp12.ipynb,SUCCESS,Preprocessing berhasil
2026-03-09 13:34:59,D:\PUTRI\D4\SEMESTER 8 (4C)\skripsi\code\code_mhs\2341720005\unclassified\tp13.ipynb,SUCCESS,Preprocessing berhasil
2026-03-09 13:34:59,D:\PUTRI\D4\SEMESTER 8 (4C)\skripsi\code\code_mhs\2341720005\unclassified\tp14.ipynb,INVALID,File kosong
2026-03-09 13:34:59,D:\PUTRI\D4\SEMESTER 8 (4C)\skripsi\code\code_mhs\2341720007\kelompok\kelompok.ipynb,SUCCESS,Preprocessing berhasil
2026-03-09 13:34:59,D:\PUTRI\D4\SEMESTER 8 (4C)\skripsi\code\code_mhs\2341720007\kuis\kuis.ipynb,SUCCESS,Preprocessing berhasil
2026-03-09 13:35:00,D:\PUTRI\D4\SEMESTER 8 (4C)\skripsi\code\code_mhs\2341720007\pbl\pbl.ipynb,FAILED,Identifier normalization gagal
2026-03-09 13:35:00,D:\PUTRI\D4\SEMESTER 8 (4C)\skripsi\code\code_mhs\2341720007\unclassified\p01.ipynb,SUCCESS,Preprocessing berhasil
2026-03-09 13:35:00,D:\PUTRI\D4\SEMESTER 8 (4C)\skripsi\code\code_mhs\2341720007\unclassified\p02.ipynb,INVALID,SyntaxError baris 66: invalid syntax
2026-03-09 13:35:00,D:\PUTRI\D4\SEMESTER 8 (4C)\skripsi\code\code_mhs\2341720007\unclassified\p03.ipynb,SUCCESS,Preprocessing berhasil
2026-03-09 13:35:01,D:\PUTRI\D4\SEMESTER 8 (4C)\skripsi\code\code_mhs\2341720007\unclassified\p04.ipynb,SUCCESS,Preprocessing berhasil
2026-03-09 13:35:01,D:\PUTRI\D4\SEMESTER 8 (4C)\skripsi\code\code_mhs\2341720007\unclassified\p05.ipynb,SUCCESS,Preprocessing berhasil
2026-03-09 13:35:01,D:\PUTRI\D4\SEMESTER 8 (4C)\skripsi\code\code_mhs\2341720007\unclassified\p06.ipynb,SUCCESS,Preprocessing berhasil
2026-03-09 13:35:01,D:\PUTRI\D4\SEMESTER 8 (4C)\skripsi\code\code_mhs\2341720007\unclassified\tp01.ipynb,SUCCESS,Preprocessing berhasil
2026-03-09 13:35:01,D:\PUTRI\D4\SEMESTER 8 (4C)\skripsi\code\code_mhs\2341720007\unclassified\tp02.ipynb,SUCCESS,Preprocessing berhasil
2026-03-09 13:35:01,D:\PUTRI\D4\SEMESTER 8 (4C)\skripsi\code\code_mhs\2341720007\unclassified\tp03.ipynb,SUCCESS,Preprocessing berhasil
2026-03-09 13:35:01,D:\PUTRI\D4\SEMESTER 8 (4C)\skripsi\code\code_mhs\2341720007\unclassified\tp04.ipynb,SUCCESS,Preprocessing berhasil
2026-03-09 13:35:01,D:\PUTRI\D4\SEMESTER 8 (4C)\skripsi\code\code_mhs\2341720007\unclassified\tp05.ipynb,SUCCESS,Preprocessing berhasil
2026-03-09 13:35:01,D:\PUTRI\D4\SEMESTER 8 (4C)\skripsi\code\code_mhs\2341720007\unclassified\tp06.ipynb,SUCCESS,Preprocessing berhasil
2026-03-09 13:35:01,D:\PUTRI\D4\SEMESTER 8 (4C)\skripsi\code\code_mhs\2341720007\unclassified\tp07.ipynb,SUCCESS,Preprocessing berhasil
2026-03-09 13:35:01,D:\PUTRI\D4\SEMESTER 8 (4C)\skripsi\code\code_mhs\2341720007\unclassified\tp08.ipynb,SUCCESS,Preprocessing berhasil
2026-03-09 13:35:01,D:\PUTRI\D4\SEMESTER 8 (4C)\skripsi\code\code_mhs\2341720007\unclassified\tp09.ipynb,SUCCESS,Preprocessing berhasil
2026-03-09 13:35:01,D:\PUTRI\D4\SEMESTER 8 (4C)\skripsi\code\code_mhs\2341720007\unclassified\tp10.ipynb,SUCCESS,Preprocessing berhasil
2026-03-09 13:35:01,D:\PUTRI\D4\SEMESTER 8 (4C)\skripsi\code\code_mhs\2341720007\unclassified\tp11.ipynb,SUCCESS,Preprocessing berhasil
2026-03-09 13:35:01,D:\PUTRI\D4\SEMESTER 8 (4C)\skripsi\code\code_mhs\2341720007\unclassified\tp12.ipynb,SUCCESS,Preprocessing berhasil
2026-03-09 13:35:02,D:\PUTRI\D4\SEMESTER 8 (4C)\skripsi\code\code_mhs\2341720009\kuis\kuis.ipynb,SUCCESS,Preprocessing berhasil
2026-03-09 13:35:02,D:\PUTRI\D4\SEMESTER 8 (4C)\skripsi\code\code_mhs\2341720009\pbl\pbl.ipynb,SUCCESS,Preprocessing berhasil
2026-03-09 13:35:02,D:\PUTRI\D4\SEMESTER 8 (4C)\skripsi\code\code_mhs\2341720009\unclassified\21_2341720009_MUHAMMAD NASIH.ipynb,SUCCESS,Preprocessing berhasil
2026-03-09 13:35:02,D:\PUTRI\D4\SEMESTER 8 (4C)\skripsi\code\code_mhs\2341720009\unclassified\app.py,SUCCESS,Preprocessing berhasil
2026-03-09 13:35:02,D:\PUTRI\D4\SEMESTER 8 (4C)\skripsi\code\code_mhs\2341720009\unclassified\modul02_3.ipynb,SUCCESS,Preprocessing berhasil
2026-03-09 13:35:02,D:\PUTRI\D4\SEMESTER 8 (4C)\skripsi\code\code_mhs\2341720009\unclassified\Modul03_1.ipynb,SUCCESS,Preprocessing berhasil
2026-03-09 13:35:02,D:\PUTRI\D4\SEMESTER 8 (4C)\skripsi\code\code_mhs\2341720009\unclassified\Modul03_2.ipynb,SUCCESS,Preprocessing berhasil
2026-03-09 13:35:02,D:\PUTRI\D4\SEMESTER 8 (4C)\skripsi\code\code_mhs\2341720009\unclassified\p01.ipynb,SUCCESS,Preprocessing berhasil
2026-03-09 13:35:02,D:\PUTRI\D4\SEMESTER 8 (4C)\skripsi\code\code_mhs\2341720009\unclassified\p02.ipynb,SUCCESS,Preprocessing berhasil
2026-03-09 13:35:02,D:\PUTRI\D4\SEMESTER 8 (4C)\skripsi\code\code_mhs\2341720009\unclassified\p03.ipynb,SUCCESS,Preprocessing berhasil
2026-03-09 13:35:02,D:\PUTRI\D4\SEMESTER 8 (4C)\skripsi\code\code_mhs\2341720009\unclassified\p04.ipynb,SUCCESS,Preprocessing berhasil
2026-03-09 13:35:02,D:\PUTRI\D4\SEMESTER 8 (4C)\skripsi\code\code_mhs\2341720009\unclassified\p05.ipynb,SUCCESS,Preprocessing berhasil
2026-03-09 13:35:02,D:\PUTRI\D4\SEMESTER 8 (4C)\skripsi\code\code_mhs\2341720009\unclassified\tp01.ipynb,SUCCESS,Preprocessing berhasil
2026-03-09 13:35:02,D:\PUTRI\D4\SEMESTER 8 (4C)\skripsi\code\code_mhs\2341720009\unclassified\tp02.ipynb,SUCCESS,Preprocessing berhasil
2026-03-09 13:35:03,D:\PUTRI\D4\SEMESTER 8 (4C)\skripsi\code\code_mhs\2341720009\unclassified\tp03.ipynb,SUCCESS,Preprocessing berhasil
2026-03-09 13:35:03,D:\PUTRI\D4\SEMESTER 8 (4C)\skripsi\code\code_mhs\2341720009\unclassified\tp04.ipynb,SUCCESS,Preprocessing berhasil
2026-03-09 13:35:03,D:\PUTRI\D4\SEMESTER 8 (4C)\skripsi\code\code_mhs\2341720009\unclassified\tp05.ipynb,SUCCESS,Preprocessing berhasil
2026-03-09 13:35:03,D:\PUTRI\D4\SEMESTER 8 (4C)\skripsi\code\code_mhs\2341720009\unclassified\tp06.ipynb,SUCCESS,Preprocessing berhasil
2026-03-09 13:35:03,D:\PUTRI\D4\SEMESTER 8 (4C)\skripsi\code\code_mhs\2341720009\unclassified\tp07.ipynb,FAILED,Identifier normalization gagal
2026-03-09 13:35:03,D:\PUTRI\D4\SEMESTER 8 (4C)\skripsi\code\code_mhs\2341720009\unclassified\tp08.ipynb,INVALID,SyntaxError baris 1: invalid syntax
2026-03-09 13:35:03,D:\PUTRI\D4\SEMESTER 8 (4C)\skripsi\code\code_mhs\2341720009\unclassified\tp09.ipynb,SUCCESS,Preprocessing berhasil
2026-03-09 13:35:03,D:\PUTRI\D4\SEMESTER 8 (4C)\skripsi\code\code_mhs\2341720009\unclassified\tp10.ipynb,SUCCESS,Preprocessing berhasil
2026-03-09 13:35:03,D:\PUTRI\D4\SEMESTER 8 (4C)\skripsi\code\code_mhs\2341720009\unclassified\tp11.ipynb,FAILED,Tidak bisa membaca file
2026-03-09 13:35:03,D:\PUTRI\D4\SEMESTER 8 (4C)\skripsi\code\code_mhs\2341720009\uts\uts.ipynb,SUCCESS,Preprocessing berhasil
2026-03-09 13:35:03,D:\PUTRI\D4\SEMESTER 8 (4C)\skripsi\code\code_mhs\2341720011\kelompok\kelompok.ipynb,FAILED,Identifier normalization gagal
2026-03-09 13:35:03,D:\PUTRI\D4\SEMESTER 8 (4C)\skripsi\code\code_mhs\2341720011\kuis\kuis.ipynb,SUCCESS,Preprocessing berhasil
2026-03-09 13:35:04,D:\PUTRI\D4\SEMESTER 8 (4C)\skripsi\code\code_mhs\2341720011\pbl\pbl.ipynb,FAILED,Identifier normalization gagal
2026-03-09 13:35:04,D:\PUTRI\D4\SEMESTER 8 (4C)\skripsi\code\code_mhs\2341720011\unclassified\p01.ipynb,SUCCESS,Preprocessing berhasil
2026-03-09 13:35:04,D:\PUTRI\D4\SEMESTER 8 (4C)\skripsi\code\code_mhs\2341720011\unclassified\p02.ipynb,SUCCESS,Preprocessing berhasil
2026-03-09 13:35:04,D:\PUTRI\D4\SEMESTER 8 (4C)\skripsi\code\code_mhs\2341720011\unclassified\p03.ipynb,SUCCESS,Preprocessing berhasil
2026-03-09 13:35:04,D:\PUTRI\D4\SEMESTER 8 (4C)\skripsi\code\code_mhs\2341720011\unclassified\p04.ipynb,SUCCESS,Preprocessing berhasil
2026-03-09 13:35:04,D:\PUTRI\D4\SEMESTER 8 (4C)\skripsi\code\code_mhs\2341720011\unclassified\p05.ipynb,SUCCESS,Preprocessing berhasil
2026-03-09 13:35:04,D:\PUTRI\D4\SEMESTER 8 (4C)\skripsi\code\code_mhs\2341720011\unclassified\p06.ipynb,SUCCESS,Preprocessing berhasil
2026-03-09 13:35:04,D:\PUTRI\D4\SEMESTER 8 (4C)\skripsi\code\code_mhs\2341720011\unclassified\tp01.ipynb,SUCCESS,Preprocessing berhasil
2026-03-09 13:35:04,D:\PUTRI\D4\SEMESTER 8 (4C)\skripsi\code\code_mhs\2341720011\unclassified\tp02.ipynb,SUCCESS,Preprocessing berhasil
2026-03-09 13:35:04,D:\PUTRI\D4\SEMESTER 8 (4C)\skripsi\code\code_mhs\2341720011\unclassified\tp03.ipynb,SUCCESS,Preprocessing berhasil
2026-03-09 13:35:04,D:\PUTRI\D4\SEMESTER 8 (4C)\skripsi\code\code_mhs\2341720011\unclassified\tp04.ipynb,SUCCESS,Preprocessing berhasil
2026-03-09 13:35:04,D:\PUTRI\D4\SEMESTER 8 (4C)\skripsi\code\code_mhs\2341720011\unclassified\tp05.ipynb,SUCCESS,Preprocessing berhasil
2026-03-09 13:35:04,D:\PUTRI\D4\SEMESTER 8 (4C)\skripsi\code\code_mhs\2341720011\unclassified\tp06.ipynb,SUCCESS,Preprocessing berhasil
2026-03-09 13:35:05,D:\PUTRI\D4\SEMESTER 8 (4C)\skripsi\code\code_mhs\2341720011\unclassified\tp07.ipynb,SUCCESS,Preprocessing berhasil
2026-03-09 13:35:05,D:\PUTRI\D4\SEMESTER 8 (4C)\skripsi\code\code_mhs\2341720011\unclassified\tp08.ipynb,SUCCESS,Preprocessing berhasil
2026-03-09 13:35:05,D:\PUTRI\D4\SEMESTER 8 (4C)\skripsi\code\code_mhs\2341720011\unclassified\tp09.ipynb,SUCCESS,Preprocessing berhasil
2026-03-09 13:35:05,D:\PUTRI\D4\SEMESTER 8 (4C)\skripsi\code\code_mhs\2341720011\unclassified\tp10.ipynb,SUCCESS,Preprocessing berhasil
2026-03-09 13:35:05,D:\PUTRI\D4\SEMESTER 8 (4C)\skripsi\code\code_mhs\2341720011\unclassified\tp11.ipynb,SUCCESS,Preprocessing berhasil
2026-03-09 13:35:05,D:\PUTRI\D4\SEMESTER 8 (4C)\skripsi\code\code_mhs\2341720011\unclassified\tp12.ipynb,SUCCESS,Preprocessing berhasil
2026-03-09 13:35:06,D:\PUTRI\D4\SEMESTER 8 (4C)\skripsi\code\code_mhs\2341720017\kelompok\kelompok.ipynb,SUCCESS,Preprocessing berhasil
2026-03-09 13:35:06,D:\PUTRI\D4\SEMESTER 8 (4C)\skripsi\code\code_mhs\2341720017\kuis\kuis.ipynb,SUCCESS,Preprocessing berhasil
2026-03-09 13:35:06,D:\PUTRI\D4\SEMESTER 8 (4C)\skripsi\code\code_mhs\2341720017\m01\KEVIN_ADIKA_SAPUTRA_3G_JS01.ipynb,FAILED,Cleaning gagal
2026-03-09 13:35:07,D:\PUTRI\D4\SEMESTER 8 (4C)\skripsi\code\code_mhs\2341720017\m02\Kevin_Adika_Saputra_3G_JS02.ipynb,SUCCESS,Preprocessing berhasil
2026-03-09 13:35:08,D:\PUTRI\D4\SEMESTER 8 (4C)\skripsi\code\code_mhs\2341720017\m03\KEVIN_ADIKA_SAPUTRA_3G_JS03.ipynb,SUCCESS,Preprocessing berhasil
2026-03-09 13:35:09,D:\PUTRI\D4\SEMESTER 8 (4C)\skripsi\code\code_mhs\2341720017\m04\KEVIN_ADIKA_SAPUTRA_3G_JS4.ipynb,SUCCESS,Preprocessing berhasil
2026-03-09 13:35:09,D:\PUTRI\D4\SEMESTER 8 (4C)\skripsi\code\code_mhs\2341720017\unclassified\KEVIN_ADIKA_SAPUTRA_3G_06.ipynb,SUCCESS,Preprocessing berhasil
2026-03-09 13:35:09,D:\PUTRI\D4\SEMESTER 8 (4C)\skripsi\code\code_mhs\2341720017\unclassified\KEVIN_ADIKA_SAPUTRA_3G_JS_05.ipynb,SUCCESS,Preprocessing berhasil
2026-03-09 13:35:09,D:\PUTRI\D4\SEMESTER 8 (4C)\skripsi\code\code_mhs\2341720017\unclassified\p01.ipynb,SUCCESS,Preprocessing berhasil
2026-03-09 13:35:09,D:\PUTRI\D4\SEMESTER 8 (4C)\skripsi\code\code_mhs\2341720017\unclassified\p02.ipynb,SUCCESS,Preprocessing berhasil
2026-03-09 13:35:09,D:\PUTRI\D4\SEMESTER 8 (4C)\skripsi\code\code_mhs\2341720017\unclassified\p03.ipynb,SUCCESS,Preprocessing berhasil
2026-03-09 13:35:09,D:\PUTRI\D4\SEMESTER 8 (4C)\skripsi\code\code_mhs\2341720017\unclassified\p04.ipynb,SUCCESS,Preprocessing berhasil
2026-03-09 13:35:09,D:\PUTRI\D4\SEMESTER 8 (4C)\skripsi\code\code_mhs\2341720017\unclassified\p05.ipynb,SUCCESS,Preprocessing berhasil
2026-03-09 13:35:10,D:\PUTRI\D4\SEMESTER 8 (4C)\skripsi\code\code_mhs\2341720017\unclassified\tp06.ipynb,SUCCESS,Preprocessing berhasil
2026-03-09 13:35:10,D:\PUTRI\D4\SEMESTER 8 (4C)\skripsi\code\code_mhs\2341720017\unclassified\tp07.ipynb,SUCCESS,Preprocessing berhasil
2026-03-09 13:35:10,D:\PUTRI\D4\SEMESTER 8 (4C)\skripsi\code\code_mhs\2341720017\unclassified\tp08.ipynb,SUCCESS,Preprocessing berhasil
2026-03-09 13:35:10,D:\PUTRI\D4\SEMESTER 8 (4C)\skripsi\code\code_mhs\2341720017\unclassified\tp09.ipynb,SUCCESS,Preprocessing berhasil
2026-03-09 13:35:10,D:\PUTRI\D4\SEMESTER 8 (4C)\skripsi\code\code_mhs\2341720017\unclassified\tp10.ipynb,SUCCESS,Preprocessing berhasil
2026-03-09 13:35:10,D:\PUTRI\D4\SEMESTER 8 (4C)\skripsi\code\code_mhs\2341720028\pbl\pbl.ipynb,FAILED,Identifier normalization gagal
2026-03-09 13:35:10,D:\PUTRI\D4\SEMESTER 8 (4C)\skripsi\code\code_mhs\2341720028\unclassified\app.py,SUCCESS,Preprocessing berhasil
2026-03-09 13:35:10,D:\PUTRI\D4\SEMESTER 8 (4C)\skripsi\code\code_mhs\2341720028\unclassified\DEMO-PARK-1.ipynb,INVALID,File kosong
2026-03-09 13:35:10,D:\PUTRI\D4\SEMESTER 8 (4C)\skripsi\code\code_mhs\2341720028\unclassified\Modul03_1.ipynb,SUCCESS,Preprocessing berhasil
2026-03-09 13:35:10,D:\PUTRI\D4\SEMESTER 8 (4C)\skripsi\code\code_mhs\2341720028\unclassified\Modul03_2.ipynb,SUCCESS,Preprocessing berhasil
2026-03-09 13:35:10,D:\PUTRI\D4\SEMESTER 8 (4C)\skripsi\code\code_mhs\2341720028\unclassified\modul03_3.ipynb,SUCCESS,Preprocessing berhasil
2026-03-09 13:35:10,D:\PUTRI\D4\SEMESTER 8 (4C)\skripsi\code\code_mhs\2341720028\unclassified\modul03_4.ipynb,SUCCESS,Preprocessing berhasil
2026-03-09 13:35:10,D:\PUTRI\D4\SEMESTER 8 (4C)\skripsi\code\code_mhs\2341720028\unclassified\p01.ipynb,SUCCESS,Preprocessing berhasil
2026-03-09 13:35:11,D:\PUTRI\D4\SEMESTER 8 (4C)\skripsi\code\code_mhs\2341720028\unclassified\p02.ipynb,SUCCESS,Preprocessing berhasil
2026-03-09 13:35:11,D:\PUTRI\D4\SEMESTER 8 (4C)\skripsi\code\code_mhs\2341720028\unclassified\p03.ipynb,SUCCESS,Preprocessing berhasil
2026-03-09 13:35:11,D:\PUTRI\D4\SEMESTER 8 (4C)\skripsi\code\code_mhs\2341720028\unclassified\p04.ipynb,SUCCESS,Preprocessing berhasil
2026-03-09 13:35:11,D:\PUTRI\D4\SEMESTER 8 (4C)\skripsi\code\code_mhs\2341720028\unclassified\p05.ipynb,SUCCESS,Preprocessing berhasil
2026-03-09 13:35:11,D:\PUTRI\D4\SEMESTER 8 (4C)\skripsi\code\code_mhs\2341720028\unclassified\p06.ipynb,SUCCESS,Preprocessing berhasil
2026-03-09 13:35:11,D:\PUTRI\D4\SEMESTER 8 (4C)\skripsi\code\code_mhs\2341720028\unclassified\tp13.ipynb,INVALID,File kosong
2026-03-09 13:35:11,D:\PUTRI\D4\SEMESTER 8 (4C)\skripsi\code\code_mhs\2341720028\unclassified\tp14.ipynb,SUCCESS,Preprocessing berhasil
2026-03-09 13:35:11,D:\PUTRI\D4\SEMESTER 8 (4C)\skripsi\code\code_mhs\2341720028\unclassified\tp15.ipynb,SUCCESS,Preprocessing berhasil
2026-03-09 13:35:11,D:\PUTRI\D4\SEMESTER 8 (4C)\skripsi\code\code_mhs\2341720028\unclassified\tp16.ipynb,SUCCESS,Preprocessing berhasil
2026-03-09 13:35:11,D:\PUTRI\D4\SEMESTER 8 (4C)\skripsi\code\code_mhs\2341720028\unclassified\tp17.ipynb,SUCCESS,Preprocessing berhasil
2026-03-09 13:35:12,D:\PUTRI\D4\SEMESTER 8 (4C)\skripsi\code\code_mhs\2341720028\unclassified\tp18.ipynb,SUCCESS,Preprocessing berhasil
2026-03-09 13:35:12,D:\PUTRI\D4\SEMESTER 8 (4C)\skripsi\code\code_mhs\2341720028\unclassified\tp19.ipynb,FAILED,Identifier normalization gagal
2026-03-09 13:35:12,D:\PUTRI\D4\SEMESTER 8 (4C)\skripsi\code\code_mhs\2341720028\unclassified\tp20.ipynb,FAILED,Identifier normalization gagal
2026-03-09 13:35:12,D:\PUTRI\D4\SEMESTER 8 (4C)\skripsi\code\code_mhs\2341720028\unclassified\tp21.ipynb,SUCCESS,Preprocessing berhasil
2026-03-09 13:35:12,D:\PUTRI\D4\SEMESTER 8 (4C)\skripsi\code\code_mhs\2341720028\unclassified\tp22.ipynb,SUCCESS,Preprocessing berhasil
2026-03-09 13:35:12,D:\PUTRI\D4\SEMESTER 8 (4C)\skripsi\code\code_mhs\2341720028\unclassified\tp23.ipynb,SUCCESS,Preprocessing berhasil
2026-03-09 13:35:12,D:\PUTRI\D4\SEMESTER 8 (4C)\skripsi\code\code_mhs\2341720028\unclassified\tp24.ipynb,SUCCESS,Preprocessing berhasil
2026-03-09 13:35:12,D:\PUTRI\D4\SEMESTER 8 (4C)\skripsi\code\code_mhs\2341720028\unclassified\Tugas.ipynb,SUCCESS,Preprocessing berhasil
2026-03-09 13:35:12,D:\PUTRI\D4\SEMESTER 8 (4C)\skripsi\code\code_mhs\2341720032\m01\TG_JS01.ipynb,SUCCESS,Preprocessing berhasil
2026-03-09 13:35:12,D:\PUTRI\D4\SEMESTER 8 (4C)\skripsi\code\code_mhs\2341720032\m02\TG_JS02.ipynb,SUCCESS,Preprocessing berhasil
2026-03-09 13:35:12,D:\PUTRI\D4\SEMESTER 8 (4C)\skripsi\code\code_mhs\2341720032\m03\TG_JS03.ipynb,SUCCESS,Preprocessing berhasil
2026-03-09 13:35:12,D:\PUTRI\D4\SEMESTER 8 (4C)\skripsi\code\code_mhs\2341720032\m04\TG_JS04.ipynb,SUCCESS,Preprocessing berhasil
2026-03-09 13:35:13,D:\PUTRI\D4\SEMESTER 8 (4C)\skripsi\code\code_mhs\2341720032\pbl\pbl.ipynb,SUCCESS,Preprocessing berhasil
2026-03-09 13:35:13,D:\PUTRI\D4\SEMESTER 8 (4C)\skripsi\code\code_mhs\2341720032\unclassified\p01.ipynb,SUCCESS,Preprocessing berhasil
2026-03-09 13:35:13,D:\PUTRI\D4\SEMESTER 8 (4C)\skripsi\code\code_mhs\2341720032\unclassified\p02.ipynb,INVALID,File kosong
2026-03-09 13:35:13,D:\PUTRI\D4\SEMESTER 8 (4C)\skripsi\code\code_mhs\2341720032\unclassified\p03.ipynb,SUCCESS,Preprocessing berhasil
2026-03-09 13:35:13,D:\PUTRI\D4\SEMESTER 8 (4C)\skripsi\code\code_mhs\2341720032\unclassified\p04.ipynb,SUCCESS,Preprocessing berhasil
2026-03-09 13:35:14,D:\PUTRI\D4\SEMESTER 8 (4C)\skripsi\code\code_mhs\2341720032\unclassified\p05.ipynb,SUCCESS,Preprocessing berhasil
2026-03-09 13:35:14,D:\PUTRI\D4\SEMESTER 8 (4C)\skripsi\code\code_mhs\2341720032\unclassified\p06.ipynb,SUCCESS,Preprocessing berhasil
2026-03-09 13:35:14,D:\PUTRI\D4\SEMESTER 8 (4C)\skripsi\code\code_mhs\2341720032\unclassified\tp11.ipynb,SUCCESS,Preprocessing berhasil
2026-03-09 13:35:14,D:\PUTRI\D4\SEMESTER 8 (4C)\skripsi\code\code_mhs\2341720032\unclassified\tp12.ipynb,SUCCESS,Preprocessing berhasil
2026-03-09 13:35:14,D:\PUTRI\D4\SEMESTER 8 (4C)\skripsi\code\code_mhs\2341720032\unclassified\tp13.ipynb,SUCCESS,Preprocessing berhasil
2026-03-09 13:35:14,D:\PUTRI\D4\SEMESTER 8 (4C)\skripsi\code\code_mhs\2341720032\unclassified\tp14.ipynb,SUCCESS,Preprocessing berhasil
2026-03-09 13:35:14,D:\PUTRI\D4\SEMESTER 8 (4C)\skripsi\code\code_mhs\2341720032\unclassified\tp15.ipynb,SUCCESS,Preprocessing berhasil
2026-03-09 13:35:15,D:\PUTRI\D4\SEMESTER 8 (4C)\skripsi\code\code_mhs\2341720032\unclassified\tp16.ipynb,FAILED,Identifier normalization gagal
2026-03-09 13:35:15,D:\PUTRI\D4\SEMESTER 8 (4C)\skripsi\code\code_mhs\2341720032\unclassified\tp17.ipynb,FAILED,Identifier normalization gagal
2026-03-09 13:35:15,D:\PUTRI\D4\SEMESTER 8 (4C)\skripsi\code\code_mhs\2341720032\unclassified\tp18.ipynb,SUCCESS,Preprocessing berhasil
2026-03-09 13:35:15,D:\PUTRI\D4\SEMESTER 8 (4C)\skripsi\code\code_mhs\2341720032\unclassified\tp19.ipynb,SUCCESS,Preprocessing berhasil
2026-03-09 13:35:15,D:\PUTRI\D4\SEMESTER 8 (4C)\skripsi\code\code_mhs\2341720032\unclassified\tp20.ipynb,INVALID,File kosong
2026-03-09 13:35:15,D:\PUTRI\D4\SEMESTER 8 (4C)\skripsi\code\code_mhs\2341720035\kuis\kuis.ipynb,SUCCESS,Preprocessing berhasil
2026-03-09 13:35:15,D:\PUTRI\D4\SEMESTER 8 (4C)\skripsi\code\code_mhs\2341720035\unclassified\app.py,SUCCESS,Preprocessing berhasil
2026-03-09 13:35:15,D:\PUTRI\D4\SEMESTER 8 (4C)\skripsi\code\code_mhs\2341720035\unclassified\GempaCihuy.ipynb,SUCCESS,Preprocessing berhasil
2026-03-09 13:35:15,D:\PUTRI\D4\SEMESTER 8 (4C)\skripsi\code\code_mhs\2341720035\unclassified\p01.ipynb,SUCCESS,Preprocessing berhasil
2026-03-09 13:35:15,D:\PUTRI\D4\SEMESTER 8 (4C)\skripsi\code\code_mhs\2341720035\unclassified\p02.ipynb,SUCCESS,Preprocessing berhasil
2026-03-09 13:35:15,D:\PUTRI\D4\SEMESTER 8 (4C)\skripsi\code\code_mhs\2341720035\unclassified\p03.ipynb,SUCCESS,Preprocessing berhasil
2026-03-09 13:35:16,D:\PUTRI\D4\SEMESTER 8 (4C)\skripsi\code\code_mhs\2341720035\unclassified\p04.ipynb,SUCCESS,Preprocessing berhasil
2026-03-09 13:35:16,D:\PUTRI\D4\SEMESTER 8 (4C)\skripsi\code\code_mhs\2341720035\unclassified\p05.ipynb,SUCCESS,Preprocessing berhasil
2026-03-09 13:35:16,D:\PUTRI\D4\SEMESTER 8 (4C)\skripsi\code\code_mhs\2341720035\unclassified\p06.ipynb,SUCCESS,Preprocessing berhasil
2026-03-09 13:35:16,D:\PUTRI\D4\SEMESTER 8 (4C)\skripsi\code\code_mhs\2341720035\unclassified\TG1_2341720035_Ghoffar_Abdul_Ja'far.ipynb,INVALID,File kosong
2026-03-09 13:35:16,D:\PUTRI\D4\SEMESTER 8 (4C)\skripsi\code\code_mhs\2341720035\unclassified\tp13.ipynb,SUCCESS,Preprocessing berhasil
2026-03-09 13:35:16,D:\PUTRI\D4\SEMESTER 8 (4C)\skripsi\code\code_mhs\2341720035\unclassified\tp14.ipynb,SUCCESS,Preprocessing berhasil
2026-03-09 13:35:16,D:\PUTRI\D4\SEMESTER 8 (4C)\skripsi\code\code_mhs\2341720035\unclassified\tp15.ipynb,SUCCESS,Preprocessing berhasil
2026-03-09 13:35:16,D:\PUTRI\D4\SEMESTER 8 (4C)\skripsi\code\code_mhs\2341720035\unclassified\tp16.ipynb,SUCCESS,Preprocessing berhasil
2026-03-09 13:35:16,D:\PUTRI\D4\SEMESTER 8 (4C)\skripsi\code\code_mhs\2341720035\unclassified\tp17.ipynb,SUCCESS,Preprocessing berhasil
2026-03-09 13:35:16,D:\PUTRI\D4\SEMESTER 8 (4C)\skripsi\code\code_mhs\2341720035\unclassified\tp18.ipynb,SUCCESS,Preprocessing berhasil
2026-03-09 13:35:16,D:\PUTRI\D4\SEMESTER 8 (4C)\skripsi\code\code_mhs\2341720035\unclassified\tp19.ipynb,SUCCESS,Preprocessing berhasil
2026-03-09 13:35:16,D:\PUTRI\D4\SEMESTER 8 (4C)\skripsi\code\code_mhs\2341720035\unclassified\tp20.ipynb,SUCCESS,Preprocessing berhasil
2026-03-09 13:35:16,D:\PUTRI\D4\SEMESTER 8 (4C)\skripsi\code\code_mhs\2341720035\unclassified\tp21.ipynb,SUCCESS,Preprocessing berhasil
2026-03-09 13:35:16,D:\PUTRI\D4\SEMESTER 8 (4C)\skripsi\code\code_mhs\2341720035\unclassified\tp22.ipynb,SUCCESS,Preprocessing berhasil
2026-03-09 13:35:16,D:\PUTRI\D4\SEMESTER 8 (4C)\skripsi\code\code_mhs\2341720035\unclassified\tp23.ipynb,SUCCESS,Preprocessing berhasil
2026-03-09 13:35:16,D:\PUTRI\D4\SEMESTER 8 (4C)\skripsi\code\code_mhs\2341720035\unclassified\tp24.ipynb,SUCCESS,Preprocessing berhasil
2026-03-09 13:35:16,D:\PUTRI\D4\SEMESTER 8 (4C)\skripsi\code\code_mhs\2341720040\unclassified\controller.py,SUCCESS,Preprocessing berhasil
2026-03-09 13:35:16,D:\PUTRI\D4\SEMESTER 8 (4C)\skripsi\code\code_mhs\2341720040\unclassified\model_loader.py,SUCCESS,Preprocessing berhasil
2026-03-09 13:35:16,D:\PUTRI\D4\SEMESTER 8 (4C)\skripsi\code\code_mhs\2341720040\unclassified\p01.ipynb,SUCCESS,Preprocessing berhasil
2026-03-09 13:35:16,D:\PUTRI\D4\SEMESTER 8 (4C)\skripsi\code\code_mhs\2341720040\unclassified\p02.ipynb,INVALID,SyntaxError baris 73: invalid syntax
2026-03-09 13:35:16,D:\PUTRI\D4\SEMESTER 8 (4C)\skripsi\code\code_mhs\2341720040\unclassified\p03.ipynb,SUCCESS,Preprocessing berhasil
2026-03-09 13:35:16,D:\PUTRI\D4\SEMESTER 8 (4C)\skripsi\code\code_mhs\2341720040\unclassified\p04.ipynb,SUCCESS,Preprocessing berhasil
2026-03-09 13:35:16,D:\PUTRI\D4\SEMESTER 8 (4C)\skripsi\code\code_mhs\2341720040\unclassified\p05.ipynb,SUCCESS,Preprocessing berhasil
2026-03-09 13:35:16,D:\PUTRI\D4\SEMESTER 8 (4C)\skripsi\code\code_mhs\2341720040\unclassified\p06.ipynb,SUCCESS,Preprocessing berhasil
2026-03-09 13:35:16,D:\PUTRI\D4\SEMESTER 8 (4C)\skripsi\code\code_mhs\2341720040\unclassified\schemas.py,SUCCESS,Preprocessing berhasil
2026-03-09 13:35:16,D:\PUTRI\D4\SEMESTER 8 (4C)\skripsi\code\code_mhs\2341720040\unclassified\service.py,SUCCESS,Preprocessing berhasil
2026-03-09 13:35:17,D:\PUTRI\D4\SEMESTER 8 (4C)\skripsi\code\code_mhs\2341720040\unclassified\test1_(1).ipynb,SUCCESS,Preprocessing berhasil
2026-03-09 13:35:17,D:\PUTRI\D4\SEMESTER 8 (4C)\skripsi\code\code_mhs\2341720040\unclassified\tp11.ipynb,SUCCESS,Preprocessing berhasil
2026-03-09 13:35:17,D:\PUTRI\D4\SEMESTER 8 (4C)\skripsi\code\code_mhs\2341720040\unclassified\tp12.ipynb,SUCCESS,Preprocessing berhasil
2026-03-09 13:35:17,D:\PUTRI\D4\SEMESTER 8 (4C)\skripsi\code\code_mhs\2341720040\unclassified\tp13.ipynb,SUCCESS,Preprocessing berhasil
2026-03-09 13:35:17,D:\PUTRI\D4\SEMESTER 8 (4C)\skripsi\code\code_mhs\2341720040\unclassified\tp14.ipynb,SUCCESS,Preprocessing berhasil
2026-03-09 13:35:17,D:\PUTRI\D4\SEMESTER 8 (4C)\skripsi\code\code_mhs\2341720040\unclassified\tp15.ipynb,SUCCESS,Preprocessing berhasil
2026-03-09 13:35:17,D:\PUTRI\D4\SEMESTER 8 (4C)\skripsi\code\code_mhs\2341720040\unclassified\tp16.ipynb,SUCCESS,Preprocessing berhasil
2026-03-09 13:35:17,D:\PUTRI\D4\SEMESTER 8 (4C)\skripsi\code\code_mhs\2341720040\unclassified\tp17.ipynb,SUCCESS,Preprocessing berhasil
2026-03-09 13:35:17,D:\PUTRI\D4\SEMESTER 8 (4C)\skripsi\code\code_mhs\2341720040\unclassified\tp18.ipynb,SUCCESS,Preprocessing berhasil
2026-03-09 13:35:17,D:\PUTRI\D4\SEMESTER 8 (4C)\skripsi\code\code_mhs\2341720040\unclassified\tp19.ipynb,SUCCESS,Preprocessing berhasil
2026-03-09 13:35:17,D:\PUTRI\D4\SEMESTER 8 (4C)\skripsi\code\code_mhs\2341720040\unclassified\tp20.ipynb,SUCCESS,Preprocessing berhasil
2026-03-09 13:35:17,D:\PUTRI\D4\SEMESTER 8 (4C)\skripsi\code\code_mhs\2341720040\unclassified\_init_.py,FAILED,Cleaning gagal
2026-03-09 13:35:17,D:\PUTRI\D4\SEMESTER 8 (4C)\skripsi\code\code_mhs\2341720041\kuis\kuis.ipynb,SUCCESS,Preprocessing berhasil
2026-03-09 13:35:17,D:\PUTRI\D4\SEMESTER 8 (4C)\skripsi\code\code_mhs\2341720041\m06\JS06_TugasPraktikum_2341720041.ipynb,SUCCESS,Preprocessing berhasil
2026-03-09 13:35:17,D:\PUTRI\D4\SEMESTER 8 (4C)\skripsi\code\code_mhs\2341720041\pbl\pbl.ipynb,SUCCESS,Preprocessing berhasil
2026-03-09 13:35:17,D:\PUTRI\D4\SEMESTER 8 (4C)\skripsi\code\code_mhs\2341720041\unclassified\app.py,SUCCESS,Preprocessing berhasil
2026-03-09 13:35:17,D:\PUTRI\D4\SEMESTER 8 (4C)\skripsi\code\code_mhs\2341720041\unclassified\app_api.py,SUCCESS,Preprocessing berhasil
2026-03-09 13:35:17,D:\PUTRI\D4\SEMESTER 8 (4C)\skripsi\code\code_mhs\2341720041\unclassified\p01.ipynb,SUCCESS,Preprocessing berhasil
2026-03-09 13:35:17,D:\PUTRI\D4\SEMESTER 8 (4C)\skripsi\code\code_mhs\2341720041\unclassified\p02.ipynb,INVALID,File kosong
2026-03-09 13:35:18,D:\PUTRI\D4\SEMESTER 8 (4C)\skripsi\code\code_mhs\2341720041\unclassified\p03.ipynb,SUCCESS,Preprocessing berhasil
2026-03-09 13:35:18,D:\PUTRI\D4\SEMESTER 8 (4C)\skripsi\code\code_mhs\2341720041\unclassified\p04.ipynb,SUCCESS,Preprocessing berhasil
2026-03-09 13:35:18,D:\PUTRI\D4\SEMESTER 8 (4C)\skripsi\code\code_mhs\2341720041\unclassified\p05.ipynb,SUCCESS,Preprocessing berhasil
2026-03-09 13:35:18,D:\PUTRI\D4\SEMESTER 8 (4C)\skripsi\code\code_mhs\2341720041\unclassified\p06.ipynb,SUCCESS,Preprocessing berhasil
2026-03-09 13:35:18,D:\PUTRI\D4\SEMESTER 8 (4C)\skripsi\code\code_mhs\2341720041\unclassified\TeoriDasar_2341720041.ipynb,SUCCESS,Preprocessing berhasil
2026-03-09 13:35:18,D:\PUTRI\D4\SEMESTER 8 (4C)\skripsi\code\code_mhs\2341720041\unclassified\tp11.ipynb,SUCCESS,Preprocessing berhasil
2026-03-09 13:35:18,D:\PUTRI\D4\SEMESTER 8 (4C)\skripsi\code\code_mhs\2341720041\unclassified\tp12.ipynb,SUCCESS,Preprocessing berhasil
2026-03-09 13:35:18,D:\PUTRI\D4\SEMESTER 8 (4C)\skripsi\code\code_mhs\2341720041\unclassified\tp13.ipynb,SUCCESS,Preprocessing berhasil
2026-03-09 13:35:18,D:\PUTRI\D4\SEMESTER 8 (4C)\skripsi\code\code_mhs\2341720041\unclassified\tp14.ipynb,SUCCESS,Preprocessing berhasil
2026-03-09 13:35:18,D:\PUTRI\D4\SEMESTER 8 (4C)\skripsi\code\code_mhs\2341720041\unclassified\tp15.ipynb,SUCCESS,Preprocessing berhasil
2026-03-09 13:35:18,D:\PUTRI\D4\SEMESTER 8 (4C)\skripsi\code\code_mhs\2341720041\unclassified\tp16.ipynb,SUCCESS,Preprocessing berhasil
2026-03-09 13:35:18,D:\PUTRI\D4\SEMESTER 8 (4C)\skripsi\code\code_mhs\2341720041\unclassified\tp17.ipynb,SUCCESS,Preprocessing berhasil
2026-03-09 13:35:18,D:\PUTRI\D4\SEMESTER 8 (4C)\skripsi\code\code_mhs\2341720041\unclassified\tp18.ipynb,INVALID,File kosong
2026-03-09 13:35:18,D:\PUTRI\D4\SEMESTER 8 (4C)\skripsi\code\code_mhs\2341720041\unclassified\tp19.ipynb,SUCCESS,Preprocessing berhasil
2026-03-09 13:35:18,D:\PUTRI\D4\SEMESTER 8 (4C)\skripsi\code\code_mhs\2341720041\unclassified\tp20.ipynb,SUCCESS,Preprocessing berhasil
2026-03-09 13:35:18,D:\PUTRI\D4\SEMESTER 8 (4C)\skripsi\code\code_mhs\2341720047\pbl\pbl.ipynb,SUCCESS,Preprocessing berhasil
2026-03-09 13:35:18,D:\PUTRI\D4\SEMESTER 8 (4C)\skripsi\code\code_mhs\2341720047\unclassified\app.py,FAILED,Identifier normalization gagal
2026-03-09 13:35:19,D:\PUTRI\D4\SEMESTER 8 (4C)\skripsi\code\code_mhs\2341720047\unclassified\p01.ipynb,SUCCESS,Preprocessing berhasil
2026-03-09 13:35:19,D:\PUTRI\D4\SEMESTER 8 (4C)\skripsi\code\code_mhs\2341720047\unclassified\p02.ipynb,SUCCESS,Preprocessing berhasil
2026-03-09 13:35:19,D:\PUTRI\D4\SEMESTER 8 (4C)\skripsi\code\code_mhs\2341720047\unclassified\p03.ipynb,SUCCESS,Preprocessing berhasil
2026-03-09 13:35:19,D:\PUTRI\D4\SEMESTER 8 (4C)\skripsi\code\code_mhs\2341720047\unclassified\p04.ipynb,SUCCESS,Preprocessing berhasil
2026-03-09 13:35:19,D:\PUTRI\D4\SEMESTER 8 (4C)\skripsi\code\code_mhs\2341720047\unclassified\p05.ipynb,SUCCESS,Preprocessing berhasil
2026-03-09 13:35:19,D:\PUTRI\D4\SEMESTER 8 (4C)\skripsi\code\code_mhs\2341720047\unclassified\p06.ipynb,SUCCESS,Preprocessing berhasil
2026-03-09 13:35:19,D:\PUTRI\D4\SEMESTER 8 (4C)\skripsi\code\code_mhs\2341720047\unclassified\tp14.ipynb,INVALID,File kosong
2026-03-09 13:35:19,D:\PUTRI\D4\SEMESTER 8 (4C)\skripsi\code\code_mhs\2341720047\unclassified\tp15.ipynb,SUCCESS,Preprocessing berhasil
2026-03-09 13:35:19,D:\PUTRI\D4\SEMESTER 8 (4C)\skripsi\code\code_mhs\2341720047\unclassified\tp16.ipynb,SUCCESS,Preprocessing berhasil
2026-03-09 13:35:19,D:\PUTRI\D4\SEMESTER 8 (4C)\skripsi\code\code_mhs\2341720047\unclassified\tp17.ipynb,SUCCESS,Preprocessing berhasil
2026-03-09 13:35:19,D:\PUTRI\D4\SEMESTER 8 (4C)\skripsi\code\code_mhs\2341720047\unclassified\tp18.ipynb,SUCCESS,Preprocessing berhasil
2026-03-09 13:35:19,D:\PUTRI\D4\SEMESTER 8 (4C)\skripsi\code\code_mhs\2341720047\unclassified\tp19.ipynb,SUCCESS,Preprocessing berhasil
2026-03-09 13:35:19,D:\PUTRI\D4\SEMESTER 8 (4C)\skripsi\code\code_mhs\2341720047\unclassified\tp20.ipynb,SUCCESS,Preprocessing berhasil
2026-03-09 13:35:19,D:\PUTRI\D4\SEMESTER 8 (4C)\skripsi\code\code_mhs\2341720047\unclassified\tp21.ipynb,SUCCESS,Preprocessing berhasil
2026-03-09 13:35:19,D:\PUTRI\D4\SEMESTER 8 (4C)\skripsi\code\code_mhs\2341720047\unclassified\tp22.ipynb,SUCCESS,Preprocessing berhasil
2026-03-09 13:35:19,D:\PUTRI\D4\SEMESTER 8 (4C)\skripsi\code\code_mhs\2341720047\unclassified\tp23.ipynb,SUCCESS,Preprocessing berhasil
2026-03-09 13:35:20,D:\PUTRI\D4\SEMESTER 8 (4C)\skripsi\code\code_mhs\2341720047\unclassified\tp24.ipynb,SUCCESS,Preprocessing berhasil
2026-03-09 13:35:20,D:\PUTRI\D4\SEMESTER 8 (4C)\skripsi\code\code_mhs\2341720047\unclassified\tp25.ipynb,SUCCESS,Preprocessing berhasil
2026-03-09 13:35:20,D:\PUTRI\D4\SEMESTER 8 (4C)\skripsi\code\code_mhs\2341720047\unclassified\tp26.ipynb,SUCCESS,Preprocessing berhasil
2026-03-09 13:35:20,D:\PUTRI\D4\SEMESTER 8 (4C)\skripsi\code\code_mhs\2341720057\kuis\kuis.ipynb,SUCCESS,Preprocessing berhasil
2026-03-09 13:35:20,D:\PUTRI\D4\SEMESTER 8 (4C)\skripsi\code\code_mhs\2341720057\pbl\pbl.ipynb,SUCCESS,Preprocessing berhasil
2026-03-09 13:35:20,D:\PUTRI\D4\SEMESTER 8 (4C)\skripsi\code\code_mhs\2341720057\pbl\pbl.py,INVALID,File kosong
2026-03-09 13:35:20,D:\PUTRI\D4\SEMESTER 8 (4C)\skripsi\code\code_mhs\2341720057\unclassified\p01.ipynb,SUCCESS,Preprocessing berhasil
2026-03-09 13:35:20,D:\PUTRI\D4\SEMESTER 8 (4C)\skripsi\code\code_mhs\2341720057\unclassified\p02.ipynb,SUCCESS,Preprocessing berhasil
2026-03-09 13:35:20,D:\PUTRI\D4\SEMESTER 8 (4C)\skripsi\code\code_mhs\2341720057\unclassified\p03.ipynb,SUCCESS,Preprocessing berhasil
2026-03-09 13:35:20,D:\PUTRI\D4\SEMESTER 8 (4C)\skripsi\code\code_mhs\2341720057\unclassified\p04.ipynb,SUCCESS,Preprocessing berhasil
2026-03-09 13:35:20,D:\PUTRI\D4\SEMESTER 8 (4C)\skripsi\code\code_mhs\2341720057\unclassified\p05.ipynb,SUCCESS,Preprocessing berhasil
2026-03-09 13:35:20,D:\PUTRI\D4\SEMESTER 8 (4C)\skripsi\code\code_mhs\2341720057\unclassified\p06.ipynb,SUCCESS,Preprocessing berhasil
2026-03-09 13:35:20,D:\PUTRI\D4\SEMESTER 8 (4C)\skripsi\code\code_mhs\2341720057\unclassified\TG1_2341720057_Khoirotun Nisa'.ipynb,INVALID,File kosong
2026-03-09 13:35:21,D:\PUTRI\D4\SEMESTER 8 (4C)\skripsi\code\code_mhs\2341720057\unclassified\tp13.ipynb,SUCCESS,Preprocessing berhasil
2026-03-09 13:35:21,D:\PUTRI\D4\SEMESTER 8 (4C)\skripsi\code\code_mhs\2341720057\unclassified\tp14.ipynb,SUCCESS,Preprocessing berhasil
2026-03-09 13:35:21,D:\PUTRI\D4\SEMESTER 8 (4C)\skripsi\code\code_mhs\2341720057\unclassified\tp15.ipynb,SUCCESS,Preprocessing berhasil
2026-03-09 13:35:21,D:\PUTRI\D4\SEMESTER 8 (4C)\skripsi\code\code_mhs\2341720057\unclassified\tp16.ipynb,SUCCESS,Preprocessing berhasil
2026-03-09 13:35:21,D:\PUTRI\D4\SEMESTER 8 (4C)\skripsi\code\code_mhs\2341720057\unclassified\tp17.ipynb,SUCCESS,Preprocessing berhasil
2026-03-09 13:35:21,D:\PUTRI\D4\SEMESTER 8 (4C)\skripsi\code\code_mhs\2341720057\unclassified\tp18.ipynb,SUCCESS,Preprocessing berhasil
2026-03-09 13:35:22,D:\PUTRI\D4\SEMESTER 8 (4C)\skripsi\code\code_mhs\2341720057\unclassified\tp19.ipynb,SUCCESS,Preprocessing berhasil
2026-03-09 13:35:22,D:\PUTRI\D4\SEMESTER 8 (4C)\skripsi\code\code_mhs\2341720057\unclassified\tp20.ipynb,SUCCESS,Preprocessing berhasil
2026-03-09 13:35:22,D:\PUTRI\D4\SEMESTER 8 (4C)\skripsi\code\code_mhs\2341720057\unclassified\tp21.ipynb,SUCCESS,Preprocessing berhasil
2026-03-09 13:35:22,D:\PUTRI\D4\SEMESTER 8 (4C)\skripsi\code\code_mhs\2341720057\unclassified\tp22.ipynb,SUCCESS,Preprocessing berhasil
2026-03-09 13:35:22,D:\PUTRI\D4\SEMESTER 8 (4C)\skripsi\code\code_mhs\2341720057\unclassified\tp23.ipynb,SUCCESS,Preprocessing berhasil
2026-03-09 13:35:22,D:\PUTRI\D4\SEMESTER 8 (4C)\skripsi\code\code_mhs\2341720057\unclassified\tp24.ipynb,SUCCESS,Preprocessing berhasil
2026-03-09 13:35:22,D:\PUTRI\D4\SEMESTER 8 (4C)\skripsi\code\code_mhs\2341720062\pbl\pbl.ipynb,SUCCESS,Preprocessing berhasil
2026-03-09 13:35:22,D:\PUTRI\D4\SEMESTER 8 (4C)\skripsi\code\code_mhs\2341720062\unclassified\app.py,SUCCESS,Preprocessing berhasil
2026-03-09 13:35:23,D:\PUTRI\D4\SEMESTER 8 (4C)\skripsi\code\code_mhs\2341720062\unclassified\p01.ipynb,SUCCESS,Preprocessing berhasil
2026-03-09 13:35:23,D:\PUTRI\D4\SEMESTER 8 (4C)\skripsi\code\code_mhs\2341720062\unclassified\p02.ipynb,SUCCESS,Preprocessing berhasil
2026-03-09 13:35:23,D:\PUTRI\D4\SEMESTER 8 (4C)\skripsi\code\code_mhs\2341720062\unclassified\p03.ipynb,SUCCESS,Preprocessing berhasil
2026-03-09 13:35:23,D:\PUTRI\D4\SEMESTER 8 (4C)\skripsi\code\code_mhs\2341720062\unclassified\p04.ipynb,SUCCESS,Preprocessing berhasil
2026-03-09 13:35:23,D:\PUTRI\D4\SEMESTER 8 (4C)\skripsi\code\code_mhs\2341720062\unclassified\p05.ipynb,SUCCESS,Preprocessing berhasil
2026-03-09 13:35:23,D:\PUTRI\D4\SEMESTER 8 (4C)\skripsi\code\code_mhs\2341720062\unclassified\p06.ipynb,SUCCESS,Preprocessing berhasil
2026-03-09 13:35:23,D:\PUTRI\D4\SEMESTER 8 (4C)\skripsi\code\code_mhs\2341720062\unclassified\tp14.ipynb,INVALID,SyntaxError baris 2: invalid syntax
2026-03-09 13:35:23,D:\PUTRI\D4\SEMESTER 8 (4C)\skripsi\code\code_mhs\2341720062\unclassified\tp15.ipynb,SUCCESS,Preprocessing berhasil
2026-03-09 13:35:23,D:\PUTRI\D4\SEMESTER 8 (4C)\skripsi\code\code_mhs\2341720062\unclassified\tp16.ipynb,SUCCESS,Preprocessing berhasil
2026-03-09 13:35:23,D:\PUTRI\D4\SEMESTER 8 (4C)\skripsi\code\code_mhs\2341720062\unclassified\tp17.ipynb,SUCCESS,Preprocessing berhasil
2026-03-09 13:35:23,D:\PUTRI\D4\SEMESTER 8 (4C)\skripsi\code\code_mhs\2341720062\unclassified\tp18.ipynb,SUCCESS,Preprocessing berhasil
2026-03-09 13:35:24,D:\PUTRI\D4\SEMESTER 8 (4C)\skripsi\code\code_mhs\2341720062\unclassified\tp19.ipynb,SUCCESS,Preprocessing berhasil
2026-03-09 13:35:24,D:\PUTRI\D4\SEMESTER 8 (4C)\skripsi\code\code_mhs\2341720062\unclassified\tp20.ipynb,SUCCESS,Preprocessing berhasil
2026-03-09 13:35:24,D:\PUTRI\D4\SEMESTER 8 (4C)\skripsi\code\code_mhs\2341720062\unclassified\tp21.ipynb,SUCCESS,Preprocessing berhasil
2026-03-09 13:35:24,D:\PUTRI\D4\SEMESTER 8 (4C)\skripsi\code\code_mhs\2341720062\unclassified\tp22.ipynb,SUCCESS,Preprocessing berhasil
2026-03-09 13:35:24,D:\PUTRI\D4\SEMESTER 8 (4C)\skripsi\code\code_mhs\2341720062\unclassified\tp23.ipynb,FAILED,Identifier normalization gagal
2026-03-09 13:35:25,D:\PUTRI\D4\SEMESTER 8 (4C)\skripsi\code\code_mhs\2341720062\unclassified\tp24.ipynb,SUCCESS,Preprocessing berhasil
2026-03-09 13:35:25,D:\PUTRI\D4\SEMESTER 8 (4C)\skripsi\code\code_mhs\2341720062\unclassified\tp25.ipynb,SUCCESS,Preprocessing berhasil
2026-03-09 13:35:25,D:\PUTRI\D4\SEMESTER 8 (4C)\skripsi\code\code_mhs\2341720062\unclassified\tp26.ipynb,SUCCESS,Preprocessing berhasil
2026-03-09 13:35:25,D:\PUTRI\D4\SEMESTER 8 (4C)\skripsi\code\code_mhs\2341720070\pbl\pbl.ipynb,SUCCESS,Preprocessing berhasil
2026-03-09 13:35:25,D:\PUTRI\D4\SEMESTER 8 (4C)\skripsi\code\code_mhs\2341720070\unclassified\app_api.py,SUCCESS,Preprocessing berhasil
2026-03-09 13:35:25,D:\PUTRI\D4\SEMESTER 8 (4C)\skripsi\code\code_mhs\2341720070\unclassified\p01.ipynb,SUCCESS,Preprocessing berhasil
2026-03-09 13:35:25,D:\PUTRI\D4\SEMESTER 8 (4C)\skripsi\code\code_mhs\2341720070\unclassified\p02.ipynb,SUCCESS,Preprocessing berhasil
2026-03-09 13:35:25,D:\PUTRI\D4\SEMESTER 8 (4C)\skripsi\code\code_mhs\2341720070\unclassified\p03.ipynb,SUCCESS,Preprocessing berhasil
2026-03-09 13:35:25,D:\PUTRI\D4\SEMESTER 8 (4C)\skripsi\code\code_mhs\2341720070\unclassified\p04.ipynb,SUCCESS,Preprocessing berhasil
2026-03-09 13:35:25,D:\PUTRI\D4\SEMESTER 8 (4C)\skripsi\code\code_mhs\2341720070\unclassified\p05.ipynb,SUCCESS,Preprocessing berhasil
2026-03-09 13:35:26,D:\PUTRI\D4\SEMESTER 8 (4C)\skripsi\code\code_mhs\2341720070\unclassified\p06.ipynb,SUCCESS,Preprocessing berhasil
2026-03-09 13:35:26,D:\PUTRI\D4\SEMESTER 8 (4C)\skripsi\code\code_mhs\2341720070\unclassified\tp15.ipynb,SUCCESS,Preprocessing berhasil
2026-03-09 13:35:26,D:\PUTRI\D4\SEMESTER 8 (4C)\skripsi\code\code_mhs\2341720070\unclassified\tp16.ipynb,SUCCESS,Preprocessing berhasil
2026-03-09 13:35:26,D:\PUTRI\D4\SEMESTER 8 (4C)\skripsi\code\code_mhs\2341720070\unclassified\tp17.ipynb,SUCCESS,Preprocessing berhasil
2026-03-09 13:35:26,D:\PUTRI\D4\SEMESTER 8 (4C)\skripsi\code\code_mhs\2341720070\unclassified\tp18.ipynb,SUCCESS,Preprocessing berhasil
2026-03-09 13:35:26,D:\PUTRI\D4\SEMESTER 8 (4C)\skripsi\code\code_mhs\2341720070\unclassified\tp19.ipynb,SUCCESS,Preprocessing berhasil
2026-03-09 13:35:26,D:\PUTRI\D4\SEMESTER 8 (4C)\skripsi\code\code_mhs\2341720070\unclassified\tp20.ipynb,SUCCESS,Preprocessing berhasil
2026-03-09 13:35:27,D:\PUTRI\D4\SEMESTER 8 (4C)\skripsi\code\code_mhs\2341720070\unclassified\tp21.ipynb,SUCCESS,Preprocessing berhasil
2026-03-09 13:35:27,D:\PUTRI\D4\SEMESTER 8 (4C)\skripsi\code\code_mhs\2341720070\unclassified\tp22.ipynb,SUCCESS,Preprocessing berhasil
2026-03-09 13:35:27,D:\PUTRI\D4\SEMESTER 8 (4C)\skripsi\code\code_mhs\2341720070\unclassified\tp23.ipynb,SUCCESS,Preprocessing berhasil
2026-03-09 13:35:27,D:\PUTRI\D4\SEMESTER 8 (4C)\skripsi\code\code_mhs\2341720070\unclassified\tp24.ipynb,SUCCESS,Preprocessing berhasil
2026-03-09 13:35:27,D:\PUTRI\D4\SEMESTER 8 (4C)\skripsi\code\code_mhs\2341720070\unclassified\tp25.ipynb,SUCCESS,Preprocessing berhasil
2026-03-09 13:35:27,D:\PUTRI\D4\SEMESTER 8 (4C)\skripsi\code\code_mhs\2341720070\unclassified\tp26.ipynb,SUCCESS,Preprocessing berhasil
2026-03-09 13:35:27,D:\PUTRI\D4\SEMESTER 8 (4C)\skripsi\code\code_mhs\2341720070\unclassified\tp27.ipynb,SUCCESS,Preprocessing berhasil
2026-03-09 13:35:27,D:\PUTRI\D4\SEMESTER 8 (4C)\skripsi\code\code_mhs\2341720070\unclassified\tp28.ipynb,SUCCESS,Preprocessing berhasil
2026-03-09 13:35:27,D:\PUTRI\D4\SEMESTER 8 (4C)\skripsi\code\code_mhs\2341720072\kuis\kuis.ipynb,INVALID,SyntaxError baris 123: invalid syntax
2026-03-09 13:35:28,D:\PUTRI\D4\SEMESTER 8 (4C)\skripsi\code\code_mhs\2341720072\pbl\pbl.ipynb,SUCCESS,Preprocessing berhasil
2026-03-09 13:35:28,D:\PUTRI\D4\SEMESTER 8 (4C)\skripsi\code\code_mhs\2341720072\unclassified\app.ipynb,SUCCESS,Preprocessing berhasil
2026-03-09 13:35:28,D:\PUTRI\D4\SEMESTER 8 (4C)\skripsi\code\code_mhs\2341720072\unclassified\p01.ipynb,SUCCESS,Preprocessing berhasil
2026-03-09 13:35:28,D:\PUTRI\D4\SEMESTER 8 (4C)\skripsi\code\code_mhs\2341720072\unclassified\p02.ipynb,SUCCESS,Preprocessing berhasil
2026-03-09 13:35:28,D:\PUTRI\D4\SEMESTER 8 (4C)\skripsi\code\code_mhs\2341720072\unclassified\p03.ipynb,SUCCESS,Preprocessing berhasil
2026-03-09 13:35:28,D:\PUTRI\D4\SEMESTER 8 (4C)\skripsi\code\code_mhs\2341720072\unclassified\p04.ipynb,SUCCESS,Preprocessing berhasil
2026-03-09 13:35:28,D:\PUTRI\D4\SEMESTER 8 (4C)\skripsi\code\code_mhs\2341720072\unclassified\p05.ipynb,SUCCESS,Preprocessing berhasil
2026-03-09 13:35:29,D:\PUTRI\D4\SEMESTER 8 (4C)\skripsi\code\code_mhs\2341720072\unclassified\p06.ipynb,SUCCESS,Preprocessing berhasil
2026-03-09 13:35:29,D:\PUTRI\D4\SEMESTER 8 (4C)\skripsi\code\code_mhs\2341720072\unclassified\tp13.ipynb,SUCCESS,Preprocessing berhasil
2026-03-09 13:35:29,D:\PUTRI\D4\SEMESTER 8 (4C)\skripsi\code\code_mhs\2341720072\unclassified\tp14.ipynb,SUCCESS,Preprocessing berhasil
2026-03-09 13:35:29,D:\PUTRI\D4\SEMESTER 8 (4C)\skripsi\code\code_mhs\2341720072\unclassified\tp15.ipynb,SUCCESS,Preprocessing berhasil
2026-03-09 13:35:29,D:\PUTRI\D4\SEMESTER 8 (4C)\skripsi\code\code_mhs\2341720072\unclassified\tp16.ipynb,SUCCESS,Preprocessing berhasil
2026-03-09 13:35:29,D:\PUTRI\D4\SEMESTER 8 (4C)\skripsi\code\code_mhs\2341720072\unclassified\tp17.ipynb,SUCCESS,Preprocessing berhasil
2026-03-09 13:35:29,D:\PUTRI\D4\SEMESTER 8 (4C)\skripsi\code\code_mhs\2341720072\unclassified\tp18.ipynb,SUCCESS,Preprocessing berhasil
2026-03-09 13:35:29,D:\PUTRI\D4\SEMESTER 8 (4C)\skripsi\code\code_mhs\2341720072\unclassified\tp19.ipynb,SUCCESS,Preprocessing berhasil
2026-03-09 13:35:29,D:\PUTRI\D4\SEMESTER 8 (4C)\skripsi\code\code_mhs\2341720072\unclassified\tp20.ipynb,SUCCESS,Preprocessing berhasil
2026-03-09 13:35:29,D:\PUTRI\D4\SEMESTER 8 (4C)\skripsi\code\code_mhs\2341720072\unclassified\tp21.ipynb,SUCCESS,Preprocessing berhasil
2026-03-09 13:35:29,D:\PUTRI\D4\SEMESTER 8 (4C)\skripsi\code\code_mhs\2341720072\unclassified\tp22.ipynb,SUCCESS,Preprocessing berhasil
2026-03-09 13:35:29,D:\PUTRI\D4\SEMESTER 8 (4C)\skripsi\code\code_mhs\2341720072\unclassified\tp23.ipynb,SUCCESS,Preprocessing berhasil
2026-03-09 13:35:29,D:\PUTRI\D4\SEMESTER 8 (4C)\skripsi\code\code_mhs\2341720072\unclassified\tp24.ipynb,SUCCESS,Preprocessing berhasil
2026-03-09 13:35:29,D:\PUTRI\D4\SEMESTER 8 (4C)\skripsi\code\code_mhs\2341720081\unclassified\p01.ipynb,SUCCESS,Preprocessing berhasil
2026-03-09 13:35:29,D:\PUTRI\D4\SEMESTER 8 (4C)\skripsi\code\code_mhs\2341720081\unclassified\p02.ipynb,FAILED,Tidak bisa membaca file
2026-03-09 13:35:29,D:\PUTRI\D4\SEMESTER 8 (4C)\skripsi\code\code_mhs\2341720081\unclassified\p03.ipynb,SUCCESS,Preprocessing berhasil
2026-03-09 13:35:29,D:\PUTRI\D4\SEMESTER 8 (4C)\skripsi\code\code_mhs\2341720081\unclassified\p04.ipynb,SUCCESS,Preprocessing berhasil
2026-03-09 13:35:29,D:\PUTRI\D4\SEMESTER 8 (4C)\skripsi\code\code_mhs\2341720081\unclassified\p05.ipynb,SUCCESS,Preprocessing berhasil
2026-03-09 13:35:30,D:\PUTRI\D4\SEMESTER 8 (4C)\skripsi\code\code_mhs\2341720081\unclassified\p06.ipynb,SUCCESS,Preprocessing berhasil
2026-03-09 13:35:30,D:\PUTRI\D4\SEMESTER 8 (4C)\skripsi\code\code_mhs\2341720081\unclassified\tp13.ipynb,SUCCESS,Preprocessing berhasil
2026-03-09 13:35:30,D:\PUTRI\D4\SEMESTER 8 (4C)\skripsi\code\code_mhs\2341720081\unclassified\tp14.ipynb,SUCCESS,Preprocessing berhasil
2026-03-09 13:35:30,D:\PUTRI\D4\SEMESTER 8 (4C)\skripsi\code\code_mhs\2341720081\unclassified\tp15.ipynb,SUCCESS,Preprocessing berhasil
2026-03-09 13:35:30,D:\PUTRI\D4\SEMESTER 8 (4C)\skripsi\code\code_mhs\2341720081\unclassified\tp16.ipynb,SUCCESS,Preprocessing berhasil
2026-03-09 13:35:30,D:\PUTRI\D4\SEMESTER 8 (4C)\skripsi\code\code_mhs\2341720081\unclassified\tp17.ipynb,SUCCESS,Preprocessing berhasil
2026-03-09 13:35:30,D:\PUTRI\D4\SEMESTER 8 (4C)\skripsi\code\code_mhs\2341720081\unclassified\tp18.ipynb,SUCCESS,Preprocessing berhasil
2026-03-09 13:35:31,D:\PUTRI\D4\SEMESTER 8 (4C)\skripsi\code\code_mhs\2341720081\unclassified\tp19.ipynb,SUCCESS,Preprocessing berhasil
2026-03-09 13:35:31,D:\PUTRI\D4\SEMESTER 8 (4C)\skripsi\code\code_mhs\2341720081\unclassified\tp20.ipynb,SUCCESS,Preprocessing berhasil
2026-03-09 13:35:31,D:\PUTRI\D4\SEMESTER 8 (4C)\skripsi\code\code_mhs\2341720081\unclassified\tp21.ipynb,SUCCESS,Preprocessing berhasil
2026-03-09 13:35:31,D:\PUTRI\D4\SEMESTER 8 (4C)\skripsi\code\code_mhs\2341720081\unclassified\tp22.ipynb,SUCCESS,Preprocessing berhasil
2026-03-09 13:35:31,D:\PUTRI\D4\SEMESTER 8 (4C)\skripsi\code\code_mhs\2341720081\unclassified\tp23.ipynb,SUCCESS,Preprocessing berhasil
2026-03-09 13:35:31,D:\PUTRI\D4\SEMESTER 8 (4C)\skripsi\code\code_mhs\2341720081\unclassified\tp24.ipynb,SUCCESS,Preprocessing berhasil
2026-03-09 13:35:31,D:\PUTRI\D4\SEMESTER 8 (4C)\skripsi\code\code_mhs\2341720083\kelompok\kelompok.ipynb,SUCCESS,Preprocessing berhasil
2026-03-09 13:35:31,D:\PUTRI\D4\SEMESTER 8 (4C)\skripsi\code\code_mhs\2341720083\unclassified\p01.ipynb,SUCCESS,Preprocessing berhasil
2026-03-09 13:35:32,D:\PUTRI\D4\SEMESTER 8 (4C)\skripsi\code\code_mhs\2341720083\unclassified\p02.ipynb,SUCCESS,Preprocessing berhasil
2026-03-09 13:35:32,D:\PUTRI\D4\SEMESTER 8 (4C)\skripsi\code\code_mhs\2341720083\unclassified\p03.ipynb,SUCCESS,Preprocessing berhasil
2026-03-09 13:35:32,D:\PUTRI\D4\SEMESTER 8 (4C)\skripsi\code\code_mhs\2341720083\unclassified\p04.ipynb,SUCCESS,Preprocessing berhasil
2026-03-09 13:35:32,D:\PUTRI\D4\SEMESTER 8 (4C)\skripsi\code\code_mhs\2341720083\unclassified\p05.ipynb,SUCCESS,Preprocessing berhasil
2026-03-09 13:35:32,D:\PUTRI\D4\SEMESTER 8 (4C)\skripsi\code\code_mhs\2341720083\unclassified\p06.ipynb,SUCCESS,Preprocessing berhasil
2026-03-09 13:35:32,D:\PUTRI\D4\SEMESTER 8 (4C)\skripsi\code\code_mhs\2341720083\unclassified\tp13.ipynb,INVALID,File kosong
2026-03-09 13:35:32,D:\PUTRI\D4\SEMESTER 8 (4C)\skripsi\code\code_mhs\2341720083\unclassified\tp14.ipynb,SUCCESS,Preprocessing berhasil
2026-03-09 13:35:32,D:\PUTRI\D4\SEMESTER 8 (4C)\skripsi\code\code_mhs\2341720083\unclassified\tp15.ipynb,SUCCESS,Preprocessing berhasil
2026-03-09 13:35:32,D:\PUTRI\D4\SEMESTER 8 (4C)\skripsi\code\code_mhs\2341720083\unclassified\tp16.ipynb,SUCCESS,Preprocessing berhasil
2026-03-09 13:35:32,D:\PUTRI\D4\SEMESTER 8 (4C)\skripsi\code\code_mhs\2341720083\unclassified\tp17.ipynb,SUCCESS,Preprocessing berhasil
2026-03-09 13:35:32,D:\PUTRI\D4\SEMESTER 8 (4C)\skripsi\code\code_mhs\2341720083\unclassified\tp18.ipynb,SUCCESS,Preprocessing berhasil
2026-03-09 13:35:32,D:\PUTRI\D4\SEMESTER 8 (4C)\skripsi\code\code_mhs\2341720083\unclassified\tp19.ipynb,SUCCESS,Preprocessing berhasil
2026-03-09 13:35:32,D:\PUTRI\D4\SEMESTER 8 (4C)\skripsi\code\code_mhs\2341720083\unclassified\tp20.ipynb,SUCCESS,Preprocessing berhasil
2026-03-09 13:35:32,D:\PUTRI\D4\SEMESTER 8 (4C)\skripsi\code\code_mhs\2341720083\unclassified\tp21.ipynb,SUCCESS,Preprocessing berhasil
2026-03-09 13:35:33,D:\PUTRI\D4\SEMESTER 8 (4C)\skripsi\code\code_mhs\2341720083\unclassified\tp22.ipynb,SUCCESS,Preprocessing berhasil
2026-03-09 13:35:33,D:\PUTRI\D4\SEMESTER 8 (4C)\skripsi\code\code_mhs\2341720083\unclassified\tp23.ipynb,SUCCESS,Preprocessing berhasil
2026-03-09 13:35:33,D:\PUTRI\D4\SEMESTER 8 (4C)\skripsi\code\code_mhs\2341720083\unclassified\tp24.ipynb,SUCCESS,Preprocessing berhasil
2026-03-09 13:35:33,D:\PUTRI\D4\SEMESTER 8 (4C)\skripsi\code\code_mhs\2341720083\uts\uts.ipynb,SUCCESS,Preprocessing berhasil
2026-03-09 13:35:33,D:\PUTRI\D4\SEMESTER 8 (4C)\skripsi\code\code_mhs\2341720084\unclassified\p01.ipynb,SUCCESS,Preprocessing berhasil
2026-03-09 13:35:33,D:\PUTRI\D4\SEMESTER 8 (4C)\skripsi\code\code_mhs\2341720084\unclassified\p02.ipynb,SUCCESS,Preprocessing berhasil
2026-03-09 13:35:33,D:\PUTRI\D4\SEMESTER 8 (4C)\skripsi\code\code_mhs\2341720084\unclassified\p03.ipynb,SUCCESS,Preprocessing berhasil
2026-03-09 13:35:33,D:\PUTRI\D4\SEMESTER 8 (4C)\skripsi\code\code_mhs\2341720084\unclassified\p04.ipynb,SUCCESS,Preprocessing berhasil
2026-03-09 13:35:33,D:\PUTRI\D4\SEMESTER 8 (4C)\skripsi\code\code_mhs\2341720084\unclassified\p05.ipynb,SUCCESS,Preprocessing berhasil
2026-03-09 13:35:33,D:\PUTRI\D4\SEMESTER 8 (4C)\skripsi\code\code_mhs\2341720084\unclassified\p06.ipynb,SUCCESS,Preprocessing berhasil
2026-03-09 13:35:33,D:\PUTRI\D4\SEMESTER 8 (4C)\skripsi\code\code_mhs\2341720084\unclassified\tp14.ipynb,SUCCESS,Preprocessing berhasil
2026-03-09 13:35:33,D:\PUTRI\D4\SEMESTER 8 (4C)\skripsi\code\code_mhs\2341720084\unclassified\tp15.ipynb,SUCCESS,Preprocessing berhasil
2026-03-09 13:35:33,D:\PUTRI\D4\SEMESTER 8 (4C)\skripsi\code\code_mhs\2341720084\unclassified\tp16.ipynb,FAILED,Identifier normalization gagal
2026-03-09 13:35:34,D:\PUTRI\D4\SEMESTER 8 (4C)\skripsi\code\code_mhs\2341720084\unclassified\tp17.ipynb,SUCCESS,Preprocessing berhasil
2026-03-09 13:35:34,D:\PUTRI\D4\SEMESTER 8 (4C)\skripsi\code\code_mhs\2341720084\unclassified\tp18.ipynb,SUCCESS,Preprocessing berhasil
2026-03-09 13:35:34,D:\PUTRI\D4\SEMESTER 8 (4C)\skripsi\code\code_mhs\2341720084\unclassified\tp19.ipynb,SUCCESS,Preprocessing berhasil
2026-03-09 13:35:34,D:\PUTRI\D4\SEMESTER 8 (4C)\skripsi\code\code_mhs\2341720084\unclassified\tp20.ipynb,SUCCESS,Preprocessing berhasil
2026-03-09 13:35:34,D:\PUTRI\D4\SEMESTER 8 (4C)\skripsi\code\code_mhs\2341720084\unclassified\tp21.ipynb,SUCCESS,Preprocessing berhasil
2026-03-09 13:35:34,D:\PUTRI\D4\SEMESTER 8 (4C)\skripsi\code\code_mhs\2341720084\unclassified\tp22.ipynb,SUCCESS,Preprocessing berhasil
2026-03-09 13:35:34,D:\PUTRI\D4\SEMESTER 8 (4C)\skripsi\code\code_mhs\2341720084\unclassified\tp23.ipynb,SUCCESS,Preprocessing berhasil
2026-03-09 13:35:34,D:\PUTRI\D4\SEMESTER 8 (4C)\skripsi\code\code_mhs\2341720084\unclassified\tp24.ipynb,SUCCESS,Preprocessing berhasil
2026-03-09 13:35:34,D:\PUTRI\D4\SEMESTER 8 (4C)\skripsi\code\code_mhs\2341720084\unclassified\tp25.ipynb,SUCCESS,Preprocessing berhasil
2026-03-09 13:35:34,D:\PUTRI\D4\SEMESTER 8 (4C)\skripsi\code\code_mhs\2341720084\unclassified\tp26.ipynb,INVALID,SyntaxError baris 3: invalid syntax
2026-03-09 13:35:34,D:\PUTRI\D4\SEMESTER 8 (4C)\skripsi\code\code_mhs\2341720088\pbl\pbl.ipynb,SUCCESS,Preprocessing berhasil
2026-03-09 13:35:34,D:\PUTRI\D4\SEMESTER 8 (4C)\skripsi\code\code_mhs\2341720088\pbl\pbl.py,SUCCESS,Preprocessing berhasil
2026-03-09 13:35:34,D:\PUTRI\D4\SEMESTER 8 (4C)\skripsi\code\code_mhs\2341720088\unclassified\app.py,SUCCESS,Preprocessing berhasil
2026-03-09 13:35:34,D:\PUTRI\D4\SEMESTER 8 (4C)\skripsi\code\code_mhs\2341720088\unclassified\feature_builder.py,SUCCESS,Preprocessing berhasil
2026-03-09 13:35:34,D:\PUTRI\D4\SEMESTER 8 (4C)\skripsi\code\code_mhs\2341720088\unclassified\model_loader.py,SUCCESS,Preprocessing berhasil
2026-03-09 13:35:34,D:\PUTRI\D4\SEMESTER 8 (4C)\skripsi\code\code_mhs\2341720088\unclassified\p01.ipynb,SUCCESS,Preprocessing berhasil
2026-03-09 13:35:34,D:\PUTRI\D4\SEMESTER 8 (4C)\skripsi\code\code_mhs\2341720088\unclassified\p02.ipynb,SUCCESS,Preprocessing berhasil
2026-03-09 13:35:35,D:\PUTRI\D4\SEMESTER 8 (4C)\skripsi\code\code_mhs\2341720088\unclassified\p03.ipynb,SUCCESS,Preprocessing berhasil
2026-03-09 13:35:35,D:\PUTRI\D4\SEMESTER 8 (4C)\skripsi\code\code_mhs\2341720088\unclassified\p04.ipynb,SUCCESS,Preprocessing berhasil
2026-03-09 13:35:35,D:\PUTRI\D4\SEMESTER 8 (4C)\skripsi\code\code_mhs\2341720088\unclassified\p05.ipynb,SUCCESS,Preprocessing berhasil
2026-03-09 13:35:35,D:\PUTRI\D4\SEMESTER 8 (4C)\skripsi\code\code_mhs\2341720088\unclassified\p06.ipynb,SUCCESS,Preprocessing berhasil
2026-03-09 13:35:35,D:\PUTRI\D4\SEMESTER 8 (4C)\skripsi\code\code_mhs\2341720088\unclassified\predictor.py,SUCCESS,Preprocessing berhasil
2026-03-09 13:35:35,D:\PUTRI\D4\SEMESTER 8 (4C)\skripsi\code\code_mhs\2341720088\unclassified\tp13.ipynb,SUCCESS,Preprocessing berhasil
2026-03-09 13:35:35,D:\PUTRI\D4\SEMESTER 8 (4C)\skripsi\code\code_mhs\2341720088\unclassified\tp14.ipynb,SUCCESS,Preprocessing berhasil
2026-03-09 13:35:36,D:\PUTRI\D4\SEMESTER 8 (4C)\skripsi\code\code_mhs\2341720088\unclassified\tp15.ipynb,SUCCESS,Preprocessing berhasil
2026-03-09 13:35:36,D:\PUTRI\D4\SEMESTER 8 (4C)\skripsi\code\code_mhs\2341720088\unclassified\tp16.ipynb,SUCCESS,Preprocessing berhasil
2026-03-09 13:35:36,D:\PUTRI\D4\SEMESTER 8 (4C)\skripsi\code\code_mhs\2341720088\unclassified\tp17.ipynb,SUCCESS,Preprocessing berhasil
2026-03-09 13:35:36,D:\PUTRI\D4\SEMESTER 8 (4C)\skripsi\code\code_mhs\2341720088\unclassified\tp18.ipynb,SUCCESS,Preprocessing berhasil
2026-03-09 13:35:36,D:\PUTRI\D4\SEMESTER 8 (4C)\skripsi\code\code_mhs\2341720088\unclassified\tp19.ipynb,FAILED,Identifier normalization gagal
2026-03-09 13:35:36,D:\PUTRI\D4\SEMESTER 8 (4C)\skripsi\code\code_mhs\2341720088\unclassified\tp20.ipynb,SUCCESS,Preprocessing berhasil
2026-03-09 13:35:36,D:\PUTRI\D4\SEMESTER 8 (4C)\skripsi\code\code_mhs\2341720088\unclassified\tp21.ipynb,SUCCESS,Preprocessing berhasil
2026-03-09 13:35:36,D:\PUTRI\D4\SEMESTER 8 (4C)\skripsi\code\code_mhs\2341720088\unclassified\tp22.ipynb,SUCCESS,Preprocessing berhasil
2026-03-09 13:35:36,D:\PUTRI\D4\SEMESTER 8 (4C)\skripsi\code\code_mhs\2341720088\unclassified\tp23.ipynb,SUCCESS,Preprocessing berhasil
2026-03-09 13:35:36,D:\PUTRI\D4\SEMESTER 8 (4C)\skripsi\code\code_mhs\2341720088\unclassified\tp24.ipynb,SUCCESS,Preprocessing berhasil
2026-03-09 13:35:37,D:\PUTRI\D4\SEMESTER 8 (4C)\skripsi\code\code_mhs\2341720093\kelompok\kelompok.ipynb,FAILED,Identifier normalization gagal
2026-03-09 13:35:37,D:\PUTRI\D4\SEMESTER 8 (4C)\skripsi\code\code_mhs\2341720093\kuis\kuis.ipynb,SUCCESS,Preprocessing berhasil
2026-03-09 13:35:37,D:\PUTRI\D4\SEMESTER 8 (4C)\skripsi\code\code_mhs\2341720093\m01\JS01_2341720093_Tionusa.ipynb,FAILED,Cleaning gagal
2026-03-09 13:35:37,D:\PUTRI\D4\SEMESTER 8 (4C)\skripsi\code\code_mhs\2341720093\m02\JS02_2341720093_Tionusa.ipynb,SUCCESS,Preprocessing berhasil
2026-03-09 13:35:38,D:\PUTRI\D4\SEMESTER 8 (4C)\skripsi\code\code_mhs\2341720093\m03\JS03_2341720093_Tionusa.ipynb,SUCCESS,Preprocessing berhasil
2026-03-09 13:35:39,D:\PUTRI\D4\SEMESTER 8 (4C)\skripsi\code\code_mhs\2341720093\m05\JS05_2341720093_Tionusa.ipynb,SUCCESS,Preprocessing berhasil
2026-03-09 13:35:39,D:\PUTRI\D4\SEMESTER 8 (4C)\skripsi\code\code_mhs\2341720093\m06\JS06_2341720093_Tionusa_Catur_Pamungkas.ipynb,SUCCESS,Preprocessing berhasil
2026-03-09 13:35:39,D:\PUTRI\D4\SEMESTER 8 (4C)\skripsi\code\code_mhs\2341720093\pbl\pbl.ipynb,SUCCESS,Preprocessing berhasil
2026-03-09 13:35:39,D:\PUTRI\D4\SEMESTER 8 (4C)\skripsi\code\code_mhs\2341720093\unclassified\p01.ipynb,SUCCESS,Preprocessing berhasil
2026-03-09 13:35:39,D:\PUTRI\D4\SEMESTER 8 (4C)\skripsi\code\code_mhs\2341720093\unclassified\p02.ipynb,SUCCESS,Preprocessing berhasil
2026-03-09 13:35:39,D:\PUTRI\D4\SEMESTER 8 (4C)\skripsi\code\code_mhs\2341720093\unclassified\p03.ipynb,SUCCESS,Preprocessing berhasil
2026-03-09 13:35:39,D:\PUTRI\D4\SEMESTER 8 (4C)\skripsi\code\code_mhs\2341720093\unclassified\p04.ipynb,SUCCESS,Preprocessing berhasil
2026-03-09 13:35:39,D:\PUTRI\D4\SEMESTER 8 (4C)\skripsi\code\code_mhs\2341720093\unclassified\p05.ipynb,SUCCESS,Preprocessing berhasil
2026-03-09 13:35:39,D:\PUTRI\D4\SEMESTER 8 (4C)\skripsi\code\code_mhs\2341720093\unclassified\p06.ipynb,SUCCESS,Preprocessing berhasil
2026-03-09 13:35:39,D:\PUTRI\D4\SEMESTER 8 (4C)\skripsi\code\code_mhs\2341720093\unclassified\tp07.ipynb,SUCCESS,Preprocessing berhasil
2026-03-09 13:35:40,D:\PUTRI\D4\SEMESTER 8 (4C)\skripsi\code\code_mhs\2341720093\unclassified\tp08.ipynb,SUCCESS,Preprocessing berhasil
2026-03-09 13:35:40,D:\PUTRI\D4\SEMESTER 8 (4C)\skripsi\code\code_mhs\2341720093\unclassified\tp09.ipynb,SUCCESS,Preprocessing berhasil
2026-03-09 13:35:40,D:\PUTRI\D4\SEMESTER 8 (4C)\skripsi\code\code_mhs\2341720093\unclassified\tp10.ipynb,SUCCESS,Preprocessing berhasil
2026-03-09 13:35:40,D:\PUTRI\D4\SEMESTER 8 (4C)\skripsi\code\code_mhs\2341720093\unclassified\tp11.ipynb,FAILED,Identifier normalization gagal
2026-03-09 13:35:40,D:\PUTRI\D4\SEMESTER 8 (4C)\skripsi\code\code_mhs\2341720093\unclassified\tp12.ipynb,SUCCESS,Preprocessing berhasil
2026-03-09 13:35:40,D:\PUTRI\D4\SEMESTER 8 (4C)\skripsi\code\code_mhs\2341720093\uts\uts.ipynb,SUCCESS,Preprocessing berhasil
2026-03-09 13:35:40,D:\PUTRI\D4\SEMESTER 8 (4C)\skripsi\code\code_mhs\2341720095\unclassified\p01.ipynb,SUCCESS,Preprocessing berhasil
2026-03-09 13:35:40,D:\PUTRI\D4\SEMESTER 8 (4C)\skripsi\code\code_mhs\2341720095\unclassified\p02.ipynb,SUCCESS,Preprocessing berhasil
2026-03-09 13:35:40,D:\PUTRI\D4\SEMESTER 8 (4C)\skripsi\code\code_mhs\2341720095\unclassified\p03.ipynb,SUCCESS,Preprocessing berhasil
2026-03-09 13:35:40,D:\PUTRI\D4\SEMESTER 8 (4C)\skripsi\code\code_mhs\2341720095\unclassified\p04.ipynb,SUCCESS,Preprocessing berhasil
2026-03-09 13:35:41,D:\PUTRI\D4\SEMESTER 8 (4C)\skripsi\code\code_mhs\2341720095\unclassified\p05.ipynb,SUCCESS,Preprocessing berhasil
2026-03-09 13:35:41,D:\PUTRI\D4\SEMESTER 8 (4C)\skripsi\code\code_mhs\2341720095\unclassified\p06.ipynb,SUCCESS,Preprocessing berhasil
2026-03-09 13:35:41,D:\PUTRI\D4\SEMESTER 8 (4C)\skripsi\code\code_mhs\2341720095\unclassified\tp12.ipynb,SUCCESS,Preprocessing berhasil
2026-03-09 13:35:41,D:\PUTRI\D4\SEMESTER 8 (4C)\skripsi\code\code_mhs\2341720095\unclassified\tp13.ipynb,SUCCESS,Preprocessing berhasil
2026-03-09 13:35:41,D:\PUTRI\D4\SEMESTER 8 (4C)\skripsi\code\code_mhs\2341720095\unclassified\tp14.ipynb,SUCCESS,Preprocessing berhasil
2026-03-09 13:35:42,D:\PUTRI\D4\SEMESTER 8 (4C)\skripsi\code\code_mhs\2341720095\unclassified\tp15.ipynb,SUCCESS,Preprocessing berhasil
2026-03-09 13:35:42,D:\PUTRI\D4\SEMESTER 8 (4C)\skripsi\code\code_mhs\2341720095\unclassified\tp16.ipynb,SUCCESS,Preprocessing berhasil
2026-03-09 13:35:42,D:\PUTRI\D4\SEMESTER 8 (4C)\skripsi\code\code_mhs\2341720095\unclassified\tp17.ipynb,SUCCESS,Preprocessing berhasil
2026-03-09 13:35:42,D:\PUTRI\D4\SEMESTER 8 (4C)\skripsi\code\code_mhs\2341720095\unclassified\tp18.ipynb,FAILED,Identifier normalization gagal
2026-03-09 13:35:42,D:\PUTRI\D4\SEMESTER 8 (4C)\skripsi\code\code_mhs\2341720095\unclassified\tp19.ipynb,SUCCESS,Preprocessing berhasil
2026-03-09 13:35:42,D:\PUTRI\D4\SEMESTER 8 (4C)\skripsi\code\code_mhs\2341720095\unclassified\tp20.ipynb,SUCCESS,Preprocessing berhasil
2026-03-09 13:35:42,D:\PUTRI\D4\SEMESTER 8 (4C)\skripsi\code\code_mhs\2341720095\unclassified\tp21.ipynb,SUCCESS,Preprocessing berhasil
2026-03-09 13:35:42,D:\PUTRI\D4\SEMESTER 8 (4C)\skripsi\code\code_mhs\2341720095\unclassified\tp22.ipynb,SUCCESS,Preprocessing berhasil
2026-03-09 13:35:42,D:\PUTRI\D4\SEMESTER 8 (4C)\skripsi\code\code_mhs\2341720096\m06\T1_JS06.ipynb,SUCCESS,Preprocessing berhasil
2026-03-09 13:35:42,D:\PUTRI\D4\SEMESTER 8 (4C)\skripsi\code\code_mhs\2341720096\unclassified\app.py,SUCCESS,Preprocessing berhasil
2026-03-09 13:35:42,D:\PUTRI\D4\SEMESTER 8 (4C)\skripsi\code\code_mhs\2341720096\unclassified\Giovano_Alkandri_ML_QUIZ1.ipynb,SUCCESS,Preprocessing berhasil
2026-03-09 13:35:42,D:\PUTRI\D4\SEMESTER 8 (4C)\skripsi\code\code_mhs\2341720096\unclassified\p01.ipynb,SUCCESS,Preprocessing berhasil
2026-03-09 13:35:42,D:\PUTRI\D4\SEMESTER 8 (4C)\skripsi\code\code_mhs\2341720096\unclassified\p02.ipynb,INVALID,SyntaxError baris 66: invalid syntax
2026-03-09 13:35:43,D:\PUTRI\D4\SEMESTER 8 (4C)\skripsi\code\code_mhs\2341720096\unclassified\p03.ipynb,SUCCESS,Preprocessing berhasil
2026-03-09 13:35:43,D:\PUTRI\D4\SEMESTER 8 (4C)\skripsi\code\code_mhs\2341720096\unclassified\p04.ipynb,SUCCESS,Preprocessing berhasil
2026-03-09 13:35:43,D:\PUTRI\D4\SEMESTER 8 (4C)\skripsi\code\code_mhs\2341720096\unclassified\p05.ipynb,SUCCESS,Preprocessing berhasil
2026-03-09 13:35:43,D:\PUTRI\D4\SEMESTER 8 (4C)\skripsi\code\code_mhs\2341720096\unclassified\p06.ipynb,SUCCESS,Preprocessing berhasil
2026-03-09 13:35:43,D:\PUTRI\D4\SEMESTER 8 (4C)\skripsi\code\code_mhs\2341720096\unclassified\teoridasar.ipynb,SUCCESS,Preprocessing berhasil
2026-03-09 13:35:43,D:\PUTRI\D4\SEMESTER 8 (4C)\skripsi\code\code_mhs\2341720096\unclassified\tp12.ipynb,SUCCESS,Preprocessing berhasil
2026-03-09 13:35:43,D:\PUTRI\D4\SEMESTER 8 (4C)\skripsi\code\code_mhs\2341720096\unclassified\tp13.ipynb,SUCCESS,Preprocessing berhasil
2026-03-09 13:35:43,D:\PUTRI\D4\SEMESTER 8 (4C)\skripsi\code\code_mhs\2341720096\unclassified\tp14.ipynb,SUCCESS,Preprocessing berhasil
2026-03-09 13:35:43,D:\PUTRI\D4\SEMESTER 8 (4C)\skripsi\code\code_mhs\2341720096\unclassified\tp15.ipynb,SUCCESS,Preprocessing berhasil
2026-03-09 13:35:43,D:\PUTRI\D4\SEMESTER 8 (4C)\skripsi\code\code_mhs\2341720096\unclassified\tp16.ipynb,SUCCESS,Preprocessing berhasil
2026-03-09 13:35:43,D:\PUTRI\D4\SEMESTER 8 (4C)\skripsi\code\code_mhs\2341720096\unclassified\tp17.ipynb,SUCCESS,Preprocessing berhasil
2026-03-09 13:35:43,D:\PUTRI\D4\SEMESTER 8 (4C)\skripsi\code\code_mhs\2341720096\unclassified\tp18.ipynb,SUCCESS,Preprocessing berhasil
2026-03-09 13:35:43,D:\PUTRI\D4\SEMESTER 8 (4C)\skripsi\code\code_mhs\2341720096\unclassified\tp19.ipynb,SUCCESS,Preprocessing berhasil
2026-03-09 13:35:43,D:\PUTRI\D4\SEMESTER 8 (4C)\skripsi\code\code_mhs\2341720096\unclassified\tp20.ipynb,FAILED,Identifier normalization gagal
2026-03-09 13:35:43,D:\PUTRI\D4\SEMESTER 8 (4C)\skripsi\code\code_mhs\2341720096\unclassified\tp21.ipynb,SUCCESS,Preprocessing berhasil
2026-03-09 13:35:43,D:\PUTRI\D4\SEMESTER 8 (4C)\skripsi\code\code_mhs\2341720096\unclassified\tp22.ipynb,SUCCESS,Preprocessing berhasil
2026-03-09 13:35:43,D:\PUTRI\D4\SEMESTER 8 (4C)\skripsi\code\code_mhs\2341720096\uts\uts.ipynb,SUCCESS,Preprocessing berhasil
2026-03-09 13:35:44,D:\PUTRI\D4\SEMESTER 8 (4C)\skripsi\code\code_mhs\2341720108\pbl\pbl.ipynb,SUCCESS,Preprocessing berhasil
2026-03-09 13:35:44,D:\PUTRI\D4\SEMESTER 8 (4C)\skripsi\code\code_mhs\2341720108\unclassified\p01.ipynb,SUCCESS,Preprocessing berhasil
2026-03-09 13:35:44,D:\PUTRI\D4\SEMESTER 8 (4C)\skripsi\code\code_mhs\2341720108\unclassified\p02.ipynb,SUCCESS,Preprocessing berhasil
2026-03-09 13:35:44,D:\PUTRI\D4\SEMESTER 8 (4C)\skripsi\code\code_mhs\2341720108\unclassified\p03.ipynb,SUCCESS,Preprocessing berhasil
2026-03-09 13:35:44,D:\PUTRI\D4\SEMESTER 8 (4C)\skripsi\code\code_mhs\2341720108\unclassified\p04.ipynb,SUCCESS,Preprocessing berhasil
2026-03-09 13:35:44,D:\PUTRI\D4\SEMESTER 8 (4C)\skripsi\code\code_mhs\2341720108\unclassified\p05.ipynb,SUCCESS,Preprocessing berhasil
2026-03-09 13:35:44,D:\PUTRI\D4\SEMESTER 8 (4C)\skripsi\code\code_mhs\2341720108\unclassified\p06.ipynb,SUCCESS,Preprocessing berhasil
2026-03-09 13:35:44,D:\PUTRI\D4\SEMESTER 8 (4C)\skripsi\code\code_mhs\2341720108\unclassified\tp13.ipynb,SUCCESS,Preprocessing berhasil
2026-03-09 13:35:44,D:\PUTRI\D4\SEMESTER 8 (4C)\skripsi\code\code_mhs\2341720108\unclassified\tp14.ipynb,SUCCESS,Preprocessing berhasil
2026-03-09 13:35:45,D:\PUTRI\D4\SEMESTER 8 (4C)\skripsi\code\code_mhs\2341720108\unclassified\tp15.ipynb,SUCCESS,Preprocessing berhasil
2026-03-09 13:35:45,D:\PUTRI\D4\SEMESTER 8 (4C)\skripsi\code\code_mhs\2341720108\unclassified\tp16.ipynb,SUCCESS,Preprocessing berhasil
2026-03-09 13:35:45,D:\PUTRI\D4\SEMESTER 8 (4C)\skripsi\code\code_mhs\2341720108\unclassified\tp17.ipynb,SUCCESS,Preprocessing berhasil
2026-03-09 13:35:45,D:\PUTRI\D4\SEMESTER 8 (4C)\skripsi\code\code_mhs\2341720108\unclassified\tp18.ipynb,SUCCESS,Preprocessing berhasil
2026-03-09 13:35:45,D:\PUTRI\D4\SEMESTER 8 (4C)\skripsi\code\code_mhs\2341720108\unclassified\tp19.ipynb,SUCCESS,Preprocessing berhasil
2026-03-09 13:35:45,D:\PUTRI\D4\SEMESTER 8 (4C)\skripsi\code\code_mhs\2341720108\unclassified\tp20.ipynb,SUCCESS,Preprocessing berhasil
2026-03-09 13:35:45,D:\PUTRI\D4\SEMESTER 8 (4C)\skripsi\code\code_mhs\2341720108\unclassified\tp21.ipynb,SUCCESS,Preprocessing berhasil
2026-03-09 13:35:45,D:\PUTRI\D4\SEMESTER 8 (4C)\skripsi\code\code_mhs\2341720108\unclassified\tp22.ipynb,SUCCESS,Preprocessing berhasil
2026-03-09 13:35:45,D:\PUTRI\D4\SEMESTER 8 (4C)\skripsi\code\code_mhs\2341720108\unclassified\tp23.ipynb,SUCCESS,Preprocessing berhasil
2026-03-09 13:35:45,D:\PUTRI\D4\SEMESTER 8 (4C)\skripsi\code\code_mhs\2341720108\unclassified\tp24.ipynb,SUCCESS,Preprocessing berhasil
2026-03-09 13:35:45,D:\PUTRI\D4\SEMESTER 8 (4C)\skripsi\code\code_mhs\2341720109\kuis\kuis.ipynb,SUCCESS,Preprocessing berhasil
2026-03-09 13:35:45,D:\PUTRI\D4\SEMESTER 8 (4C)\skripsi\code\code_mhs\2341720109\m01\JS1_2341720109_Gheriya_Rahima_Jauhar.ipynb,INVALID,SyntaxError baris 6: invalid syntax
2026-03-09 13:35:46,D:\PUTRI\D4\SEMESTER 8 (4C)\skripsi\code\code_mhs\2341720109\m02\JS2_2341720109_Gheriya_Rahima_Jauhar.ipynb,SUCCESS,Preprocessing berhasil
2026-03-09 13:35:47,D:\PUTRI\D4\SEMESTER 8 (4C)\skripsi\code\code_mhs\2341720109\m03\JS3_2341720109_Gheriya_Rahima_Jauhar.ipynb,SUCCESS,Preprocessing berhasil
2026-03-09 13:35:47,D:\PUTRI\D4\SEMESTER 8 (4C)\skripsi\code\code_mhs\2341720109\m04\JS4_2341720109_Gheriya_Rahima_Jauhar.ipynb,SUCCESS,Preprocessing berhasil
2026-03-09 13:35:47,D:\PUTRI\D4\SEMESTER 8 (4C)\skripsi\code\code_mhs\2341720109\m05\JS5_2341720109_Gheriya_Rahima_Jauhar.ipynb,SUCCESS,Preprocessing berhasil
2026-03-09 13:35:48,D:\PUTRI\D4\SEMESTER 8 (4C)\skripsi\code\code_mhs\2341720109\m06\JS6_ANN_2341720109_Gheriya_Rahima_Jauhar.ipynb,SUCCESS,Preprocessing berhasil
2026-03-09 13:35:48,D:\PUTRI\D4\SEMESTER 8 (4C)\skripsi\code\code_mhs\2341720109\m06\JS6_REGRESI_2341720109_Gheriya_Rahima_Jauhar.ipynb,SUCCESS,Preprocessing berhasil
2026-03-09 13:35:48,D:\PUTRI\D4\SEMESTER 8 (4C)\skripsi\code\code_mhs\2341720109\uts\uts.ipynb,SUCCESS,Preprocessing berhasil
2026-03-09 13:35:48,D:\PUTRI\D4\SEMESTER 8 (4C)\skripsi\code\code_mhs\2341720111\unclassified\p01.ipynb,SUCCESS,Preprocessing berhasil
2026-03-09 13:35:48,D:\PUTRI\D4\SEMESTER 8 (4C)\skripsi\code\code_mhs\2341720111\unclassified\p02.ipynb,INVALID,File kosong
2026-03-09 13:35:48,D:\PUTRI\D4\SEMESTER 8 (4C)\skripsi\code\code_mhs\2341720111\unclassified\p03.ipynb,SUCCESS,Preprocessing berhasil
2026-03-09 13:35:48,D:\PUTRI\D4\SEMESTER 8 (4C)\skripsi\code\code_mhs\2341720111\unclassified\p04.ipynb,SUCCESS,Preprocessing berhasil
2026-03-09 13:35:48,D:\PUTRI\D4\SEMESTER 8 (4C)\skripsi\code\code_mhs\2341720111\unclassified\p05.ipynb,SUCCESS,Preprocessing berhasil
2026-03-09 13:35:48,D:\PUTRI\D4\SEMESTER 8 (4C)\skripsi\code\code_mhs\2341720111\unclassified\p06.ipynb,INVALID,SyntaxError baris 1: invalid syntax
2026-03-09 13:35:49,D:\PUTRI\D4\SEMESTER 8 (4C)\skripsi\code\code_mhs\2341720111\unclassified\tp14.ipynb,SUCCESS,Preprocessing berhasil
2026-03-09 13:35:49,D:\PUTRI\D4\SEMESTER 8 (4C)\skripsi\code\code_mhs\2341720111\unclassified\tp15.ipynb,SUCCESS,Preprocessing berhasil
2026-03-09 13:35:49,D:\PUTRI\D4\SEMESTER 8 (4C)\skripsi\code\code_mhs\2341720111\unclassified\tp16.ipynb,SUCCESS,Preprocessing berhasil
2026-03-09 13:35:49,D:\PUTRI\D4\SEMESTER 8 (4C)\skripsi\code\code_mhs\2341720111\unclassified\tp17.ipynb,SUCCESS,Preprocessing berhasil
2026-03-09 13:35:49,D:\PUTRI\D4\SEMESTER 8 (4C)\skripsi\code\code_mhs\2341720111\unclassified\tp18.ipynb,INVALID,SyntaxError baris 1: invalid syntax
2026-03-09 13:35:49,D:\PUTRI\D4\SEMESTER 8 (4C)\skripsi\code\code_mhs\2341720111\unclassified\tp19.ipynb,SUCCESS,Preprocessing berhasil
2026-03-09 13:35:49,D:\PUTRI\D4\SEMESTER 8 (4C)\skripsi\code\code_mhs\2341720111\unclassified\tp20.ipynb,SUCCESS,Preprocessing berhasil
2026-03-09 13:35:49,D:\PUTRI\D4\SEMESTER 8 (4C)\skripsi\code\code_mhs\2341720111\unclassified\tp21.ipynb,SUCCESS,Preprocessing berhasil
2026-03-09 13:35:49,D:\PUTRI\D4\SEMESTER 8 (4C)\skripsi\code\code_mhs\2341720111\unclassified\tp22.ipynb,SUCCESS,Preprocessing berhasil
2026-03-09 13:35:49,D:\PUTRI\D4\SEMESTER 8 (4C)\skripsi\code\code_mhs\2341720111\unclassified\tp23.ipynb,SUCCESS,Preprocessing berhasil
2026-03-09 13:35:49,D:\PUTRI\D4\SEMESTER 8 (4C)\skripsi\code\code_mhs\2341720111\unclassified\tp24.ipynb,SUCCESS,Preprocessing berhasil
2026-03-09 13:35:49,D:\PUTRI\D4\SEMESTER 8 (4C)\skripsi\code\code_mhs\2341720111\unclassified\tp25.ipynb,SUCCESS,Preprocessing berhasil
2026-03-09 13:35:50,D:\PUTRI\D4\SEMESTER 8 (4C)\skripsi\code\code_mhs\2341720111\unclassified\tp26.ipynb,INVALID,File kosong
2026-03-09 13:35:50,D:\PUTRI\D4\SEMESTER 8 (4C)\skripsi\code\code_mhs\2341720111\unclassified\UAS.ipynb,SUCCESS,Preprocessing berhasil
2026-03-09 13:35:50,D:\PUTRI\D4\SEMESTER 8 (4C)\skripsi\code\code_mhs\2341720112\unclassified\db_sportify.ipynb,INVALID,'utf-8' codec can't encode character '\udfaf' in position 48196: surrogates not allowed
2026-03-09 13:35:50,D:\PUTRI\D4\SEMESTER 8 (4C)\skripsi\code\code_mhs\2341720112\unclassified\Kmeans.ipynb,FAILED,Tidak bisa membaca file
2026-03-09 13:35:50,D:\PUTRI\D4\SEMESTER 8 (4C)\skripsi\code\code_mhs\2341720112\unclassified\KMeans_Clustering.ipynb,SUCCESS,Preprocessing berhasil
2026-03-09 13:35:50,D:\PUTRI\D4\SEMESTER 8 (4C)\skripsi\code\code_mhs\2341720112\unclassified\KMeans_Song_Mood_Clustering.ipynb,SUCCESS,Preprocessing berhasil
2026-03-09 13:35:50,D:\PUTRI\D4\SEMESTER 8 (4C)\skripsi\code\code_mhs\2341720112\unclassified\kmeans_sportify copy 2.ipynb,SUCCESS,Preprocessing berhasil
2026-03-09 13:35:51,D:\PUTRI\D4\SEMESTER 8 (4C)\skripsi\code\code_mhs\2341720112\unclassified\kmeans_sportify copy.ipynb,SUCCESS,Preprocessing berhasil
2026-03-09 13:35:51,D:\PUTRI\D4\SEMESTER 8 (4C)\skripsi\code\code_mhs\2341720112\unclassified\kmeans_sportify.ipynb,SUCCESS,Preprocessing berhasil
2026-03-09 13:35:51,D:\PUTRI\D4\SEMESTER 8 (4C)\skripsi\code\code_mhs\2341720112\unclassified\p01.ipynb,SUCCESS,Preprocessing berhasil
2026-03-09 13:35:51,D:\PUTRI\D4\SEMESTER 8 (4C)\skripsi\code\code_mhs\2341720112\unclassified\p02.ipynb,SUCCESS,Preprocessing berhasil
2026-03-09 13:35:51,D:\PUTRI\D4\SEMESTER 8 (4C)\skripsi\code\code_mhs\2341720112\unclassified\p03.ipynb,SUCCESS,Preprocessing berhasil
2026-03-09 13:35:51,D:\PUTRI\D4\SEMESTER 8 (4C)\skripsi\code\code_mhs\2341720112\unclassified\p04.ipynb,SUCCESS,Preprocessing berhasil
2026-03-09 13:35:51,D:\PUTRI\D4\SEMESTER 8 (4C)\skripsi\code\code_mhs\2341720112\unclassified\p05.ipynb,SUCCESS,Preprocessing berhasil
2026-03-09 13:35:51,D:\PUTRI\D4\SEMESTER 8 (4C)\skripsi\code\code_mhs\2341720112\unclassified\p06.ipynb,SUCCESS,Preprocessing berhasil
2026-03-09 13:35:51,D:\PUTRI\D4\SEMESTER 8 (4C)\skripsi\code\code_mhs\2341720112\unclassified\py.py,INVALID,File kosong
2026-03-09 13:35:52,D:\PUTRI\D4\SEMESTER 8 (4C)\skripsi\code\code_mhs\2341720112\unclassified\tp14.ipynb,SUCCESS,Preprocessing berhasil
2026-03-09 13:35:52,D:\PUTRI\D4\SEMESTER 8 (4C)\skripsi\code\code_mhs\2341720112\unclassified\tp15.ipynb,SUCCESS,Preprocessing berhasil
2026-03-09 13:35:52,D:\PUTRI\D4\SEMESTER 8 (4C)\skripsi\code\code_mhs\2341720112\unclassified\tp16.ipynb,SUCCESS,Preprocessing berhasil
2026-03-09 13:35:52,D:\PUTRI\D4\SEMESTER 8 (4C)\skripsi\code\code_mhs\2341720112\unclassified\tp17.ipynb,SUCCESS,Preprocessing berhasil
2026-03-09 13:35:52,D:\PUTRI\D4\SEMESTER 8 (4C)\skripsi\code\code_mhs\2341720112\unclassified\tp18.ipynb,SUCCESS,Preprocessing berhasil
2026-03-09 13:35:52,D:\PUTRI\D4\SEMESTER 8 (4C)\skripsi\code\code_mhs\2341720112\unclassified\tp19.ipynb,SUCCESS,Preprocessing berhasil
2026-03-09 13:35:52,D:\PUTRI\D4\SEMESTER 8 (4C)\skripsi\code\code_mhs\2341720112\unclassified\tp20.ipynb,SUCCESS,Preprocessing berhasil
2026-03-09 13:35:52,D:\PUTRI\D4\SEMESTER 8 (4C)\skripsi\code\code_mhs\2341720112\unclassified\tp21.ipynb,SUCCESS,Preprocessing berhasil
2026-03-09 13:35:52,D:\PUTRI\D4\SEMESTER 8 (4C)\skripsi\code\code_mhs\2341720112\unclassified\tp22.ipynb,SUCCESS,Preprocessing berhasil
2026-03-09 13:35:52,D:\PUTRI\D4\SEMESTER 8 (4C)\skripsi\code\code_mhs\2341720112\unclassified\tp23.ipynb,FAILED,Identifier normalization gagal
2026-03-09 13:35:52,D:\PUTRI\D4\SEMESTER 8 (4C)\skripsi\code\code_mhs\2341720112\unclassified\tp24.ipynb,SUCCESS,Preprocessing berhasil
2026-03-09 13:35:52,D:\PUTRI\D4\SEMESTER 8 (4C)\skripsi\code\code_mhs\2341720112\unclassified\tp25.ipynb,SUCCESS,Preprocessing berhasil
2026-03-09 13:35:52,D:\PUTRI\D4\SEMESTER 8 (4C)\skripsi\code\code_mhs\2341720112\unclassified\tp26.ipynb,INVALID,File kosong
2026-03-09 13:35:53,D:\PUTRI\D4\SEMESTER 8 (4C)\skripsi\code\code_mhs\2341720117\pbl\pbl.ipynb,SUCCESS,Preprocessing berhasil
2026-03-09 13:35:53,D:\PUTRI\D4\SEMESTER 8 (4C)\skripsi\code\code_mhs\2341720117\pbl\pbl.py,SUCCESS,Preprocessing berhasil
2026-03-09 13:35:53,D:\PUTRI\D4\SEMESTER 8 (4C)\skripsi\code\code_mhs\2341720117\unclassified\app.py,SUCCESS,Preprocessing berhasil
2026-03-09 13:35:53,D:\PUTRI\D4\SEMESTER 8 (4C)\skripsi\code\code_mhs\2341720117\unclassified\p01.ipynb,SUCCESS,Preprocessing berhasil
2026-03-09 13:35:53,D:\PUTRI\D4\SEMESTER 8 (4C)\skripsi\code\code_mhs\2341720117\unclassified\p02.ipynb,SUCCESS,Preprocessing berhasil
2026-03-09 13:35:53,D:\PUTRI\D4\SEMESTER 8 (4C)\skripsi\code\code_mhs\2341720117\unclassified\p03.ipynb,SUCCESS,Preprocessing berhasil
2026-03-09 13:35:53,D:\PUTRI\D4\SEMESTER 8 (4C)\skripsi\code\code_mhs\2341720117\unclassified\p04.ipynb,SUCCESS,Preprocessing berhasil
2026-03-09 13:35:53,D:\PUTRI\D4\SEMESTER 8 (4C)\skripsi\code\code_mhs\2341720117\unclassified\p05.ipynb,SUCCESS,Preprocessing berhasil
2026-03-09 13:35:53,D:\PUTRI\D4\SEMESTER 8 (4C)\skripsi\code\code_mhs\2341720117\unclassified\p06.ipynb,SUCCESS,Preprocessing berhasil
2026-03-09 13:35:53,D:\PUTRI\D4\SEMESTER 8 (4C)\skripsi\code\code_mhs\2341720117\unclassified\TG1_2341720117_OKTAVIAN_EKA_RAMADHAN.ipynb,SUCCESS,Preprocessing berhasil
2026-03-09 13:35:53,D:\PUTRI\D4\SEMESTER 8 (4C)\skripsi\code\code_mhs\2341720117\unclassified\tp12.ipynb,SUCCESS,Preprocessing berhasil
2026-03-09 13:35:54,D:\PUTRI\D4\SEMESTER 8 (4C)\skripsi\code\code_mhs\2341720117\unclassified\tp13.ipynb,SUCCESS,Preprocessing berhasil
2026-03-09 13:35:54,D:\PUTRI\D4\SEMESTER 8 (4C)\skripsi\code\code_mhs\2341720117\unclassified\tp14.ipynb,SUCCESS,Preprocessing berhasil
2026-03-09 13:35:54,D:\PUTRI\D4\SEMESTER 8 (4C)\skripsi\code\code_mhs\2341720117\unclassified\tp15.ipynb,SUCCESS,Preprocessing berhasil
2026-03-09 13:35:54,D:\PUTRI\D4\SEMESTER 8 (4C)\skripsi\code\code_mhs\2341720117\unclassified\tp16.ipynb,SUCCESS,Preprocessing berhasil
2026-03-09 13:35:54,D:\PUTRI\D4\SEMESTER 8 (4C)\skripsi\code\code_mhs\2341720117\unclassified\tp17.ipynb,SUCCESS,Preprocessing berhasil
2026-03-09 13:35:54,D:\PUTRI\D4\SEMESTER 8 (4C)\skripsi\code\code_mhs\2341720117\unclassified\tp18.ipynb,SUCCESS,Preprocessing berhasil
2026-03-09 13:35:54,D:\PUTRI\D4\SEMESTER 8 (4C)\skripsi\code\code_mhs\2341720117\unclassified\tp19.ipynb,SUCCESS,Preprocessing berhasil
2026-03-09 13:35:55,D:\PUTRI\D4\SEMESTER 8 (4C)\skripsi\code\code_mhs\2341720117\unclassified\tp20.ipynb,SUCCESS,Preprocessing berhasil
2026-03-09 13:35:55,D:\PUTRI\D4\SEMESTER 8 (4C)\skripsi\code\code_mhs\2341720117\unclassified\tp21.ipynb,SUCCESS,Preprocessing berhasil
2026-03-09 13:35:55,D:\PUTRI\D4\SEMESTER 8 (4C)\skripsi\code\code_mhs\2341720117\unclassified\tp22.ipynb,SUCCESS,Preprocessing berhasil
2026-03-09 13:35:55,D:\PUTRI\D4\SEMESTER 8 (4C)\skripsi\code\code_mhs\2341720131\unclassified\app.py,SUCCESS,Preprocessing berhasil
2026-03-09 13:35:55,D:\PUTRI\D4\SEMESTER 8 (4C)\skripsi\code\code_mhs\2341720131\unclassified\p01.ipynb,SUCCESS,Preprocessing berhasil
2026-03-09 13:35:55,D:\PUTRI\D4\SEMESTER 8 (4C)\skripsi\code\code_mhs\2341720131\unclassified\p02.ipynb,SUCCESS,Preprocessing berhasil
2026-03-09 13:35:55,D:\PUTRI\D4\SEMESTER 8 (4C)\skripsi\code\code_mhs\2341720131\unclassified\p03.ipynb,SUCCESS,Preprocessing berhasil
2026-03-09 13:35:55,D:\PUTRI\D4\SEMESTER 8 (4C)\skripsi\code\code_mhs\2341720131\unclassified\p04.ipynb,SUCCESS,Preprocessing berhasil
2026-03-09 13:35:55,D:\PUTRI\D4\SEMESTER 8 (4C)\skripsi\code\code_mhs\2341720131\unclassified\p05.ipynb,SUCCESS,Preprocessing berhasil
2026-03-09 13:35:55,D:\PUTRI\D4\SEMESTER 8 (4C)\skripsi\code\code_mhs\2341720131\unclassified\p06.ipynb,SUCCESS,Preprocessing berhasil
2026-03-09 13:35:56,D:\PUTRI\D4\SEMESTER 8 (4C)\skripsi\code\code_mhs\2341720131\unclassified\tp13.ipynb,SUCCESS,Preprocessing berhasil
2026-03-09 13:35:56,D:\PUTRI\D4\SEMESTER 8 (4C)\skripsi\code\code_mhs\2341720131\unclassified\tp14.ipynb,SUCCESS,Preprocessing berhasil
2026-03-09 13:35:56,D:\PUTRI\D4\SEMESTER 8 (4C)\skripsi\code\code_mhs\2341720131\unclassified\tp15.ipynb,SUCCESS,Preprocessing berhasil
2026-03-09 13:35:56,D:\PUTRI\D4\SEMESTER 8 (4C)\skripsi\code\code_mhs\2341720131\unclassified\tp16.ipynb,SUCCESS,Preprocessing berhasil
2026-03-09 13:35:56,D:\PUTRI\D4\SEMESTER 8 (4C)\skripsi\code\code_mhs\2341720131\unclassified\tp17.ipynb,SUCCESS,Preprocessing berhasil
2026-03-09 13:35:56,D:\PUTRI\D4\SEMESTER 8 (4C)\skripsi\code\code_mhs\2341720131\unclassified\tp18.ipynb,SUCCESS,Preprocessing berhasil
2026-03-09 13:35:56,D:\PUTRI\D4\SEMESTER 8 (4C)\skripsi\code\code_mhs\2341720131\unclassified\tp19.ipynb,SUCCESS,Preprocessing berhasil
2026-03-09 13:35:56,D:\PUTRI\D4\SEMESTER 8 (4C)\skripsi\code\code_mhs\2341720131\unclassified\tp20.ipynb,SUCCESS,Preprocessing berhasil
2026-03-09 13:35:56,D:\PUTRI\D4\SEMESTER 8 (4C)\skripsi\code\code_mhs\2341720131\unclassified\tp21.ipynb,SUCCESS,Preprocessing berhasil
2026-03-09 13:35:57,D:\PUTRI\D4\SEMESTER 8 (4C)\skripsi\code\code_mhs\2341720131\unclassified\tp22.ipynb,SUCCESS,Preprocessing berhasil
2026-03-09 13:35:57,D:\PUTRI\D4\SEMESTER 8 (4C)\skripsi\code\code_mhs\2341720131\unclassified\tp23.ipynb,SUCCESS,Preprocessing berhasil
2026-03-09 13:35:57,D:\PUTRI\D4\SEMESTER 8 (4C)\skripsi\code\code_mhs\2341720131\unclassified\tp24.ipynb,SUCCESS,Preprocessing berhasil
2026-03-09 13:35:57,D:\PUTRI\D4\SEMESTER 8 (4C)\skripsi\code\code_mhs\2341720131\unclassified\UAS.ipynb,SUCCESS,Preprocessing berhasil
2026-03-09 13:35:58,D:\PUTRI\D4\SEMESTER 8 (4C)\skripsi\code\code_mhs\2341720135\kelompok\kelompok.ipynb,SUCCESS,Preprocessing berhasil
2026-03-09 13:35:58,D:\PUTRI\D4\SEMESTER 8 (4C)\skripsi\code\code_mhs\2341720135\unclassified\p01.ipynb,FAILED,Identifier normalization gagal
2026-03-09 13:35:58,D:\PUTRI\D4\SEMESTER 8 (4C)\skripsi\code\code_mhs\2341720135\unclassified\p02.ipynb,SUCCESS,Preprocessing berhasil
2026-03-09 13:35:58,D:\PUTRI\D4\SEMESTER 8 (4C)\skripsi\code\code_mhs\2341720135\unclassified\p03.ipynb,SUCCESS,Preprocessing berhasil
2026-03-09 13:35:58,D:\PUTRI\D4\SEMESTER 8 (4C)\skripsi\code\code_mhs\2341720135\unclassified\p04.ipynb,SUCCESS,Preprocessing berhasil
2026-03-09 13:35:58,D:\PUTRI\D4\SEMESTER 8 (4C)\skripsi\code\code_mhs\2341720135\unclassified\p05.ipynb,SUCCESS,Preprocessing berhasil
2026-03-09 13:35:58,D:\PUTRI\D4\SEMESTER 8 (4C)\skripsi\code\code_mhs\2341720135\unclassified\p06.ipynb,SUCCESS,Preprocessing berhasil
2026-03-09 13:35:58,D:\PUTRI\D4\SEMESTER 8 (4C)\skripsi\code\code_mhs\2341720135\unclassified\tp11.ipynb,SUCCESS,Preprocessing berhasil
2026-03-09 13:35:58,D:\PUTRI\D4\SEMESTER 8 (4C)\skripsi\code\code_mhs\2341720135\unclassified\tp12.ipynb,SUCCESS,Preprocessing berhasil
2026-03-09 13:35:58,D:\PUTRI\D4\SEMESTER 8 (4C)\skripsi\code\code_mhs\2341720135\unclassified\tp13.ipynb,SUCCESS,Preprocessing berhasil
2026-03-09 13:35:58,D:\PUTRI\D4\SEMESTER 8 (4C)\skripsi\code\code_mhs\2341720135\unclassified\tp14.ipynb,SUCCESS,Preprocessing berhasil
2026-03-09 13:35:58,D:\PUTRI\D4\SEMESTER 8 (4C)\skripsi\code\code_mhs\2341720135\unclassified\tp15.ipynb,SUCCESS,Preprocessing berhasil
2026-03-09 13:35:58,D:\PUTRI\D4\SEMESTER 8 (4C)\skripsi\code\code_mhs\2341720135\unclassified\tp16.ipynb,SUCCESS,Preprocessing berhasil
2026-03-09 13:35:59,D:\PUTRI\D4\SEMESTER 8 (4C)\skripsi\code\code_mhs\2341720135\unclassified\tp17.ipynb,SUCCESS,Preprocessing berhasil
2026-03-09 13:35:59,D:\PUTRI\D4\SEMESTER 8 (4C)\skripsi\code\code_mhs\2341720135\unclassified\tp18.ipynb,SUCCESS,Preprocessing berhasil
2026-03-09 13:35:59,D:\PUTRI\D4\SEMESTER 8 (4C)\skripsi\code\code_mhs\2341720135\unclassified\tp19.ipynb,SUCCESS,Preprocessing berhasil
2026-03-09 13:35:59,D:\PUTRI\D4\SEMESTER 8 (4C)\skripsi\code\code_mhs\2341720135\unclassified\tp20.ipynb,SUCCESS,Preprocessing berhasil
2026-03-09 13:35:59,D:\PUTRI\D4\SEMESTER 8 (4C)\skripsi\code\code_mhs\2341720135\uts\uts.ipynb,SUCCESS,Preprocessing berhasil
2026-03-09 13:35:59,D:\PUTRI\D4\SEMESTER 8 (4C)\skripsi\code\code_mhs\2341720143\unclassified\p01.ipynb,SUCCESS,Preprocessing berhasil
2026-03-09 13:35:59,D:\PUTRI\D4\SEMESTER 8 (4C)\skripsi\code\code_mhs\2341720143\unclassified\p02.ipynb,FAILED,Identifier normalization gagal
2026-03-09 13:35:59,D:\PUTRI\D4\SEMESTER 8 (4C)\skripsi\code\code_mhs\2341720143\unclassified\p03.ipynb,SUCCESS,Preprocessing berhasil
2026-03-09 13:35:59,D:\PUTRI\D4\SEMESTER 8 (4C)\skripsi\code\code_mhs\2341720143\unclassified\p04.ipynb,SUCCESS,Preprocessing berhasil
2026-03-09 13:35:59,D:\PUTRI\D4\SEMESTER 8 (4C)\skripsi\code\code_mhs\2341720143\unclassified\p05.ipynb,SUCCESS,Preprocessing berhasil
2026-03-09 13:35:59,D:\PUTRI\D4\SEMESTER 8 (4C)\skripsi\code\code_mhs\2341720143\unclassified\p06.ipynb,SUCCESS,Preprocessing berhasil
2026-03-09 13:35:59,D:\PUTRI\D4\SEMESTER 8 (4C)\skripsi\code\code_mhs\2341720143\unclassified\tp13.ipynb,SUCCESS,Preprocessing berhasil
2026-03-09 13:35:59,D:\PUTRI\D4\SEMESTER 8 (4C)\skripsi\code\code_mhs\2341720143\unclassified\tp14.ipynb,SUCCESS,Preprocessing berhasil
2026-03-09 13:35:59,D:\PUTRI\D4\SEMESTER 8 (4C)\skripsi\code\code_mhs\2341720143\unclassified\tp15.ipynb,INVALID,SyntaxError baris 278: unmatched ')'
2026-03-09 13:36:00,D:\PUTRI\D4\SEMESTER 8 (4C)\skripsi\code\code_mhs\2341720143\unclassified\tp16.ipynb,FAILED,Identifier normalization gagal
2026-03-09 13:36:00,D:\PUTRI\D4\SEMESTER 8 (4C)\skripsi\code\code_mhs\2341720143\unclassified\tp17.ipynb,SUCCESS,Preprocessing berhasil
2026-03-09 13:36:00,D:\PUTRI\D4\SEMESTER 8 (4C)\skripsi\code\code_mhs\2341720143\unclassified\tp18.ipynb,SUCCESS,Preprocessing berhasil
2026-03-09 13:36:00,D:\PUTRI\D4\SEMESTER 8 (4C)\skripsi\code\code_mhs\2341720143\unclassified\tp19.ipynb,SUCCESS,Preprocessing berhasil
2026-03-09 13:36:00,D:\PUTRI\D4\SEMESTER 8 (4C)\skripsi\code\code_mhs\2341720143\unclassified\tp20.ipynb,FAILED,Identifier normalization gagal
2026-03-09 13:36:00,D:\PUTRI\D4\SEMESTER 8 (4C)\skripsi\code\code_mhs\2341720143\unclassified\tp21.ipynb,SUCCESS,Preprocessing berhasil
2026-03-09 13:36:00,D:\PUTRI\D4\SEMESTER 8 (4C)\skripsi\code\code_mhs\2341720143\unclassified\tp22.ipynb,SUCCESS,Preprocessing berhasil
2026-03-09 13:36:00,D:\PUTRI\D4\SEMESTER 8 (4C)\skripsi\code\code_mhs\2341720143\unclassified\tp23.ipynb,SUCCESS,Preprocessing berhasil
2026-03-09 13:36:00,D:\PUTRI\D4\SEMESTER 8 (4C)\skripsi\code\code_mhs\2341720143\unclassified\tp24.ipynb,SUCCESS,Preprocessing berhasil
2026-03-09 13:36:00,D:\PUTRI\D4\SEMESTER 8 (4C)\skripsi\code\code_mhs\2341720144\kuis\kuis.ipynb,SUCCESS,Preprocessing berhasil
2026-03-09 13:36:00,D:\PUTRI\D4\SEMESTER 8 (4C)\skripsi\code\code_mhs\2341720144\unclassified\app.py,SUCCESS,Preprocessing berhasil
2026-03-09 13:36:00,D:\PUTRI\D4\SEMESTER 8 (4C)\skripsi\code\code_mhs\2341720144\unclassified\p01.ipynb,SUCCESS,Preprocessing berhasil
2026-03-09 13:36:00,D:\PUTRI\D4\SEMESTER 8 (4C)\skripsi\code\code_mhs\2341720144\unclassified\p02.ipynb,INVALID,File kosong
2026-03-09 13:36:01,D:\PUTRI\D4\SEMESTER 8 (4C)\skripsi\code\code_mhs\2341720144\unclassified\p03.ipynb,SUCCESS,Preprocessing berhasil
2026-03-09 13:36:01,D:\PUTRI\D4\SEMESTER 8 (4C)\skripsi\code\code_mhs\2341720144\unclassified\p04.ipynb,SUCCESS,Preprocessing berhasil
2026-03-09 13:36:01,D:\PUTRI\D4\SEMESTER 8 (4C)\skripsi\code\code_mhs\2341720144\unclassified\p05.ipynb,SUCCESS,Preprocessing berhasil
2026-03-09 13:36:01,D:\PUTRI\D4\SEMESTER 8 (4C)\skripsi\code\code_mhs\2341720144\unclassified\p06.ipynb,SUCCESS,Preprocessing berhasil
2026-03-09 13:36:01,D:\PUTRI\D4\SEMESTER 8 (4C)\skripsi\code\code_mhs\2341720144\unclassified\tp15.ipynb,INVALID,File kosong
2026-03-09 13:36:01,D:\PUTRI\D4\SEMESTER 8 (4C)\skripsi\code\code_mhs\2341720144\unclassified\tp16.ipynb,SUCCESS,Preprocessing berhasil
2026-03-09 13:36:01,D:\PUTRI\D4\SEMESTER 8 (4C)\skripsi\code\code_mhs\2341720144\unclassified\tp17.ipynb,SUCCESS,Preprocessing berhasil
2026-03-09 13:36:01,D:\PUTRI\D4\SEMESTER 8 (4C)\skripsi\code\code_mhs\2341720144\unclassified\tp18.ipynb,SUCCESS,Preprocessing berhasil
2026-03-09 13:36:01,D:\PUTRI\D4\SEMESTER 8 (4C)\skripsi\code\code_mhs\2341720144\unclassified\tp19.ipynb,SUCCESS,Preprocessing berhasil
2026-03-09 13:36:01,D:\PUTRI\D4\SEMESTER 8 (4C)\skripsi\code\code_mhs\2341720144\unclassified\tp20.ipynb,SUCCESS,Preprocessing berhasil
2026-03-09 13:36:01,D:\PUTRI\D4\SEMESTER 8 (4C)\skripsi\code\code_mhs\2341720144\unclassified\tp21.ipynb,INVALID,File kosong
2026-03-09 13:36:01,D:\PUTRI\D4\SEMESTER 8 (4C)\skripsi\code\code_mhs\2341720144\unclassified\tp22.ipynb,SUCCESS,Preprocessing berhasil
2026-03-09 13:36:01,D:\PUTRI\D4\SEMESTER 8 (4C)\skripsi\code\code_mhs\2341720144\unclassified\tp23.ipynb,SUCCESS,Preprocessing berhasil
2026-03-09 13:36:01,D:\PUTRI\D4\SEMESTER 8 (4C)\skripsi\code\code_mhs\2341720144\unclassified\tp24.ipynb,FAILED,Identifier normalization gagal
2026-03-09 13:36:01,D:\PUTRI\D4\SEMESTER 8 (4C)\skripsi\code\code_mhs\2341720144\unclassified\tp25.ipynb,SUCCESS,Preprocessing berhasil
2026-03-09 13:36:01,D:\PUTRI\D4\SEMESTER 8 (4C)\skripsi\code\code_mhs\2341720144\unclassified\tp26.ipynb,SUCCESS,Preprocessing berhasil
2026-03-09 13:36:01,D:\PUTRI\D4\SEMESTER 8 (4C)\skripsi\code\code_mhs\2341720144\unclassified\tp27.ipynb,SUCCESS,Preprocessing berhasil
2026-03-09 13:36:01,D:\PUTRI\D4\SEMESTER 8 (4C)\skripsi\code\code_mhs\2341720144\unclassified\tp28.ipynb,FAILED,Tidak bisa membaca file
2026-03-09 13:36:01,D:\PUTRI\D4\SEMESTER 8 (4C)\skripsi\code\code_mhs\2341720147\m13\TUGAS_JS13.ipynb,SUCCESS,Preprocessing berhasil
2026-03-09 13:36:02,D:\PUTRI\D4\SEMESTER 8 (4C)\skripsi\code\code_mhs\2341720147\pbl\pbl.ipynb,INVALID,SyntaxError baris 13: invalid syntax
2026-03-09 13:36:02,D:\PUTRI\D4\SEMESTER 8 (4C)\skripsi\code\code_mhs\2341720147\unclassified\p01.ipynb,SUCCESS,Preprocessing berhasil
2026-03-09 13:36:02,D:\PUTRI\D4\SEMESTER 8 (4C)\skripsi\code\code_mhs\2341720147\unclassified\p02.ipynb,SUCCESS,Preprocessing berhasil
2026-03-09 13:36:02,D:\PUTRI\D4\SEMESTER 8 (4C)\skripsi\code\code_mhs\2341720147\unclassified\p03.ipynb,SUCCESS,Preprocessing berhasil
2026-03-09 13:36:02,D:\PUTRI\D4\SEMESTER 8 (4C)\skripsi\code\code_mhs\2341720147\unclassified\p04.ipynb,SUCCESS,Preprocessing berhasil
2026-03-09 13:36:02,D:\PUTRI\D4\SEMESTER 8 (4C)\skripsi\code\code_mhs\2341720147\unclassified\p05.ipynb,SUCCESS,Preprocessing berhasil
2026-03-09 13:36:02,D:\PUTRI\D4\SEMESTER 8 (4C)\skripsi\code\code_mhs\2341720147\unclassified\p06.ipynb,SUCCESS,Preprocessing berhasil
2026-03-09 13:36:02,D:\PUTRI\D4\SEMESTER 8 (4C)\skripsi\code\code_mhs\2341720147\unclassified\tp13.ipynb,INVALID,File kosong
2026-03-09 13:36:02,D:\PUTRI\D4\SEMESTER 8 (4C)\skripsi\code\code_mhs\2341720147\unclassified\tp14.ipynb,SUCCESS,Preprocessing berhasil
2026-03-09 13:36:02,D:\PUTRI\D4\SEMESTER 8 (4C)\skripsi\code\code_mhs\2341720147\unclassified\tp15.ipynb,SUCCESS,Preprocessing berhasil
2026-03-09 13:36:02,D:\PUTRI\D4\SEMESTER 8 (4C)\skripsi\code\code_mhs\2341720147\unclassified\tp16.ipynb,SUCCESS,Preprocessing berhasil
2026-03-09 13:36:02,D:\PUTRI\D4\SEMESTER 8 (4C)\skripsi\code\code_mhs\2341720147\unclassified\tp17.ipynb,SUCCESS,Preprocessing berhasil
2026-03-09 13:36:02,D:\PUTRI\D4\SEMESTER 8 (4C)\skripsi\code\code_mhs\2341720147\unclassified\tp18.ipynb,FAILED,Identifier normalization gagal
2026-03-09 13:36:02,D:\PUTRI\D4\SEMESTER 8 (4C)\skripsi\code\code_mhs\2341720147\unclassified\tp19.ipynb,SUCCESS,Preprocessing berhasil
2026-03-09 13:36:02,D:\PUTRI\D4\SEMESTER 8 (4C)\skripsi\code\code_mhs\2341720147\unclassified\tp20.ipynb,FAILED,Identifier normalization gagal
2026-03-09 13:36:02,D:\PUTRI\D4\SEMESTER 8 (4C)\skripsi\code\code_mhs\2341720147\unclassified\tp21.ipynb,SUCCESS,Preprocessing berhasil
2026-03-09 13:36:03,D:\PUTRI\D4\SEMESTER 8 (4C)\skripsi\code\code_mhs\2341720147\unclassified\tp22.ipynb,SUCCESS,Preprocessing berhasil
2026-03-09 13:36:03,D:\PUTRI\D4\SEMESTER 8 (4C)\skripsi\code\code_mhs\2341720147\unclassified\tp23.ipynb,SUCCESS,Preprocessing berhasil
2026-03-09 13:36:03,D:\PUTRI\D4\SEMESTER 8 (4C)\skripsi\code\code_mhs\2341720147\unclassified\tp24.ipynb,SUCCESS,Preprocessing berhasil
2026-03-09 13:36:03,D:\PUTRI\D4\SEMESTER 8 (4C)\skripsi\code\code_mhs\2341720153\kuis\kuis.ipynb,SUCCESS,Preprocessing berhasil
2026-03-09 13:36:03,D:\PUTRI\D4\SEMESTER 8 (4C)\skripsi\code\code_mhs\2341720153\unclassified\p01.ipynb,SUCCESS,Preprocessing berhasil
2026-03-09 13:36:03,D:\PUTRI\D4\SEMESTER 8 (4C)\skripsi\code\code_mhs\2341720153\unclassified\p02.ipynb,FAILED,Identifier normalization gagal
2026-03-09 13:36:03,D:\PUTRI\D4\SEMESTER 8 (4C)\skripsi\code\code_mhs\2341720153\unclassified\p03.ipynb,SUCCESS,Preprocessing berhasil
2026-03-09 13:36:03,D:\PUTRI\D4\SEMESTER 8 (4C)\skripsi\code\code_mhs\2341720153\unclassified\p04.ipynb,SUCCESS,Preprocessing berhasil
2026-03-09 13:36:03,D:\PUTRI\D4\SEMESTER 8 (4C)\skripsi\code\code_mhs\2341720153\unclassified\p05.ipynb,SUCCESS,Preprocessing berhasil
2026-03-09 13:36:03,D:\PUTRI\D4\SEMESTER 8 (4C)\skripsi\code\code_mhs\2341720153\unclassified\p06.ipynb,SUCCESS,Preprocessing berhasil
2026-03-09 13:36:03,D:\PUTRI\D4\SEMESTER 8 (4C)\skripsi\code\code_mhs\2341720153\unclassified\TG1_2341720153_Aqsa_Herry_Prastyo.ipynb,INVALID,File kosong
2026-03-09 13:36:03,D:\PUTRI\D4\SEMESTER 8 (4C)\skripsi\code\code_mhs\2341720153\unclassified\TG2_2341720153_AqsaHerryPrastyo.ipynb,SUCCESS,Preprocessing berhasil
2026-03-09 13:36:03,D:\PUTRI\D4\SEMESTER 8 (4C)\skripsi\code\code_mhs\2341720153\unclassified\TG3_2341720153_AqsaHerryPrastyo.ipynb,SUCCESS,Preprocessing berhasil
2026-03-09 13:36:03,D:\PUTRI\D4\SEMESTER 8 (4C)\skripsi\code\code_mhs\2341720153\unclassified\tp13.ipynb,SUCCESS,Preprocessing berhasil
2026-03-09 13:36:03,D:\PUTRI\D4\SEMESTER 8 (4C)\skripsi\code\code_mhs\2341720153\unclassified\tp14.ipynb,SUCCESS,Preprocessing berhasil
2026-03-09 13:36:03,D:\PUTRI\D4\SEMESTER 8 (4C)\skripsi\code\code_mhs\2341720153\unclassified\tp15.ipynb,INVALID,SyntaxError baris 278: unmatched ')'
2026-03-09 13:36:04,D:\PUTRI\D4\SEMESTER 8 (4C)\skripsi\code\code_mhs\2341720153\unclassified\tp16.ipynb,FAILED,Identifier normalization gagal
2026-03-09 13:36:04,D:\PUTRI\D4\SEMESTER 8 (4C)\skripsi\code\code_mhs\2341720153\unclassified\tp17.ipynb,SUCCESS,Preprocessing berhasil
2026-03-09 13:36:04,D:\PUTRI\D4\SEMESTER 8 (4C)\skripsi\code\code_mhs\2341720153\unclassified\tp18.ipynb,SUCCESS,Preprocessing berhasil
2026-03-09 13:36:04,D:\PUTRI\D4\SEMESTER 8 (4C)\skripsi\code\code_mhs\2341720153\unclassified\tp19.ipynb,SUCCESS,Preprocessing berhasil
2026-03-09 13:36:04,D:\PUTRI\D4\SEMESTER 8 (4C)\skripsi\code\code_mhs\2341720153\unclassified\tp20.ipynb,FAILED,Identifier normalization gagal
2026-03-09 13:36:04,D:\PUTRI\D4\SEMESTER 8 (4C)\skripsi\code\code_mhs\2341720153\unclassified\tp21.ipynb,SUCCESS,Preprocessing berhasil
2026-03-09 13:36:04,D:\PUTRI\D4\SEMESTER 8 (4C)\skripsi\code\code_mhs\2341720153\unclassified\tp22.ipynb,SUCCESS,Preprocessing berhasil
2026-03-09 13:36:04,D:\PUTRI\D4\SEMESTER 8 (4C)\skripsi\code\code_mhs\2341720153\unclassified\tp23.ipynb,SUCCESS,Preprocessing berhasil
2026-03-09 13:36:04,D:\PUTRI\D4\SEMESTER 8 (4C)\skripsi\code\code_mhs\2341720153\unclassified\tp24.ipynb,SUCCESS,Preprocessing berhasil
2026-03-09 13:36:06,D:\PUTRI\D4\SEMESTER 8 (4C)\skripsi\code\code_mhs\2341720157\pbl\pbl.ipynb,FAILED,Identifier normalization gagal
2026-03-09 13:36:06,D:\PUTRI\D4\SEMESTER 8 (4C)\skripsi\code\code_mhs\2341720157\unclassified\DEMO-PRAK-1.ipynb,INVALID,File kosong
2026-03-09 13:36:06,D:\PUTRI\D4\SEMESTER 8 (4C)\skripsi\code\code_mhs\2341720157\unclassified\p01.ipynb,SUCCESS,Preprocessing berhasil
2026-03-09 13:36:06,D:\PUTRI\D4\SEMESTER 8 (4C)\skripsi\code\code_mhs\2341720157\unclassified\p02.ipynb,INVALID,File kosong
2026-03-09 13:36:06,D:\PUTRI\D4\SEMESTER 8 (4C)\skripsi\code\code_mhs\2341720157\unclassified\p03.ipynb,SUCCESS,Preprocessing berhasil
2026-03-09 13:36:06,D:\PUTRI\D4\SEMESTER 8 (4C)\skripsi\code\code_mhs\2341720157\unclassified\p04.ipynb,SUCCESS,Preprocessing berhasil
2026-03-09 13:36:06,D:\PUTRI\D4\SEMESTER 8 (4C)\skripsi\code\code_mhs\2341720157\unclassified\p05.ipynb,SUCCESS,Preprocessing berhasil
2026-03-09 13:36:06,D:\PUTRI\D4\SEMESTER 8 (4C)\skripsi\code\code_mhs\2341720157\unclassified\p06.ipynb,SUCCESS,Preprocessing berhasil
2026-03-09 13:36:06,D:\PUTRI\D4\SEMESTER 8 (4C)\skripsi\code\code_mhs\2341720157\unclassified\TG1_Hidayat Widi Saputra_2341720157.ipynb,FAILED,Cleaning gagal
2026-03-09 13:36:06,D:\PUTRI\D4\SEMESTER 8 (4C)\skripsi\code\code_mhs\2341720157\unclassified\tp14.ipynb,SUCCESS,Preprocessing berhasil
2026-03-09 13:36:06,D:\PUTRI\D4\SEMESTER 8 (4C)\skripsi\code\code_mhs\2341720157\unclassified\tp15.ipynb,SUCCESS,Preprocessing berhasil
2026-03-09 13:36:07,D:\PUTRI\D4\SEMESTER 8 (4C)\skripsi\code\code_mhs\2341720157\unclassified\tp16.ipynb,SUCCESS,Preprocessing berhasil
2026-03-09 13:36:07,D:\PUTRI\D4\SEMESTER 8 (4C)\skripsi\code\code_mhs\2341720157\unclassified\tp17.ipynb,SUCCESS,Preprocessing berhasil
2026-03-09 13:36:07,D:\PUTRI\D4\SEMESTER 8 (4C)\skripsi\code\code_mhs\2341720157\unclassified\tp18.ipynb,SUCCESS,Preprocessing berhasil
2026-03-09 13:36:07,D:\PUTRI\D4\SEMESTER 8 (4C)\skripsi\code\code_mhs\2341720157\unclassified\tp19.ipynb,SUCCESS,Preprocessing berhasil
2026-03-09 13:36:07,D:\PUTRI\D4\SEMESTER 8 (4C)\skripsi\code\code_mhs\2341720157\unclassified\tp20.ipynb,SUCCESS,Preprocessing berhasil
2026-03-09 13:36:07,D:\PUTRI\D4\SEMESTER 8 (4C)\skripsi\code\code_mhs\2341720157\unclassified\tp21.ipynb,SUCCESS,Preprocessing berhasil
2026-03-09 13:36:07,D:\PUTRI\D4\SEMESTER 8 (4C)\skripsi\code\code_mhs\2341720157\unclassified\tp22.ipynb,SUCCESS,Preprocessing berhasil
2026-03-09 13:36:07,D:\PUTRI\D4\SEMESTER 8 (4C)\skripsi\code\code_mhs\2341720157\unclassified\tp23.ipynb,FAILED,Identifier normalization gagal
2026-03-09 13:36:07,D:\PUTRI\D4\SEMESTER 8 (4C)\skripsi\code\code_mhs\2341720157\unclassified\tp24.ipynb,SUCCESS,Preprocessing berhasil
2026-03-09 13:36:07,D:\PUTRI\D4\SEMESTER 8 (4C)\skripsi\code\code_mhs\2341720157\unclassified\tp25.ipynb,SUCCESS,Preprocessing berhasil
2026-03-09 13:36:07,D:\PUTRI\D4\SEMESTER 8 (4C)\skripsi\code\code_mhs\2341720157\unclassified\tp26.ipynb,INVALID,File kosong
2026-03-09 13:36:08,D:\PUTRI\D4\SEMESTER 8 (4C)\skripsi\code\code_mhs\2341720157\unclassified\Tugas_Jurnal_Hidayat_Widi_Saputra.ipynb,SUCCESS,Preprocessing berhasil
2026-03-09 13:36:08,D:\PUTRI\D4\SEMESTER 8 (4C)\skripsi\code\code_mhs\2341720158\unclassified\p01.ipynb,SUCCESS,Preprocessing berhasil
2026-03-09 13:36:08,D:\PUTRI\D4\SEMESTER 8 (4C)\skripsi\code\code_mhs\2341720158\unclassified\p02.ipynb,SUCCESS,Preprocessing berhasil
2026-03-09 13:36:08,D:\PUTRI\D4\SEMESTER 8 (4C)\skripsi\code\code_mhs\2341720158\unclassified\p03.ipynb,SUCCESS,Preprocessing berhasil
2026-03-09 13:36:08,D:\PUTRI\D4\SEMESTER 8 (4C)\skripsi\code\code_mhs\2341720158\unclassified\p04.ipynb,SUCCESS,Preprocessing berhasil
2026-03-09 13:36:08,D:\PUTRI\D4\SEMESTER 8 (4C)\skripsi\code\code_mhs\2341720158\unclassified\p05.ipynb,SUCCESS,Preprocessing berhasil
2026-03-09 13:36:08,D:\PUTRI\D4\SEMESTER 8 (4C)\skripsi\code\code_mhs\2341720158\unclassified\p06.ipynb,SUCCESS,Preprocessing berhasil
2026-03-09 13:36:08,D:\PUTRI\D4\SEMESTER 8 (4C)\skripsi\code\code_mhs\2341720158\unclassified\tp13.ipynb,SUCCESS,Preprocessing berhasil
2026-03-09 13:36:08,D:\PUTRI\D4\SEMESTER 8 (4C)\skripsi\code\code_mhs\2341720158\unclassified\tp14.ipynb,SUCCESS,Preprocessing berhasil
2026-03-09 13:36:09,D:\PUTRI\D4\SEMESTER 8 (4C)\skripsi\code\code_mhs\2341720158\unclassified\tp15.ipynb,SUCCESS,Preprocessing berhasil
2026-03-09 13:36:09,D:\PUTRI\D4\SEMESTER 8 (4C)\skripsi\code\code_mhs\2341720158\unclassified\tp16.ipynb,SUCCESS,Preprocessing berhasil
2026-03-09 13:36:09,D:\PUTRI\D4\SEMESTER 8 (4C)\skripsi\code\code_mhs\2341720158\unclassified\tp17.ipynb,SUCCESS,Preprocessing berhasil
2026-03-09 13:36:09,D:\PUTRI\D4\SEMESTER 8 (4C)\skripsi\code\code_mhs\2341720158\unclassified\tp18.ipynb,SUCCESS,Preprocessing berhasil
2026-03-09 13:36:09,D:\PUTRI\D4\SEMESTER 8 (4C)\skripsi\code\code_mhs\2341720158\unclassified\tp19.ipynb,SUCCESS,Preprocessing berhasil
2026-03-09 13:36:09,D:\PUTRI\D4\SEMESTER 8 (4C)\skripsi\code\code_mhs\2341720158\unclassified\tp20.ipynb,SUCCESS,Preprocessing berhasil
2026-03-09 13:36:09,D:\PUTRI\D4\SEMESTER 8 (4C)\skripsi\code\code_mhs\2341720158\unclassified\tp21.ipynb,FAILED,Identifier normalization gagal
2026-03-09 13:36:09,D:\PUTRI\D4\SEMESTER 8 (4C)\skripsi\code\code_mhs\2341720158\unclassified\tp22.ipynb,SUCCESS,Preprocessing berhasil
2026-03-09 13:36:09,D:\PUTRI\D4\SEMESTER 8 (4C)\skripsi\code\code_mhs\2341720158\unclassified\tp23.ipynb,SUCCESS,Preprocessing berhasil
2026-03-09 13:36:09,D:\PUTRI\D4\SEMESTER 8 (4C)\skripsi\code\code_mhs\2341720158\unclassified\tp24.ipynb,SUCCESS,Preprocessing berhasil
2026-03-09 13:36:09,D:\PUTRI\D4\SEMESTER 8 (4C)\skripsi\code\code_mhs\2341720160\unclassified\app.py,SUCCESS,Preprocessing berhasil
2026-03-09 13:36:09,D:\PUTRI\D4\SEMESTER 8 (4C)\skripsi\code\code_mhs\2341720160\unclassified\DEMO-PRAK-1.ipynb,INVALID,File kosong
2026-03-09 13:36:09,D:\PUTRI\D4\SEMESTER 8 (4C)\skripsi\code\code_mhs\2341720160\unclassified\p01.ipynb,SUCCESS,Preprocessing berhasil
2026-03-09 13:36:10,D:\PUTRI\D4\SEMESTER 8 (4C)\skripsi\code\code_mhs\2341720160\unclassified\p02.ipynb,SUCCESS,Preprocessing berhasil
2026-03-09 13:36:10,D:\PUTRI\D4\SEMESTER 8 (4C)\skripsi\code\code_mhs\2341720160\unclassified\p03.ipynb,SUCCESS,Preprocessing berhasil
2026-03-09 13:36:10,D:\PUTRI\D4\SEMESTER 8 (4C)\skripsi\code\code_mhs\2341720160\unclassified\p04.ipynb,SUCCESS,Preprocessing berhasil
2026-03-09 13:36:10,D:\PUTRI\D4\SEMESTER 8 (4C)\skripsi\code\code_mhs\2341720160\unclassified\p05.ipynb,SUCCESS,Preprocessing berhasil
2026-03-09 13:36:10,D:\PUTRI\D4\SEMESTER 8 (4C)\skripsi\code\code_mhs\2341720160\unclassified\p06.ipynb,SUCCESS,Preprocessing berhasil
2026-03-09 13:36:10,D:\PUTRI\D4\SEMESTER 8 (4C)\skripsi\code\code_mhs\2341720160\unclassified\tp14.ipynb,INVALID,File kosong
2026-03-09 13:36:10,D:\PUTRI\D4\SEMESTER 8 (4C)\skripsi\code\code_mhs\2341720160\unclassified\tp15.ipynb,SUCCESS,Preprocessing berhasil
2026-03-09 13:36:10,D:\PUTRI\D4\SEMESTER 8 (4C)\skripsi\code\code_mhs\2341720160\unclassified\tp16.ipynb,SUCCESS,Preprocessing berhasil
2026-03-09 13:36:10,D:\PUTRI\D4\SEMESTER 8 (4C)\skripsi\code\code_mhs\2341720160\unclassified\tp17.ipynb,SUCCESS,Preprocessing berhasil
2026-03-09 13:36:10,D:\PUTRI\D4\SEMESTER 8 (4C)\skripsi\code\code_mhs\2341720160\unclassified\tp18.ipynb,SUCCESS,Preprocessing berhasil
2026-03-09 13:36:10,D:\PUTRI\D4\SEMESTER 8 (4C)\skripsi\code\code_mhs\2341720160\unclassified\tp19.ipynb,SUCCESS,Preprocessing berhasil
2026-03-09 13:36:10,D:\PUTRI\D4\SEMESTER 8 (4C)\skripsi\code\code_mhs\2341720160\unclassified\tp20.ipynb,SUCCESS,Preprocessing berhasil
2026-03-09 13:36:11,D:\PUTRI\D4\SEMESTER 8 (4C)\skripsi\code\code_mhs\2341720160\unclassified\tp21.ipynb,SUCCESS,Preprocessing berhasil
2026-03-09 13:36:11,D:\PUTRI\D4\SEMESTER 8 (4C)\skripsi\code\code_mhs\2341720160\unclassified\tp22.ipynb,SUCCESS,Preprocessing berhasil
2026-03-09 13:36:11,D:\PUTRI\D4\SEMESTER 8 (4C)\skripsi\code\code_mhs\2341720160\unclassified\tp23.ipynb,SUCCESS,Preprocessing berhasil
2026-03-09 13:36:11,D:\PUTRI\D4\SEMESTER 8 (4C)\skripsi\code\code_mhs\2341720160\unclassified\tp24.ipynb,SUCCESS,Preprocessing berhasil
2026-03-09 13:36:11,D:\PUTRI\D4\SEMESTER 8 (4C)\skripsi\code\code_mhs\2341720160\unclassified\tp25.ipynb,SUCCESS,Preprocessing berhasil
2026-03-09 13:36:11,D:\PUTRI\D4\SEMESTER 8 (4C)\skripsi\code\code_mhs\2341720160\unclassified\tp26.ipynb,SUCCESS,Preprocessing berhasil
2026-03-09 13:36:11,D:\PUTRI\D4\SEMESTER 8 (4C)\skripsi\code\code_mhs\2341720160\unclassified\Tugas_DBSCAN_Maulana Rengga Ramadan.ipynb,SUCCESS,Preprocessing berhasil
2026-03-09 13:36:12,D:\PUTRI\D4\SEMESTER 8 (4C)\skripsi\code\code_mhs\2341720160\unclassified\Tugas_Pendahuluan.ipynb,SUCCESS,Preprocessing berhasil
2026-03-09 13:36:12,D:\PUTRI\D4\SEMESTER 8 (4C)\skripsi\code\code_mhs\2341720160\unclassified\Untitled0.ipynb,SUCCESS,Preprocessing berhasil
2026-03-09 13:36:12,D:\PUTRI\D4\SEMESTER 8 (4C)\skripsi\code\code_mhs\2341720162\m06\JS6_ML_11_Diana_Rahmawati.ipynb,SUCCESS,Preprocessing berhasil
2026-03-09 13:36:12,D:\PUTRI\D4\SEMESTER 8 (4C)\skripsi\code\code_mhs\2341720162\unclassified\p01.ipynb,SUCCESS,Preprocessing berhasil
2026-03-09 13:36:12,D:\PUTRI\D4\SEMESTER 8 (4C)\skripsi\code\code_mhs\2341720162\unclassified\p02.ipynb,INVALID,File kosong
2026-03-09 13:36:12,D:\PUTRI\D4\SEMESTER 8 (4C)\skripsi\code\code_mhs\2341720162\unclassified\p03.ipynb,SUCCESS,Preprocessing berhasil
2026-03-09 13:36:12,D:\PUTRI\D4\SEMESTER 8 (4C)\skripsi\code\code_mhs\2341720162\unclassified\p04.ipynb,SUCCESS,Preprocessing berhasil
2026-03-09 13:36:12,D:\PUTRI\D4\SEMESTER 8 (4C)\skripsi\code\code_mhs\2341720162\unclassified\p05.ipynb,SUCCESS,Preprocessing berhasil
2026-03-09 13:36:12,D:\PUTRI\D4\SEMESTER 8 (4C)\skripsi\code\code_mhs\2341720162\unclassified\p06.ipynb,SUCCESS,Preprocessing berhasil
2026-03-09 13:36:12,D:\PUTRI\D4\SEMESTER 8 (4C)\skripsi\code\code_mhs\2341720162\unclassified\TG1_2341720162_Diana_Rahmawati.ipynb,SUCCESS,Preprocessing berhasil
2026-03-09 13:36:12,D:\PUTRI\D4\SEMESTER 8 (4C)\skripsi\code\code_mhs\2341720162\unclassified\tp14.ipynb,SUCCESS,Preprocessing berhasil
2026-03-09 13:36:13,D:\PUTRI\D4\SEMESTER 8 (4C)\skripsi\code\code_mhs\2341720162\unclassified\tp15.ipynb,SUCCESS,Preprocessing berhasil
2026-03-09 13:36:13,D:\PUTRI\D4\SEMESTER 8 (4C)\skripsi\code\code_mhs\2341720162\unclassified\tp16.ipynb,SUCCESS,Preprocessing berhasil
2026-03-09 13:36:13,D:\PUTRI\D4\SEMESTER 8 (4C)\skripsi\code\code_mhs\2341720162\unclassified\tp17.ipynb,SUCCESS,Preprocessing berhasil
2026-03-09 13:36:13,D:\PUTRI\D4\SEMESTER 8 (4C)\skripsi\code\code_mhs\2341720162\unclassified\tp18.ipynb,SUCCESS,Preprocessing berhasil
2026-03-09 13:36:13,D:\PUTRI\D4\SEMESTER 8 (4C)\skripsi\code\code_mhs\2341720162\unclassified\tp19.ipynb,SUCCESS,Preprocessing berhasil
2026-03-09 13:36:13,D:\PUTRI\D4\SEMESTER 8 (4C)\skripsi\code\code_mhs\2341720162\unclassified\tp20.ipynb,SUCCESS,Preprocessing berhasil
2026-03-09 13:36:13,D:\PUTRI\D4\SEMESTER 8 (4C)\skripsi\code\code_mhs\2341720162\unclassified\tp21.ipynb,SUCCESS,Preprocessing berhasil
2026-03-09 13:36:14,D:\PUTRI\D4\SEMESTER 8 (4C)\skripsi\code\code_mhs\2341720162\unclassified\tp22.ipynb,SUCCESS,Preprocessing berhasil
2026-03-09 13:36:14,D:\PUTRI\D4\SEMESTER 8 (4C)\skripsi\code\code_mhs\2341720162\unclassified\tp23.ipynb,SUCCESS,Preprocessing berhasil
2026-03-09 13:36:14,D:\PUTRI\D4\SEMESTER 8 (4C)\skripsi\code\code_mhs\2341720162\unclassified\tp24.ipynb,SUCCESS,Preprocessing berhasil
2026-03-09 13:36:14,D:\PUTRI\D4\SEMESTER 8 (4C)\skripsi\code\code_mhs\2341720162\unclassified\tp25.ipynb,INVALID,SyntaxError baris 1: invalid syntax
2026-03-09 13:36:14,D:\PUTRI\D4\SEMESTER 8 (4C)\skripsi\code\code_mhs\2341720162\unclassified\tp26.ipynb,INVALID,File kosong
2026-03-09 13:36:14,D:\PUTRI\D4\SEMESTER 8 (4C)\skripsi\code\code_mhs\2341720163\kuis\kuis.ipynb,SUCCESS,Preprocessing berhasil
2026-03-09 13:36:15,D:\PUTRI\D4\SEMESTER 8 (4C)\skripsi\code\code_mhs\2341720163\m02\JS2_2341720163_Satrio_Ahmad_Ramadhani.ipynb,SUCCESS,Preprocessing berhasil
2026-03-09 13:36:15,D:\PUTRI\D4\SEMESTER 8 (4C)\skripsi\code\code_mhs\2341720163\m03\JS3_2341720163_Satrio_Ahmad_Ramadhani.ipynb,SUCCESS,Preprocessing berhasil
2026-03-09 13:36:15,D:\PUTRI\D4\SEMESTER 8 (4C)\skripsi\code\code_mhs\2341720163\unclassified\TG1_2341720163_Satrio_Ahmad_Ramadhani.ipynb,INVALID,File kosong
2026-03-09 13:36:15,D:\PUTRI\D4\SEMESTER 8 (4C)\skripsi\code\code_mhs\2341720164\unclassified\p01.ipynb,SUCCESS,Preprocessing berhasil
2026-03-09 13:36:15,D:\PUTRI\D4\SEMESTER 8 (4C)\skripsi\code\code_mhs\2341720164\unclassified\p02.ipynb,SUCCESS,Preprocessing berhasil
2026-03-09 13:36:16,D:\PUTRI\D4\SEMESTER 8 (4C)\skripsi\code\code_mhs\2341720164\unclassified\p03.ipynb,SUCCESS,Preprocessing berhasil
2026-03-09 13:36:16,D:\PUTRI\D4\SEMESTER 8 (4C)\skripsi\code\code_mhs\2341720164\unclassified\p04.ipynb,SUCCESS,Preprocessing berhasil
2026-03-09 13:36:16,D:\PUTRI\D4\SEMESTER 8 (4C)\skripsi\code\code_mhs\2341720164\unclassified\p05.ipynb,SUCCESS,Preprocessing berhasil
2026-03-09 13:36:16,D:\PUTRI\D4\SEMESTER 8 (4C)\skripsi\code\code_mhs\2341720164\unclassified\p06.ipynb,SUCCESS,Preprocessing berhasil
2026-03-09 13:36:16,D:\PUTRI\D4\SEMESTER 8 (4C)\skripsi\code\code_mhs\2341720164\unclassified\tp14.ipynb,INVALID,File kosong
2026-03-09 13:36:16,D:\PUTRI\D4\SEMESTER 8 (4C)\skripsi\code\code_mhs\2341720164\unclassified\tp15.ipynb,SUCCESS,Preprocessing berhasil
2026-03-09 13:36:16,D:\PUTRI\D4\SEMESTER 8 (4C)\skripsi\code\code_mhs\2341720164\unclassified\tp16.ipynb,SUCCESS,Preprocessing berhasil
2026-03-09 13:36:16,D:\PUTRI\D4\SEMESTER 8 (4C)\skripsi\code\code_mhs\2341720164\unclassified\tp17.ipynb,SUCCESS,Preprocessing berhasil
2026-03-09 13:36:16,D:\PUTRI\D4\SEMESTER 8 (4C)\skripsi\code\code_mhs\2341720164\unclassified\tp18.ipynb,SUCCESS,Preprocessing berhasil
2026-03-09 13:36:16,D:\PUTRI\D4\SEMESTER 8 (4C)\skripsi\code\code_mhs\2341720164\unclassified\tp19.ipynb,SUCCESS,Preprocessing berhasil
2026-03-09 13:36:16,D:\PUTRI\D4\SEMESTER 8 (4C)\skripsi\code\code_mhs\2341720164\unclassified\tp20.ipynb,SUCCESS,Preprocessing berhasil
2026-03-09 13:36:16,D:\PUTRI\D4\SEMESTER 8 (4C)\skripsi\code\code_mhs\2341720164\unclassified\tp21.ipynb,FAILED,Identifier normalization gagal
2026-03-09 13:36:16,D:\PUTRI\D4\SEMESTER 8 (4C)\skripsi\code\code_mhs\2341720164\unclassified\tp22.ipynb,SUCCESS,Preprocessing berhasil
2026-03-09 13:36:16,D:\PUTRI\D4\SEMESTER 8 (4C)\skripsi\code\code_mhs\2341720164\unclassified\tp23.ipynb,SUCCESS,Preprocessing berhasil
2026-03-09 13:36:16,D:\PUTRI\D4\SEMESTER 8 (4C)\skripsi\code\code_mhs\2341720164\unclassified\tp24.ipynb,SUCCESS,Preprocessing berhasil
2026-03-09 13:36:16,D:\PUTRI\D4\SEMESTER 8 (4C)\skripsi\code\code_mhs\2341720164\unclassified\tp25.ipynb,SUCCESS,Preprocessing berhasil
2026-03-09 13:36:17,D:\PUTRI\D4\SEMESTER 8 (4C)\skripsi\code\code_mhs\2341720164\unclassified\tp26.ipynb,SUCCESS,Preprocessing berhasil
2026-03-09 13:36:17,D:\PUTRI\D4\SEMESTER 8 (4C)\skripsi\code\code_mhs\2341720168\pbl\pbl.ipynb,SUCCESS,Preprocessing berhasil
2026-03-09 13:36:17,D:\PUTRI\D4\SEMESTER 8 (4C)\skripsi\code\code_mhs\2341720168\unclassified\app.py,SUCCESS,Preprocessing berhasil
2026-03-09 13:36:17,D:\PUTRI\D4\SEMESTER 8 (4C)\skripsi\code\code_mhs\2341720168\unclassified\p01.ipynb,SUCCESS,Preprocessing berhasil
2026-03-09 13:36:17,D:\PUTRI\D4\SEMESTER 8 (4C)\skripsi\code\code_mhs\2341720168\unclassified\p02.ipynb,SUCCESS,Preprocessing berhasil
2026-03-09 13:36:17,D:\PUTRI\D4\SEMESTER 8 (4C)\skripsi\code\code_mhs\2341720168\unclassified\p03.ipynb,SUCCESS,Preprocessing berhasil
2026-03-09 13:36:17,D:\PUTRI\D4\SEMESTER 8 (4C)\skripsi\code\code_mhs\2341720168\unclassified\p04.ipynb,SUCCESS,Preprocessing berhasil
2026-03-09 13:36:17,D:\PUTRI\D4\SEMESTER 8 (4C)\skripsi\code\code_mhs\2341720168\unclassified\p05.ipynb,SUCCESS,Preprocessing berhasil
2026-03-09 13:36:17,D:\PUTRI\D4\SEMESTER 8 (4C)\skripsi\code\code_mhs\2341720168\unclassified\p06.ipynb,SUCCESS,Preprocessing berhasil
2026-03-09 13:36:17,D:\PUTRI\D4\SEMESTER 8 (4C)\skripsi\code\code_mhs\2341720168\unclassified\tp13.ipynb,SUCCESS,Preprocessing berhasil
2026-03-09 13:36:17,D:\PUTRI\D4\SEMESTER 8 (4C)\skripsi\code\code_mhs\2341720168\unclassified\tp14.ipynb,SUCCESS,Preprocessing berhasil
2026-03-09 13:36:18,D:\PUTRI\D4\SEMESTER 8 (4C)\skripsi\code\code_mhs\2341720168\unclassified\tp15.ipynb,SUCCESS,Preprocessing berhasil
2026-03-09 13:36:18,D:\PUTRI\D4\SEMESTER 8 (4C)\skripsi\code\code_mhs\2341720168\unclassified\tp16.ipynb,SUCCESS,Preprocessing berhasil
2026-03-09 13:36:18,D:\PUTRI\D4\SEMESTER 8 (4C)\skripsi\code\code_mhs\2341720168\unclassified\tp17.ipynb,SUCCESS,Preprocessing berhasil
2026-03-09 13:36:18,D:\PUTRI\D4\SEMESTER 8 (4C)\skripsi\code\code_mhs\2341720168\unclassified\tp18.ipynb,SUCCESS,Preprocessing berhasil
2026-03-09 13:36:18,D:\PUTRI\D4\SEMESTER 8 (4C)\skripsi\code\code_mhs\2341720168\unclassified\tp19.ipynb,SUCCESS,Preprocessing berhasil
2026-03-09 13:36:18,D:\PUTRI\D4\SEMESTER 8 (4C)\skripsi\code\code_mhs\2341720168\unclassified\tp20.ipynb,SUCCESS,Preprocessing berhasil
2026-03-09 13:36:18,D:\PUTRI\D4\SEMESTER 8 (4C)\skripsi\code\code_mhs\2341720168\unclassified\tp21.ipynb,SUCCESS,Preprocessing berhasil
2026-03-09 13:36:18,D:\PUTRI\D4\SEMESTER 8 (4C)\skripsi\code\code_mhs\2341720168\unclassified\tp22.ipynb,SUCCESS,Preprocessing berhasil
2026-03-09 13:36:18,D:\PUTRI\D4\SEMESTER 8 (4C)\skripsi\code\code_mhs\2341720168\unclassified\tp23.ipynb,SUCCESS,Preprocessing berhasil
2026-03-09 13:36:18,D:\PUTRI\D4\SEMESTER 8 (4C)\skripsi\code\code_mhs\2341720168\unclassified\tp24.ipynb,SUCCESS,Preprocessing berhasil
2026-03-09 13:36:19,D:\PUTRI\D4\SEMESTER 8 (4C)\skripsi\code\code_mhs\2341720174\pbl\pbl.ipynb,SUCCESS,Preprocessing berhasil
2026-03-09 13:36:19,D:\PUTRI\D4\SEMESTER 8 (4C)\skripsi\code\code_mhs\2341720174\unclassified\app.py,FAILED,Identifier normalization gagal
2026-03-09 13:36:19,D:\PUTRI\D4\SEMESTER 8 (4C)\skripsi\code\code_mhs\2341720174\unclassified\p01.ipynb,SUCCESS,Preprocessing berhasil
2026-03-09 13:36:19,D:\PUTRI\D4\SEMESTER 8 (4C)\skripsi\code\code_mhs\2341720174\unclassified\p02.ipynb,SUCCESS,Preprocessing berhasil
2026-03-09 13:36:19,D:\PUTRI\D4\SEMESTER 8 (4C)\skripsi\code\code_mhs\2341720174\unclassified\p03.ipynb,SUCCESS,Preprocessing berhasil
2026-03-09 13:36:19,D:\PUTRI\D4\SEMESTER 8 (4C)\skripsi\code\code_mhs\2341720174\unclassified\p04.ipynb,SUCCESS,Preprocessing berhasil
2026-03-09 13:36:19,D:\PUTRI\D4\SEMESTER 8 (4C)\skripsi\code\code_mhs\2341720174\unclassified\p05.ipynb,SUCCESS,Preprocessing berhasil
2026-03-09 13:36:19,D:\PUTRI\D4\SEMESTER 8 (4C)\skripsi\code\code_mhs\2341720174\unclassified\p06.ipynb,SUCCESS,Preprocessing berhasil
2026-03-09 13:36:19,D:\PUTRI\D4\SEMESTER 8 (4C)\skripsi\code\code_mhs\2341720174\unclassified\tp15.ipynb,FAILED,Cleaning gagal
2026-03-09 13:36:19,D:\PUTRI\D4\SEMESTER 8 (4C)\skripsi\code\code_mhs\2341720174\unclassified\tp16.ipynb,SUCCESS,Preprocessing berhasil
2026-03-09 13:36:19,D:\PUTRI\D4\SEMESTER 8 (4C)\skripsi\code\code_mhs\2341720174\unclassified\tp17.ipynb,SUCCESS,Preprocessing berhasil
2026-03-09 13:36:19,D:\PUTRI\D4\SEMESTER 8 (4C)\skripsi\code\code_mhs\2341720174\unclassified\tp18.ipynb,SUCCESS,Preprocessing berhasil
2026-03-09 13:36:19,D:\PUTRI\D4\SEMESTER 8 (4C)\skripsi\code\code_mhs\2341720174\unclassified\tp19.ipynb,SUCCESS,Preprocessing berhasil
2026-03-09 13:36:19,D:\PUTRI\D4\SEMESTER 8 (4C)\skripsi\code\code_mhs\2341720174\unclassified\tp20.ipynb,SUCCESS,Preprocessing berhasil
2026-03-09 13:36:19,D:\PUTRI\D4\SEMESTER 8 (4C)\skripsi\code\code_mhs\2341720174\unclassified\tp21.ipynb,SUCCESS,Preprocessing berhasil
2026-03-09 13:36:19,D:\PUTRI\D4\SEMESTER 8 (4C)\skripsi\code\code_mhs\2341720174\unclassified\tp22.ipynb,SUCCESS,Preprocessing berhasil
2026-03-09 13:36:20,D:\PUTRI\D4\SEMESTER 8 (4C)\skripsi\code\code_mhs\2341720174\unclassified\tp23.ipynb,SUCCESS,Preprocessing berhasil
2026-03-09 13:36:20,D:\PUTRI\D4\SEMESTER 8 (4C)\skripsi\code\code_mhs\2341720174\unclassified\tp24.ipynb,SUCCESS,Preprocessing berhasil
2026-03-09 13:36:20,D:\PUTRI\D4\SEMESTER 8 (4C)\skripsi\code\code_mhs\2341720174\unclassified\tp25.ipynb,SUCCESS,Preprocessing berhasil
2026-03-09 13:36:20,D:\PUTRI\D4\SEMESTER 8 (4C)\skripsi\code\code_mhs\2341720174\unclassified\tp26.ipynb,SUCCESS,Preprocessing berhasil
2026-03-09 13:36:20,D:\PUTRI\D4\SEMESTER 8 (4C)\skripsi\code\code_mhs\2341720174\unclassified\tp27.ipynb,SUCCESS,Preprocessing berhasil
2026-03-09 13:36:20,D:\PUTRI\D4\SEMESTER 8 (4C)\skripsi\code\code_mhs\2341720174\unclassified\tp28.ipynb,SUCCESS,Preprocessing berhasil
2026-03-09 13:36:20,D:\PUTRI\D4\SEMESTER 8 (4C)\skripsi\code\code_mhs\2341720176\kuis\kuis.ipynb,SUCCESS,Preprocessing berhasil
2026-03-09 13:36:20,D:\PUTRI\D4\SEMESTER 8 (4C)\skripsi\code\code_mhs\2341720176\unclassified\p01.ipynb,SUCCESS,Preprocessing berhasil
2026-03-09 13:36:20,D:\PUTRI\D4\SEMESTER 8 (4C)\skripsi\code\code_mhs\2341720176\unclassified\p02.ipynb,SUCCESS,Preprocessing berhasil
2026-03-09 13:36:20,D:\PUTRI\D4\SEMESTER 8 (4C)\skripsi\code\code_mhs\2341720176\unclassified\p03.ipynb,SUCCESS,Preprocessing berhasil
2026-03-09 13:36:20,D:\PUTRI\D4\SEMESTER 8 (4C)\skripsi\code\code_mhs\2341720176\unclassified\p04.ipynb,SUCCESS,Preprocessing berhasil
2026-03-09 13:36:20,D:\PUTRI\D4\SEMESTER 8 (4C)\skripsi\code\code_mhs\2341720176\unclassified\p05.ipynb,SUCCESS,Preprocessing berhasil
2026-03-09 13:36:20,D:\PUTRI\D4\SEMESTER 8 (4C)\skripsi\code\code_mhs\2341720176\unclassified\p06.ipynb,SUCCESS,Preprocessing berhasil
2026-03-09 13:36:20,D:\PUTRI\D4\SEMESTER 8 (4C)\skripsi\code\code_mhs\2341720176\unclassified\tp14.ipynb,SUCCESS,Preprocessing berhasil
2026-03-09 13:36:20,D:\PUTRI\D4\SEMESTER 8 (4C)\skripsi\code\code_mhs\2341720176\unclassified\tp15.ipynb,SUCCESS,Preprocessing berhasil
2026-03-09 13:36:21,D:\PUTRI\D4\SEMESTER 8 (4C)\skripsi\code\code_mhs\2341720176\unclassified\tp16.ipynb,SUCCESS,Preprocessing berhasil
2026-03-09 13:36:21,D:\PUTRI\D4\SEMESTER 8 (4C)\skripsi\code\code_mhs\2341720176\unclassified\tp17.ipynb,SUCCESS,Preprocessing berhasil
2026-03-09 13:36:21,D:\PUTRI\D4\SEMESTER 8 (4C)\skripsi\code\code_mhs\2341720176\unclassified\tp18.ipynb,SUCCESS,Preprocessing berhasil
2026-03-09 13:36:21,D:\PUTRI\D4\SEMESTER 8 (4C)\skripsi\code\code_mhs\2341720176\unclassified\tp19.ipynb,SUCCESS,Preprocessing berhasil
2026-03-09 13:36:21,D:\PUTRI\D4\SEMESTER 8 (4C)\skripsi\code\code_mhs\2341720176\unclassified\tp20.ipynb,SUCCESS,Preprocessing berhasil
2026-03-09 13:36:21,D:\PUTRI\D4\SEMESTER 8 (4C)\skripsi\code\code_mhs\2341720176\unclassified\tp21.ipynb,SUCCESS,Preprocessing berhasil
2026-03-09 13:36:21,D:\PUTRI\D4\SEMESTER 8 (4C)\skripsi\code\code_mhs\2341720176\unclassified\tp22.ipynb,SUCCESS,Preprocessing berhasil
2026-03-09 13:36:21,D:\PUTRI\D4\SEMESTER 8 (4C)\skripsi\code\code_mhs\2341720176\unclassified\tp23.ipynb,SUCCESS,Preprocessing berhasil
2026-03-09 13:36:21,D:\PUTRI\D4\SEMESTER 8 (4C)\skripsi\code\code_mhs\2341720176\unclassified\tp24.ipynb,SUCCESS,Preprocessing berhasil
2026-03-09 13:36:21,D:\PUTRI\D4\SEMESTER 8 (4C)\skripsi\code\code_mhs\2341720176\unclassified\tp25.ipynb,SUCCESS,Preprocessing berhasil
2026-03-09 13:36:21,D:\PUTRI\D4\SEMESTER 8 (4C)\skripsi\code\code_mhs\2341720176\unclassified\tp26.ipynb,SUCCESS,Preprocessing berhasil
2026-03-09 13:36:22,D:\PUTRI\D4\SEMESTER 8 (4C)\skripsi\code\code_mhs\2341720187\unclassified\app.py,SUCCESS,Preprocessing berhasil
2026-03-09 13:36:22,D:\PUTRI\D4\SEMESTER 8 (4C)\skripsi\code\code_mhs\2341720187\unclassified\p01.ipynb,SUCCESS,Preprocessing berhasil
2026-03-09 13:36:22,D:\PUTRI\D4\SEMESTER 8 (4C)\skripsi\code\code_mhs\2341720187\unclassified\p02.ipynb,SUCCESS,Preprocessing berhasil
2026-03-09 13:36:22,D:\PUTRI\D4\SEMESTER 8 (4C)\skripsi\code\code_mhs\2341720187\unclassified\p03.ipynb,SUCCESS,Preprocessing berhasil
2026-03-09 13:36:22,D:\PUTRI\D4\SEMESTER 8 (4C)\skripsi\code\code_mhs\2341720187\unclassified\p04.ipynb,SUCCESS,Preprocessing berhasil
2026-03-09 13:36:22,D:\PUTRI\D4\SEMESTER 8 (4C)\skripsi\code\code_mhs\2341720187\unclassified\p05.ipynb,SUCCESS,Preprocessing berhasil
2026-03-09 13:36:22,D:\PUTRI\D4\SEMESTER 8 (4C)\skripsi\code\code_mhs\2341720187\unclassified\p06.ipynb,SUCCESS,Preprocessing berhasil
2026-03-09 13:36:22,D:\PUTRI\D4\SEMESTER 8 (4C)\skripsi\code\code_mhs\2341720187\unclassified\tp14.ipynb,INVALID,File kosong
2026-03-09 13:36:22,D:\PUTRI\D4\SEMESTER 8 (4C)\skripsi\code\code_mhs\2341720187\unclassified\tp15.ipynb,SUCCESS,Preprocessing berhasil
2026-03-09 13:36:22,D:\PUTRI\D4\SEMESTER 8 (4C)\skripsi\code\code_mhs\2341720187\unclassified\tp16.ipynb,SUCCESS,Preprocessing berhasil
2026-03-09 13:36:22,D:\PUTRI\D4\SEMESTER 8 (4C)\skripsi\code\code_mhs\2341720187\unclassified\tp17.ipynb,SUCCESS,Preprocessing berhasil
2026-03-09 13:36:22,D:\PUTRI\D4\SEMESTER 8 (4C)\skripsi\code\code_mhs\2341720187\unclassified\tp18.ipynb,SUCCESS,Preprocessing berhasil
2026-03-09 13:36:22,D:\PUTRI\D4\SEMESTER 8 (4C)\skripsi\code\code_mhs\2341720187\unclassified\tp19.ipynb,SUCCESS,Preprocessing berhasil
2026-03-09 13:36:22,D:\PUTRI\D4\SEMESTER 8 (4C)\skripsi\code\code_mhs\2341720187\unclassified\tp20.ipynb,SUCCESS,Preprocessing berhasil
2026-03-09 13:36:22,D:\PUTRI\D4\SEMESTER 8 (4C)\skripsi\code\code_mhs\2341720187\unclassified\tp21.ipynb,SUCCESS,Preprocessing berhasil
2026-03-09 13:36:22,D:\PUTRI\D4\SEMESTER 8 (4C)\skripsi\code\code_mhs\2341720187\unclassified\tp22.ipynb,SUCCESS,Preprocessing berhasil
2026-03-09 13:36:22,D:\PUTRI\D4\SEMESTER 8 (4C)\skripsi\code\code_mhs\2341720187\unclassified\tp23.ipynb,SUCCESS,Preprocessing berhasil
2026-03-09 13:36:22,D:\PUTRI\D4\SEMESTER 8 (4C)\skripsi\code\code_mhs\2341720187\unclassified\tp24.ipynb,SUCCESS,Preprocessing berhasil
2026-03-09 13:36:23,D:\PUTRI\D4\SEMESTER 8 (4C)\skripsi\code\code_mhs\2341720187\unclassified\tp25.ipynb,SUCCESS,Preprocessing berhasil
2026-03-09 13:36:23,D:\PUTRI\D4\SEMESTER 8 (4C)\skripsi\code\code_mhs\2341720187\unclassified\tp26.ipynb,SUCCESS,Preprocessing berhasil
2026-03-09 13:36:23,D:\PUTRI\D4\SEMESTER 8 (4C)\skripsi\code\code_mhs\2341720187\unclassified\UAS.ipynb,SUCCESS,Preprocessing berhasil
2026-03-09 13:36:23,D:\PUTRI\D4\SEMESTER 8 (4C)\skripsi\code\code_mhs\2341720191\kuis\kuis.ipynb,SUCCESS,Preprocessing berhasil
2026-03-09 13:36:23,D:\PUTRI\D4\SEMESTER 8 (4C)\skripsi\code\code_mhs\2341720191\m04\JS04_prkatikum.ipynb,SUCCESS,Preprocessing berhasil
2026-03-09 13:36:24,D:\PUTRI\D4\SEMESTER 8 (4C)\skripsi\code\code_mhs\2341720191\m05\JS05_praktikum.ipynb,SUCCESS,Preprocessing berhasil
2026-03-09 13:36:24,D:\PUTRI\D4\SEMESTER 8 (4C)\skripsi\code\code_mhs\2341720191\m06\JS06_Praktikum.ipynb,SUCCESS,Preprocessing berhasil
2026-03-09 13:36:24,D:\PUTRI\D4\SEMESTER 8 (4C)\skripsi\code\code_mhs\2341720191\m07\JS07_Praktikum.ipynb,SUCCESS,Preprocessing berhasil
2026-03-09 13:36:25,D:\PUTRI\D4\SEMESTER 8 (4C)\skripsi\code\code_mhs\2341720191\m09\JS09_Praktikum.ipynb,SUCCESS,Preprocessing berhasil
2026-03-09 13:36:25,D:\PUTRI\D4\SEMESTER 8 (4C)\skripsi\code\code_mhs\2341720191\m11\JS11_Praktikum.ipynb,FAILED,Identifier normalization gagal
2026-03-09 13:36:26,D:\PUTRI\D4\SEMESTER 8 (4C)\skripsi\code\code_mhs\2341720191\m13\JS13_Praktikum.ipynb,SUCCESS,Preprocessing berhasil
2026-03-09 13:36:26,D:\PUTRI\D4\SEMESTER 8 (4C)\skripsi\code\code_mhs\2341720191\m14\JS14_Praktikum.ipynb,SUCCESS,Preprocessing berhasil
2026-03-09 13:36:26,D:\PUTRI\D4\SEMESTER 8 (4C)\skripsi\code\code_mhs\2341720191\pbl\pbl.ipynb,SUCCESS,Preprocessing berhasil
2026-03-09 13:36:26,D:\PUTRI\D4\SEMESTER 8 (4C)\skripsi\code\code_mhs\2341720191\unclassified\abc.py,SUCCESS,Preprocessing berhasil
2026-03-09 13:36:26,D:\PUTRI\D4\SEMESTER 8 (4C)\skripsi\code\code_mhs\2341720191\unclassified\actions.py,SUCCESS,Preprocessing berhasil
2026-03-09 13:36:26,D:\PUTRI\D4\SEMESTER 8 (4C)\skripsi\code\code_mhs\2341720191\unclassified\adapter.py,SUCCESS,Preprocessing berhasil
2026-03-09 13:36:26,D:\PUTRI\D4\SEMESTER 8 (4C)\skripsi\code\code_mhs\2341720191\unclassified\adapters.py,SUCCESS,Preprocessing berhasil
2026-03-09 13:36:26,D:\PUTRI\D4\SEMESTER 8 (4C)\skripsi\code\code_mhs\2341720191\unclassified\after.py,FAILED,Identifier normalization gagal
2026-03-09 13:36:26,D:\PUTRI\D4\SEMESTER 8 (4C)\skripsi\code\code_mhs\2341720191\unclassified\align.py,SUCCESS,Preprocessing berhasil
2026-03-09 13:36:26,D:\PUTRI\D4\SEMESTER 8 (4C)\skripsi\code\code_mhs\2341720191\unclassified\android.py,SUCCESS,Preprocessing berhasil
2026-03-09 13:36:26,D:\PUTRI\D4\SEMESTER 8 (4C)\skripsi\code\code_mhs\2341720191\unclassified\ansi.py,SUCCESS,Preprocessing berhasil
2026-03-09 13:36:26,D:\PUTRI\D4\SEMESTER 8 (4C)\skripsi\code\code_mhs\2341720191\unclassified\ansitowin32.py,SUCCESS,Preprocessing berhasil
2026-03-09 13:36:26,D:\PUTRI\D4\SEMESTER 8 (4C)\skripsi\code\code_mhs\2341720191\unclassified\ansitowin32_test.py,SUCCESS,Preprocessing berhasil
2026-03-09 13:36:26,D:\PUTRI\D4\SEMESTER 8 (4C)\skripsi\code\code_mhs\2341720191\unclassified\ansi_test.py,SUCCESS,Preprocessing berhasil
2026-03-09 13:36:26,D:\PUTRI\D4\SEMESTER 8 (4C)\skripsi\code\code_mhs\2341720191\unclassified\api.py,SUCCESS,Preprocessing berhasil
2026-03-09 13:36:26,D:\PUTRI\D4\SEMESTER 8 (4C)\skripsi\code\code_mhs\2341720191\unclassified\appdirs.py,SUCCESS,Preprocessing berhasil
2026-03-09 13:36:26,D:\PUTRI\D4\SEMESTER 8 (4C)\skripsi\code\code_mhs\2341720191\unclassified\appengine.py,SUCCESS,Preprocessing berhasil
2026-03-09 13:36:26,D:\PUTRI\D4\SEMESTER 8 (4C)\skripsi\code\code_mhs\2341720191\unclassified\auth.py,SUCCESS,Preprocessing berhasil
2026-03-09 13:36:26,D:\PUTRI\D4\SEMESTER 8 (4C)\skripsi\code\code_mhs\2341720191\unclassified\autocompletion.py,SUCCESS,Preprocessing berhasil
2026-03-09 13:36:26,D:\PUTRI\D4\SEMESTER 8 (4C)\skripsi\code\code_mhs\2341720191\unclassified\bar.py,SUCCESS,Preprocessing berhasil
2026-03-09 13:36:26,D:\PUTRI\D4\SEMESTER 8 (4C)\skripsi\code\code_mhs\2341720191\unclassified\base.py,SUCCESS,Preprocessing berhasil
2026-03-09 13:36:26,D:\PUTRI\D4\SEMESTER 8 (4C)\skripsi\code\code_mhs\2341720191\unclassified\base_command.py,SUCCESS,Preprocessing berhasil
2026-03-09 13:36:26,D:\PUTRI\D4\SEMESTER 8 (4C)\skripsi\code\code_mhs\2341720191\unclassified\bazaar.py,SUCCESS,Preprocessing berhasil
2026-03-09 13:36:26,D:\PUTRI\D4\SEMESTER 8 (4C)\skripsi\code\code_mhs\2341720191\unclassified\bbcode.py,FAILED,Identifier normalization gagal
2026-03-09 13:36:27,D:\PUTRI\D4\SEMESTER 8 (4C)\skripsi\code\code_mhs\2341720191\unclassified\before.py,FAILED,Identifier normalization gagal
2026-03-09 13:36:27,D:\PUTRI\D4\SEMESTER 8 (4C)\skripsi\code\code_mhs\2341720191\unclassified\before_sleep.py,FAILED,Identifier normalization gagal
2026-03-09 13:36:27,D:\PUTRI\D4\SEMESTER 8 (4C)\skripsi\code\code_mhs\2341720191\unclassified\big5freq.py,SUCCESS,Preprocessing berhasil
2026-03-09 13:36:27,D:\PUTRI\D4\SEMESTER 8 (4C)\skripsi\code\code_mhs\2341720191\unclassified\big5prober.py,SUCCESS,Preprocessing berhasil
2026-03-09 13:36:27,D:\PUTRI\D4\SEMESTER 8 (4C)\skripsi\code\code_mhs\2341720191\unclassified\bindings.py,SUCCESS,Preprocessing berhasil
2026-03-09 13:36:27,D:\PUTRI\D4\SEMESTER 8 (4C)\skripsi\code\code_mhs\2341720191\unclassified\box.py,SUCCESS,Preprocessing berhasil
2026-03-09 13:36:27,D:\PUTRI\D4\SEMESTER 8 (4C)\skripsi\code\code_mhs\2341720191\unclassified\build_env.py,FAILED,Identifier normalization gagal
2026-03-09 13:36:27,D:\PUTRI\D4\SEMESTER 8 (4C)\skripsi\code\code_mhs\2341720191\unclassified\build_tracker.py,SUCCESS,Preprocessing berhasil
2026-03-09 13:36:27,D:\PUTRI\D4\SEMESTER 8 (4C)\skripsi\code\code_mhs\2341720191\unclassified\cache.py,SUCCESS,Preprocessing berhasil
2026-03-09 13:36:27,D:\PUTRI\D4\SEMESTER 8 (4C)\skripsi\code\code_mhs\2341720191\unclassified\candidate.py,SUCCESS,Preprocessing berhasil
2026-03-09 13:36:27,D:\PUTRI\D4\SEMESTER 8 (4C)\skripsi\code\code_mhs\2341720191\unclassified\candidates.py,SUCCESS,Preprocessing berhasil
2026-03-09 13:36:27,D:\PUTRI\D4\SEMESTER 8 (4C)\skripsi\code\code_mhs\2341720191\unclassified\cells.py,SUCCESS,Preprocessing berhasil
2026-03-09 13:36:27,D:\PUTRI\D4\SEMESTER 8 (4C)\skripsi\code\code_mhs\2341720191\unclassified\certs.py,SUCCESS,Preprocessing berhasil
2026-03-09 13:36:27,D:\PUTRI\D4\SEMESTER 8 (4C)\skripsi\code\code_mhs\2341720191\unclassified\chardetect.py,SUCCESS,Preprocessing berhasil
2026-03-09 13:36:27,D:\PUTRI\D4\SEMESTER 8 (4C)\skripsi\code\code_mhs\2341720191\unclassified\chardistribution.py,SUCCESS,Preprocessing berhasil
2026-03-09 13:36:27,D:\PUTRI\D4\SEMESTER 8 (4C)\skripsi\code\code_mhs\2341720191\unclassified\charsetgroupprober.py,SUCCESS,Preprocessing berhasil
2026-03-09 13:36:27,D:\PUTRI\D4\SEMESTER 8 (4C)\skripsi\code\code_mhs\2341720191\unclassified\check.py,SUCCESS,Preprocessing berhasil
2026-03-09 13:36:27,D:\PUTRI\D4\SEMESTER 8 (4C)\skripsi\code\code_mhs\2341720191\unclassified\cmdline.py,SUCCESS,Preprocessing berhasil
2026-03-09 13:36:27,D:\PUTRI\D4\SEMESTER 8 (4C)\skripsi\code\code_mhs\2341720191\unclassified\cmdoptions.py,SUCCESS,Preprocessing berhasil
2026-03-09 13:36:27,D:\PUTRI\D4\SEMESTER 8 (4C)\skripsi\code\code_mhs\2341720191\unclassified\codec.py,SUCCESS,Preprocessing berhasil
2026-03-09 13:36:27,D:\PUTRI\D4\SEMESTER 8 (4C)\skripsi\code\code_mhs\2341720191\unclassified\codingstatemachine.py,SUCCESS,Preprocessing berhasil
2026-03-09 13:36:27,D:\PUTRI\D4\SEMESTER 8 (4C)\skripsi\code\code_mhs\2341720191\unclassified\codingstatemachinedict.py,SUCCESS,Preprocessing berhasil
2026-03-09 13:36:27,D:\PUTRI\D4\SEMESTER 8 (4C)\skripsi\code\code_mhs\2341720191\unclassified\collections_abc.py,SUCCESS,Preprocessing berhasil
2026-03-09 13:36:27,D:\PUTRI\D4\SEMESTER 8 (4C)\skripsi\code\code_mhs\2341720191\unclassified\collector.py,FAILED,Identifier normalization gagal
2026-03-09 13:36:27,D:\PUTRI\D4\SEMESTER 8 (4C)\skripsi\code\code_mhs\2341720191\unclassified\color.py,FAILED,Identifier normalization gagal
2026-03-09 13:36:27,D:\PUTRI\D4\SEMESTER 8 (4C)\skripsi\code\code_mhs\2341720191\unclassified\color_triplet.py,FAILED,Identifier normalization gagal
2026-03-09 13:36:27,D:\PUTRI\D4\SEMESTER 8 (4C)\skripsi\code\code_mhs\2341720191\unclassified\columns.py,SUCCESS,Preprocessing berhasil
2026-03-09 13:36:27,D:\PUTRI\D4\SEMESTER 8 (4C)\skripsi\code\code_mhs\2341720191\unclassified\command_context.py,SUCCESS,Preprocessing berhasil
2026-03-09 13:36:27,D:\PUTRI\D4\SEMESTER 8 (4C)\skripsi\code\code_mhs\2341720191\unclassified\common.py,FAILED,Identifier normalization gagal
2026-03-09 13:36:27,D:\PUTRI\D4\SEMESTER 8 (4C)\skripsi\code\code_mhs\2341720191\unclassified\compat.py,SUCCESS,Preprocessing berhasil
2026-03-09 13:36:27,D:\PUTRI\D4\SEMESTER 8 (4C)\skripsi\code\code_mhs\2341720191\unclassified\compatibility_tags.py,SUCCESS,Preprocessing berhasil
2026-03-09 13:36:27,D:\PUTRI\D4\SEMESTER 8 (4C)\skripsi\code\code_mhs\2341720191\unclassified\completion.py,FAILED,Identifier normalization gagal
2026-03-09 13:36:28,D:\PUTRI\D4\SEMESTER 8 (4C)\skripsi\code\code_mhs\2341720191\unclassified\configuration.py,SUCCESS,Preprocessing berhasil
2026-03-09 13:36:28,D:\PUTRI\D4\SEMESTER 8 (4C)\skripsi\code\code_mhs\2341720191\unclassified\connection.py,SUCCESS,Preprocessing berhasil
2026-03-09 13:36:28,D:\PUTRI\D4\SEMESTER 8 (4C)\skripsi\code\code_mhs\2341720191\unclassified\connectionpool.py,FAILED,Identifier normalization gagal
2026-03-09 13:36:28,D:\PUTRI\D4\SEMESTER 8 (4C)\skripsi\code\code_mhs\2341720191\unclassified\console.py,FAILED,Identifier normalization gagal
2026-03-09 13:36:28,D:\PUTRI\D4\SEMESTER 8 (4C)\skripsi\code\code_mhs\2341720191\unclassified\constrain.py,SUCCESS,Preprocessing berhasil
2026-03-09 13:36:28,D:\PUTRI\D4\SEMESTER 8 (4C)\skripsi\code\code_mhs\2341720191\unclassified\constructors.py,FAILED,Identifier normalization gagal
2026-03-09 13:36:28,D:\PUTRI\D4\SEMESTER 8 (4C)\skripsi\code\code_mhs\2341720191\unclassified\containers.py,SUCCESS,Preprocessing berhasil
2026-03-09 13:36:28,D:\PUTRI\D4\SEMESTER 8 (4C)\skripsi\code\code_mhs\2341720191\unclassified\control.py,SUCCESS,Preprocessing berhasil
2026-03-09 13:36:28,D:\PUTRI\D4\SEMESTER 8 (4C)\skripsi\code\code_mhs\2341720191\unclassified\controller.py,FAILED,Identifier normalization gagal
2026-03-09 13:36:28,D:\PUTRI\D4\SEMESTER 8 (4C)\skripsi\code\code_mhs\2341720191\unclassified\cookies.py,FAILED,Identifier normalization gagal
2026-03-09 13:36:28,D:\PUTRI\D4\SEMESTER 8 (4C)\skripsi\code\code_mhs\2341720191\unclassified\core.py,FAILED,Identifier normalization gagal
2026-03-09 13:36:28,D:\PUTRI\D4\SEMESTER 8 (4C)\skripsi\code\code_mhs\2341720191\unclassified\cp949prober.py,SUCCESS,Preprocessing berhasil
2026-03-09 13:36:29,D:\PUTRI\D4\SEMESTER 8 (4C)\skripsi\code\code_mhs\2341720191\unclassified\database.py,SUCCESS,Preprocessing berhasil
2026-03-09 13:36:29,D:\PUTRI\D4\SEMESTER 8 (4C)\skripsi\code\code_mhs\2341720191\unclassified\datetime.py,SUCCESS,Preprocessing berhasil
2026-03-09 13:36:29,D:\PUTRI\D4\SEMESTER 8 (4C)\skripsi\code\code_mhs\2341720191\unclassified\debug.py,INVALID,SyntaxError baris 161: unterminated triple-quoted string literal (detected at line 199)
2026-03-09 13:36:29,D:\PUTRI\D4\SEMESTER 8 (4C)\skripsi\code\code_mhs\2341720191\unclassified\default_styles.py,SUCCESS,Preprocessing berhasil
2026-03-09 13:36:29,D:\PUTRI\D4\SEMESTER 8 (4C)\skripsi\code\code_mhs\2341720191\unclassified\deprecation.py,SUCCESS,Preprocessing berhasil
2026-03-09 13:36:29,D:\PUTRI\D4\SEMESTER 8 (4C)\skripsi\code\code_mhs\2341720191\unclassified\diagnose.py,SUCCESS,Preprocessing berhasil
2026-03-09 13:36:29,D:\PUTRI\D4\SEMESTER 8 (4C)\skripsi\code\code_mhs\2341720191\unclassified\direct_url.py,SUCCESS,Preprocessing berhasil
2026-03-09 13:36:29,D:\PUTRI\D4\SEMESTER 8 (4C)\skripsi\code\code_mhs\2341720191\unclassified\direct_url_helpers.py,FAILED,Identifier normalization gagal
2026-03-09 13:36:29,D:\PUTRI\D4\SEMESTER 8 (4C)\skripsi\code\code_mhs\2341720191\unclassified\distro.py,SUCCESS,Preprocessing berhasil
2026-03-09 13:36:29,D:\PUTRI\D4\SEMESTER 8 (4C)\skripsi\code\code_mhs\2341720191\unclassified\download.py,FAILED,Identifier normalization gagal
2026-03-09 13:36:29,D:\PUTRI\D4\SEMESTER 8 (4C)\skripsi\code\code_mhs\2341720191\unclassified\editable_legacy.py,SUCCESS,Preprocessing berhasil
2026-03-09 13:36:29,D:\PUTRI\D4\SEMESTER 8 (4C)\skripsi\code\code_mhs\2341720191\unclassified\egg_link.py,SUCCESS,Preprocessing berhasil
2026-03-09 13:36:29,D:\PUTRI\D4\SEMESTER 8 (4C)\skripsi\code\code_mhs\2341720191\unclassified\emoji.py,FAILED,Identifier normalization gagal
2026-03-09 13:36:29,D:\PUTRI\D4\SEMESTER 8 (4C)\skripsi\code\code_mhs\2341720191\unclassified\encoding.py,FAILED,Identifier normalization gagal
2026-03-09 13:36:29,D:\PUTRI\D4\SEMESTER 8 (4C)\skripsi\code\code_mhs\2341720191\unclassified\entrypoints.py,SUCCESS,Preprocessing berhasil
2026-03-09 13:36:29,D:\PUTRI\D4\SEMESTER 8 (4C)\skripsi\code\code_mhs\2341720191\unclassified\enums.py,SUCCESS,Preprocessing berhasil
2026-03-09 13:36:29,D:\PUTRI\D4\SEMESTER 8 (4C)\skripsi\code\code_mhs\2341720191\unclassified\errors.py,FAILED,Identifier normalization gagal
2026-03-09 13:36:29,D:\PUTRI\D4\SEMESTER 8 (4C)\skripsi\code\code_mhs\2341720191\unclassified\escprober.py,SUCCESS,Preprocessing berhasil
2026-03-09 13:36:29,D:\PUTRI\D4\SEMESTER 8 (4C)\skripsi\code\code_mhs\2341720191\unclassified\escsm.py,SUCCESS,Preprocessing berhasil
2026-03-09 13:36:29,D:\PUTRI\D4\SEMESTER 8 (4C)\skripsi\code\code_mhs\2341720191\unclassified\eucjpprober.py,SUCCESS,Preprocessing berhasil
2026-03-09 13:36:29,D:\PUTRI\D4\SEMESTER 8 (4C)\skripsi\code\code_mhs\2341720191\unclassified\euckrfreq.py,SUCCESS,Preprocessing berhasil
2026-03-09 13:36:29,D:\PUTRI\D4\SEMESTER 8 (4C)\skripsi\code\code_mhs\2341720191\unclassified\euckrprober.py,SUCCESS,Preprocessing berhasil
2026-03-09 13:36:29,D:\PUTRI\D4\SEMESTER 8 (4C)\skripsi\code\code_mhs\2341720191\unclassified\euctwfreq.py,SUCCESS,Preprocessing berhasil
2026-03-09 13:36:29,D:\PUTRI\D4\SEMESTER 8 (4C)\skripsi\code\code_mhs\2341720191\unclassified\euctwprober.py,SUCCESS,Preprocessing berhasil
2026-03-09 13:36:29,D:\PUTRI\D4\SEMESTER 8 (4C)\skripsi\code\code_mhs\2341720191\unclassified\exceptions.py,SUCCESS,Preprocessing berhasil
2026-03-09 13:36:29,D:\PUTRI\D4\SEMESTER 8 (4C)\skripsi\code\code_mhs\2341720191\unclassified\ext.py,SUCCESS,Preprocessing berhasil
2026-03-09 13:36:29,D:\PUTRI\D4\SEMESTER 8 (4C)\skripsi\code\code_mhs\2341720191\unclassified\factory.py,FAILED,Identifier normalization gagal
2026-03-09 13:36:30,D:\PUTRI\D4\SEMESTER 8 (4C)\skripsi\code\code_mhs\2341720191\unclassified\fallback.py,SUCCESS,Preprocessing berhasil
2026-03-09 13:36:30,D:\PUTRI\D4\SEMESTER 8 (4C)\skripsi\code\code_mhs\2341720191\unclassified\fields.py,SUCCESS,Preprocessing berhasil
2026-03-09 13:36:30,D:\PUTRI\D4\SEMESTER 8 (4C)\skripsi\code\code_mhs\2341720191\unclassified\filepost.py,SUCCESS,Preprocessing berhasil
2026-03-09 13:36:30,D:\PUTRI\D4\SEMESTER 8 (4C)\skripsi\code\code_mhs\2341720191\unclassified\filesize.py,SUCCESS,Preprocessing berhasil
2026-03-09 13:36:30,D:\PUTRI\D4\SEMESTER 8 (4C)\skripsi\code\code_mhs\2341720191\unclassified\filesystem.py,SUCCESS,Preprocessing berhasil
2026-03-09 13:36:30,D:\PUTRI\D4\SEMESTER 8 (4C)\skripsi\code\code_mhs\2341720191\unclassified\filetypes.py,SUCCESS,Preprocessing berhasil
2026-03-09 13:36:30,D:\PUTRI\D4\SEMESTER 8 (4C)\skripsi\code\code_mhs\2341720191\unclassified\filewrapper.py,SUCCESS,Preprocessing berhasil
2026-03-09 13:36:30,D:\PUTRI\D4\SEMESTER 8 (4C)\skripsi\code\code_mhs\2341720191\unclassified\file_cache.py,SUCCESS,Preprocessing berhasil
2026-03-09 13:36:30,D:\PUTRI\D4\SEMESTER 8 (4C)\skripsi\code\code_mhs\2341720191\unclassified\file_proxy.py,SUCCESS,Preprocessing berhasil
2026-03-09 13:36:30,D:\PUTRI\D4\SEMESTER 8 (4C)\skripsi\code\code_mhs\2341720191\unclassified\filter.py,SUCCESS,Preprocessing berhasil
2026-03-09 13:36:30,D:\PUTRI\D4\SEMESTER 8 (4C)\skripsi\code\code_mhs\2341720191\unclassified\formatter.py,SUCCESS,Preprocessing berhasil
2026-03-09 13:36:30,D:\PUTRI\D4\SEMESTER 8 (4C)\skripsi\code\code_mhs\2341720191\unclassified\format_control.py,SUCCESS,Preprocessing berhasil
2026-03-09 13:36:30,D:\PUTRI\D4\SEMESTER 8 (4C)\skripsi\code\code_mhs\2341720191\unclassified\found_candidates.py,SUCCESS,Preprocessing berhasil
2026-03-09 13:36:30,D:\PUTRI\D4\SEMESTER 8 (4C)\skripsi\code\code_mhs\2341720191\unclassified\freeze.py,FAILED,Identifier normalization gagal
2026-03-09 13:36:30,D:\PUTRI\D4\SEMESTER 8 (4C)\skripsi\code\code_mhs\2341720191\unclassified\gb2312freq.py,SUCCESS,Preprocessing berhasil
2026-03-09 13:36:30,D:\PUTRI\D4\SEMESTER 8 (4C)\skripsi\code\code_mhs\2341720191\unclassified\gb2312prober.py,SUCCESS,Preprocessing berhasil
2026-03-09 13:36:30,D:\PUTRI\D4\SEMESTER 8 (4C)\skripsi\code\code_mhs\2341720191\unclassified\git.py,FAILED,Identifier normalization gagal
2026-03-09 13:36:30,D:\PUTRI\D4\SEMESTER 8 (4C)\skripsi\code\code_mhs\2341720191\unclassified\glibc.py,SUCCESS,Preprocessing berhasil
2026-03-09 13:36:30,D:\PUTRI\D4\SEMESTER 8 (4C)\skripsi\code\code_mhs\2341720191\unclassified\groff.py,FAILED,Identifier normalization gagal
2026-03-09 13:36:30,D:\PUTRI\D4\SEMESTER 8 (4C)\skripsi\code\code_mhs\2341720191\unclassified\hash.py,SUCCESS,Preprocessing berhasil
2026-03-09 13:36:30,D:\PUTRI\D4\SEMESTER 8 (4C)\skripsi\code\code_mhs\2341720191\unclassified\hashes.py,SUCCESS,Preprocessing berhasil
2026-03-09 13:36:30,D:\PUTRI\D4\SEMESTER 8 (4C)\skripsi\code\code_mhs\2341720191\unclassified\hebrewprober.py,SUCCESS,Preprocessing berhasil
2026-03-09 13:36:30,D:\PUTRI\D4\SEMESTER 8 (4C)\skripsi\code\code_mhs\2341720191\unclassified\help.py,SUCCESS,Preprocessing berhasil
2026-03-09 13:36:30,D:\PUTRI\D4\SEMESTER 8 (4C)\skripsi\code\code_mhs\2341720191\unclassified\helpers.py,FAILED,Identifier normalization gagal
2026-03-09 13:36:30,D:\PUTRI\D4\SEMESTER 8 (4C)\skripsi\code\code_mhs\2341720191\unclassified\heuristics.py,SUCCESS,Preprocessing berhasil
2026-03-09 13:36:30,D:\PUTRI\D4\SEMESTER 8 (4C)\skripsi\code\code_mhs\2341720191\unclassified\highlighter.py,FAILED,Identifier normalization gagal
2026-03-09 13:36:30,D:\PUTRI\D4\SEMESTER 8 (4C)\skripsi\code\code_mhs\2341720191\unclassified\hooks.py,SUCCESS,Preprocessing berhasil
2026-03-09 13:36:30,D:\PUTRI\D4\SEMESTER 8 (4C)\skripsi\code\code_mhs\2341720191\unclassified\html.py,FAILED,Identifier normalization gagal
2026-03-09 13:36:30,D:\PUTRI\D4\SEMESTER 8 (4C)\skripsi\code\code_mhs\2341720191\unclassified\idnadata.py,SUCCESS,Preprocessing berhasil
2026-03-09 13:36:30,D:\PUTRI\D4\SEMESTER 8 (4C)\skripsi\code\code_mhs\2341720191\unclassified\img.py,FAILED,Identifier normalization gagal
2026-03-09 13:36:30,D:\PUTRI\D4\SEMESTER 8 (4C)\skripsi\code\code_mhs\2341720191\unclassified\index.py,INVALID,SyntaxError baris 430: '(' was never closed
2026-03-09 13:36:30,D:\PUTRI\D4\SEMESTER 8 (4C)\skripsi\code\code_mhs\2341720191\unclassified\initialise.py,SUCCESS,Preprocessing berhasil
2026-03-09 13:36:30,D:\PUTRI\D4\SEMESTER 8 (4C)\skripsi\code\code_mhs\2341720191\unclassified\initialise_test.py,SUCCESS,Preprocessing berhasil
2026-03-09 13:36:30,D:\PUTRI\D4\SEMESTER 8 (4C)\skripsi\code\code_mhs\2341720191\unclassified\inject_securetransport.py,SUCCESS,Preprocessing berhasil
2026-03-09 13:36:30,D:\PUTRI\D4\SEMESTER 8 (4C)\skripsi\code\code_mhs\2341720191\unclassified\inspect.py,INVALID,SyntaxError baris 25: unterminated triple-quoted string literal (detected at line 92)
2026-03-09 13:36:30,D:\PUTRI\D4\SEMESTER 8 (4C)\skripsi\code\code_mhs\2341720191\unclassified\install.py,INVALID,SyntaxError baris 730: unterminated triple-quoted string literal (detected at line 778)
2026-03-09 13:36:30,D:\PUTRI\D4\SEMESTER 8 (4C)\skripsi\code\code_mhs\2341720191\unclassified\installation_report.py,SUCCESS,Preprocessing berhasil
2026-03-09 13:36:30,D:\PUTRI\D4\SEMESTER 8 (4C)\skripsi\code\code_mhs\2341720191\unclassified\installed.py,SUCCESS,Preprocessing berhasil
2026-03-09 13:36:30,D:\PUTRI\D4\SEMESTER 8 (4C)\skripsi\code\code_mhs\2341720191\unclassified\intranges.py,SUCCESS,Preprocessing berhasil
2026-03-09 13:36:30,D:\PUTRI\D4\SEMESTER 8 (4C)\skripsi\code\code_mhs\2341720191\unclassified\irc.py,SUCCESS,Preprocessing berhasil
2026-03-09 13:36:30,D:\PUTRI\D4\SEMESTER 8 (4C)\skripsi\code\code_mhs\2341720191\unclassified\isatty_test.py,SUCCESS,Preprocessing berhasil
2026-03-09 13:36:31,D:\PUTRI\D4\SEMESTER 8 (4C)\skripsi\code\code_mhs\2341720191\unclassified\jisfreq.py,SUCCESS,Preprocessing berhasil
2026-03-09 13:36:31,D:\PUTRI\D4\SEMESTER 8 (4C)\skripsi\code\code_mhs\2341720191\unclassified\johabfreq.py,SUCCESS,Preprocessing berhasil
2026-03-09 13:36:31,D:\PUTRI\D4\SEMESTER 8 (4C)\skripsi\code\code_mhs\2341720191\unclassified\johabprober.py,SUCCESS,Preprocessing berhasil
2026-03-09 13:36:31,D:\PUTRI\D4\SEMESTER 8 (4C)\skripsi\code\code_mhs\2341720191\unclassified\jpcntx.py,SUCCESS,Preprocessing berhasil
2026-03-09 13:36:31,D:\PUTRI\D4\SEMESTER 8 (4C)\skripsi\code\code_mhs\2341720191\unclassified\json.py,SUCCESS,Preprocessing berhasil
2026-03-09 13:36:31,D:\PUTRI\D4\SEMESTER 8 (4C)\skripsi\code\code_mhs\2341720191\unclassified\JS_15_keseluruhan.ipynb,SUCCESS,Preprocessing berhasil
2026-03-09 13:36:31,D:\PUTRI\D4\SEMESTER 8 (4C)\skripsi\code\code_mhs\2341720191\unclassified\jupyter.py,SUCCESS,Preprocessing berhasil
2026-03-09 13:36:31,D:\PUTRI\D4\SEMESTER 8 (4C)\skripsi\code\code_mhs\2341720191\unclassified\labels.py,SUCCESS,Preprocessing berhasil
2026-03-09 13:36:32,D:\PUTRI\D4\SEMESTER 8 (4C)\skripsi\code\code_mhs\2341720191\unclassified\langbulgarianmodel.py,SUCCESS,Preprocessing berhasil
2026-03-09 13:36:32,D:\PUTRI\D4\SEMESTER 8 (4C)\skripsi\code\code_mhs\2341720191\unclassified\langgreekmodel.py,SUCCESS,Preprocessing berhasil
2026-03-09 13:36:32,D:\PUTRI\D4\SEMESTER 8 (4C)\skripsi\code\code_mhs\2341720191\unclassified\langhebrewmodel.py,SUCCESS,Preprocessing berhasil
2026-03-09 13:36:33,D:\PUTRI\D4\SEMESTER 8 (4C)\skripsi\code\code_mhs\2341720191\unclassified\langhungarianmodel.py,SUCCESS,Preprocessing berhasil
2026-03-09 13:36:33,D:\PUTRI\D4\SEMESTER 8 (4C)\skripsi\code\code_mhs\2341720191\unclassified\langrussianmodel.py,SUCCESS,Preprocessing berhasil
2026-03-09 13:36:34,D:\PUTRI\D4\SEMESTER 8 (4C)\skripsi\code\code_mhs\2341720191\unclassified\langthaimodel.py,SUCCESS,Preprocessing berhasil
2026-03-09 13:36:34,D:\PUTRI\D4\SEMESTER 8 (4C)\skripsi\code\code_mhs\2341720191\unclassified\langturkishmodel.py,SUCCESS,Preprocessing berhasil
2026-03-09 13:36:34,D:\PUTRI\D4\SEMESTER 8 (4C)\skripsi\code\code_mhs\2341720191\unclassified\languages.py,SUCCESS,Preprocessing berhasil
2026-03-09 13:36:34,D:\PUTRI\D4\SEMESTER 8 (4C)\skripsi\code\code_mhs\2341720191\unclassified\latex.py,FAILED,Identifier normalization gagal
2026-03-09 13:36:34,D:\PUTRI\D4\SEMESTER 8 (4C)\skripsi\code\code_mhs\2341720191\unclassified\latin1prober.py,SUCCESS,Preprocessing berhasil
2026-03-09 13:36:34,D:\PUTRI\D4\SEMESTER 8 (4C)\skripsi\code\code_mhs\2341720191\unclassified\layout.py,FAILED,Identifier normalization gagal
2026-03-09 13:36:34,D:\PUTRI\D4\SEMESTER 8 (4C)\skripsi\code\code_mhs\2341720191\unclassified\lazy_wheel.py,SUCCESS,Preprocessing berhasil
2026-03-09 13:36:34,D:\PUTRI\D4\SEMESTER 8 (4C)\skripsi\code\code_mhs\2341720191\unclassified\lexer.py,FAILED,Identifier normalization gagal
2026-03-09 13:36:34,D:\PUTRI\D4\SEMESTER 8 (4C)\skripsi\code\code_mhs\2341720191\unclassified\link.py,FAILED,Identifier normalization gagal
2026-03-09 13:36:34,D:\PUTRI\D4\SEMESTER 8 (4C)\skripsi\code\code_mhs\2341720191\unclassified\list.py,INVALID,SyntaxError baris 142: unexpected indent
2026-03-09 13:36:34,D:\PUTRI\D4\SEMESTER 8 (4C)\skripsi\code\code_mhs\2341720191\unclassified\live.py,SUCCESS,Preprocessing berhasil
2026-03-09 13:36:34,D:\PUTRI\D4\SEMESTER 8 (4C)\skripsi\code\code_mhs\2341720191\unclassified\live_render.py,SUCCESS,Preprocessing berhasil
2026-03-09 13:36:34,D:\PUTRI\D4\SEMESTER 8 (4C)\skripsi\code\code_mhs\2341720191\unclassified\locators.py,FAILED,Identifier normalization gagal
2026-03-09 13:36:34,D:\PUTRI\D4\SEMESTER 8 (4C)\skripsi\code\code_mhs\2341720191\unclassified\logging.py,SUCCESS,Preprocessing berhasil
2026-03-09 13:36:34,D:\PUTRI\D4\SEMESTER 8 (4C)\skripsi\code\code_mhs\2341720191\unclassified\low_level.py,SUCCESS,Preprocessing berhasil
2026-03-09 13:36:34,D:\PUTRI\D4\SEMESTER 8 (4C)\skripsi\code\code_mhs\2341720191\unclassified\macos.py,SUCCESS,Preprocessing berhasil
2026-03-09 13:36:34,D:\PUTRI\D4\SEMESTER 8 (4C)\skripsi\code\code_mhs\2341720191\unclassified\macromanprober.py,SUCCESS,Preprocessing berhasil
2026-03-09 13:36:34,D:\PUTRI\D4\SEMESTER 8 (4C)\skripsi\code\code_mhs\2341720191\unclassified\main.py,SUCCESS,Preprocessing berhasil
2026-03-09 13:36:34,D:\PUTRI\D4\SEMESTER 8 (4C)\skripsi\code\code_mhs\2341720191\unclassified\main_parser.py,SUCCESS,Preprocessing berhasil
2026-03-09 13:36:34,D:\PUTRI\D4\SEMESTER 8 (4C)\skripsi\code\code_mhs\2341720191\unclassified\makefile.py,SUCCESS,Preprocessing berhasil
2026-03-09 13:36:35,D:\PUTRI\D4\SEMESTER 8 (4C)\skripsi\code\code_mhs\2341720191\unclassified\manifest.py,FAILED,Identifier normalization gagal
2026-03-09 13:36:35,D:\PUTRI\D4\SEMESTER 8 (4C)\skripsi\code\code_mhs\2341720191\unclassified\markers.py,FAILED,Identifier normalization gagal
2026-03-09 13:36:35,D:\PUTRI\D4\SEMESTER 8 (4C)\skripsi\code\code_mhs\2341720191\unclassified\markup.py,FAILED,Identifier normalization gagal
2026-03-09 13:36:35,D:\PUTRI\D4\SEMESTER 8 (4C)\skripsi\code\code_mhs\2341720191\unclassified\mbcsgroupprober.py,SUCCESS,Preprocessing berhasil
2026-03-09 13:36:35,D:\PUTRI\D4\SEMESTER 8 (4C)\skripsi\code\code_mhs\2341720191\unclassified\mbcssm.py,SUCCESS,Preprocessing berhasil
2026-03-09 13:36:35,D:\PUTRI\D4\SEMESTER 8 (4C)\skripsi\code\code_mhs\2341720191\unclassified\measure.py,SUCCESS,Preprocessing berhasil
2026-03-09 13:36:35,D:\PUTRI\D4\SEMESTER 8 (4C)\skripsi\code\code_mhs\2341720191\unclassified\mercurial.py,SUCCESS,Preprocessing berhasil
2026-03-09 13:36:35,D:\PUTRI\D4\SEMESTER 8 (4C)\skripsi\code\code_mhs\2341720191\unclassified\metadata.py,FAILED,Identifier normalization gagal
2026-03-09 13:36:35,D:\PUTRI\D4\SEMESTER 8 (4C)\skripsi\code\code_mhs\2341720191\unclassified\metadata_editable.py,SUCCESS,Preprocessing berhasil
2026-03-09 13:36:35,D:\PUTRI\D4\SEMESTER 8 (4C)\skripsi\code\code_mhs\2341720191\unclassified\metadata_legacy.py,SUCCESS,Preprocessing berhasil
2026-03-09 13:36:35,D:\PUTRI\D4\SEMESTER 8 (4C)\skripsi\code\code_mhs\2341720191\unclassified\misc.py,SUCCESS,Preprocessing berhasil
2026-03-09 13:36:35,D:\PUTRI\D4\SEMESTER 8 (4C)\skripsi\code\code_mhs\2341720191\unclassified\mklabels.py,FAILED,Identifier normalization gagal
2026-03-09 13:36:35,D:\PUTRI\D4\SEMESTER 8 (4C)\skripsi\code\code_mhs\2341720191\unclassified\modeline.py,SUCCESS,Preprocessing berhasil
2026-03-09 13:36:35,D:\PUTRI\D4\SEMESTER 8 (4C)\skripsi\code\code_mhs\2341720191\unclassified\models.py,SUCCESS,Preprocessing berhasil
2026-03-09 13:36:35,D:\PUTRI\D4\SEMESTER 8 (4C)\skripsi\code\code_mhs\2341720191\unclassified\nap.py,SUCCESS,Preprocessing berhasil
2026-03-09 13:36:35,D:\PUTRI\D4\SEMESTER 8 (4C)\skripsi\code\code_mhs\2341720191\unclassified\ntlmpool.py,SUCCESS,Preprocessing berhasil
2026-03-09 13:36:35,D:\PUTRI\D4\SEMESTER 8 (4C)\skripsi\code\code_mhs\2341720191\unclassified\other.py,SUCCESS,Preprocessing berhasil
2026-03-09 13:36:35,D:\PUTRI\D4\SEMESTER 8 (4C)\skripsi\code\code_mhs\2341720191\unclassified\p01.ipynb,SUCCESS,Preprocessing berhasil
2026-03-09 13:36:35,D:\PUTRI\D4\SEMESTER 8 (4C)\skripsi\code\code_mhs\2341720191\unclassified\p02.ipynb,SUCCESS,Preprocessing berhasil
2026-03-09 13:36:35,D:\PUTRI\D4\SEMESTER 8 (4C)\skripsi\code\code_mhs\2341720191\unclassified\p03.ipynb,SUCCESS,Preprocessing berhasil
2026-03-09 13:36:35,D:\PUTRI\D4\SEMESTER 8 (4C)\skripsi\code\code_mhs\2341720191\unclassified\p04.ipynb,SUCCESS,Preprocessing berhasil
2026-03-09 13:36:35,D:\PUTRI\D4\SEMESTER 8 (4C)\skripsi\code\code_mhs\2341720191\unclassified\p05.ipynb,SUCCESS,Preprocessing berhasil
2026-03-09 13:36:36,D:\PUTRI\D4\SEMESTER 8 (4C)\skripsi\code\code_mhs\2341720191\unclassified\p06.ipynb,SUCCESS,Preprocessing berhasil
2026-03-09 13:36:36,D:\PUTRI\D4\SEMESTER 8 (4C)\skripsi\code\code_mhs\2341720191\unclassified\packages.py,SUCCESS,Preprocessing berhasil
2026-03-09 13:36:36,D:\PUTRI\D4\SEMESTER 8 (4C)\skripsi\code\code_mhs\2341720191\unclassified\package_data.py,SUCCESS,Preprocessing berhasil
2026-03-09 13:36:36,D:\PUTRI\D4\SEMESTER 8 (4C)\skripsi\code\code_mhs\2341720191\unclassified\package_finder.py,SUCCESS,Preprocessing berhasil
2026-03-09 13:36:36,D:\PUTRI\D4\SEMESTER 8 (4C)\skripsi\code\code_mhs\2341720191\unclassified\packaging.py,SUCCESS,Preprocessing berhasil
2026-03-09 13:36:36,D:\PUTRI\D4\SEMESTER 8 (4C)\skripsi\code\code_mhs\2341720191\unclassified\padding.py,SUCCESS,Preprocessing berhasil
2026-03-09 13:36:36,D:\PUTRI\D4\SEMESTER 8 (4C)\skripsi\code\code_mhs\2341720191\unclassified\pager.py,FAILED,Identifier normalization gagal
2026-03-09 13:36:36,D:\PUTRI\D4\SEMESTER 8 (4C)\skripsi\code\code_mhs\2341720191\unclassified\palette.py,SUCCESS,Preprocessing berhasil
2026-03-09 13:36:36,D:\PUTRI\D4\SEMESTER 8 (4C)\skripsi\code\code_mhs\2341720191\unclassified\panel.py,SUCCESS,Preprocessing berhasil
2026-03-09 13:36:36,D:\PUTRI\D4\SEMESTER 8 (4C)\skripsi\code\code_mhs\2341720191\unclassified\pangomarkup.py,FAILED,Identifier normalization gagal
2026-03-09 13:36:36,D:\PUTRI\D4\SEMESTER 8 (4C)\skripsi\code\code_mhs\2341720191\unclassified\parser.py,SUCCESS,Preprocessing berhasil
2026-03-09 13:36:36,D:\PUTRI\D4\SEMESTER 8 (4C)\skripsi\code\code_mhs\2341720191\unclassified\pkg_resources.py,SUCCESS,Preprocessing berhasil
2026-03-09 13:36:36,D:\PUTRI\D4\SEMESTER 8 (4C)\skripsi\code\code_mhs\2341720191\unclassified\plugin.py,SUCCESS,Preprocessing berhasil
2026-03-09 13:36:36,D:\PUTRI\D4\SEMESTER 8 (4C)\skripsi\code\code_mhs\2341720191\unclassified\poolmanager.py,SUCCESS,Preprocessing berhasil
2026-03-09 13:36:36,D:\PUTRI\D4\SEMESTER 8 (4C)\skripsi\code\code_mhs\2341720191\unclassified\prepare.py,FAILED,Identifier normalization gagal
2026-03-09 13:36:36,D:\PUTRI\D4\SEMESTER 8 (4C)\skripsi\code\code_mhs\2341720191\unclassified\pretty.py,SUCCESS,Preprocessing berhasil
2026-03-09 13:36:36,D:\PUTRI\D4\SEMESTER 8 (4C)\skripsi\code\code_mhs\2341720191\unclassified\progress.py,FAILED,Identifier normalization gagal
2026-03-09 13:36:36,D:\PUTRI\D4\SEMESTER 8 (4C)\skripsi\code\code_mhs\2341720191\unclassified\progress_bar.py,SUCCESS,Preprocessing berhasil
2026-03-09 13:36:36,D:\PUTRI\D4\SEMESTER 8 (4C)\skripsi\code\code_mhs\2341720191\unclassified\progress_bars.py,SUCCESS,Preprocessing berhasil
2026-03-09 13:36:36,D:\PUTRI\D4\SEMESTER 8 (4C)\skripsi\code\code_mhs\2341720191\unclassified\prompt.py,FAILED,Identifier normalization gagal
2026-03-09 13:36:36,D:\PUTRI\D4\SEMESTER 8 (4C)\skripsi\code\code_mhs\2341720191\unclassified\protocol.py,SUCCESS,Preprocessing berhasil
2026-03-09 13:36:36,D:\PUTRI\D4\SEMESTER 8 (4C)\skripsi\code\code_mhs\2341720191\unclassified\provider.py,SUCCESS,Preprocessing berhasil
2026-03-09 13:36:36,D:\PUTRI\D4\SEMESTER 8 (4C)\skripsi\code\code_mhs\2341720191\unclassified\providers.py,SUCCESS,Preprocessing berhasil
2026-03-09 13:36:36,D:\PUTRI\D4\SEMESTER 8 (4C)\skripsi\code\code_mhs\2341720191\unclassified\proxy.py,SUCCESS,Preprocessing berhasil
2026-03-09 13:36:36,D:\PUTRI\D4\SEMESTER 8 (4C)\skripsi\code\code_mhs\2341720191\unclassified\pyopenssl.py,SUCCESS,Preprocessing berhasil
2026-03-09 13:36:36,D:\PUTRI\D4\SEMESTER 8 (4C)\skripsi\code\code_mhs\2341720191\unclassified\pyproject.py,SUCCESS,Preprocessing berhasil
2026-03-09 13:36:37,D:\PUTRI\D4\SEMESTER 8 (4C)\skripsi\code\code_mhs\2341720191\unclassified\python.py,FAILED,Identifier normalization gagal
2026-03-09 13:36:37,D:\PUTRI\D4\SEMESTER 8 (4C)\skripsi\code\code_mhs\2341720191\unclassified\queue.py,SUCCESS,Preprocessing berhasil
2026-03-09 13:36:37,D:\PUTRI\D4\SEMESTER 8 (4C)\skripsi\code\code_mhs\2341720191\unclassified\redis_cache.py,SUCCESS,Preprocessing berhasil
2026-03-09 13:36:37,D:\PUTRI\D4\SEMESTER 8 (4C)\skripsi\code\code_mhs\2341720191\unclassified\regexopt.py,SUCCESS,Preprocessing berhasil
2026-03-09 13:36:37,D:\PUTRI\D4\SEMESTER 8 (4C)\skripsi\code\code_mhs\2341720191\unclassified\region.py,SUCCESS,Preprocessing berhasil
2026-03-09 13:36:37,D:\PUTRI\D4\SEMESTER 8 (4C)\skripsi\code\code_mhs\2341720191\unclassified\reporter.py,SUCCESS,Preprocessing berhasil
2026-03-09 13:36:37,D:\PUTRI\D4\SEMESTER 8 (4C)\skripsi\code\code_mhs\2341720191\unclassified\reporters.py,FAILED,Identifier normalization gagal
2026-03-09 13:36:37,D:\PUTRI\D4\SEMESTER 8 (4C)\skripsi\code\code_mhs\2341720191\unclassified\repr.py,FAILED,Identifier normalization gagal
2026-03-09 13:36:37,D:\PUTRI\D4\SEMESTER 8 (4C)\skripsi\code\code_mhs\2341720191\unclassified\request.py,SUCCESS,Preprocessing berhasil
2026-03-09 13:36:37,D:\PUTRI\D4\SEMESTER 8 (4C)\skripsi\code\code_mhs\2341720191\unclassified\requirements.py,FAILED,Identifier normalization gagal
2026-03-09 13:36:37,D:\PUTRI\D4\SEMESTER 8 (4C)\skripsi\code\code_mhs\2341720191\unclassified\req_command.py,SUCCESS,Preprocessing berhasil
2026-03-09 13:36:37,D:\PUTRI\D4\SEMESTER 8 (4C)\skripsi\code\code_mhs\2341720191\unclassified\req_file.py,FAILED,Identifier normalization gagal
2026-03-09 13:36:37,D:\PUTRI\D4\SEMESTER 8 (4C)\skripsi\code\code_mhs\2341720191\unclassified\req_install.py,FAILED,Identifier normalization gagal
2026-03-09 13:36:37,D:\PUTRI\D4\SEMESTER 8 (4C)\skripsi\code\code_mhs\2341720191\unclassified\req_set.py,SUCCESS,Preprocessing berhasil
2026-03-09 13:36:37,D:\PUTRI\D4\SEMESTER 8 (4C)\skripsi\code\code_mhs\2341720191\unclassified\req_uninstall.py,SUCCESS,Preprocessing berhasil
2026-03-09 13:36:37,D:\PUTRI\D4\SEMESTER 8 (4C)\skripsi\code\code_mhs\2341720191\unclassified\resolver.py,SUCCESS,Preprocessing berhasil
2026-03-09 13:36:37,D:\PUTRI\D4\SEMESTER 8 (4C)\skripsi\code\code_mhs\2341720191\unclassified\resolvers.py,FAILED,Identifier normalization gagal
2026-03-09 13:36:37,D:\PUTRI\D4\SEMESTER 8 (4C)\skripsi\code\code_mhs\2341720191\unclassified\resources.py,SUCCESS,Preprocessing berhasil
2026-03-09 13:36:37,D:\PUTRI\D4\SEMESTER 8 (4C)\skripsi\code\code_mhs\2341720191\unclassified\response.py,SUCCESS,Preprocessing berhasil
2026-03-09 13:36:37,D:\PUTRI\D4\SEMESTER 8 (4C)\skripsi\code\code_mhs\2341720191\unclassified\resultdict.py,SUCCESS,Preprocessing berhasil
2026-03-09 13:36:37,D:\PUTRI\D4\SEMESTER 8 (4C)\skripsi\code\code_mhs\2341720191\unclassified\results.py,INVALID,SyntaxError baris 706: unmatched ')'
2026-03-09 13:36:37,D:\PUTRI\D4\SEMESTER 8 (4C)\skripsi\code\code_mhs\2341720191\unclassified\retry.py,SUCCESS,Preprocessing berhasil
2026-03-09 13:36:37,D:\PUTRI\D4\SEMESTER 8 (4C)\skripsi\code\code_mhs\2341720191\unclassified\rtf.py,SUCCESS,Preprocessing berhasil
2026-03-09 13:36:37,D:\PUTRI\D4\SEMESTER 8 (4C)\skripsi\code\code_mhs\2341720191\unclassified\rule.py,SUCCESS,Preprocessing berhasil
2026-03-09 13:36:37,D:\PUTRI\D4\SEMESTER 8 (4C)\skripsi\code\code_mhs\2341720191\unclassified\sbcsgroupprober.py,SUCCESS,Preprocessing berhasil
2026-03-09 13:36:37,D:\PUTRI\D4\SEMESTER 8 (4C)\skripsi\code\code_mhs\2341720191\unclassified\scanner.py,FAILED,Identifier normalization gagal
2026-03-09 13:36:37,D:\PUTRI\D4\SEMESTER 8 (4C)\skripsi\code\code_mhs\2341720191\unclassified\scheme.py,SUCCESS,Preprocessing berhasil
2026-03-09 13:36:37,D:\PUTRI\D4\SEMESTER 8 (4C)\skripsi\code\code_mhs\2341720191\unclassified\scope.py,SUCCESS,Preprocessing berhasil
2026-03-09 13:36:37,D:\PUTRI\D4\SEMESTER 8 (4C)\skripsi\code\code_mhs\2341720191\unclassified\screen.py,SUCCESS,Preprocessing berhasil
2026-03-09 13:36:37,D:\PUTRI\D4\SEMESTER 8 (4C)\skripsi\code\code_mhs\2341720191\unclassified\scripts.py,FAILED,Identifier normalization gagal
2026-03-09 13:36:37,D:\PUTRI\D4\SEMESTER 8 (4C)\skripsi\code\code_mhs\2341720191\unclassified\sdist.py,SUCCESS,Preprocessing berhasil
2026-03-09 13:36:37,D:\PUTRI\D4\SEMESTER 8 (4C)\skripsi\code\code_mhs\2341720191\unclassified\search.py,INVALID,SyntaxError baris 93: unterminated triple-quoted string literal (detected at line 174)
2026-03-09 13:36:37,D:\PUTRI\D4\SEMESTER 8 (4C)\skripsi\code\code_mhs\2341720191\unclassified\search_scope.py,SUCCESS,Preprocessing berhasil
2026-03-09 13:36:37,D:\PUTRI\D4\SEMESTER 8 (4C)\skripsi\code\code_mhs\2341720191\unclassified\securetransport.py,SUCCESS,Preprocessing berhasil
2026-03-09 13:36:38,D:\PUTRI\D4\SEMESTER 8 (4C)\skripsi\code\code_mhs\2341720191\unclassified\segment.py,SUCCESS,Preprocessing berhasil
2026-03-09 13:36:38,D:\PUTRI\D4\SEMESTER 8 (4C)\skripsi\code\code_mhs\2341720191\unclassified\selection_prefs.py,SUCCESS,Preprocessing berhasil
2026-03-09 13:36:38,D:\PUTRI\D4\SEMESTER 8 (4C)\skripsi\code\code_mhs\2341720191\unclassified\self_outdated_check.py,SUCCESS,Preprocessing berhasil
2026-03-09 13:36:38,D:\PUTRI\D4\SEMESTER 8 (4C)\skripsi\code\code_mhs\2341720191\unclassified\serialize.py,SUCCESS,Preprocessing berhasil
2026-03-09 13:36:38,D:\PUTRI\D4\SEMESTER 8 (4C)\skripsi\code\code_mhs\2341720191\unclassified\session.py,SUCCESS,Preprocessing berhasil
2026-03-09 13:36:38,D:\PUTRI\D4\SEMESTER 8 (4C)\skripsi\code\code_mhs\2341720191\unclassified\sessions.py,SUCCESS,Preprocessing berhasil
2026-03-09 13:36:38,D:\PUTRI\D4\SEMESTER 8 (4C)\skripsi\code\code_mhs\2341720191\unclassified\setuptools_build.py,FAILED,Identifier normalization gagal
2026-03-09 13:36:38,D:\PUTRI\D4\SEMESTER 8 (4C)\skripsi\code\code_mhs\2341720191\unclassified\show.py,INVALID,SyntaxError baris 148: unterminated triple-quoted string literal (detected at line 189)
2026-03-09 13:36:38,D:\PUTRI\D4\SEMESTER 8 (4C)\skripsi\code\code_mhs\2341720191\unclassified\six.py,FAILED,Identifier normalization gagal
2026-03-09 13:36:38,D:\PUTRI\D4\SEMESTER 8 (4C)\skripsi\code\code_mhs\2341720191\unclassified\sjisprober.py,SUCCESS,Preprocessing berhasil
2026-03-09 13:36:38,D:\PUTRI\D4\SEMESTER 8 (4C)\skripsi\code\code_mhs\2341720191\unclassified\socks.py,FAILED,Identifier normalization gagal
2026-03-09 13:36:38,D:\PUTRI\D4\SEMESTER 8 (4C)\skripsi\code\code_mhs\2341720191\unclassified\sources.py,SUCCESS,Preprocessing berhasil
2026-03-09 13:36:38,D:\PUTRI\D4\SEMESTER 8 (4C)\skripsi\code\code_mhs\2341720191\unclassified\specifiers.py,FAILED,Identifier normalization gagal
2026-03-09 13:36:38,D:\PUTRI\D4\SEMESTER 8 (4C)\skripsi\code\code_mhs\2341720191\unclassified\sphinxext.py,SUCCESS,Preprocessing berhasil
2026-03-09 13:36:38,D:\PUTRI\D4\SEMESTER 8 (4C)\skripsi\code\code_mhs\2341720191\unclassified\spinner.py,SUCCESS,Preprocessing berhasil
2026-03-09 13:36:38,D:\PUTRI\D4\SEMESTER 8 (4C)\skripsi\code\code_mhs\2341720191\unclassified\spinners.py,SUCCESS,Preprocessing berhasil
2026-03-09 13:36:38,D:\PUTRI\D4\SEMESTER 8 (4C)\skripsi\code\code_mhs\2341720191\unclassified\ssltransport.py,SUCCESS,Preprocessing berhasil
2026-03-09 13:36:38,D:\PUTRI\D4\SEMESTER 8 (4C)\skripsi\code\code_mhs\2341720191\unclassified\ssl_.py,FAILED,Identifier normalization gagal
2026-03-09 13:36:38,D:\PUTRI\D4\SEMESTER 8 (4C)\skripsi\code\code_mhs\2341720191\unclassified\ssl_match_hostname.py,SUCCESS,Preprocessing berhasil
2026-03-09 13:36:38,D:\PUTRI\D4\SEMESTER 8 (4C)\skripsi\code\code_mhs\2341720191\unclassified\status.py,SUCCESS,Preprocessing berhasil
2026-03-09 13:36:38,D:\PUTRI\D4\SEMESTER 8 (4C)\skripsi\code\code_mhs\2341720191\unclassified\status_codes.py,SUCCESS,Preprocessing berhasil
2026-03-09 13:36:38,D:\PUTRI\D4\SEMESTER 8 (4C)\skripsi\code\code_mhs\2341720191\unclassified\stop.py,SUCCESS,Preprocessing berhasil
2026-03-09 13:36:38,D:\PUTRI\D4\SEMESTER 8 (4C)\skripsi\code\code_mhs\2341720191\unclassified\structs.py,SUCCESS,Preprocessing berhasil
2026-03-09 13:36:38,D:\PUTRI\D4\SEMESTER 8 (4C)\skripsi\code\code_mhs\2341720191\unclassified\structures.py,SUCCESS,Preprocessing berhasil
2026-03-09 13:36:38,D:\PUTRI\D4\SEMESTER 8 (4C)\skripsi\code\code_mhs\2341720191\unclassified\style.py,SUCCESS,Preprocessing berhasil
2026-03-09 13:36:38,D:\PUTRI\D4\SEMESTER 8 (4C)\skripsi\code\code_mhs\2341720191\unclassified\styled.py,SUCCESS,Preprocessing berhasil
2026-03-09 13:36:38,D:\PUTRI\D4\SEMESTER 8 (4C)\skripsi\code\code_mhs\2341720191\unclassified\subprocess.py,SUCCESS,Preprocessing berhasil
2026-03-09 13:36:38,D:\PUTRI\D4\SEMESTER 8 (4C)\skripsi\code\code_mhs\2341720191\unclassified\subversion.py,SUCCESS,Preprocessing berhasil
2026-03-09 13:36:38,D:\PUTRI\D4\SEMESTER 8 (4C)\skripsi\code\code_mhs\2341720191\unclassified\svg.py,FAILED,Identifier normalization gagal
2026-03-09 13:36:38,D:\PUTRI\D4\SEMESTER 8 (4C)\skripsi\code\code_mhs\2341720191\unclassified\syntax.py,FAILED,Identifier normalization gagal
2026-03-09 13:36:39,D:\PUTRI\D4\SEMESTER 8 (4C)\skripsi\code\code_mhs\2341720191\unclassified\table.py,SUCCESS,Preprocessing berhasil
2026-03-09 13:36:39,D:\PUTRI\D4\SEMESTER 8 (4C)\skripsi\code\code_mhs\2341720191\unclassified\tags.py,SUCCESS,Preprocessing berhasil
2026-03-09 13:36:39,D:\PUTRI\D4\SEMESTER 8 (4C)\skripsi\code\code_mhs\2341720191\unclassified\target_python.py,SUCCESS,Preprocessing berhasil
2026-03-09 13:36:39,D:\PUTRI\D4\SEMESTER 8 (4C)\skripsi\code\code_mhs\2341720191\unclassified\temp_dir.py,SUCCESS,Preprocessing berhasil
2026-03-09 13:36:39,D:\PUTRI\D4\SEMESTER 8 (4C)\skripsi\code\code_mhs\2341720191\unclassified\terminal.py,SUCCESS,Preprocessing berhasil
2026-03-09 13:36:39,D:\PUTRI\D4\SEMESTER 8 (4C)\skripsi\code\code_mhs\2341720191\unclassified\terminal256.py,SUCCESS,Preprocessing berhasil
2026-03-09 13:36:39,D:\PUTRI\D4\SEMESTER 8 (4C)\skripsi\code\code_mhs\2341720191\unclassified\terminal_theme.py,SUCCESS,Preprocessing berhasil
2026-03-09 13:36:39,D:\PUTRI\D4\SEMESTER 8 (4C)\skripsi\code\code_mhs\2341720191\unclassified\testing.py,SUCCESS,Preprocessing berhasil
2026-03-09 13:36:39,D:\PUTRI\D4\SEMESTER 8 (4C)\skripsi\code\code_mhs\2341720191\unclassified\tests.py,FAILED,Identifier normalization gagal
2026-03-09 13:36:39,D:\PUTRI\D4\SEMESTER 8 (4C)\skripsi\code\code_mhs\2341720191\unclassified\text.py,SUCCESS,Preprocessing berhasil
2026-03-09 13:36:40,D:\PUTRI\D4\SEMESTER 8 (4C)\skripsi\code\code_mhs\2341720191\unclassified\TG1_2341720191_Soultan_Mohammad_Agnar_Bisyarah.ipynb,SUCCESS,Preprocessing berhasil
2026-03-09 13:36:40,D:\PUTRI\D4\SEMESTER 8 (4C)\skripsi\code\code_mhs\2341720191\unclassified\theme.py,FAILED,Identifier normalization gagal
2026-03-09 13:36:40,D:\PUTRI\D4\SEMESTER 8 (4C)\skripsi\code\code_mhs\2341720191\unclassified\themes.py,SUCCESS,Preprocessing berhasil
2026-03-09 13:36:40,D:\PUTRI\D4\SEMESTER 8 (4C)\skripsi\code\code_mhs\2341720191\unclassified\timeout.py,SUCCESS,Preprocessing berhasil
2026-03-09 13:36:40,D:\PUTRI\D4\SEMESTER 8 (4C)\skripsi\code\code_mhs\2341720191\unclassified\token.py,SUCCESS,Preprocessing berhasil
2026-03-09 13:36:40,D:\PUTRI\D4\SEMESTER 8 (4C)\skripsi\code\code_mhs\2341720191\unclassified\tornadoweb.py,SUCCESS,Preprocessing berhasil
2026-03-09 13:36:40,D:\PUTRI\D4\SEMESTER 8 (4C)\skripsi\code\code_mhs\2341720191\unclassified\tp14.ipynb,SUCCESS,Preprocessing berhasil
2026-03-09 13:36:40,D:\PUTRI\D4\SEMESTER 8 (4C)\skripsi\code\code_mhs\2341720191\unclassified\tp15.ipynb,SUCCESS,Preprocessing berhasil
2026-03-09 13:36:40,D:\PUTRI\D4\SEMESTER 8 (4C)\skripsi\code\code_mhs\2341720191\unclassified\tp16.ipynb,SUCCESS,Preprocessing berhasil
2026-03-09 13:36:40,D:\PUTRI\D4\SEMESTER 8 (4C)\skripsi\code\code_mhs\2341720191\unclassified\tp17.ipynb,SUCCESS,Preprocessing berhasil
2026-03-09 13:36:40,D:\PUTRI\D4\SEMESTER 8 (4C)\skripsi\code\code_mhs\2341720191\unclassified\tp18.py,SUCCESS,Preprocessing berhasil
2026-03-09 13:36:40,D:\PUTRI\D4\SEMESTER 8 (4C)\skripsi\code\code_mhs\2341720191\unclassified\tp19.ipynb,SUCCESS,Preprocessing berhasil
2026-03-09 13:36:40,D:\PUTRI\D4\SEMESTER 8 (4C)\skripsi\code\code_mhs\2341720191\unclassified\tp20.py,SUCCESS,Preprocessing berhasil
2026-03-09 13:36:40,D:\PUTRI\D4\SEMESTER 8 (4C)\skripsi\code\code_mhs\2341720191\unclassified\tp21.ipynb,SUCCESS,Preprocessing berhasil
2026-03-09 13:36:40,D:\PUTRI\D4\SEMESTER 8 (4C)\skripsi\code\code_mhs\2341720191\unclassified\tp22.py,SUCCESS,Preprocessing berhasil
2026-03-09 13:36:41,D:\PUTRI\D4\SEMESTER 8 (4C)\skripsi\code\code_mhs\2341720191\unclassified\tp23.ipynb,SUCCESS,Preprocessing berhasil
2026-03-09 13:36:41,D:\PUTRI\D4\SEMESTER 8 (4C)\skripsi\code\code_mhs\2341720191\unclassified\tp24.ipynb,SUCCESS,Preprocessing berhasil
2026-03-09 13:36:41,D:\PUTRI\D4\SEMESTER 8 (4C)\skripsi\code\code_mhs\2341720191\unclassified\tp25.ipynb,SUCCESS,Preprocessing berhasil
2026-03-09 13:36:41,D:\PUTRI\D4\SEMESTER 8 (4C)\skripsi\code\code_mhs\2341720191\unclassified\tp26.ipynb,SUCCESS,Preprocessing berhasil
2026-03-09 13:36:41,D:\PUTRI\D4\SEMESTER 8 (4C)\skripsi\code\code_mhs\2341720191\unclassified\tp27.ipynb,SUCCESS,Preprocessing berhasil
2026-03-09 13:36:41,D:\PUTRI\D4\SEMESTER 8 (4C)\skripsi\code\code_mhs\2341720191\unclassified\tp28.ipynb,SUCCESS,Preprocessing berhasil
2026-03-09 13:36:41,D:\PUTRI\D4\SEMESTER 8 (4C)\skripsi\code\code_mhs\2341720191\unclassified\tp29.ipynb,FAILED,Tidak bisa membaca file
2026-03-09 13:36:41,D:\PUTRI\D4\SEMESTER 8 (4C)\skripsi\code\code_mhs\2341720191\unclassified\traceback.py,FAILED,Identifier normalization gagal
2026-03-09 13:36:41,D:\PUTRI\D4\SEMESTER 8 (4C)\skripsi\code\code_mhs\2341720191\unclassified\tree.py,FAILED,Identifier normalization gagal
2026-03-09 13:36:41,D:\PUTRI\D4\SEMESTER 8 (4C)\skripsi\code\code_mhs\2341720191\unclassified\typing_extensions.py,FAILED,Identifier normalization gagal
2026-03-09 13:36:41,D:\PUTRI\D4\SEMESTER 8 (4C)\skripsi\code\code_mhs\2341720191\unclassified\unicode.py,FAILED,Identifier normalization gagal
2026-03-09 13:36:41,D:\PUTRI\D4\SEMESTER 8 (4C)\skripsi\code\code_mhs\2341720191\unclassified\uninstall.py,INVALID,SyntaxError baris 36: unterminated triple-quoted string literal (detected at line 113)
2026-03-09 13:36:41,D:\PUTRI\D4\SEMESTER 8 (4C)\skripsi\code\code_mhs\2341720191\unclassified\unistring.py,FAILED,Identifier normalization gagal
2026-03-09 13:36:41,D:\PUTRI\D4\SEMESTER 8 (4C)\skripsi\code\code_mhs\2341720191\unclassified\universaldetector.py,SUCCESS,Preprocessing berhasil
2026-03-09 13:36:41,D:\PUTRI\D4\SEMESTER 8 (4C)\skripsi\code\code_mhs\2341720191\unclassified\unix.py,SUCCESS,Preprocessing berhasil
2026-03-09 13:36:41,D:\PUTRI\D4\SEMESTER 8 (4C)\skripsi\code\code_mhs\2341720191\unclassified\unpacking.py,SUCCESS,Preprocessing berhasil
2026-03-09 13:36:41,D:\PUTRI\D4\SEMESTER 8 (4C)\skripsi\code\code_mhs\2341720191\unclassified\url.py,FAILED,Identifier normalization gagal
2026-03-09 13:36:41,D:\PUTRI\D4\SEMESTER 8 (4C)\skripsi\code\code_mhs\2341720191\unclassified\urls.py,SUCCESS,Preprocessing berhasil
2026-03-09 13:36:41,D:\PUTRI\D4\SEMESTER 8 (4C)\skripsi\code\code_mhs\2341720191\unclassified\utf1632prober.py,SUCCESS,Preprocessing berhasil
2026-03-09 13:36:41,D:\PUTRI\D4\SEMESTER 8 (4C)\skripsi\code\code_mhs\2341720191\unclassified\utf8prober.py,SUCCESS,Preprocessing berhasil
2026-03-09 13:36:41,D:\PUTRI\D4\SEMESTER 8 (4C)\skripsi\code\code_mhs\2341720191\unclassified\util.py,SUCCESS,Preprocessing berhasil
2026-03-09 13:36:42,D:\PUTRI\D4\SEMESTER 8 (4C)\skripsi\code\code_mhs\2341720191\unclassified\utils.py,FAILED,Identifier normalization gagal
2026-03-09 13:36:42,D:\PUTRI\D4\SEMESTER 8 (4C)\skripsi\code\code_mhs\2341720191\unclassified\version.py,SUCCESS,Preprocessing berhasil
2026-03-09 13:36:42,D:\PUTRI\D4\SEMESTER 8 (4C)\skripsi\code\code_mhs\2341720191\unclassified\versioncontrol.py,FAILED,Identifier normalization gagal
2026-03-09 13:36:42,D:\PUTRI\D4\SEMESTER 8 (4C)\skripsi\code\code_mhs\2341720191\unclassified\virtualenv.py,SUCCESS,Preprocessing berhasil
2026-03-09 13:36:42,D:\PUTRI\D4\SEMESTER 8 (4C)\skripsi\code\code_mhs\2341720191\unclassified\wait.py,SUCCESS,Preprocessing berhasil
2026-03-09 13:36:42,D:\PUTRI\D4\SEMESTER 8 (4C)\skripsi\code\code_mhs\2341720191\unclassified\weakref_finalize.py,FAILED,Identifier normalization gagal
2026-03-09 13:36:42,D:\PUTRI\D4\SEMESTER 8 (4C)\skripsi\code\code_mhs\2341720191\unclassified\wheel.py,FAILED,Identifier normalization gagal
2026-03-09 13:36:42,D:\PUTRI\D4\SEMESTER 8 (4C)\skripsi\code\code_mhs\2341720191\unclassified\wheel_builder.py,SUCCESS,Preprocessing berhasil
2026-03-09 13:36:42,D:\PUTRI\D4\SEMESTER 8 (4C)\skripsi\code\code_mhs\2341720191\unclassified\wheel_editable.py,SUCCESS,Preprocessing berhasil
2026-03-09 13:36:42,D:\PUTRI\D4\SEMESTER 8 (4C)\skripsi\code\code_mhs\2341720191\unclassified\wheel_legacy.py,SUCCESS,Preprocessing berhasil
2026-03-09 13:36:42,D:\PUTRI\D4\SEMESTER 8 (4C)\skripsi\code\code_mhs\2341720191\unclassified\win32.py,SUCCESS,Preprocessing berhasil
2026-03-09 13:36:42,D:\PUTRI\D4\SEMESTER 8 (4C)\skripsi\code\code_mhs\2341720191\unclassified\windows.py,SUCCESS,Preprocessing berhasil
2026-03-09 13:36:42,D:\PUTRI\D4\SEMESTER 8 (4C)\skripsi\code\code_mhs\2341720191\unclassified\winterm.py,SUCCESS,Preprocessing berhasil
2026-03-09 13:36:42,D:\PUTRI\D4\SEMESTER 8 (4C)\skripsi\code\code_mhs\2341720191\unclassified\winterm_test.py,SUCCESS,Preprocessing berhasil
2026-03-09 13:36:42,D:\PUTRI\D4\SEMESTER 8 (4C)\skripsi\code\code_mhs\2341720191\unclassified\wrapper.py,SUCCESS,Preprocessing berhasil
2026-03-09 13:36:42,D:\PUTRI\D4\SEMESTER 8 (4C)\skripsi\code\code_mhs\2341720191\unclassified\xmlrpc.py,SUCCESS,Preprocessing berhasil
2026-03-09 13:36:42,D:\PUTRI\D4\SEMESTER 8 (4C)\skripsi\code\code_mhs\2341720191\unclassified\x_user_defined.py,FAILED,Identifier normalization gagal
2026-03-09 13:36:42,D:\PUTRI\D4\SEMESTER 8 (4C)\skripsi\code\code_mhs\2341720191\unclassified\_appengine_environ.py,SUCCESS,Preprocessing berhasil
2026-03-09 13:36:42,D:\PUTRI\D4\SEMESTER 8 (4C)\skripsi\code\code_mhs\2341720191\unclassified\_asyncio.py,SUCCESS,Preprocessing berhasil
2026-03-09 13:36:42,D:\PUTRI\D4\SEMESTER 8 (4C)\skripsi\code\code_mhs\2341720191\unclassified\_cell_widths.py,SUCCESS,Preprocessing berhasil
2026-03-09 13:36:42,D:\PUTRI\D4\SEMESTER 8 (4C)\skripsi\code\code_mhs\2341720191\unclassified\_cmd.py,SUCCESS,Preprocessing berhasil
2026-03-09 13:36:42,D:\PUTRI\D4\SEMESTER 8 (4C)\skripsi\code\code_mhs\2341720191\unclassified\_collections.py,SUCCESS,Preprocessing berhasil
2026-03-09 13:36:42,D:\PUTRI\D4\SEMESTER 8 (4C)\skripsi\code\code_mhs\2341720191\unclassified\_compat.py,SUCCESS,Preprocessing berhasil
2026-03-09 13:36:42,D:\PUTRI\D4\SEMESTER 8 (4C)\skripsi\code\code_mhs\2341720191\unclassified\_dists.py,SUCCESS,Preprocessing berhasil
2026-03-09 13:36:42,D:\PUTRI\D4\SEMESTER 8 (4C)\skripsi\code\code_mhs\2341720191\unclassified\_distutils.py,SUCCESS,Preprocessing berhasil
2026-03-09 13:36:42,D:\PUTRI\D4\SEMESTER 8 (4C)\skripsi\code\code_mhs\2341720191\unclassified\_emoji_codes.py,FAILED,Identifier normalization gagal
2026-03-09 13:36:42,D:\PUTRI\D4\SEMESTER 8 (4C)\skripsi\code\code_mhs\2341720191\unclassified\_emoji_replace.py,SUCCESS,Preprocessing berhasil
2026-03-09 13:36:42,D:\PUTRI\D4\SEMESTER 8 (4C)\skripsi\code\code_mhs\2341720191\unclassified\_envs.py,SUCCESS,Preprocessing berhasil
2026-03-09 13:36:42,D:\PUTRI\D4\SEMESTER 8 (4C)\skripsi\code\code_mhs\2341720191\unclassified\_export_format.py,FAILED,Identifier normalization gagal
2026-03-09 13:36:42,D:\PUTRI\D4\SEMESTER 8 (4C)\skripsi\code\code_mhs\2341720191\unclassified\_extension.py,SUCCESS,Preprocessing berhasil
2026-03-09 13:36:42,D:\PUTRI\D4\SEMESTER 8 (4C)\skripsi\code\code_mhs\2341720191\unclassified\_fileno.py,SUCCESS,Preprocessing berhasil
2026-03-09 13:36:43,D:\PUTRI\D4\SEMESTER 8 (4C)\skripsi\code\code_mhs\2341720191\unclassified\_impl.py,SUCCESS,Preprocessing berhasil
2026-03-09 13:36:43,D:\PUTRI\D4\SEMESTER 8 (4C)\skripsi\code\code_mhs\2341720191\unclassified\_inspect.py,SUCCESS,Preprocessing berhasil
2026-03-09 13:36:43,D:\PUTRI\D4\SEMESTER 8 (4C)\skripsi\code\code_mhs\2341720191\unclassified\_internal_utils.py,SUCCESS,Preprocessing berhasil
2026-03-09 13:36:43,D:\PUTRI\D4\SEMESTER 8 (4C)\skripsi\code\code_mhs\2341720191\unclassified\_in_process.py,FAILED,Identifier normalization gagal
2026-03-09 13:36:43,D:\PUTRI\D4\SEMESTER 8 (4C)\skripsi\code\code_mhs\2341720191\unclassified\_jaraco_text.py,FAILED,Identifier normalization gagal
2026-03-09 13:36:43,D:\PUTRI\D4\SEMESTER 8 (4C)\skripsi\code\code_mhs\2341720191\unclassified\_json.py,SUCCESS,Preprocessing berhasil
2026-03-09 13:36:43,D:\PUTRI\D4\SEMESTER 8 (4C)\skripsi\code\code_mhs\2341720191\unclassified\_log.py,SUCCESS,Preprocessing berhasil
2026-03-09 13:36:43,D:\PUTRI\D4\SEMESTER 8 (4C)\skripsi\code\code_mhs\2341720191\unclassified\_log_render.py,FAILED,Identifier normalization gagal
2026-03-09 13:36:43,D:\PUTRI\D4\SEMESTER 8 (4C)\skripsi\code\code_mhs\2341720191\unclassified\_loop.py,SUCCESS,Preprocessing berhasil
2026-03-09 13:36:43,D:\PUTRI\D4\SEMESTER 8 (4C)\skripsi\code\code_mhs\2341720191\unclassified\_manylinux.py,FAILED,Identifier normalization gagal
2026-03-09 13:36:43,D:\PUTRI\D4\SEMESTER 8 (4C)\skripsi\code\code_mhs\2341720191\unclassified\_mapping.py,FAILED,Identifier normalization gagal
2026-03-09 13:36:43,D:\PUTRI\D4\SEMESTER 8 (4C)\skripsi\code\code_mhs\2341720191\unclassified\_musllinux.py,SUCCESS,Preprocessing berhasil
2026-03-09 13:36:43,D:\PUTRI\D4\SEMESTER 8 (4C)\skripsi\code\code_mhs\2341720191\unclassified\_null_file.py,SUCCESS,Preprocessing berhasil
2026-03-09 13:36:43,D:\PUTRI\D4\SEMESTER 8 (4C)\skripsi\code\code_mhs\2341720191\unclassified\_palettes.py,SUCCESS,Preprocessing berhasil
2026-03-09 13:36:43,D:\PUTRI\D4\SEMESTER 8 (4C)\skripsi\code\code_mhs\2341720191\unclassified\_parser.py,FAILED,Identifier normalization gagal
2026-03-09 13:36:43,D:\PUTRI\D4\SEMESTER 8 (4C)\skripsi\code\code_mhs\2341720191\unclassified\_pick.py,SUCCESS,Preprocessing berhasil
2026-03-09 13:36:43,D:\PUTRI\D4\SEMESTER 8 (4C)\skripsi\code\code_mhs\2341720191\unclassified\_ratio.py,SUCCESS,Preprocessing berhasil
2026-03-09 13:36:43,D:\PUTRI\D4\SEMESTER 8 (4C)\skripsi\code\code_mhs\2341720191\unclassified\_re.py,FAILED,Identifier normalization gagal
2026-03-09 13:36:43,D:\PUTRI\D4\SEMESTER 8 (4C)\skripsi\code\code_mhs\2341720191\unclassified\_spinners.py,SUCCESS,Preprocessing berhasil
2026-03-09 13:36:43,D:\PUTRI\D4\SEMESTER 8 (4C)\skripsi\code\code_mhs\2341720191\unclassified\_stack.py,SUCCESS,Preprocessing berhasil
2026-03-09 13:36:43,D:\PUTRI\D4\SEMESTER 8 (4C)\skripsi\code\code_mhs\2341720191\unclassified\_structures.py,SUCCESS,Preprocessing berhasil
2026-03-09 13:36:43,D:\PUTRI\D4\SEMESTER 8 (4C)\skripsi\code\code_mhs\2341720191\unclassified\_sysconfig.py,SUCCESS,Preprocessing berhasil
2026-03-09 13:36:43,D:\PUTRI\D4\SEMESTER 8 (4C)\skripsi\code\code_mhs\2341720191\unclassified\_timer.py,SUCCESS,Preprocessing berhasil
2026-03-09 13:36:43,D:\PUTRI\D4\SEMESTER 8 (4C)\skripsi\code\code_mhs\2341720191\unclassified\_types.py,SUCCESS,Preprocessing berhasil
2026-03-09 13:36:43,D:\PUTRI\D4\SEMESTER 8 (4C)\skripsi\code\code_mhs\2341720191\unclassified\_utils.py,SUCCESS,Preprocessing berhasil
2026-03-09 13:36:43,D:\PUTRI\D4\SEMESTER 8 (4C)\skripsi\code\code_mhs\2341720191\unclassified\_version.py,SUCCESS,Preprocessing berhasil
2026-03-09 13:36:43,D:\PUTRI\D4\SEMESTER 8 (4C)\skripsi\code\code_mhs\2341720191\unclassified\_win32_console.py,FAILED,Identifier normalization gagal
2026-03-09 13:36:43,D:\PUTRI\D4\SEMESTER 8 (4C)\skripsi\code\code_mhs\2341720191\unclassified\_windows.py,SUCCESS,Preprocessing berhasil
2026-03-09 13:36:43,D:\PUTRI\D4\SEMESTER 8 (4C)\skripsi\code\code_mhs\2341720191\unclassified\_windows_renderer.py,SUCCESS,Preprocessing berhasil
2026-03-09 13:36:43,D:\PUTRI\D4\SEMESTER 8 (4C)\skripsi\code\code_mhs\2341720191\unclassified\_wrap.py,SUCCESS,Preprocessing berhasil
2026-03-09 13:36:43,D:\PUTRI\D4\SEMESTER 8 (4C)\skripsi\code\code_mhs\2341720191\unclassified\__about__.py,SUCCESS,Preprocessing berhasil
2026-03-09 13:36:43,D:\PUTRI\D4\SEMESTER 8 (4C)\skripsi\code\code_mhs\2341720191\unclassified\__init__.py,SUCCESS,Preprocessing berhasil
2026-03-09 13:36:43,D:\PUTRI\D4\SEMESTER 8 (4C)\skripsi\code\code_mhs\2341720191\unclassified\__main__.py,FAILED,Identifier normalization gagal
2026-03-09 13:36:43,D:\PUTRI\D4\SEMESTER 8 (4C)\skripsi\code\code_mhs\2341720191\unclassified\__pip-runner__.py,SUCCESS,Preprocessing berhasil
2026-03-09 13:36:43,D:\PUTRI\D4\SEMESTER 8 (4C)\skripsi\code\code_mhs\2341720191\unclassified\__version__.py,SUCCESS,Preprocessing berhasil
2026-03-09 13:36:44,D:\PUTRI\D4\SEMESTER 8 (4C)\skripsi\code\code_mhs\2341720191\uts\uts.ipynb,SUCCESS,Preprocessing berhasil
2026-03-09 13:36:45,D:\PUTRI\D4\SEMESTER 8 (4C)\skripsi\code\code_mhs\2341720191\uts\uts.py,FAILED,Identifier normalization gagal
2026-03-09 13:36:46,D:\PUTRI\D4\SEMESTER 8 (4C)\skripsi\code\code_mhs\2341720200\kelompok\kelompok.ipynb,SUCCESS,Preprocessing berhasil
2026-03-09 13:36:46,D:\PUTRI\D4\SEMESTER 8 (4C)\skripsi\code\code_mhs\2341720200\kuis\kuis.ipynb,SUCCESS,Preprocessing berhasil
2026-03-09 13:36:46,D:\PUTRI\D4\SEMESTER 8 (4C)\skripsi\code\code_mhs\2341720200\m01\Tugas_JS01.ipynb,INVALID,File kosong
2026-03-09 13:36:46,D:\PUTRI\D4\SEMESTER 8 (4C)\skripsi\code\code_mhs\2341720200\m02\Tugas_JS02.ipynb,SUCCESS,Preprocessing berhasil
2026-03-09 13:36:46,D:\PUTRI\D4\SEMESTER 8 (4C)\skripsi\code\code_mhs\2341720200\m03\Tugas_JS03.ipynb,SUCCESS,Preprocessing berhasil
2026-03-09 13:36:46,D:\PUTRI\D4\SEMESTER 8 (4C)\skripsi\code\code_mhs\2341720200\m05\Tugas_JS05.ipynb,SUCCESS,Preprocessing berhasil
2026-03-09 13:36:46,D:\PUTRI\D4\SEMESTER 8 (4C)\skripsi\code\code_mhs\2341720200\m06\Tugas_JS06.ipynb,SUCCESS,Preprocessing berhasil
2026-03-09 13:36:46,D:\PUTRI\D4\SEMESTER 8 (4C)\skripsi\code\code_mhs\2341720200\m07\Tugas_JS07.ipynb,SUCCESS,Preprocessing berhasil
2026-03-09 13:36:46,D:\PUTRI\D4\SEMESTER 8 (4C)\skripsi\code\code_mhs\2341720200\m08\Tugas_JS08.ipynb,SUCCESS,Preprocessing berhasil
2026-03-09 13:36:46,D:\PUTRI\D4\SEMESTER 8 (4C)\skripsi\code\code_mhs\2341720200\m09\Tugas1no1_JS09.ipynb,SUCCESS,Preprocessing berhasil
2026-03-09 13:36:46,D:\PUTRI\D4\SEMESTER 8 (4C)\skripsi\code\code_mhs\2341720200\m09\Tugas1_JS09.ipynb,SUCCESS,Preprocessing berhasil
2026-03-09 13:36:46,D:\PUTRI\D4\SEMESTER 8 (4C)\skripsi\code\code_mhs\2341720200\m11\Tugas_JS11.ipynb,FAILED,Identifier normalization gagal
2026-03-09 13:36:46,D:\PUTRI\D4\SEMESTER 8 (4C)\skripsi\code\code_mhs\2341720200\m13\Tugas_JS13.ipynb,SUCCESS,Preprocessing berhasil
2026-03-09 13:36:48,D:\PUTRI\D4\SEMESTER 8 (4C)\skripsi\code\code_mhs\2341720200\pbl\pbl.ipynb,FAILED,Identifier normalization gagal
2026-03-09 13:36:48,D:\PUTRI\D4\SEMESTER 8 (4C)\skripsi\code\code_mhs\2341720200\unclassified\p01.ipynb,SUCCESS,Preprocessing berhasil
2026-03-09 13:36:48,D:\PUTRI\D4\SEMESTER 8 (4C)\skripsi\code\code_mhs\2341720200\unclassified\p02.ipynb,SUCCESS,Preprocessing berhasil
2026-03-09 13:36:48,D:\PUTRI\D4\SEMESTER 8 (4C)\skripsi\code\code_mhs\2341720200\unclassified\p03.ipynb,SUCCESS,Preprocessing berhasil
2026-03-09 13:36:48,D:\PUTRI\D4\SEMESTER 8 (4C)\skripsi\code\code_mhs\2341720200\unclassified\p04.ipynb,SUCCESS,Preprocessing berhasil
2026-03-09 13:36:48,D:\PUTRI\D4\SEMESTER 8 (4C)\skripsi\code\code_mhs\2341720200\unclassified\p05.ipynb,SUCCESS,Preprocessing berhasil
2026-03-09 13:36:48,D:\PUTRI\D4\SEMESTER 8 (4C)\skripsi\code\code_mhs\2341720200\unclassified\p06.ipynb,SUCCESS,Preprocessing berhasil
2026-03-09 13:36:48,D:\PUTRI\D4\SEMESTER 8 (4C)\skripsi\code\code_mhs\2341720200\unclassified\tp02.ipynb,SUCCESS,Preprocessing berhasil
2026-03-09 13:36:49,D:\PUTRI\D4\SEMESTER 8 (4C)\skripsi\code\code_mhs\2341720217\kuis\tp01.ipynb,SUCCESS,Preprocessing berhasil
2026-03-09 13:36:49,D:\PUTRI\D4\SEMESTER 8 (4C)\skripsi\code\code_mhs\2341720217\m01\DEMO_P1_JS01.ipynb,INVALID,File kosong
2026-03-09 13:36:49,D:\PUTRI\D4\SEMESTER 8 (4C)\skripsi\code\code_mhs\2341720217\m01\p01.ipynb,FAILED,Tidak bisa membaca file
2026-03-09 13:36:49,D:\PUTRI\D4\SEMESTER 8 (4C)\skripsi\code\code_mhs\2341720217\m01\tp01.ipynb,INVALID,File kosong
2026-03-09 13:36:49,D:\PUTRI\D4\SEMESTER 8 (4C)\skripsi\code\code_mhs\2341720217\m02\p01.ipynb,SUCCESS,Preprocessing berhasil
2026-03-09 13:36:49,D:\PUTRI\D4\SEMESTER 8 (4C)\skripsi\code\code_mhs\2341720217\m02\p02.ipynb,SUCCESS,Preprocessing berhasil
2026-03-09 13:36:49,D:\PUTRI\D4\SEMESTER 8 (4C)\skripsi\code\code_mhs\2341720217\m02\p03.ipynb,SUCCESS,Preprocessing berhasil
2026-03-09 13:36:49,D:\PUTRI\D4\SEMESTER 8 (4C)\skripsi\code\code_mhs\2341720217\m02\p04.ipynb,SUCCESS,Preprocessing berhasil
2026-03-09 13:36:49,D:\PUTRI\D4\SEMESTER 8 (4C)\skripsi\code\code_mhs\2341720217\m02\tp01.ipynb,SUCCESS,Preprocessing berhasil
2026-03-09 13:36:49,D:\PUTRI\D4\SEMESTER 8 (4C)\skripsi\code\code_mhs\2341720217\m03\p01.ipynb,SUCCESS,Preprocessing berhasil
2026-03-09 13:36:49,D:\PUTRI\D4\SEMESTER 8 (4C)\skripsi\code\code_mhs\2341720217\m03\p02.ipynb,SUCCESS,Preprocessing berhasil
2026-03-09 13:36:49,D:\PUTRI\D4\SEMESTER 8 (4C)\skripsi\code\code_mhs\2341720217\m03\p03.ipynb,SUCCESS,Preprocessing berhasil
2026-03-09 13:36:49,D:\PUTRI\D4\SEMESTER 8 (4C)\skripsi\code\code_mhs\2341720217\m03\p04.ipynb,SUCCESS,Preprocessing berhasil
2026-03-09 13:36:49,D:\PUTRI\D4\SEMESTER 8 (4C)\skripsi\code\code_mhs\2341720217\m03\tp01.ipynb,SUCCESS,Preprocessing berhasil
2026-03-09 13:36:49,D:\PUTRI\D4\SEMESTER 8 (4C)\skripsi\code\code_mhs\2341720217\m04\p01.ipynb,SUCCESS,Preprocessing berhasil
2026-03-09 13:36:49,D:\PUTRI\D4\SEMESTER 8 (4C)\skripsi\code\code_mhs\2341720217\m04\p02.ipynb,SUCCESS,Preprocessing berhasil
2026-03-09 13:36:49,D:\PUTRI\D4\SEMESTER 8 (4C)\skripsi\code\code_mhs\2341720217\m04\p03.ipynb,SUCCESS,Preprocessing berhasil
2026-03-09 13:36:49,D:\PUTRI\D4\SEMESTER 8 (4C)\skripsi\code\code_mhs\2341720217\m04\tp01.ipynb,SUCCESS,Preprocessing berhasil
2026-03-09 13:36:49,D:\PUTRI\D4\SEMESTER 8 (4C)\skripsi\code\code_mhs\2341720217\m05\p01.ipynb,SUCCESS,Preprocessing berhasil
2026-03-09 13:36:49,D:\PUTRI\D4\SEMESTER 8 (4C)\skripsi\code\code_mhs\2341720217\m05\p02.ipynb,SUCCESS,Preprocessing berhasil
2026-03-09 13:36:49,D:\PUTRI\D4\SEMESTER 8 (4C)\skripsi\code\code_mhs\2341720217\m05\tp01.ipynb,SUCCESS,Preprocessing berhasil
2026-03-09 13:36:50,D:\PUTRI\D4\SEMESTER 8 (4C)\skripsi\code\code_mhs\2341720217\m06\p01.ipynb,SUCCESS,Preprocessing berhasil
2026-03-09 13:36:50,D:\PUTRI\D4\SEMESTER 8 (4C)\skripsi\code\code_mhs\2341720217\m06\p02.ipynb,SUCCESS,Preprocessing berhasil
2026-03-09 13:36:50,D:\PUTRI\D4\SEMESTER 8 (4C)\skripsi\code\code_mhs\2341720217\m06\tp01.ipynb,SUCCESS,Preprocessing berhasil
2026-03-09 13:36:50,D:\PUTRI\D4\SEMESTER 8 (4C)\skripsi\code\code_mhs\2341720217\m07\p01.ipynb,SUCCESS,Preprocessing berhasil
2026-03-09 13:36:50,D:\PUTRI\D4\SEMESTER 8 (4C)\skripsi\code\code_mhs\2341720217\m07\p02.ipynb,SUCCESS,Preprocessing berhasil
2026-03-09 13:36:50,D:\PUTRI\D4\SEMESTER 8 (4C)\skripsi\code\code_mhs\2341720217\m07\p03.ipynb,SUCCESS,Preprocessing berhasil
2026-03-09 13:36:50,D:\PUTRI\D4\SEMESTER 8 (4C)\skripsi\code\code_mhs\2341720217\m07\p04.ipynb,SUCCESS,Preprocessing berhasil
2026-03-09 13:36:50,D:\PUTRI\D4\SEMESTER 8 (4C)\skripsi\code\code_mhs\2341720217\m07\p05.ipynb,SUCCESS,Preprocessing berhasil
2026-03-09 13:36:50,D:\PUTRI\D4\SEMESTER 8 (4C)\skripsi\code\code_mhs\2341720217\m07\p06.ipynb,SUCCESS,Preprocessing berhasil
2026-03-09 13:36:50,D:\PUTRI\D4\SEMESTER 8 (4C)\skripsi\code\code_mhs\2341720217\m07\tp01.ipynb,FAILED,Tidak bisa membaca file
2026-03-09 13:36:50,D:\PUTRI\D4\SEMESTER 8 (4C)\skripsi\code\code_mhs\2341720217\m08\tp01.ipynb,SUCCESS,Preprocessing berhasil
2026-03-09 13:36:50,D:\PUTRI\D4\SEMESTER 8 (4C)\skripsi\code\code_mhs\2341720217\m09\p01.ipynb,SUCCESS,Preprocessing berhasil
2026-03-09 13:36:50,D:\PUTRI\D4\SEMESTER 8 (4C)\skripsi\code\code_mhs\2341720217\m09\p02.ipynb,SUCCESS,Preprocessing berhasil
2026-03-09 13:36:50,D:\PUTRI\D4\SEMESTER 8 (4C)\skripsi\code\code_mhs\2341720217\m09\p03.ipynb,SUCCESS,Preprocessing berhasil
2026-03-09 13:36:50,D:\PUTRI\D4\SEMESTER 8 (4C)\skripsi\code\code_mhs\2341720217\m09\tp01.ipynb,FAILED,Identifier normalization gagal
2026-03-09 13:36:51,D:\PUTRI\D4\SEMESTER 8 (4C)\skripsi\code\code_mhs\2341720217\m09\tp02.ipynb,FAILED,Identifier normalization gagal
2026-03-09 13:36:51,D:\PUTRI\D4\SEMESTER 8 (4C)\skripsi\code\code_mhs\2341720217\m11\p01.ipynb,FAILED,Identifier normalization gagal
2026-03-09 13:36:51,D:\PUTRI\D4\SEMESTER 8 (4C)\skripsi\code\code_mhs\2341720217\m11\p02.ipynb,SUCCESS,Preprocessing berhasil
2026-03-09 13:36:51,D:\PUTRI\D4\SEMESTER 8 (4C)\skripsi\code\code_mhs\2341720217\m11\p03.ipynb,SUCCESS,Preprocessing berhasil
2026-03-09 13:36:51,D:\PUTRI\D4\SEMESTER 8 (4C)\skripsi\code\code_mhs\2341720217\m11\p04.ipynb,SUCCESS,Preprocessing berhasil
2026-03-09 13:36:51,D:\PUTRI\D4\SEMESTER 8 (4C)\skripsi\code\code_mhs\2341720217\m11\p05.ipynb,SUCCESS,Preprocessing berhasil
2026-03-09 13:36:51,D:\PUTRI\D4\SEMESTER 8 (4C)\skripsi\code\code_mhs\2341720217\m11\tp01.ipynb,SUCCESS,Preprocessing berhasil
2026-03-09 13:36:51,D:\PUTRI\D4\SEMESTER 8 (4C)\skripsi\code\code_mhs\2341720217\m13\p01.ipynb,SUCCESS,Preprocessing berhasil
2026-03-09 13:36:51,D:\PUTRI\D4\SEMESTER 8 (4C)\skripsi\code\code_mhs\2341720217\m13\p02.ipynb,SUCCESS,Preprocessing berhasil
2026-03-09 13:36:51,D:\PUTRI\D4\SEMESTER 8 (4C)\skripsi\code\code_mhs\2341720217\m13\p03.ipynb,SUCCESS,Preprocessing berhasil
2026-03-09 13:36:51,D:\PUTRI\D4\SEMESTER 8 (4C)\skripsi\code\code_mhs\2341720217\m13\tp01.ipynb,SUCCESS,Preprocessing berhasil
2026-03-09 13:36:51,D:\PUTRI\D4\SEMESTER 8 (4C)\skripsi\code\code_mhs\2341720217\m14\p01.ipynb,SUCCESS,Preprocessing berhasil
2026-03-09 13:36:51,D:\PUTRI\D4\SEMESTER 8 (4C)\skripsi\code\code_mhs\2341720217\m14\p02.ipynb,SUCCESS,Preprocessing berhasil
2026-03-09 13:36:52,D:\PUTRI\D4\SEMESTER 8 (4C)\skripsi\code\code_mhs\2341720217\m14\tp01.ipynb,SUCCESS,Preprocessing berhasil
2026-03-09 13:36:52,D:\PUTRI\D4\SEMESTER 8 (4C)\skripsi\code\code_mhs\2341720217\m15\p01.ipynb,SUCCESS,Preprocessing berhasil
2026-03-09 13:36:52,D:\PUTRI\D4\SEMESTER 8 (4C)\skripsi\code\code_mhs\2341720218\m02\JS02.ipynb,INVALID,File kosong
2026-03-09 13:36:52,D:\PUTRI\D4\SEMESTER 8 (4C)\skripsi\code\code_mhs\2341720218\m03\JS03.ipynb,SUCCESS,Preprocessing berhasil
2026-03-09 13:36:54,D:\PUTRI\D4\SEMESTER 8 (4C)\skripsi\code\code_mhs\2341720218\m04\JS04.ipynb,SUCCESS,Preprocessing berhasil
2026-03-09 13:36:54,D:\PUTRI\D4\SEMESTER 8 (4C)\skripsi\code\code_mhs\2341720218\m05\JS05.ipynb,FAILED,Tidak bisa membaca file
2026-03-09 13:36:54,D:\PUTRI\D4\SEMESTER 8 (4C)\skripsi\code\code_mhs\2341720218\m06\JS06.ipynb,SUCCESS,Preprocessing berhasil
2026-03-09 13:36:55,D:\PUTRI\D4\SEMESTER 8 (4C)\skripsi\code\code_mhs\2341720218\m07\JS07.ipynb,SUCCESS,Preprocessing berhasil
2026-03-09 13:36:55,D:\PUTRI\D4\SEMESTER 8 (4C)\skripsi\code\code_mhs\2341720218\m08\JS08.ipynb,SUCCESS,Preprocessing berhasil
2026-03-09 13:36:55,D:\PUTRI\D4\SEMESTER 8 (4C)\skripsi\code\code_mhs\2341720218\m09\JS09.ipynb,SUCCESS,Preprocessing berhasil
2026-03-09 13:36:55,D:\PUTRI\D4\SEMESTER 8 (4C)\skripsi\code\code_mhs\2341720218\m11\JS11.ipynb,FAILED,Identifier normalization gagal
2026-03-09 13:36:56,D:\PUTRI\D4\SEMESTER 8 (4C)\skripsi\code\code_mhs\2341720218\m13\JS13.ipynb,SUCCESS,Preprocessing berhasil
2026-03-09 13:36:56,D:\PUTRI\D4\SEMESTER 8 (4C)\skripsi\code\code_mhs\2341720218\uts\uts.ipynb,SUCCESS,Preprocessing berhasil
2026-03-09 13:36:56,D:\PUTRI\D4\SEMESTER 8 (4C)\skripsi\code\code_mhs\2341720227\kelompok\kelompok.ipynb,SUCCESS,Preprocessing berhasil
2026-03-09 13:36:57,D:\PUTRI\D4\SEMESTER 8 (4C)\skripsi\code\code_mhs\2341720227\m01\JS01_Pengenalan_Pembelajaran_Mesin_TG1_2341720227_PetrusTyangA_R.ipynb,SUCCESS,Preprocessing berhasil
2026-03-09 13:36:58,D:\PUTRI\D4\SEMESTER 8 (4C)\skripsi\code\code_mhs\2341720227\m06\JS06_ANN_(Approximate_Nearest_Neighbors).ipynb,SUCCESS,Preprocessing berhasil
2026-03-09 13:36:58,D:\PUTRI\D4\SEMESTER 8 (4C)\skripsi\code\code_mhs\2341720227\m06\JS06_Regresi.ipynb,SUCCESS,Preprocessing berhasil
2026-03-09 13:36:59,D:\PUTRI\D4\SEMESTER 8 (4C)\skripsi\code\code_mhs\2341720227\m07\JS07_Approximate_Nearest_Neighbors_(ANN)_2341720227_Petrus_Tyang_A_R.ipynb,SUCCESS,Preprocessing berhasil
2026-03-09 13:36:59,D:\PUTRI\D4\SEMESTER 8 (4C)\skripsi\code\code_mhs\2341720227\m09\JS09_Klasifikasi.ipynb,SUCCESS,Preprocessing berhasil
2026-03-09 13:36:59,D:\PUTRI\D4\SEMESTER 8 (4C)\skripsi\code\code_mhs\2341720227\m11\JS11_Klasifikasi_2.ipynb,FAILED,Identifier normalization gagal
2026-03-09 13:37:00,D:\PUTRI\D4\SEMESTER 8 (4C)\skripsi\code\code_mhs\2341720227\m13\JS13_Artificial_Neural_Network_(ANN)_dan_Evaluasi_Classifier.ipynb,SUCCESS,Preprocessing berhasil
2026-03-09 13:37:01,D:\PUTRI\D4\SEMESTER 8 (4C)\skripsi\code\code_mhs\2341720227\pbl\pbl.ipynb,FAILED,Identifier normalization gagal
2026-03-09 13:37:01,D:\PUTRI\D4\SEMESTER 8 (4C)\skripsi\code\code_mhs\2341720227\unclassified\app.py,SUCCESS,Preprocessing berhasil
2026-03-09 13:37:01,D:\PUTRI\D4\SEMESTER 8 (4C)\skripsi\code\code_mhs\2341720227\unclassified\p01.ipynb,SUCCESS,Preprocessing berhasil
2026-03-09 13:37:01,D:\PUTRI\D4\SEMESTER 8 (4C)\skripsi\code\code_mhs\2341720227\unclassified\p02.ipynb,SUCCESS,Preprocessing berhasil
2026-03-09 13:37:01,D:\PUTRI\D4\SEMESTER 8 (4C)\skripsi\code\code_mhs\2341720227\unclassified\p03.ipynb,SUCCESS,Preprocessing berhasil
2026-03-09 13:37:01,D:\PUTRI\D4\SEMESTER 8 (4C)\skripsi\code\code_mhs\2341720227\unclassified\p04.ipynb,SUCCESS,Preprocessing berhasil
2026-03-09 13:37:01,D:\PUTRI\D4\SEMESTER 8 (4C)\skripsi\code\code_mhs\2341720227\unclassified\p05.ipynb,SUCCESS,Preprocessing berhasil
2026-03-09 13:37:01,D:\PUTRI\D4\SEMESTER 8 (4C)\skripsi\code\code_mhs\2341720227\unclassified\p06.ipynb,SUCCESS,Preprocessing berhasil
2026-03-09 13:37:02,D:\PUTRI\D4\SEMESTER 8 (4C)\skripsi\code\code_mhs\2341720227\unclassified\tp18.ipynb,SUCCESS,Preprocessing berhasil
2026-03-09 13:37:02,D:\PUTRI\D4\SEMESTER 8 (4C)\skripsi\code\code_mhs\2341720227\unclassified\tp19.ipynb,SUCCESS,Preprocessing berhasil
2026-03-09 13:37:02,D:\PUTRI\D4\SEMESTER 8 (4C)\skripsi\code\code_mhs\2341720227\unclassified\tp20.ipynb,SUCCESS,Preprocessing berhasil
2026-03-09 13:37:02,D:\PUTRI\D4\SEMESTER 8 (4C)\skripsi\code\code_mhs\2341720227\unclassified\tp21.ipynb,SUCCESS,Preprocessing berhasil
2026-03-09 13:37:02,D:\PUTRI\D4\SEMESTER 8 (4C)\skripsi\code\code_mhs\2341720227\unclassified\tp22.ipynb,SUCCESS,Preprocessing berhasil
2026-03-09 13:37:02,D:\PUTRI\D4\SEMESTER 8 (4C)\skripsi\code\code_mhs\2341720227\unclassified\tp23.ipynb,SUCCESS,Preprocessing berhasil
2026-03-09 13:37:02,D:\PUTRI\D4\SEMESTER 8 (4C)\skripsi\code\code_mhs\2341720227\unclassified\tp24.ipynb,SUCCESS,Preprocessing berhasil
2026-03-09 13:37:02,D:\PUTRI\D4\SEMESTER 8 (4C)\skripsi\code\code_mhs\2341720227\unclassified\tp25.ipynb,SUCCESS,Preprocessing berhasil
2026-03-09 13:37:02,D:\PUTRI\D4\SEMESTER 8 (4C)\skripsi\code\code_mhs\2341720227\unclassified\tp26.ipynb,SUCCESS,Preprocessing berhasil
2026-03-09 13:37:02,D:\PUTRI\D4\SEMESTER 8 (4C)\skripsi\code\code_mhs\2341720227\unclassified\tp27.ipynb,SUCCESS,Preprocessing berhasil
2026-03-09 13:37:02,D:\PUTRI\D4\SEMESTER 8 (4C)\skripsi\code\code_mhs\2341720227\unclassified\tp28.ipynb,SUCCESS,Preprocessing berhasil
2026-03-09 13:37:02,D:\PUTRI\D4\SEMESTER 8 (4C)\skripsi\code\code_mhs\2341720227\unclassified\tp29.ipynb,SUCCESS,Preprocessing berhasil
2026-03-09 13:37:02,D:\PUTRI\D4\SEMESTER 8 (4C)\skripsi\code\code_mhs\2341720227\unclassified\tp30.ipynb,SUCCESS,Preprocessing berhasil
2026-03-09 13:37:03,D:\PUTRI\D4\SEMESTER 8 (4C)\skripsi\code\code_mhs\2341720227\unclassified\tp31.ipynb,SUCCESS,Preprocessing berhasil
2026-03-09 13:37:03,D:\PUTRI\D4\SEMESTER 8 (4C)\skripsi\code\code_mhs\2341720227\unclassified\tp32.ipynb,SUCCESS,Preprocessing berhasil
2026-03-09 13:37:03,D:\PUTRI\D4\SEMESTER 8 (4C)\skripsi\code\code_mhs\2341720227\unclassified\tp33.ipynb,SUCCESS,Preprocessing berhasil
2026-03-09 13:37:03,D:\PUTRI\D4\SEMESTER 8 (4C)\skripsi\code\code_mhs\2341720227\unclassified\tp34.ipynb,SUCCESS,Preprocessing berhasil
2026-03-09 13:37:03,D:\PUTRI\D4\SEMESTER 8 (4C)\skripsi\code\code_mhs\2341720234\pbl\pbl.ipynb,SUCCESS,Preprocessing berhasil
2026-03-09 13:37:03,D:\PUTRI\D4\SEMESTER 8 (4C)\skripsi\code\code_mhs\2341720234\unclassified\p01.ipynb,SUCCESS,Preprocessing berhasil
2026-03-09 13:37:03,D:\PUTRI\D4\SEMESTER 8 (4C)\skripsi\code\code_mhs\2341720234\unclassified\p02.ipynb,SUCCESS,Preprocessing berhasil
2026-03-09 13:37:03,D:\PUTRI\D4\SEMESTER 8 (4C)\skripsi\code\code_mhs\2341720234\unclassified\p03.ipynb,SUCCESS,Preprocessing berhasil
2026-03-09 13:37:03,D:\PUTRI\D4\SEMESTER 8 (4C)\skripsi\code\code_mhs\2341720234\unclassified\p04.ipynb,SUCCESS,Preprocessing berhasil
2026-03-09 13:37:03,D:\PUTRI\D4\SEMESTER 8 (4C)\skripsi\code\code_mhs\2341720234\unclassified\p05.ipynb,SUCCESS,Preprocessing berhasil
2026-03-09 13:37:03,D:\PUTRI\D4\SEMESTER 8 (4C)\skripsi\code\code_mhs\2341720234\unclassified\p06.ipynb,SUCCESS,Preprocessing berhasil
2026-03-09 13:37:03,D:\PUTRI\D4\SEMESTER 8 (4C)\skripsi\code\code_mhs\2341720234\unclassified\tp13.ipynb,SUCCESS,Preprocessing berhasil
2026-03-09 13:37:03,D:\PUTRI\D4\SEMESTER 8 (4C)\skripsi\code\code_mhs\2341720234\unclassified\tp14.ipynb,SUCCESS,Preprocessing berhasil
2026-03-09 13:37:03,D:\PUTRI\D4\SEMESTER 8 (4C)\skripsi\code\code_mhs\2341720234\unclassified\tp15.ipynb,SUCCESS,Preprocessing berhasil
2026-03-09 13:37:04,D:\PUTRI\D4\SEMESTER 8 (4C)\skripsi\code\code_mhs\2341720234\unclassified\tp16.ipynb,SUCCESS,Preprocessing berhasil
2026-03-09 13:37:04,D:\PUTRI\D4\SEMESTER 8 (4C)\skripsi\code\code_mhs\2341720234\unclassified\tp17.ipynb,SUCCESS,Preprocessing berhasil
2026-03-09 13:37:04,D:\PUTRI\D4\SEMESTER 8 (4C)\skripsi\code\code_mhs\2341720234\unclassified\tp18.ipynb,SUCCESS,Preprocessing berhasil
2026-03-09 13:37:04,D:\PUTRI\D4\SEMESTER 8 (4C)\skripsi\code\code_mhs\2341720234\unclassified\tp19.ipynb,SUCCESS,Preprocessing berhasil
2026-03-09 13:37:04,D:\PUTRI\D4\SEMESTER 8 (4C)\skripsi\code\code_mhs\2341720234\unclassified\tp20.ipynb,SUCCESS,Preprocessing berhasil
2026-03-09 13:37:04,D:\PUTRI\D4\SEMESTER 8 (4C)\skripsi\code\code_mhs\2341720234\unclassified\tp21.ipynb,SUCCESS,Preprocessing berhasil
2026-03-09 13:37:04,D:\PUTRI\D4\SEMESTER 8 (4C)\skripsi\code\code_mhs\2341720234\unclassified\tp22.ipynb,SUCCESS,Preprocessing berhasil
2026-03-09 13:37:04,D:\PUTRI\D4\SEMESTER 8 (4C)\skripsi\code\code_mhs\2341720234\unclassified\tp23.ipynb,SUCCESS,Preprocessing berhasil
2026-03-09 13:37:04,D:\PUTRI\D4\SEMESTER 8 (4C)\skripsi\code\code_mhs\2341720234\unclassified\tp24.ipynb,SUCCESS,Preprocessing berhasil
2026-03-09 13:37:04,D:\PUTRI\D4\SEMESTER 8 (4C)\skripsi\code\code_mhs\2341720248\kelompok\kelompok.ipynb,SUCCESS,Preprocessing berhasil
2026-03-09 13:37:04,D:\PUTRI\D4\SEMESTER 8 (4C)\skripsi\code\code_mhs\2341720248\unclassified\app.py,SUCCESS,Preprocessing berhasil
2026-03-09 13:37:05,D:\PUTRI\D4\SEMESTER 8 (4C)\skripsi\code\code_mhs\2341720248\unclassified\p01.ipynb,SUCCESS,Preprocessing berhasil
2026-03-09 13:37:05,D:\PUTRI\D4\SEMESTER 8 (4C)\skripsi\code\code_mhs\2341720248\unclassified\p02.ipynb,SUCCESS,Preprocessing berhasil
2026-03-09 13:37:05,D:\PUTRI\D4\SEMESTER 8 (4C)\skripsi\code\code_mhs\2341720248\unclassified\p03.ipynb,SUCCESS,Preprocessing berhasil
2026-03-09 13:37:05,D:\PUTRI\D4\SEMESTER 8 (4C)\skripsi\code\code_mhs\2341720248\unclassified\p04.ipynb,SUCCESS,Preprocessing berhasil
2026-03-09 13:37:05,D:\PUTRI\D4\SEMESTER 8 (4C)\skripsi\code\code_mhs\2341720248\unclassified\p05.ipynb,SUCCESS,Preprocessing berhasil
2026-03-09 13:37:05,D:\PUTRI\D4\SEMESTER 8 (4C)\skripsi\code\code_mhs\2341720248\unclassified\p06.ipynb,SUCCESS,Preprocessing berhasil
2026-03-09 13:37:06,D:\PUTRI\D4\SEMESTER 8 (4C)\skripsi\code\code_mhs\2341720248\unclassified\TG11_2341720248.ipynb,FAILED,Identifier normalization gagal
2026-03-09 13:37:06,D:\PUTRI\D4\SEMESTER 8 (4C)\skripsi\code\code_mhs\2341720248\unclassified\TG14_2341720248_Rangga_Dwi_Saputra.ipynb,SUCCESS,Preprocessing berhasil
2026-03-09 13:37:06,D:\PUTRI\D4\SEMESTER 8 (4C)\skripsi\code\code_mhs\2341720248\unclassified\TG1_2341720248_Rangga_Dwi_Saputra.ipynb,INVALID,File kosong
2026-03-09 13:37:07,D:\PUTRI\D4\SEMESTER 8 (4C)\skripsi\code\code_mhs\2341720248\unclassified\TG2_2341720248_Rangga_Dwi_Saputra.ipynb,SUCCESS,Preprocessing berhasil
2026-03-09 13:37:08,D:\PUTRI\D4\SEMESTER 8 (4C)\skripsi\code\code_mhs\2341720248\unclassified\TG3_2341720248_Rangga_Dwi_Saputra.ipynb,SUCCESS,Preprocessing berhasil
2026-03-09 13:37:08,D:\PUTRI\D4\SEMESTER 8 (4C)\skripsi\code\code_mhs\2341720248\unclassified\TG4_2341720248_Rangga_Dwi_Saputra.ipynb,SUCCESS,Preprocessing berhasil
2026-03-09 13:37:08,D:\PUTRI\D4\SEMESTER 8 (4C)\skripsi\code\code_mhs\2341720248\unclassified\TG5_2341720248_Rangga_Dwi_Saputra.ipynb,SUCCESS,Preprocessing berhasil
2026-03-09 13:37:09,D:\PUTRI\D4\SEMESTER 8 (4C)\skripsi\code\code_mhs\2341720248\unclassified\TG6_2341720248_Rangga_Dwi_Saputra copy.ipynb,SUCCESS,Preprocessing berhasil
2026-03-09 13:37:09,D:\PUTRI\D4\SEMESTER 8 (4C)\skripsi\code\code_mhs\2341720248\unclassified\TG6_2341720248_Rangga_Dwi_Saputra_.ipynb,SUCCESS,Preprocessing berhasil
2026-03-09 13:37:10,D:\PUTRI\D4\SEMESTER 8 (4C)\skripsi\code\code_mhs\2341720248\unclassified\TG9_2341720248.ipynb,SUCCESS,Preprocessing berhasil
2026-03-09 13:37:10,D:\PUTRI\D4\SEMESTER 8 (4C)\skripsi\code\code_mhs\2341720248\unclassified\TGS13_2341720248_Rangga_Dwi_Saputra_ANN.ipynb,SUCCESS,Preprocessing berhasil
2026-03-09 13:37:10,D:\PUTRI\D4\SEMESTER 8 (4C)\skripsi\code\code_mhs\2341720248\unclassified\tp13.ipynb,SUCCESS,Preprocessing berhasil
2026-03-09 13:37:10,D:\PUTRI\D4\SEMESTER 8 (4C)\skripsi\code\code_mhs\2341720248\unclassified\tp14.ipynb,SUCCESS,Preprocessing berhasil
2026-03-09 13:37:10,D:\PUTRI\D4\SEMESTER 8 (4C)\skripsi\code\code_mhs\2341720248\unclassified\tp15.ipynb,SUCCESS,Preprocessing berhasil
2026-03-09 13:37:10,D:\PUTRI\D4\SEMESTER 8 (4C)\skripsi\code\code_mhs\2341720248\unclassified\tp16.ipynb,SUCCESS,Preprocessing berhasil
2026-03-09 13:37:11,D:\PUTRI\D4\SEMESTER 8 (4C)\skripsi\code\code_mhs\2341720248\unclassified\tp17.ipynb,SUCCESS,Preprocessing berhasil
2026-03-09 13:37:11,D:\PUTRI\D4\SEMESTER 8 (4C)\skripsi\code\code_mhs\2341720248\unclassified\tp18.ipynb,SUCCESS,Preprocessing berhasil
2026-03-09 13:37:11,D:\PUTRI\D4\SEMESTER 8 (4C)\skripsi\code\code_mhs\2341720248\unclassified\tp19.ipynb,SUCCESS,Preprocessing berhasil
2026-03-09 13:37:11,D:\PUTRI\D4\SEMESTER 8 (4C)\skripsi\code\code_mhs\2341720248\unclassified\tp20.ipynb,SUCCESS,Preprocessing berhasil
2026-03-09 13:37:11,D:\PUTRI\D4\SEMESTER 8 (4C)\skripsi\code\code_mhs\2341720248\unclassified\tp21.ipynb,SUCCESS,Preprocessing berhasil
2026-03-09 13:37:12,D:\PUTRI\D4\SEMESTER 8 (4C)\skripsi\code\code_mhs\2341720248\unclassified\tp22.ipynb,SUCCESS,Preprocessing berhasil
2026-03-09 13:37:12,D:\PUTRI\D4\SEMESTER 8 (4C)\skripsi\code\code_mhs\2341720248\unclassified\tp23.ipynb,SUCCESS,Preprocessing berhasil
2026-03-09 13:37:12,D:\PUTRI\D4\SEMESTER 8 (4C)\skripsi\code\code_mhs\2341720248\unclassified\tp24.ipynb,SUCCESS,Preprocessing berhasil
2026-03-09 13:37:13,D:\PUTRI\D4\SEMESTER 8 (4C)\skripsi\code\code_mhs\2341720250\kelompok\kelompok.ipynb,SUCCESS,Preprocessing berhasil
2026-03-09 13:37:13,D:\PUTRI\D4\SEMESTER 8 (4C)\skripsi\code\code_mhs\2341720250\kuis\kuis.ipynb,SUCCESS,Preprocessing berhasil
2026-03-09 13:37:13,D:\PUTRI\D4\SEMESTER 8 (4C)\skripsi\code\code_mhs\2341720250\unclassified\app.ipynb,SUCCESS,Preprocessing berhasil
2026-03-09 13:37:13,D:\PUTRI\D4\SEMESTER 8 (4C)\skripsi\code\code_mhs\2341720250\unclassified\p01.ipynb,SUCCESS,Preprocessing berhasil
2026-03-09 13:37:13,D:\PUTRI\D4\SEMESTER 8 (4C)\skripsi\code\code_mhs\2341720250\unclassified\p02.ipynb,SUCCESS,Preprocessing berhasil
2026-03-09 13:37:13,D:\PUTRI\D4\SEMESTER 8 (4C)\skripsi\code\code_mhs\2341720250\unclassified\p03.ipynb,SUCCESS,Preprocessing berhasil
2026-03-09 13:37:13,D:\PUTRI\D4\SEMESTER 8 (4C)\skripsi\code\code_mhs\2341720250\unclassified\p04.ipynb,SUCCESS,Preprocessing berhasil
2026-03-09 13:37:13,D:\PUTRI\D4\SEMESTER 8 (4C)\skripsi\code\code_mhs\2341720250\unclassified\p05.ipynb,SUCCESS,Preprocessing berhasil
2026-03-09 13:37:13,D:\PUTRI\D4\SEMESTER 8 (4C)\skripsi\code\code_mhs\2341720250\unclassified\p06.ipynb,SUCCESS,Preprocessing berhasil
2026-03-09 13:37:13,D:\PUTRI\D4\SEMESTER 8 (4C)\skripsi\code\code_mhs\2341720250\unclassified\TG1_2341720250_Afifah_Khoirunnisa.ipynb,INVALID,File kosong
2026-03-09 13:37:13,D:\PUTRI\D4\SEMESTER 8 (4C)\skripsi\code\code_mhs\2341720250\unclassified\tp13.ipynb,SUCCESS,Preprocessing berhasil
2026-03-09 13:37:13,D:\PUTRI\D4\SEMESTER 8 (4C)\skripsi\code\code_mhs\2341720250\unclassified\tp14.ipynb,SUCCESS,Preprocessing berhasil
2026-03-09 13:37:13,D:\PUTRI\D4\SEMESTER 8 (4C)\skripsi\code\code_mhs\2341720250\unclassified\tp15.ipynb,SUCCESS,Preprocessing berhasil
2026-03-09 13:37:13,D:\PUTRI\D4\SEMESTER 8 (4C)\skripsi\code\code_mhs\2341720250\unclassified\tp16.ipynb,SUCCESS,Preprocessing berhasil
2026-03-09 13:37:14,D:\PUTRI\D4\SEMESTER 8 (4C)\skripsi\code\code_mhs\2341720250\unclassified\tp17.ipynb,SUCCESS,Preprocessing berhasil
2026-03-09 13:37:14,D:\PUTRI\D4\SEMESTER 8 (4C)\skripsi\code\code_mhs\2341720250\unclassified\tp18.ipynb,SUCCESS,Preprocessing berhasil
2026-03-09 13:37:14,D:\PUTRI\D4\SEMESTER 8 (4C)\skripsi\code\code_mhs\2341720250\unclassified\tp19.ipynb,SUCCESS,Preprocessing berhasil
2026-03-09 13:37:14,D:\PUTRI\D4\SEMESTER 8 (4C)\skripsi\code\code_mhs\2341720250\unclassified\tp20.ipynb,SUCCESS,Preprocessing berhasil
2026-03-09 13:37:14,D:\PUTRI\D4\SEMESTER 8 (4C)\skripsi\code\code_mhs\2341720250\unclassified\tp21.ipynb,SUCCESS,Preprocessing berhasil
2026-03-09 13:37:14,D:\PUTRI\D4\SEMESTER 8 (4C)\skripsi\code\code_mhs\2341720250\unclassified\tp22.ipynb,SUCCESS,Preprocessing berhasil
2026-03-09 13:37:14,D:\PUTRI\D4\SEMESTER 8 (4C)\skripsi\code\code_mhs\2341720250\unclassified\tp23.ipynb,SUCCESS,Preprocessing berhasil
2026-03-09 13:37:14,D:\PUTRI\D4\SEMESTER 8 (4C)\skripsi\code\code_mhs\2341720250\unclassified\tp24.ipynb,SUCCESS,Preprocessing berhasil
2026-03-09 13:37:15,D:\PUTRI\D4\SEMESTER 8 (4C)\skripsi\code\code_mhs\2341720251\pbl\pbl.ipynb,INVALID,SyntaxError baris 13: invalid syntax
2026-03-09 13:37:15,D:\PUTRI\D4\SEMESTER 8 (4C)\skripsi\code\code_mhs\2341720251\unclassified\p01.ipynb,SUCCESS,Preprocessing berhasil
2026-03-09 13:37:15,D:\PUTRI\D4\SEMESTER 8 (4C)\skripsi\code\code_mhs\2341720251\unclassified\p02.ipynb,SUCCESS,Preprocessing berhasil
2026-03-09 13:37:15,D:\PUTRI\D4\SEMESTER 8 (4C)\skripsi\code\code_mhs\2341720251\unclassified\p03.ipynb,SUCCESS,Preprocessing berhasil
2026-03-09 13:37:15,D:\PUTRI\D4\SEMESTER 8 (4C)\skripsi\code\code_mhs\2341720251\unclassified\p04.ipynb,SUCCESS,Preprocessing berhasil
2026-03-09 13:37:15,D:\PUTRI\D4\SEMESTER 8 (4C)\skripsi\code\code_mhs\2341720251\unclassified\p05.ipynb,SUCCESS,Preprocessing berhasil
2026-03-09 13:37:15,D:\PUTRI\D4\SEMESTER 8 (4C)\skripsi\code\code_mhs\2341720251\unclassified\p06.ipynb,SUCCESS,Preprocessing berhasil
2026-03-09 13:37:15,D:\PUTRI\D4\SEMESTER 8 (4C)\skripsi\code\code_mhs\2341720251\unclassified\tp14.ipynb,INVALID,File kosong
2026-03-09 13:37:15,D:\PUTRI\D4\SEMESTER 8 (4C)\skripsi\code\code_mhs\2341720251\unclassified\tp15.ipynb,SUCCESS,Preprocessing berhasil
2026-03-09 13:37:15,D:\PUTRI\D4\SEMESTER 8 (4C)\skripsi\code\code_mhs\2341720251\unclassified\tp16.ipynb,SUCCESS,Preprocessing berhasil
2026-03-09 13:37:15,D:\PUTRI\D4\SEMESTER 8 (4C)\skripsi\code\code_mhs\2341720251\unclassified\tp17.ipynb,SUCCESS,Preprocessing berhasil
2026-03-09 13:37:16,D:\PUTRI\D4\SEMESTER 8 (4C)\skripsi\code\code_mhs\2341720251\unclassified\tp18.ipynb,SUCCESS,Preprocessing berhasil
2026-03-09 13:37:16,D:\PUTRI\D4\SEMESTER 8 (4C)\skripsi\code\code_mhs\2341720251\unclassified\tp19.ipynb,SUCCESS,Preprocessing berhasil
2026-03-09 13:37:16,D:\PUTRI\D4\SEMESTER 8 (4C)\skripsi\code\code_mhs\2341720251\unclassified\tp20.ipynb,SUCCESS,Preprocessing berhasil
2026-03-09 13:37:16,D:\PUTRI\D4\SEMESTER 8 (4C)\skripsi\code\code_mhs\2341720251\unclassified\tp21.ipynb,SUCCESS,Preprocessing berhasil
2026-03-09 13:37:16,D:\PUTRI\D4\SEMESTER 8 (4C)\skripsi\code\code_mhs\2341720251\unclassified\tp22.ipynb,SUCCESS,Preprocessing berhasil
2026-03-09 13:37:16,D:\PUTRI\D4\SEMESTER 8 (4C)\skripsi\code\code_mhs\2341720251\unclassified\tp23.ipynb,SUCCESS,Preprocessing berhasil
2026-03-09 13:37:16,D:\PUTRI\D4\SEMESTER 8 (4C)\skripsi\code\code_mhs\2341720251\unclassified\tp24.ipynb,SUCCESS,Preprocessing berhasil
2026-03-09 13:37:16,D:\PUTRI\D4\SEMESTER 8 (4C)\skripsi\code\code_mhs\2341720251\unclassified\tp25.ipynb,SUCCESS,Preprocessing berhasil
2026-03-09 13:37:16,D:\PUTRI\D4\SEMESTER 8 (4C)\skripsi\code\code_mhs\2341720251\unclassified\tp26.ipynb,SUCCESS,Preprocessing berhasil
2026-03-09 13:37:16,D:\PUTRI\D4\SEMESTER 8 (4C)\skripsi\code\code_mhs\244107023008\unclassified\p01.ipynb,SUCCESS,Preprocessing berhasil
2026-03-09 13:37:16,D:\PUTRI\D4\SEMESTER 8 (4C)\skripsi\code\code_mhs\244107023008\unclassified\p02.ipynb,FAILED,Tidak bisa membaca file
2026-03-09 13:37:17,D:\PUTRI\D4\SEMESTER 8 (4C)\skripsi\code\code_mhs\244107023008\unclassified\p03.ipynb,SUCCESS,Preprocessing berhasil
2026-03-09 13:37:17,D:\PUTRI\D4\SEMESTER 8 (4C)\skripsi\code\code_mhs\244107023008\unclassified\p04.ipynb,SUCCESS,Preprocessing berhasil
2026-03-09 13:37:17,D:\PUTRI\D4\SEMESTER 8 (4C)\skripsi\code\code_mhs\244107023008\unclassified\p05.ipynb,SUCCESS,Preprocessing berhasil
2026-03-09 13:37:17,D:\PUTRI\D4\SEMESTER 8 (4C)\skripsi\code\code_mhs\244107023008\unclassified\p06.ipynb,SUCCESS,Preprocessing berhasil
2026-03-09 13:37:17,D:\PUTRI\D4\SEMESTER 8 (4C)\skripsi\code\code_mhs\244107023008\unclassified\tp14.ipynb,FAILED,Cleaning gagal
2026-03-09 13:37:17,D:\PUTRI\D4\SEMESTER 8 (4C)\skripsi\code\code_mhs\244107023008\unclassified\tp15.ipynb,SUCCESS,Preprocessing berhasil
2026-03-09 13:37:17,D:\PUTRI\D4\SEMESTER 8 (4C)\skripsi\code\code_mhs\244107023008\unclassified\tp16.ipynb,SUCCESS,Preprocessing berhasil
2026-03-09 13:37:17,D:\PUTRI\D4\SEMESTER 8 (4C)\skripsi\code\code_mhs\244107023008\unclassified\tp17.ipynb,SUCCESS,Preprocessing berhasil
2026-03-09 13:37:17,D:\PUTRI\D4\SEMESTER 8 (4C)\skripsi\code\code_mhs\244107023008\unclassified\tp18.ipynb,SUCCESS,Preprocessing berhasil
2026-03-09 13:37:17,D:\PUTRI\D4\SEMESTER 8 (4C)\skripsi\code\code_mhs\244107023008\unclassified\tp19.ipynb,SUCCESS,Preprocessing berhasil
2026-03-09 13:37:17,D:\PUTRI\D4\SEMESTER 8 (4C)\skripsi\code\code_mhs\244107023008\unclassified\tp20.ipynb,SUCCESS,Preprocessing berhasil
2026-03-09 13:37:17,D:\PUTRI\D4\SEMESTER 8 (4C)\skripsi\code\code_mhs\244107023008\unclassified\tp21.ipynb,SUCCESS,Preprocessing berhasil
2026-03-09 13:37:17,D:\PUTRI\D4\SEMESTER 8 (4C)\skripsi\code\code_mhs\244107023008\unclassified\tp22.ipynb,SUCCESS,Preprocessing berhasil
2026-03-09 13:37:18,D:\PUTRI\D4\SEMESTER 8 (4C)\skripsi\code\code_mhs\244107023008\unclassified\tp23.ipynb,SUCCESS,Preprocessing berhasil
2026-03-09 13:37:18,D:\PUTRI\D4\SEMESTER 8 (4C)\skripsi\code\code_mhs\244107023008\unclassified\tp24.ipynb,SUCCESS,Preprocessing berhasil
2026-03-09 13:37:18,D:\PUTRI\D4\SEMESTER 8 (4C)\skripsi\code\code_mhs\244107023008\unclassified\tp25.ipynb,SUCCESS,Preprocessing berhasil
2026-03-09 13:37:18,D:\PUTRI\D4\SEMESTER 8 (4C)\skripsi\code\code_mhs\244107023008\unclassified\tp26.ipynb,SUCCESS,Preprocessing berhasil
